"tweet_id","in_reply_to_status_id","in_reply_to_user_id","retweeted_status_id","retweeted_status_user_id","timestamp","source","text","expanded_urls"
"51328","","","","","2006-10-29 05:30:24 +0000","<a href=""http://twitter.com/devices"" rel=""nofollow"">txt</a>","Naked aerobics is on already? Again?"
"43505","","","","","2006-10-15 04:43:34 +0000","<a href=""http://twitter.com/devices"" rel=""nofollow"">txt</a>","We found the space for our bar/gallery today. Wee!"
"40851","","","","","2006-10-10 03:12:26 +0000","<a href=""http://twitter.com/devices"" rel=""nofollow"">txt</a>","I hate when I run into someone and call them by their doppleganger's name."
"39520","","","","","2006-10-06 15:13:29 +0000","<a href=""http://twitter.com/devices"" rel=""nofollow"">txt</a>","On my way to a 3-day brainwashing camp. Wish me new brains!"
"38915","","","","","2006-10-05 03:00:23 +0000","<a href=""http://twitter.com/devices"" rel=""nofollow"">txt</a>","@The Hideout for office hours. Come over, there'll be a photo shoot with 40s of good Old English. "
