"tweet_id","in_reply_to_status_id","in_reply_to_user_id","retweeted_status_id","retweeted_status_user_id","timestamp","source","text","expanded_urls"
"45528622","","","","","2007-05-01 02:06:00 +0000","<a href=""http://twitter.com/devices"" rel=""nofollow"">txt</a>","Bring on the bleach! I want to be platinum! And other things."
"43155382","","","","","2007-04-28 15:40:17 +0000","im","43 Things just passed one MILLION accounts!  Today we buy our pimp suits."
"40163952","","","","","2007-04-26 03:15:42 +0000","<a href=""http://twitter.com/devices"" rel=""nofollow"">txt</a>","First drink in days! Refreshing."
"34586182","","","","","2007-04-20 22:39:20 +0000","im","summertime sung by ella fitzgerald and louis armstrong sums it up for me today"
"27509221","","","","","2007-04-14 02:19:07 +0000","im","i got a new junky phone, chubis!"
"27134401","","","","","2007-04-13 17:56:05 +0000","im","I lost my phone.  And it's not ringing anymore.  And it's on silent.   Come back, phoney phone!"
"22927201","","","","","2007-04-09 17:38:11 +0000","im","People downtown were sweeping up the swirling fallen cherry blossom flowers with brooms and throwing them away.  Spring haters?"
"21790221","","","","","2007-04-08 02:21:15 +0000","<a href=""http://twitter.com/devices"" rel=""nofollow"">txt</a>","I'm doing the MANDANCE tonight at Northwest Film Forum, come watch?"
