"tweet_id","in_reply_to_status_id","in_reply_to_user_id","retweeted_status_id","retweeted_status_user_id","timestamp","source","text","expanded_urls"
"441623822","","","","","2007-11-25 05:22:55 +0000","<a href=""http://twitter.com/devices"" rel=""nofollow"">txt</a>","Staying at the Standard, it's awesome!"
"433404782","","","","","2007-11-21 23:22:59 +0000","<a href=""http://twitter.com/devices"" rel=""nofollow"">txt</a>","I just realized I can watch Lost on my iPhone as I'm flying to Orange County!"
"406312272","","","","","2007-11-11 20:29:32 +0000","<a href=""http://twitter.com/devices"" rel=""nofollow"">txt</a>","My house is too cold... I'm gonna spend the day at the gym."
"401968762","","","","","2007-11-09 20:55:36 +0000","<a href=""http://twitter.com/devices"" rel=""nofollow"">txt</a>","I love the interview with Eggers and Roderick in this week's Stranger."
"390601162","","","","","2007-11-05 21:02:36 +0000","<a href=""http://twitter.com/devices"" rel=""nofollow"">txt</a>","All shakey from slow weights... can barely type!"
"386851022","","","","","2007-11-04 04:53:54 +0000","<a href=""http://twitter.com/devices"" rel=""nofollow"">txt</a>","My eye is twitching."
