"tweet_id","in_reply_to_status_id","in_reply_to_user_id","retweeted_status_id","retweeted_status_user_id","timestamp","source","text","expanded_urls"
"67895152","","","","","2007-05-18 01:37:33 +0000","<a href=""http://twitter.com/devices"" rel=""nofollow"">txt</a>","Waiting in a giant line for a book reading (sure it's Miranda July) with bunny ears in my pocket."
"54005262","","","","","2007-05-08 00:53:10 +0000","<a href=""http://twitter.com/devices"" rel=""nofollow"">txt</a>","If you saw a dollar on the floor of a public bathroom would you pick it up? I passed. After looking for cameras."
"52578822","","","","","2007-05-07 01:45:50 +0000","im","Okay, I agree, the new SAM is awesome!  And disorienting in how it connects to the old museum.  And, exhausting.  Naptime!"
"51606462","","","","","2007-05-06 05:24:58 +0000","<a href=""http://twitter.com/devices"" rel=""nofollow"">txt</a>","Sorry that you're dead motherfucker."
