"tweet_id","in_reply_to_status_id","in_reply_to_user_id","retweeted_status_id","retweeted_status_user_id","timestamp","source","text","expanded_urls"
"5712169","","","","","2007-02-26 19:51:09 +0000","web","If your fingers were on your feet, would they be toes?"
"5682670","","","","","2007-02-25 00:41:47 +0000","<a href=""http://twitter.com/devices"" rel=""nofollow"">txt</a>","Being re-turquoised."
"5421103","","","","","2007-02-11 02:36:31 +0000","im","I don't have shoes to go with my red dress..."
"5408647","","","","","2007-02-10 10:28:15 +0000","<a href=""http://twitter.com/devices"" rel=""nofollow"">txt</a>","A bomb's going off in my head."
"5381577","","","","","2007-02-08 23:52:25 +0000","web","morale is plummettinggGGG@!!!!"
"5331549","","","","","2007-02-06 02:19:03 +0000","<a href=""http://twitter.com/devices"" rel=""nofollow"">txt</a>","I had the taxi driver drop me off a block away from the Scientology place. Too embarrased."
"5202243","","","","","2007-02-03 03:52:42 +0000","<a href=""http://twitter.com/devices"" rel=""nofollow"">txt</a>","Brett just said ""paragon of post-modern testosterone"" in the context of smurfs"
