"tweet_id","in_reply_to_status_id","in_reply_to_user_id","retweeted_status_id","retweeted_status_user_id","timestamp","source","text","expanded_urls"
"941285634","","","","","2008-10-01 00:40:19 +0000","<a href=""http://twitterrific.com"" rel=""nofollow"">Twitterrific</a>","8:36pm KA was impressed with my yoga skills, now work on seating charts over DE sushi. http://tinyurl.com/3njkm2"
"939977047","","","","","2008-09-30 01:03:21 +0000","<a href=""http://twitterrific.com"" rel=""nofollow"">Twitterrific</a>","8:36pm Arrived in Wilmington, Samantha loves the iPhone games. http://tinyurl.com/5xpfry"
"939882751","","","","","2008-09-29 23:25:43 +0000","<a href=""http://twitterrific.com"" rel=""nofollow"">Twitterrific</a>","Ah the land of scrapple! Kellianne's brother says Biden's on his fantasy political team."
"939664432","939645694","19853","","","2008-09-29 20:04:29 +0000","<a href=""http://twitterrific.com"" rel=""nofollow"">Twitterrific</a>","@rk I'm at JFK too! And just said the same thing to Kellianne 14 minutes ago."
"939662512","","","","","2008-09-29 20:03:03 +0000","<a href=""http://twitterrific.com"" rel=""nofollow"">Twitterrific</a>","Bill Murray just walked out of Delta gate 24 at JFK."
"939579520","","","","","2008-09-29 18:57:49 +0000","<a href=""http://twitterrific.com"" rel=""nofollow"">Twitterrific</a>","2.5 hour layover in NYC. I prefer to be in the air for earthquakes and economy-falling-aparts."
"939076693","","","","","2008-09-29 11:41:48 +0000","<a href=""http://twitterrific.com"" rel=""nofollow"">Twitterrific</a>","Up at four a.m. 
Yesterday up til four. Go
coffee, booze, and planes."
"938843441","","","","","2008-09-29 05:08:04 +0000","<a href=""http://twitter.com/devices"" rel=""nofollow"">txt</a>","-1 point from Tavolata for running out of sea bass, so we indulged in Pinot Grigio and delicious chocolate cake (+2 points)."
"938783610","","","","","2008-09-29 03:46:49 +0000","<a href=""http://twitterrific.com"" rel=""nofollow"">Twitterrific</a>","8:36pm Slowly packing, thinking and getting hungry. http://tinyurl.com/4gvwmw"
"938465427","","","","","2008-09-28 21:24:25 +0000","web","Packing!  I think I take as much clothes for a 5 day trip as I do for a 30 day trip."
"937772367","","","","","2008-09-28 03:47:24 +0000","<a href=""http://twitterrific.com"" rel=""nofollow"">Twitterrific</a>","8:36pm Getting ready for Elegantly Waisted ""back stage"". http://tinyurl.com/424zfu"
"937690716","","","","","2008-09-28 01:59:31 +0000","<a href=""http://twitter.com/devices"" rel=""nofollow"">txt</a>","Eyeliner always turns me into a crybaby."
"936772308","","","","","2008-09-27 04:12:02 +0000","<a href=""http://twitter.com/devices"" rel=""nofollow"">txt</a>","Our cabbie thinks Obama looked green."
"936744891","","","","","2008-09-27 03:40:16 +0000","<a href=""http://twitterrific.com"" rel=""nofollow"">Twitterrific</a>","8:36pm Dissecting the debates at Tom & Michele's. Obama won hands down. http://tinyurl.com/3rwlh5"
"935432211","","","","","2008-09-26 07:38:32 +0000","<a href=""http://twitterrific.com"" rel=""nofollow"">Twitterrific</a>","8:36pm The Madsens arrive with dinner and helpful hands! http://tinyurl.com/3nhd4d."
"935241460","","","","","2008-09-26 03:16:38 +0000","web","Oh I get it, it's one of those ""how many things can go crazy at once"" situations..."
"935234414","","","","","2008-09-26 03:08:55 +0000","web","Shitballs."
"935047213","","","","","2008-09-25 23:53:36 +0000","<a href=""http://twitter.com/devices"" rel=""nofollow"">txt</a>","Leaving the Robot Co-op offices. Will be back in a month!"
"934882964","","","","","2008-09-25 21:08:39 +0000","<a href=""http://www.tweetdeck.com/"" rel=""nofollow"">TweetDeck</a>","When is me-trics.com gonna launch?!?  I'm seriously impatient about it.  I check their signup page like 3 times a day.  http://bit.ly/3I3wxr"
"934867311","","","","","2008-09-25 20:54:28 +0000","<a href=""http://www.tweetdeck.com/"" rel=""nofollow"">TweetDeck</a>","Muxtape's interesting story:  http://muxtape.com (I wonder what would've been different if he hadn't been on Amazon's servers)"
"934692986","","","","","2008-09-25 18:15:06 +0000","<a href=""http://www.tweetdeck.com/"" rel=""nofollow"">TweetDeck</a>","Does anyone in the Seattle area have a giant suitcase or two that they wouldn't mind lending to me for my honeymoon trip to Italy?"
"933914283","","","","","2008-09-25 03:44:39 +0000","<a href=""http://twitterrific.com"" rel=""nofollow"">Twitterrific</a>","8:36pm Eating green tea and sesame ice cream while eaves-dropping on a first date. http://tinyurl.com/3rpt7e"
"933360416","933328843","752413","","","2008-09-24 18:50:30 +0000","<a href=""http://twitter.com/devices"" rel=""nofollow"">txt</a>","@agregov Why use the web client? Link it to gmail or the Mail app... I've had no problems at all."
"933314556","933310161","13443292","","","2008-09-24 18:10:13 +0000","<a href=""http://www.tweetdeck.com/"" rel=""nofollow"">TweetDeck</a>","@senoraj  Kellianne and I are SO using sidetaker.com the next time we have a fight.  It's awesome."
"932560712","","","","","2008-09-24 03:41:35 +0000","<a href=""http://twitterrific.com"" rel=""nofollow"">Twitterrific</a>","8:36pm Watching Equus, sorta. http://tinyurl.com/4zasve"
"932554558","","","","","2008-09-24 03:34:25 +0000","<a href=""http://twitterrific.com"" rel=""nofollow"">Twitterrific</a>","How to relax? Weird movie about a boy who blinds horses? Worth a try!"
"931303385","931259273","5667292","","","2008-09-23 05:12:57 +0000","<a href=""http://twitterrific.com"" rel=""nofollow"">Twitterrific</a>","@spunkygidget Yes, at McLeod, Sat, 9pm. Though come early cause it's going to sell out quick."
"931234631","","","","","2008-09-23 03:43:01 +0000","<a href=""http://twitterrific.com"" rel=""nofollow"">Twitterrific</a>","8:36pm Dress rehearsal for the Elegantly Waisted fashion show this Saturday. Awesome! http://tinyurl.com/4m6mjw"
"931048448","","","","","2008-09-23 00:14:32 +0000","web","After a brief infatuation with them, I now think that Brian Eno and Peter Schmidt's Oblique Strategies are actually bad strategies."
"930002253","","","","","2008-09-22 03:40:56 +0000","<a href=""http://twitterrific.com"" rel=""nofollow"">Twitterrific</a>","8:36pm Talking group and singleton dynamics at Union, where we should come more often! http://tinyurl.com/3vq2ro"
"929154966","929153025","7943892","","","2008-09-21 08:13:42 +0000","<a href=""http://twitter.com/devices"" rel=""nofollow"">txt</a>","@ingopixel and @andypixel Holy moley. Never suggest this to me when I'm drunk please."
"929145874","929145328","4981271","","","2008-09-21 07:53:17 +0000","web","@sourjayne and @dkr I see you on the photobooth!  Hi!  I would join you but I'm eating this bag of almonds."
"929118641","","","","","2008-09-21 06:51:40 +0000","<a href=""http://twitterrific.com"" rel=""nofollow"">Twitterrific</a>","From Zizek: We make things popular in order to avoid taking them seriously."
"929041809","","","","","2008-09-21 04:29:52 +0000","<a href=""http://twitterrific.com"" rel=""nofollow"">Twitterrific</a>","I've never seen Blade Runner, apparently."
"929009776","","","","","2008-09-21 03:40:13 +0000","<a href=""http://twitterrific.com"" rel=""nofollow"">Twitterrific</a>","8:36pm Staying in tonight watching Kellianne get ready to go out and have fun. http://tinyurl.com/5yrums"
"928849400","","","","","2008-09-20 23:52:44 +0000","web","My Holmes and Rahe stress score is 187: ""mild risk of illness.""  It needs to allow for anti-stressors too. http://tinyurl.com/45q9pc"
"928071915","","","","","2008-09-20 03:39:55 +0000","<a href=""http://twitterrific.com"" rel=""nofollow"">Twitterrific</a>","8:36pm At our local, working on vow stuff. I love this woman! http://tinyurl.com/4bj6er"
"927755824","","","","","2008-09-19 21:15:50 +0000","web","Where do text messages go when they are deleted?"
"926792249","","","","","2008-09-19 03:40:45 +0000","<a href=""http://twitterrific.com"" rel=""nofollow"">Twitterrific</a>","8:36pm Watching Mad Men in the dark with Kellianne's cold feet. http://tinyurl.com/3z5ql8"
"926437360","","","","","2008-09-18 21:38:58 +0000","<a href=""http://www.tweetdeck.com/"" rel=""nofollow"">TweetDeck</a>","Mixing MobileMe, Address Book, merging duplicates, and the new sync software equals losing most of my contacts on 3 computers at once."
"925484210","","","","","2008-09-18 03:39:32 +0000","<a href=""http://twitterrific.com"" rel=""nofollow"">Twitterrific</a>","8:36pm Finishing up a delicious meal at the new Kushibar. http://tinyurl.com/4yo8ko"
"925285237","925273711","798542","","","2008-09-17 23:56:28 +0000","<a href=""http://www.tweetdeck.com/"" rel=""nofollow"">TweetDeck</a>","@helenjane  Your blog could be renamed ""100 year old lunch"""
"925268831","","","","","2008-09-17 23:37:32 +0000","web","How would your online writing and presence change if you wrote exclusively for people who would read it 100 years from now?"
"925102337","","","","","2008-09-17 20:44:11 +0000","web","I want a service of some kind that you tell to alert you randomly N number of times between X and Y hours, daily.  Does it exist?"
"924194741","","","","","2008-09-17 03:41:17 +0000","<a href=""http://twitterrific.com"" rel=""nofollow"">Twitterrific</a>","8:36pm Difficult conversations at our local spot.  http://tinyurl.com/5d2y6m"
"924064006","","","","","2008-09-17 01:18:39 +0000","web","Taking a break from slow weights til after the wedding.  Resuming week three of the 100 pushup challenge... http://hundredpushups.com"
"923634170","923627452","752553","","","2008-09-16 17:59:35 +0000","<a href=""http://www.tweetdeck.com/"" rel=""nofollow"">TweetDeck</a>","@rgcottrell  Why do you need stepping stones??  Get to the real app!  :)"
"923580033","","","","","2008-09-16 17:10:58 +0000","web","OH: ""Information on how to become a millionaire if you've got some change for me."""
"923469441","923042344","752553","","","2008-09-16 15:37:04 +0000","<a href=""http://twitterrific.com"" rel=""nofollow"">Twitterrific</a>","@rgcottrell Which app? And yes, you should still finish!"
"922922973","","","","","2008-09-16 03:42:00 +0000","<a href=""http://twitterrific.com"" rel=""nofollow"">Twitterrific</a>","8:36pm Prepping Russell for his MC duties at Tilth qhttp://tinyurl.com/6btzyg"
"921672914","","","","","2008-09-15 03:40:23 +0000","<a href=""http://twitterrific.com"" rel=""nofollow"">Twitterrific</a>","8:36pm Trying to rally for round two of cleaning before Kellianne gets home. http://tinyurl.com/5wqah7"
"920898886","","","","","2008-09-14 09:10:42 +0000","<a href=""http://twitter.com/devices"" rel=""nofollow"">txt</a>","Where's Andy and Ingo?"
"920728291","","","","","2008-09-14 03:47:37 +0000","<a href=""http://twitterrific.com"" rel=""nofollow"">Twitterrific</a>","8:36pm Kristen and Kyle are married and my table is cracking me up. Yay marrieds! http://tinyurl.com/569ehe"
"920614911","","","","","2008-09-14 01:14:01 +0000","<a href=""http://twitter.com/devices"" rel=""nofollow"">txt</a>","Headed to Kristen and Kyle's wedding solo."
"920467304","","","","","2008-09-13 21:47:35 +0000","<a href=""http://twitterrific.com"" rel=""nofollow"">Twitterrific</a>","All of my emotional triggers are re-routing through anger today."
"920409909","","","","","2008-09-13 20:28:28 +0000","<a href=""http://twitter.com/devices"" rel=""nofollow"">txt</a>","My six identical bowties scheme has hit a roadbump. Now I need to go buy some silk!"
"919754188","","","","","2008-09-13 03:41:57 +0000","<a href=""http://twitterrific.com"" rel=""nofollow"">Twitterrific</a>","8:36pm Dinner with Ario at Saito's... my first excursion of the day! http://tinyurl.com/3ud3d3"
"919506131","","","","","2008-09-12 22:37:50 +0000","web","Insomnia made me come up with a way to view your LiveJournal friends page in a prettier, iPhone-friendly way.  http://tinyurl.com/5yxvxs"
"918572111","","","","","2008-09-12 05:25:53 +0000","web","We seem to be doing pretty good on our change quota even without Obama."
"918494550","","","","","2008-09-12 03:39:42 +0000","<a href=""http://twitterrific.com"" rel=""nofollow"">Twitterrific</a>","8:36pm Dinner with the Pixels, talking about Burning Man and things. http://tinyurl.com/47dk4h"
"917902885","","","","","2008-09-11 17:34:20 +0000","web","Day 3 of my grumpy mood.  At least I have an opportunity to seek some perspective on it all."
"917280576","","","","","2008-09-11 04:39:35 +0000","<a href=""http://twitterrific.com"" rel=""nofollow"">Twitterrific</a>","8:36pm Drunk of the week comes home from the gym, stone cold sobertime. http://tinyurl.com/5e8tre"
"917102103","","","","","2008-09-11 01:00:20 +0000","<a href=""http://twitter.com/devices"" rel=""nofollow"">txt</a>","Cleaning this store out!"
"916786857","916782166","13669","","","2008-09-10 19:30:18 +0000","<a href=""http://www.tweetdeck.com/"" rel=""nofollow"">TweetDeck</a>","@kk  No, they're technology, and they're rendering evolution obsolete.  Survival of the fittest."
"916776740","","","","","2008-09-10 19:20:54 +0000","<a href=""http://www.tweetdeck.com/"" rel=""nofollow"">TweetDeck</a>","Merlin Mann (@hotdogsladies) is on a roll lately with his posts.  I am curious to see where his latest move leads.  http://43folders.com"
"916713347","","","","","2008-09-10 18:21:21 +0000","<a href=""http://www.tweetdeck.com/"" rel=""nofollow"">TweetDeck</a>","Retweet @rk: http://hasthelargehadroncolliderdestroyedtheworldyet.com/"
"916704519","","","","","2008-09-10 18:13:12 +0000","<a href=""http://www.tweetdeck.com/"" rel=""nofollow"">TweetDeck</a>","Well, I'm not gonna be rich, but I seem to be selling about 60 of my Credit Card Roulette apps a week."
"916108983","","","","","2008-09-10 07:15:54 +0000","web","Ten reasons why Obama is the candidate for us internet nerds, by hilarious lolz, llc: http://lolzllc.com/obama/"
"915934441","","","","","2008-09-10 03:05:33 +0000","<a href=""http://twitterrific.com"" rel=""nofollow"">Twitterrific</a>","Found a collapsed and sobbing girl in Pike Place... her fianc? dumped her and ditched her in a miserable drugged state. Super sad."
"915705819","","","","","2008-09-09 23:02:45 +0000","<a href=""http://www.tweetdeck.com/"" rel=""nofollow"">TweetDeck</a>","Just launched a redesigned 43 Things goal page, with a new feature called How I Did It.  Example: http://bit.ly/2ygtOq"
"915694608","915677325","6140","","","2008-09-09 22:50:54 +0000","<a href=""http://www.tweetdeck.com/"" rel=""nofollow"">TweetDeck</a>","@brady  Found the stealth page (that was easy) and ordered.  I hate waiting.  Are there any pictures of this thing anywhere?"
"915675860","915663630","6140","","","2008-09-09 22:31:14 +0000","<a href=""http://www.tweetdeck.com/"" rel=""nofollow"">TweetDeck</a>","@brady  Where does one order fitbit?  It's right up my alley... especially after being teased about the Nike+ thing."
"915300214","915298368","761628","","","2008-09-09 17:01:56 +0000","<a href=""http://www.tweetdeck.com/"" rel=""nofollow"">TweetDeck</a>","@RickWebb  Go Barbarians!"
"914663744","","","","","2008-09-09 03:44:38 +0000","<a href=""http://twitterrific.com"" rel=""nofollow"">Twitterrific</a>","8:36pm On the last page of Bonk. Good book! http://tinyurl.com/5cjx8l"
"914097518","","","","","2008-09-08 17:47:56 +0000","<a href=""http://www.tweetdeck.com/"" rel=""nofollow"">TweetDeck</a>","Our Robot Co-op offices landlord got caught in store this weekend doing up-skirts with a cardboard tube and a camera!  http://bit.ly/P5hp8"
"913430370","","","","","2008-09-08 03:40:41 +0000","<a href=""http://twitterrific.com"" rel=""nofollow"">Twitterrific</a>","8:36pm It's just Sopor, me, wedding spreadsheets, and apple juice now. http://tinyurl.com/56x7fw"
"913274600","","","","","2008-09-08 00:52:18 +0000","<a href=""http://twitterrific.com"" rel=""nofollow"">Twitterrific</a>","Final fitting for my bespoke suit from Kuhlman went great and I got to take it home. Very exciting!"
"912981689","","","","","2008-09-07 18:15:41 +0000","<a href=""http://twitterrific.com"" rel=""nofollow"">Twitterrific</a>","Decided to continue with the hoax to prove the birthday book wrong. Facts and whimsey hold equal influence in my life."
"912948855","912938102","7482","","","2008-09-07 17:34:39 +0000","<a href=""http://twitterrific.com"" rel=""nofollow"">Twitterrific</a>","@arainert Researching detox fasts, and mucoid plaque in particular. Drinking juice is fine and good but the supplements are useless."
"912927710","","","","","2008-09-07 17:09:17 +0000","<a href=""http://twitterrific.com"" rel=""nofollow"">Twitterrific</a>","My fasting cleanse is a hoax! I'm on day 5, should I complete it or abandon ship?"
"912458447","","","","","2008-09-07 03:40:53 +0000","<a href=""http://twitterrific.com"" rel=""nofollow"">Twitterrific</a>","8:36pm Day 4 of fast, watching There Will Be Blood as substitute for food and energy. http://tinyurl.com/6344gt"
"911512904","911510243","958581","","","2008-09-06 03:42:26 +0000","<a href=""http://twitterrific.com"" rel=""nofollow"">Twitterrific</a>","@rdicker Report back on that strange place please."
"911512200","","","","","2008-09-06 03:41:24 +0000","<a href=""http://twitterrific.com"" rel=""nofollow"">Twitterrific</a>","8:36pm Day 3 of the cleansing fast is exhausting. Can only watch Peter & The Wolf. http://tinyurl.com/5z96ae"
"911142657","","","","","2008-09-05 20:19:27 +0000","web","Heart got angry for the RNC's use of their song, ""Barracuda"".  @kellianne and @spangley are vindicated. http://tinyurl.com/5g7c6g"
"910295511","","","","","2008-09-05 03:42:02 +0000","<a href=""http://twitterrific.com"" rel=""nofollow"">Twitterrific</a>","8:36pm Salad, salmon burgers, cous cous, McCain analysis, and bad rock music. http://tinyurl.com/5rdrh5"
"910254852","","","","","2008-09-05 03:05:42 +0000","<a href=""http://twitter.com/devices"" rel=""nofollow"">txt</a>","That was mediocre!"
"910140214","","","","","2008-09-05 01:36:56 +0000","web","My mood is too precarious to watch the RNC right now... I'll watch the highlights later."
"909847322","","","","","2008-09-04 20:29:30 +0000","<a href=""http://twitterrific.com"" rel=""nofollow"">Twitterrific</a>","I'm getting married one month from today! Juice fasting this week for a clear head."
"908976838","","","","","2008-09-04 03:39:59 +0000","<a href=""http://twitterrific.com"" rel=""nofollow"">Twitterrific</a>","8:36pm Watching Reggie Watts and Mike Daisy answer questions about the meaning of life. http://tinyurl.com/6fk3jv"
"908461887","","","","","2008-09-03 19:36:49 +0000","web","For the most bizarre set of reasons, I can't seem to keep an acupuncture appointment on my calendar.  Third missed in a row.  Lame."
"907796785","","","","","2008-09-03 06:57:07 +0000","<a href=""http://twitterrific.com"" rel=""nofollow"">Twitterrific</a>","Our little cat, Sopor, was uncharacteristically outside when I closed the door this morning. We want her to come back to us now!"
"907665756","","","","","2008-09-03 03:43:17 +0000","<a href=""http://twitterrific.com"" rel=""nofollow"">Twitterrific</a>","8:36pm Watching analysis of the Republican National Convention. Fred Thompson wins. http://tinyurl.com/6jy4xw"
"906344313","906336590","16063333","","","2008-09-02 02:13:47 +0000","<a href=""http://twitter.com/devices"" rel=""nofollow"">txt</a>","@capitol_trouble We miss you already! Come back. Real world schmreal world."
