"tweet_id","in_reply_to_status_id","in_reply_to_user_id","retweeted_status_id","retweeted_status_user_id","timestamp","source","text","expanded_urls"
"761910022","","","","","2008-02-26 19:31:00 +0000","<a href=""http://twitterrific.com"" rel=""nofollow"">Twitterrific</a>","Updated my iPhone software but nothing new seems to be there yet.  Think there'll be an announcement later today?"
"682519172","","","","","2008-02-06 05:03:47 +0000","<a href=""http://twitter.com/devices"" rel=""nofollow"">txt</a>","New favorite soundbite: ""We are the ones we've been waiting for."""
"679124402","","","","","2008-02-05 08:01:53 +0000","<a href=""http://twitter.com/devices"" rel=""nofollow"">txt</a>","I just realized that health month officially ends right now. I made it! But I'm going one more day for kicks."
"670933502","","","","","2008-02-02 20:26:03 +0000","<a href=""http://twitter.com/devices"" rel=""nofollow"">txt</a>","Taking class to get my class 12 bar permit!"
"669227252","","","","","2008-02-02 07:57:46 +0000","<a href=""http://twitter.com/devices"" rel=""nofollow"">txt</a>","I cheated on health month to eat a dog biscuit."
"668403232","","","","","2008-02-02 01:41:31 +0000","web","2.5 hours of holding, and .5 hours of talking... and now I have a bunch of numbers to consider."
"667893302","","","","","2008-02-01 22:14:33 +0000","web","Hold music has been playing for  35 minutes so far... thank God for speaker phones and Scrabulous."
"667798532","","","","","2008-02-01 21:42:29 +0000","web","On hold with my bank to see if I should re-finance my house."
