"tweet_id","in_reply_to_status_id","in_reply_to_user_id","retweeted_status_id","retweeted_status_user_id","timestamp","source","text","expanded_urls"
"1089420539","","","","","2009-01-01 04:43:30 +0000","<a href=""http://m.twitter.com/"" rel=""nofollow"">mobile web</a>","8:36pm Just got to Erin's for pre-funk before Lo-Fi NYE!!!: http://tinyurl.com/9wdfbw"
"1089402658","1089363803","4981271","","","2009-01-01 04:30:10 +0000","<a href=""http://twitter.com/tweetsville"" rel=""nofollow"">Tweetsville</a>","@sourjayne The red one!"
"1088453557","","","","","2008-12-31 18:09:56 +0000","<a href=""http://twitter.com/tweetsville"" rel=""nofollow"">Tweetsville</a>","Last eggnog latte of the season. :( :( :("
"1087440494","","","","","2008-12-31 05:37:28 +0000","<a href=""http://twitter.com/tweetsville"" rel=""nofollow"">Tweetsville</a>","Just bought my first order using Amazon's iPhone app. Way cool!"
"1087363729","","","","","2008-12-31 04:42:58 +0000","<a href=""http://m.twitter.com/"" rel=""nofollow"">mobile web</a>","8:36pm My grumpy wife is cheering up at the Black Bottle: http://tinyurl.com/97qmhf"
"1086838536","1086833376","16400277","","","2008-12-30 23:13:10 +0000","<a href=""http://www.tweetdeck.com/"" rel=""nofollow"">TweetDeck</a>","@kindrameyer I've actually been to that.  In costume."
"1086532309","","","","","2008-12-30 20:15:15 +0000","<a href=""http://www.tweetdeck.com/"" rel=""nofollow"">TweetDeck</a>","Blagojevich is cracking me up."
"1086167496","","","","","2008-12-30 16:49:15 +0000","<a href=""http://twitter.com/tweetsville"" rel=""nofollow"">Tweetsville</a>","RT @jasonfried: Ebert isn't optimistic: http://bit.ly/BQ01"
"1085553709","","","","","2008-12-30 07:58:09 +0000","<a href=""http://twitter.com/devices"" rel=""nofollow"">txt</a>","I can't believe @Kellianne can't stay awake during The Usual Suspects, which she has never seen!"
"1085381226","","","","","2008-12-30 05:17:56 +0000","web","In all my twitters, I've only used 1996 unique words, none of which are that interesting. http://mytwitterweighsaton.com (via @ryantomorrow)"
"1085337127","1085219195","16400277","","","2008-12-30 04:45:15 +0000","<a href=""http://twitter.com/devices"" rel=""nofollow"">txt</a>","@kindrameyer Let's see those lists and manifestos already!"
"1085329611","","","","","2008-12-30 04:39:58 +0000","<a href=""http://m.twitter.com/"" rel=""nofollow"">mobile web</a>","Apple bread pudding: before: http://tinyurl.com/7ckhnh"
"1084760607","","","","","2008-12-29 22:28:16 +0000","web","Opening a new project up in Xcode for a new iPhone app project at work."
"1084658148","","","","","2008-12-29 21:25:34 +0000","<a href=""http://www.tweetdeck.com/"" rel=""nofollow"">TweetDeck</a>","Bacon makes everything better. http://bit.ly/T0SH"
"1083410530","","","","","2008-12-29 04:38:44 +0000","<a href=""http://m.twitter.com/"" rel=""nofollow"">mobile web</a>","8:36pm This Christmas-ish gl?gg is strong, and friends are great!: http://tinyurl.com/8ayx94"
"1082964785","","","","","2008-12-28 23:11:56 +0000","web","Christmas-ish party at our place starting around 5 or 6 tonight.  Come by if you are lolly-gaggin' about. Delicious spiced gl?gg awaits."
"1081999974","","","","","2008-12-28 07:17:03 +0000","web","Is there any proof or disagreement that, in general, the third track on an album is the best one?  Best in terms of biggest hit, perhaps."
"1081840785","","","","","2008-12-28 04:39:58 +0000","<a href=""http://twitterrific.com"" rel=""nofollow"">Twitterrific</a>","8:36pm Talk about American Cultural Rebels at the Jewelbox: http://tinyurl.com/7ml5er"
"1081425077","","","","","2008-12-27 22:54:14 +0000","web","Made my 2009 resolutions: http://bustermcleod.livejournal.com/225739.html"
"1080543426","1080533295","7362142","","","2008-12-27 07:43:59 +0000","<a href=""http://twitter.com/tweetsville"" rel=""nofollow"">Tweetsville</a>","@kellianne Okay just beat @andypixel again. A Christmas miracle!"
"1080532240","1080375686","784078","","","2008-12-27 07:30:00 +0000","<a href=""http://twitter.com/tweetsville"" rel=""nofollow"">Tweetsville</a>","@alicetiara I've only beat @andypixel twice but can beat @kellianne 2/3 times. Middle of the road!"
"1080367638","","","","","2008-12-27 04:41:42 +0000","<a href=""http://twitterrific.com"" rel=""nofollow"">Twitterrific</a>","8:36pm Wine, m&ms, and reverse holiday programming with Doubt at the Big Picture: http://tinyurl.com/9gotms"
"1077492188","","","","","2008-12-25 04:42:52 +0000","<a href=""http://m.twitter.com/"" rel=""nofollow"">mobile web</a>","8:36pm Advertisements for procreation at the Wurl house.: http://tinyurl.com/9ppouf"
"1077120107","","","","","2008-12-24 23:30:52 +0000","web","The tip of Kellianne's plane just crossed into Google Oregon."
"1075715182","","","","","2008-12-24 04:42:35 +0000","<a href=""http://m.twitter.com/"" rel=""nofollow"">mobile web</a>","8:36pm Hour 3.5 at Triple Door before burlesque nutcracker in 1.5 hours.: http://tinyurl.com/8vetew"
"1075505770","1075503218","16400277","","","2008-12-24 02:14:32 +0000","<a href=""http://twitter.com/devices"" rel=""nofollow"">txt</a>","@kindrameyer I know my limits! And I have no problem passing them. I love you too and happy travels!"
"1075482153","","","","","2008-12-24 01:58:46 +0000","<a href=""http://twitter.com/devices"" rel=""nofollow"">txt</a>","Okay, maybe it's cause I got the time wrong, but I AM very excited. And rallied some troops to join!"
"1075477034","","","","","2008-12-24 01:55:06 +0000","<a href=""http://twitter.com/devices"" rel=""nofollow"">txt</a>","Thank you @KindraMeyer for the thoughtful gift of burlesque nutcracker! I'm here 4 hours early in anticipation!!!"
"1074529474","1074039114","761628","","","2008-12-23 16:23:22 +0000","<a href=""http://twitter.com/tweetsville"" rel=""nofollow"">Tweetsville</a>","@RickWebb Yeah but they're all dumbasses!"
"1073711770","","","","","2008-12-23 04:43:04 +0000","<a href=""http://m.twitter.com/"" rel=""nofollow"">mobile web</a>","8:36pm At Linda's with Carinna!: http://tinyurl.com/6w7mxt"
"1073645894","","","","","2008-12-23 03:56:37 +0000","<a href=""http://twitter.com/devices"" rel=""nofollow"">txt</a>","That was easy. (hits the button)"
"1073605343","","","","","2008-12-23 03:28:55 +0000","<a href=""http://twitter.com/devices"" rel=""nofollow"">txt</a>","Gonna try walking to Capitol Hill for drinks with Carinba. Anyone else wanna join?"
"1073482522","","","","","2008-12-23 02:07:22 +0000","<a href=""http://twitter.com/devices"" rel=""nofollow"">txt</a>","Falling on the ice holding grocery bags, wrapping paper and a giant coffee totally cheered me up!"
"1071690447","","","","","2008-12-22 04:39:50 +0000","<a href=""http://m.twitter.com/"" rel=""nofollow"">mobile web</a>","8:36pm It's friends in Belltown snowy dinner part 2! With autumn backdrop. http://tinyurl.com/866zrv"
"1071515973","","","","","2008-12-22 02:33:45 +0000","web","I love our yearly tradition of arguing about what's healthy for a month."
"1071293695","","","","","2008-12-21 23:51:04 +0000","web","Starting to think about Health Month 2009: http://bustermcleod.livejournal.com/224322.html"
"1070355019","","","","","2008-12-21 10:11:25 +0000","<a href=""http://twitter.com/tweetsville"" rel=""nofollow"">Tweetsville</a>","I made it home! But not without a wrong turn and a couple drunkles dials."
"1070263597","1070252445","13443292","","","2008-12-21 08:03:44 +0000","<a href=""http://twitter.com/devices"" rel=""nofollow"">txt</a>","@senoraj Russell says no dice if consequences exist."
"1070249587","1070248294","13443292","","","2008-12-21 07:45:35 +0000","<a href=""http://twitter.com/devices"" rel=""nofollow"">txt</a>","@senoraj Yes, Lia is trying to make us drunkdial old managers. Were you an old manager???"
"1070172466","","","","","2008-12-21 06:18:59 +0000","<a href=""http://twitter.com/devices"" rel=""nofollow"">txt</a>","People are snowboarding down Cedar outside Russell and Lia's window. I town him to run. We're impatient."
"1070117276","","","","","2008-12-21 05:25:13 +0000","<a href=""http://twitter.com/devices"" rel=""nofollow"">txt</a>","This beginner just beat the Dickers at bowling. And I'm even past my drinking/bowling optimum ratio. Bitches."
"1070066575","","","","","2008-12-21 04:39:50 +0000","<a href=""http://m.twitter.com/"" rel=""nofollow"">mobile web</a>","8:36pm Snow day at the Dickers playing wii bowling. http://tinyurl.com/8dhzzm"
"1069895299","","","","","2008-12-21 02:17:26 +0000","web","Snowed in activities part 2: A few blog posts from the last year that I can bear re-reading: http://bit.ly/faveentries2008"
"1069786838","1069782078","7362142","","","2008-12-21 00:48:24 +0000","web","@kellianne That sounds like just the thing."
"1069736730","1069721620","776429","","","2008-12-21 00:07:52 +0000","web","@spangley Of course you're in it.  Actually, I gotta add your hobo Chris Jones to the best memories too.  Now I'm tagging LJ posts..."
"1069709871","","","","","2008-12-20 23:46:24 +0000","web","I'm gonna use this inconvenient storm as an chance to think about 2008, starting with some favorite moments: http://bit.ly/bestof2008 Yours?"
"1069688713","1069687803","8046402","","","2008-12-20 23:29:50 +0000","web","RT @laurelfan * * * * * &lt;- snow"
"1069602186","1069597502","7362142","","","2008-12-20 22:20:45 +0000","web","@kellianne Yeah, looks like 3-8"" tonight plus lots of wind.  I hope the planes will be fine by tomorrow night.  This tree depends on it!"
"1069595750","","","","","2008-12-20 22:15:51 +0000","web","Just went shoe-ice-skating to the store.  Spaghetti, wine, cheese, and coffee should keep me fat through the storm."
"1068706329","","","","","2008-12-20 08:03:28 +0000","web","Mint.com now has access to my 2 checking accts, 2 savings accts, 2 ccs, 1 mortgage, 1 equity loan, 401K, Roth IRA, and all stocks. Pretty!"
"1068647956","","","","","2008-12-20 06:49:45 +0000","web","First goal of the budget: spend less than I make.  A novel idea! I didn't do that a single month in 2008."
"1068641481","1068636478","9074342","","","2008-12-20 06:42:45 +0000","web","@bugeats Sopor's my cat.  I like her a lot, but *$16*?"
"1068624676","","","","","2008-12-20 06:24:26 +0000","web","Crap... once you see it broken down and everything, you realize where all the money goes.  $16 on Sopor this month?  We'll be homeless soon."
"1068616288","1068614113","10015122","","","2008-12-20 06:15:27 +0000","web","@andypixel What constitutes entertainment to you?  Food and drink are my primary sources of entertainment. 22% of my money spent apparently."
"1068607217","","","","","2008-12-20 06:06:33 +0000","web","Nerdily excited about the new mint.com iPhone app.  Rather than go out, I'm going to make my first monthly budget since college.  Any tips?"
"1068565971","1068564188","7943892","","","2008-12-20 05:27:49 +0000","<a href=""http://twitter.com/devices"" rel=""nofollow"">txt</a>","@ingopixel So of all places, this is where you draw the line? :) Blame Andreas, it's all his fault."
"1068563676","1068561866","7943892","","","2008-12-20 05:25:30 +0000","<a href=""http://twitter.com/devices"" rel=""nofollow"">txt</a>","@ingopixel The cheery holiday font on the label calls them nipple warmers. Case closed."
"1068560533","","","","","2008-12-20 05:22:35 +0000","<a href=""http://twitter.com/tweetsville"" rel=""nofollow"">Tweetsville</a>","The plum-colored possum fur nipple warmers that we ordered the other night (because they exist) arrived. Soft! http://twitpic.com/uh3u"
"1068521254","","","","","2008-12-20 04:47:50 +0000","<a href=""http://twitterrific.com"" rel=""nofollow"">Twitterrific</a>","8:36pm Watching Idiocracy, feeling a little idiotic myself... http://tinyurl.com/7beh3c"
"1067597634","","","","","2008-12-19 18:39:40 +0000","<a href=""http://twitter.com/tweetsville"" rel=""nofollow"">Tweetsville</a>","All while RT'ing philosophy from bed, and playing fave new game, Rolando. Consider hardships mastered. Brushing teeth soon too, bam!"
"1067590885","","","","","2008-12-19 18:36:14 +0000","<a href=""http://twitter.com/tweetsville"" rel=""nofollow"">Tweetsville</a>","And by hardships I mean staying up til 6am drawing and having to wake up before noon to have lunch with one of your local heroes."
"1067583703","","","","","2008-12-19 18:32:46 +0000","<a href=""http://twitter.com/tweetsville"" rel=""nofollow"">Tweetsville</a>","RT @BeMeaningful: ""A happy life consists not in the absence, but in the mastery of hardships."" -Helen Keller"
"1066544563","","","","","2008-12-19 05:39:56 +0000","<a href=""http://m.twitter.com/"" rel=""nofollow"">mobile web</a>","8:36pm Not really doing anything, actually. And loving it. http://tinyurl.com/5yd633"
"1065764007","","","","","2008-12-18 21:23:32 +0000","web","2008 in amazing photos, by Alan Taylor (part 1 of 3): http://tinyurl.com/5awa7v (WOAH)"
"1064512176","","","","","2008-12-18 07:33:20 +0000","<a href=""http://twitter.com/tweetsville"" rel=""nofollow"">Tweetsville</a>","Too late. If ordering a drink while waiting for a web 2.0 cab is wrong, I don't wanna be right. Right @rk?"
"1064508930","","","","","2008-12-18 07:29:49 +0000","<a href=""http://twitter.com/tweetsville"" rel=""nofollow"">Tweetsville</a>","2nd time using the amazing Taxi Magic iPhone app. 2nd time sitting here waiting too long. Should I get another drink?"
"1064333693","","","","","2008-12-18 04:51:25 +0000","<a href=""http://m.twitter.com/"" rel=""nofollow"">mobile web</a>","8:36pm Andy's birthday!: http://tinyurl.com/3vlod3"
"1064102000","","","","","2008-12-18 02:17:59 +0000","<a href=""http://twitter.com/devices"" rel=""nofollow"">txt</a>","To all people who fetishisize a certain level of polish: I know what you're hiding."
"1064069835","1064054647","6343","","","2008-12-18 01:57:59 +0000","<a href=""http://twitter.com/tweetsville"" rel=""nofollow"">Tweetsville</a>","@amylola That's better than a scam. Sounds more like a potential get rich quick scheme to me!"
"1064058061","1064038872","1771141","","","2008-12-18 01:50:18 +0000","<a href=""http://twitter.com/tweetsville"" rel=""nofollow"">Tweetsville</a>","@samantham I'm attempting the same, with wine, dinner, and pet saw. Good luck to us both!"
"1064041257","","","","","2008-12-18 01:39:32 +0000","<a href=""http://twitter.com/devices"" rel=""nofollow"">txt</a>","Number of large lit oil candles in Barrio according to bartender: 400+. I see 241 from where I sit. Lit every day, replaced every 4."
"1064026637","","","","","2008-12-18 01:30:19 +0000","<a href=""http://twitter.com/devices"" rel=""nofollow"">txt</a>","I'm carrying a saw around with me tonight. One bartender is already scared. I love props."
"1063972815","","","","","2008-12-18 00:56:02 +0000","<a href=""http://www.tweetdeck.com/"" rel=""nofollow"">TweetDeck</a>","Oops, here's the link: http://bit.ly/aB6S Also interesting: http://bit.ly/3Kyk"
"1063971310","","","","","2008-12-18 00:55:05 +0000","<a href=""http://www.tweetdeck.com/"" rel=""nofollow"">TweetDeck</a>","Know the difference between a ponzi scheme and a pyramid scheme?  How about a pump 'n dump?  A bubble?  Learn about scams! http://bit.ly ..."
"1063651544","","","","","2008-12-17 21:45:29 +0000","<a href=""http://twitter.com/tweetsville"" rel=""nofollow"">Tweetsville</a>","I'm shaking. Not entirely sure if it's from cold, frustration, or fear."
"1062160056","","","","","2008-12-17 04:41:19 +0000","<a href=""http://m.twitter.com/"" rel=""nofollow"">mobile web</a>","8:36pm Eating by myself at Boom Noodle, hoping to make it to the cat food store. http://tinyurl.com/6gh5a9"
"1062127388","1062121073","541","","","2008-12-17 04:17:24 +0000","<a href=""http://twitterrific.com"" rel=""nofollow"">Twitterrific</a>","@lane It's a commitment to going to x number of classes. I've yet to buy a gym or yoga pack that didn't cost me in the end. I'm cursed!"
"1062121097","","","","","2008-12-17 04:12:44 +0000","<a href=""http://twitter.com/tweetsville"" rel=""nofollow"">Tweetsville</a>","RT @spangley: OH: ""i realized in the midst of it that i treat twitter like performance art."" - @rk. I think this is the best possible usage."
"1062115443","","","","","2008-12-17 04:08:38 +0000","<a href=""http://twitter.com/tweetsville"" rel=""nofollow"">Tweetsville</a>","I've gone to yoga 4 times in the last 8 days but still think buying a membership would jinx it. Advice?"
"1061796331","1061783978","8046402","","","2008-12-17 00:42:48 +0000","<a href=""http://www.tweetdeck.com/"" rel=""nofollow"">TweetDeck</a>","@laurelfan They're everywhere.  But easy to lose."
"1061773645","","","","","2008-12-17 00:28:32 +0000","<a href=""http://www.tweetdeck.com/"" rel=""nofollow"">TweetDeck</a>","See also: dark energy, casimir effect, cosmological constant, lambdavacuum solution, vacuum energy, and zero-point field."
"1061540297","1061528347","761628","","","2008-12-16 22:11:56 +0000","web","@rickwebb Not my favorite but my worst was when I put ""Babe, I'm Gonna Leave You"" on the jukebox at a bar before I broke up with someone."
"1061111094","","","","","2008-12-16 18:22:03 +0000","<a href=""http://www.tweetdeck.com/"" rel=""nofollow"">TweetDeck</a>","Enjoying @ryantomorrow's How It Ends winter mix."
"1061069843","","","","","2008-12-16 18:00:42 +0000","<a href=""http://www.tweetdeck.com/"" rel=""nofollow"">TweetDeck</a>","Feeling crushed for prolonged periods of time is useful in at least one way... for example the occassional bursts of pure inspiration."
"1060016811","","","","","2008-12-16 04:39:31 +0000","<a href=""http://twitterrific.com"" rel=""nofollow"">Twitterrific</a>","8:36pm Arts and crafts in my warm house make me sleepy. http://tinyurl.com/595xvd"
"1059720577","","","","","2008-12-16 01:27:30 +0000","<a href=""http://www.tweetdeck.com/"" rel=""nofollow"">TweetDeck</a>","Movable Type's new Motion product has piqued my interest: http://www.movabletype.com/motion/ Anyone planning to try it out?"
"1059712347","1059710482","407","","","2008-12-16 01:22:14 +0000","<a href=""http://www.tweetdeck.com/"" rel=""nofollow"">TweetDeck</a>","@asa What's a Discman?  Is it that old iPod that only holds 14 songs?"
"1057964743","","","","","2008-12-15 05:11:24 +0000","<a href=""http://twitterrific.com"" rel=""nofollow"">Twitterrific</a>","8:36pm Kindra just informed me she's a 34C and not a 36D at this holiday party. http://tinyurl.com/5w8osu"
"1057608606","","","","","2008-12-15 00:48:01 +0000","<a href=""http://twitter.com/devices"" rel=""nofollow"">txt</a>","Making crafts at Kulman with Ingo and Stacy and champagne while fixing broken sweaters was the best way to spend today."
"1056549551","","","","","2008-12-14 08:20:27 +0000","<a href=""http://twitter.com/tweetsville"" rel=""nofollow"">Tweetsville</a>","What happens when you relax all day, finish a good book, fight with an Xmas tree, drink a pot of coffee at midnight, and start drawing?"
"1056372486","","","","","2008-12-14 05:01:12 +0000","<a href=""http://twitterrific.com"" rel=""nofollow"">Twitterrific</a>","8:36pm Tom & Jerry rum & Secret History marathon interrupted by Xmas tree delivery.: http://tinyurl.com/6gf7w3"
"1056116618","","","","","2008-12-14 01:22:53 +0000","<a href=""http://twitter.com/devices"" rel=""nofollow"">txt</a>","I wish I was at #thebarbarianparty #thebarbarianparty #thebarbarianparty!"
"1055894453","","","","","2008-12-13 22:19:22 +0000","web","Last year's reflections and resolutions: http://tinyurl.com/5g9ruo What were yours?"
"1055884144","","","","","2008-12-13 22:10:51 +0000","web","Isn't there some kinda Web 2.0 tool out there that will write your yearly reflections for you?"
"1055105207","","","","","2008-12-13 10:32:08 +0000","web","I was 0/3 in Indian leg wrestling tonight against a April at Todd's fun party even though it was in Ballard.  But I did learn the banjo."
"1054960118","","","","","2008-12-13 07:06:27 +0000","<a href=""http://twitter.com/devices"" rel=""nofollow"">txt</a>","What @rdicker said."
"1054471202","","","","","2008-12-13 00:13:20 +0000","<a href=""http://twitter.com/tweetsville"" rel=""nofollow"">Tweetsville</a>","4th hr of waiting for the electrician to come fix heating, freezing, reading under covers with cat, listening to wind, storms inside & out."
"1052782679","","","","","2008-12-12 04:39:25 +0000","<a href=""http://twitterrific.com"" rel=""nofollow"">Twitterrific</a>","8:36pm Eating a quick bite before holiday partying at the Madsens's's. http://tinyurl.com/5d69ew"
"1051866432","","","","","2008-12-11 19:30:09 +0000","<a href=""http://www.tweetdeck.com/"" rel=""nofollow"">TweetDeck</a>","I love it when messages of atheism, Santa Claus taking you to hell, Flying Spaghetti Monster, and Festivus come together: http://bit.ly/ZvGU"
"1050701043","","","","","2008-12-11 05:12:32 +0000","<a href=""http://twitterrific.com"" rel=""nofollow"">Twitterrific</a>","8:36pm Walking home after a good meeting. http://tinyurl.com/57kmbe"
"1049877197","","","","","2008-12-10 20:31:12 +0000","<a href=""http://www.tweetdeck.com/"" rel=""nofollow"">TweetDeck</a>","Our 43 Things book is finally available on Amazon.  Check it. http://bit.ly/160x3"
"1048574100","","","","","2008-12-10 04:45:52 +0000","<a href=""http://twitterrific.com"" rel=""nofollow"">Twitterrific</a>","8:36pm Yoga makes me hungry! Deliciousness awaits. http://tinyurl.com/55ub5n"
"1048506962","1048394734","408","","","2008-12-10 03:58:27 +0000","<a href=""http://twitter.com/tweetsville"" rel=""nofollow"">Tweetsville</a>","@endquote Report back on Barrio, I've been watching them stain, sand, and build tables and doors for weeks. Is it as weird as it seems?"
"1048241514","","","","","2008-12-10 01:06:58 +0000","<a href=""http://www.tweetdeck.com/"" rel=""nofollow"">TweetDeck</a>","Crap, BLVD is closing.  http://bit.ly/GWOq"
"1047556784","","","","","2008-12-09 18:31:29 +0000","web","I have to go to Tully's to get my eggnog latte crack now... I'm too embarrassed to go to my favorite local shop."
"1046553593","","","","","2008-12-09 05:44:49 +0000","<a href=""http://twitter.com/tweetsville"" rel=""nofollow"">Tweetsville</a>","From @RickWebb: Uuqwertyiopllkjhggfdsazxcvbn'nbvm!v?c,c.x/d:e/e5h$&88899kl0lkjjhbb!???c(v(ddf"
"1046477253","","","","","2008-12-09 04:42:02 +0000","<a href=""http://twitterrific.com"" rel=""nofollow"">Twitterrific</a>","8:36pm Eating left over Thai with Cait, good times! http://tinyurl.com/62tjzd"
"1046394151","1046392757","14679007","","","2008-12-09 03:44:12 +0000","<a href=""http://twitter.com/devices"" rel=""nofollow"">txt</a>","@ryantomorrow Don't forget about Shenanigansett!"
"1046384611","","","","","2008-12-09 03:37:38 +0000","<a href=""http://twitter.com/devices"" rel=""nofollow"">txt</a>","I wish we were all still studying something."
"1045488492","1045479584","9499632","","","2008-12-08 18:30:50 +0000","<a href=""http://www.tweetdeck.com/"" rel=""nofollow"">TweetDeck</a>","@shaxxon I think consensus is that blurb.com is the best option.  iPhoto has a really simple-to-use make-into-book feature too."
"1044730699","1044518342","418","","","2008-12-08 08:26:03 +0000","<a href=""http://twitter.com/tweetsville"" rel=""nofollow"">Tweetsville</a>","@dens It's fun but takes longer than 6 weeks in my experience. Maybe you'll do better! http://hundredpushups.com"
"1044516820","","","","","2008-12-08 04:40:32 +0000","<a href=""http://twitterrific.com"" rel=""nofollow"">Twitterrific</a>","8:36pm Eating Thai, reading The Secret History and doing my 100-pushup challenge. http://tinyurl.com/57kh8u"
"1044079943","1044015094","752553","","","2008-12-07 23:04:45 +0000","<a href=""http://twitter.com/tweetsville"" rel=""nofollow"">Tweetsville</a>","@rgcottrell I say, why pay attention all year when you can just catch up at the end with these best of lists?"
"1043985355","","","","","2008-12-07 21:50:48 +0000","web","I'm enjoying last.fm's best of 2008: http://www.last.fm/bestof/2008 Send me your best of lists too, please."
"1041538084","","","","","2008-12-06 04:40:21 +0000","<a href=""http://twitterrific.com"" rel=""nofollow"">Twitterrific</a>","8:36pm Date night in Ballard at Volterra to talk about date-y things. http://tinyurl.com/65prow"
"1041442602","","","","","2008-12-06 03:20:00 +0000","web","In related financial feelings, I am happy that I talked the IRS down from $20,000 owed back taxes for 2005 to $160.39 today."
"1041440736","","","","","2008-12-06 03:18:33 +0000","web","I wish mint.com had a way to print out monthly overviews with smart info on it so you could take it to a new restaurant to work on budgets."
"1040697661","","","","","2008-12-05 18:58:10 +0000","<a href=""http://twitter.com/devices"" rel=""nofollow"">txt</a>","Today I'm the type of person who wakes up early and goes to power cycle and pilates classes at the gym with my wife."
"1039592400","","","","","2008-12-05 04:43:01 +0000","<a href=""http://twitterrific.com"" rel=""nofollow"">Twitterrific</a>","8:36pm Just leaving 619 Western with some Jetpack and Cait Willis art. http://tinyurl.com/65fzte"
"1038856256","","","","","2008-12-04 20:48:17 +0000","<a href=""http://www.tweetdeck.com/"" rel=""nofollow"">TweetDeck</a>","Unit a couple doors down from me is being rented out if anyone's interested.  $2,300/mo includes parking and private roof deck!"
"1038683014","1038678789","10877","","","2008-12-04 19:10:32 +0000","<a href=""http://www.tweetdeck.com/"" rel=""nofollow"">TweetDeck</a>","@dkr  Yes, we do need one!  If you build one, I'd like to help!"
"1038666865","1038662363","10877","","","2008-12-04 19:01:37 +0000","<a href=""http://www.tweetdeck.com/"" rel=""nofollow"">TweetDeck</a>","@dkr  How to know if your being comprehensive?  Maybe you should let others also anonymously update your karma.  Sounds like wuffie then."
"1038656852","1038654337","10877","","","2008-12-04 18:56:21 +0000","<a href=""http://www.tweetdeck.com/"" rel=""nofollow"">TweetDeck</a>","@dkr  I love daytum.com.  What exactly qualifies as a positive or negative karmic action?"
"1037589950","","","","","2008-12-04 04:41:10 +0000","<a href=""http://twitterrific.com"" rel=""nofollow"">Twitterrific</a>","8:36pm Reading about meditation and Dalai Lama's quote, ""My religion is kindness."" http://tinyurl.com/6y699o"
"1037075199","1037073653","13443292","","","2008-12-03 22:50:24 +0000","<a href=""http://www.tweetdeck.com/"" rel=""nofollow"">TweetDeck</a>","@senoraj  I would have to say ""YES!"""
"1037011868","","","","","2008-12-03 22:12:31 +0000","<a href=""http://www.tweetdeck.com/"" rel=""nofollow"">TweetDeck</a>","RT @brightkite: Brightkite now in Public Beta! http://tinyurl.com/5ratyf (everyone sign up now, please)"
"1035606319","","","","","2008-12-03 04:57:30 +0000","<a href=""http://twitterrific.com"" rel=""nofollow"">Twitterrific</a>","8:36pm Kellianne's cutting Jenny Zwick's hair while I eat apple crisp. http://tinyurl.com/5srs69"
"1035430776","1035281961","7565162","","","2008-12-03 02:51:58 +0000","<a href=""http://twitter.com/tweetsville"" rel=""nofollow"">Tweetsville</a>","@michaelmcdaniel Yes! In front of the pig. They'll be there a week or so they say."
"1035277959","","","","","2008-12-03 01:06:36 +0000","<a href=""http://twitter.com/devices"" rel=""nofollow"">txt</a>","Christmas trees for sale at the entrance to Pike Place Market!"
"1033627632","","","","","2008-12-02 04:42:17 +0000","<a href=""http://twitterrific.com"" rel=""nofollow"">Twitterrific</a>","8:36pm Victoria is Flip videoing people at her 12th Vainiversary party at McLeod. http://tinyurl.com/6medoo"
"1033614392","","","","","2008-12-02 04:31:41 +0000","<a href=""http://twitter.com/tweetsville"" rel=""nofollow"">Tweetsville</a>","The funny thing about most of our lives is: people are barely even paying attention. And that's not a bad thing."
