"tweet_id","in_reply_to_status_id","in_reply_to_user_id","retweeted_status_id","retweeted_status_user_id","timestamp","source","text","expanded_urls"
"847364506","","","","","2008-07-01 03:38:26 +0000","<a href=""http://twitter.com/devices"" rel=""nofollow"">txt</a>","8:36pm Delicious meal at Thomas St Bistro with Kellianne and Erin, talking about food!"
"846625690","","","","","2008-06-30 03:41:58 +0000","<a href=""http://twitter.com/devices"" rel=""nofollow"">txt</a>","8:36pm Picnic, champagne, salmon, arboretum, peeing, awesomness!"
"846013067","","","","","2008-06-29 03:39:36 +0000","<a href=""http://twitter.com/devices"" rel=""nofollow"">txt</a>","8:36pm Talking about Vegas at my neighbor Ingrid's after a few drinks on the roof."
"845976660","","","","","2008-06-29 02:26:48 +0000","<a href=""http://twitter.com/devices"" rel=""nofollow"">txt</a>","Reading three unrelated books in a row that act like a trilogy: Emotions Revealed, Mastery, and now What Every Body Is Sayng."
"845404963","","","","","2008-06-28 03:40:22 +0000","<a href=""http://twitter.com/devices"" rel=""nofollow"">txt</a>","8:36pm Latest day of year celebrated on the BBQingest roof in Seattle. I'm on my second hamburger and bottle of vino."
"845062333","845056718","784078","","","2008-06-27 17:31:30 +0000","<a href=""http://twitter.com/devices"" rel=""nofollow"">txt</a>","@alicetiara Chuck Bass is making out with Nate according to Gossip Blog aka perezhilton."
"844668347","","","","","2008-06-27 03:40:09 +0000","<a href=""http://twitter.com/devices"" rel=""nofollow"">txt</a>","8:36pm Celebrating Natasha's bday at Rendezvous til Tavolata clears up a little."
"843843248","","","","","2008-06-26 03:37:38 +0000","<a href=""http://twitter.com/devices"" rel=""nofollow"">txt</a>","8:36pm At King's in Ballard talking about friends. Do your ears burn?"
"843817577","","","","","2008-06-26 02:52:08 +0000","<a href=""http://twitter.com/devices"" rel=""nofollow"">txt</a>","We got outed by the table next to us for biking to King's totally ""hipped out""... Okay I like Ballard a little better now."
"843803185","","","","","2008-06-26 02:27:51 +0000","<a href=""http://twitter.com/devices"" rel=""nofollow"">txt</a>","The Ballard Bridge isn't very bike friendly is it?"
"843069032","843068495","761628","","","2008-06-25 07:14:53 +0000","<a href=""http://twitter.com/devices"" rel=""nofollow"">txt</a>","@lizstless cause'a bezos?"
"842964642","","","","","2008-06-25 03:31:55 +0000","<a href=""http://twitter.com/devices"" rel=""nofollow"">txt</a>","8:36pm Pre-8:36pming cause we're about to bike back from the beautiful Emerald Harbor Marina."
"842929035","","","","","2008-06-25 02:32:06 +0000","<a href=""http://twitter.com/devices"" rel=""nofollow"">txt</a>","Going on a bike ride with my bike that has been in the closet for 2 years! Myrtle Edwards first... perhaps Georgetown next!"
"842609604","","","","","2008-06-24 17:11:31 +0000","<a href=""http://twitterrific.com"" rel=""nofollow"">Twitterrific</a>","Should I trust caffeine-fueled epiphanies on the bus on a sunny morning?"
"842166218","","","","","2008-06-24 03:38:44 +0000","<a href=""http://twitter.com/devices"" rel=""nofollow"">txt</a>","8:36pm I bought something off the Internet. More in a few minutes. :)"
"842107094","","","","","2008-06-24 01:54:37 +0000","<a href=""http://twitter.com/devices"" rel=""nofollow"">txt</a>","Took the protective case off my iPhone... living on the edge! Plus it seems extra tiny now."
"841341493","","","","","2008-06-23 03:37:07 +0000","<a href=""http://twitter.com/devices"" rel=""nofollow"">txt</a>","8:36pm Seeing Rachel and Lorna and talking about education."
"841137320","","","","","2008-06-22 20:38:45 +0000","<a href=""http://twitter.com/devices"" rel=""nofollow"">txt</a>","We saw the sun rise last night... shortest night of the year."
"840757811","","","","","2008-06-22 06:42:03 +0000","<a href=""http://twitter.com/devices"" rel=""nofollow"">txt</a>","Getting our palms read!"
"840677797","","","","","2008-06-22 03:41:00 +0000","<a href=""http://twitter.com/devices"" rel=""nofollow"">txt</a>","8:36pm Headed to the singles auction with Lia and Kellianne."
"840065930","","","","","2008-06-21 05:04:20 +0000","<a href=""http://twitter.com/devices"" rel=""nofollow"">txt</a>","My fave college hangout, Flowers, raised the price on their drink specials. Is Jager worth $3 for nostalgia's sake?"
"840026298","","","","","2008-06-21 03:39:27 +0000","<a href=""http://twitter.com/devices"" rel=""nofollow"">txt</a>","8:36pm At the Henry's Violet Hour opening."
"839197725","","","","","2008-06-20 03:40:55 +0000","<a href=""http://twitter.com/devices"" rel=""nofollow"">txt</a>","8:36pm Waiting for Kellianne at Tavolata. Looking forward to grilled octopus salad."
"839182581","","","","","2008-06-20 03:10:10 +0000","web","Hi. That's all I've got today."
"838352010","","","","","2008-06-19 03:45:04 +0000","<a href=""http://twitter.com/devices"" rel=""nofollow"">txt</a>","8:36pm At Black Bottle with Chris Rockstar waiting for Kellianne (and broccoli)."
"837444690","","","","","2008-06-18 03:37:32 +0000","<a href=""http://twitter.com/devices"" rel=""nofollow"">txt</a>","8:36pm Walking through Myrtle Edwards Park talking about vows and the exact rules of ""not it""."
"837378738","","","","","2008-06-18 01:55:59 +0000","<a href=""http://twitter.com/devices"" rel=""nofollow"">txt</a>","Finally got my $5 Dick's Burgers coupon, Orange Cab voucher, and Drunk of the Week t-shirt that I shoulda gotten a year ago!"
"837306038","","","","","2008-06-17 23:39:52 +0000","<a href=""http://twitter.com/devices"" rel=""nofollow"">txt</a>","Realized I'm wearing a shirt, jeans, and shoes that are all the same brand. Guess which?"
"836533925","","","","","2008-06-17 03:37:32 +0000","<a href=""http://twitter.com/devices"" rel=""nofollow"">txt</a>","8:36pm Doing day 1, week 1 of the 6-week 100 pushup challenge!"
"836275988","","","","","2008-06-16 20:28:52 +0000","web","blogit.typepad.com didn't act as expected when I posted simultaneously to Vox and Twitter.  It should have twittered the subject line."
"835683399","","","","","2008-06-16 03:38:06 +0000","<a href=""http://twitter.com/devices"" rel=""nofollow"">txt</a>","8:36pm Taking a comfy nap after BBQ and reunion with KA."
"835076404","834919664","14701934","","","2008-06-15 05:09:14 +0000","<a href=""http://twitter.com/devices"" rel=""nofollow"">txt</a>","@barcampseattle @tatabrown Sad to be missing it! I'm working... but living vicariously."
"835039088","","","","","2008-06-15 03:40:00 +0000","<a href=""http://twitter.com/devices"" rel=""nofollow"">txt</a>","8:36pm Just finished a (long) documentary on JFK at Siff Theater."
"834821520","834820433","2015","","","2008-06-14 19:21:58 +0000","<a href=""http://twitter.com/devices"" rel=""nofollow"">txt</a>","@joshc Skip brightkite, don't collect $200, and wait for loopt or whatever beats it."
"834412351","","","","","2008-06-14 03:43:05 +0000","<a href=""http://twitter.com/devices"" rel=""nofollow"">txt</a>","8:36pm Relaxing with Brandon and Charlotte after a hike with some beer, delicious chili, and a movie."
"834271144","","","","","2008-06-13 23:08:20 +0000","<a href=""http://twitter.com/devices"" rel=""nofollow"">txt</a>","Lost my iPod in the snow, only to find it on our car at the trailhead returned by kind passersby."
"834029367","","","","","2008-06-13 17:02:59 +0000","<a href=""http://twitter.com/devices"" rel=""nofollow"">txt</a>","Harmonica? Check. Flip Video? Check. Nike+? Check. Ready for hiking!"
"833556597","","","","","2008-06-13 03:40:26 +0000","<a href=""http://twitter.com/devices"" rel=""nofollow"">txt</a>","8:36pm Enjoying a margarita and tamale at Mama's after an enjoyable run through the park."
"832723813","832721585","2015","","","2008-06-12 03:42:12 +0000","<a href=""http://twitter.com/devices"" rel=""nofollow"">txt</a>","@joshc Cause it looks sketchy! Their drunken noodles are also very tasty!"
"832722905","","","","","2008-06-12 03:40:33 +0000","<a href=""http://twitter.com/devices"" rel=""nofollow"">txt</a>","8:36pm Watching Matt Daniel's music video for Lolita by Throw Me A Statue which I hear will be on MTV. It's good!"
"832657828","832614381","4558","","","2008-06-12 01:51:44 +0000","<a href=""http://twitter.com/devices"" rel=""nofollow"">txt</a>","@harryh your updates are protected... invisible to my 8:36pm crawler!"
"832576548","","","","","2008-06-11 23:32:19 +0000","<a href=""http://twitter.com/devices"" rel=""nofollow"">txt</a>","I think the unicorn is fake. But who cares! It's still a unicorn."
"832397474","","","","","2008-06-11 18:50:45 +0000","<a href=""http://twitter.com/devices"" rel=""nofollow"">txt</a>","Trying Vox again just to mix it up... come over and join me...  http:// bustr.vox.com"
"831959169","831797738","761628","","","2008-06-11 06:42:34 +0000","<a href=""http://twitter.com/devices"" rel=""nofollow"">txt</a>","@lizstless omg I would die!"
"831872368","","","","","2008-06-11 03:40:27 +0000","<a href=""http://twitter.com/devices"" rel=""nofollow"">txt</a>","8:36pm Waking from an accidental nap after listening to a monotonous audiobook."
"831052895","","","","","2008-06-10 03:52:21 +0000","web","Also, someone complimented me on my winter jacket today."
"831052113","","","","","2008-06-10 03:50:50 +0000","web","You should be taking pictures at 8:36pm, emailing to Flickr, and tagging them ""8:36pm"".  See http://836pm.com"
"831047222","","","","","2008-06-10 03:41:54 +0000","<a href=""http://twitter.com/devices"" rel=""nofollow"">txt</a>","8:36pm Reading iPhone SDK while downloading latest version. Fun to be learning something new."
"830971885","","","","","2008-06-10 01:31:15 +0000","web","Reading the iPhone SDK docs... time to learn something new?"
"830719006","","","","","2008-06-09 19:04:35 +0000","web","I guess I can wait another month."
"830630155","","","","","2008-06-09 17:09:10 +0000","web","Oh my god, Equifax has FINALLY given me my credit score back.  I have an identity again.  For what it's worth."
"830613404","","","","","2008-06-09 16:50:40 +0000","web","Came in early to work (9:49am!) to reload macrumorslive.com at 10.  Please be available today, new iPhone!"
"830181597","","","","","2008-06-09 03:58:42 +0000","<a href=""http://twitter.com/devices"" rel=""nofollow"">txt</a>","Ooh I didn't realize Belltown Thai delivers!"
"830172107","","","","","2008-06-09 03:40:20 +0000","<a href=""http://twitter.com/devices"" rel=""nofollow"">txt</a>","8:36pm Listening to a Dalai Lama audiobook while I contemplate what's for dinner"
"830128447","","","","","2008-06-09 02:16:59 +0000","<a href=""http://twitter.com/devices"" rel=""nofollow"">txt</a>","Bought my first audiobook in years... but too lazy to read today."
"830086618","830085076","4981271","","","2008-06-09 00:56:12 +0000","<a href=""http://twitter.com/devices"" rel=""nofollow"">txt</a>","@sourjayne shucks!"
"829530625","","","","","2008-06-08 03:41:21 +0000","<a href=""http://twitter.com/devices"" rel=""nofollow"">txt</a>","8:36pm At a secret location enjoying a date with Kellianne before she leaves to NYC tomorrow."
"829334714","","","","","2008-06-07 20:33:30 +0000","<a href=""http://twitter.com/devices"" rel=""nofollow"">txt</a>","I've gone to Ramuta's Shoe Repair twice and both times they have said they can't fix it. Broadway Shoe Repair can though. Lame!"
"828826415","","","","","2008-06-07 02:54:15 +0000","<a href=""http://twitter.com/devices"" rel=""nofollow"">txt</a>","Laying on this piano is strangely soothing. Like a sinking ship."
"828691873","","","","","2008-06-06 22:22:42 +0000","web","After 3 months, 2 letters, and 3 phone calls, Equifax admitted their mistake and say that I'll have my credit score back in 45 days."
"828141311","","","","","2008-06-06 03:40:39 +0000","<a href=""http://twitter.com/devices"" rel=""nofollow"">txt</a>","8:36pm Ingo joins us for salad and salmon and wine and stuff!"
"827366599","","","","","2008-06-05 03:41:31 +0000","<a href=""http://twitter.com/devices"" rel=""nofollow"">txt</a>","8:36pm watching Veronica Mars with my gimp-legged fianc?e after skipping dance class. I want ice cream."
"826439314","","","","","2008-06-04 01:08:58 +0000","<a href=""http://twitter.com/devices"" rel=""nofollow"">txt</a>","Strange how a word as strong as ""clench"" can lose all meaning."
"826368824","","","","","2008-06-03 23:05:38 +0000","web","The beautiful photo of the day site is back up: http://photooftheday.hughcrawford.com/"
"825691276","","","","","2008-06-03 03:38:15 +0000","<a href=""http://twitter.com/devices"" rel=""nofollow"">txt</a>","8:36pm talking about marriage vows over a bottle of gewurtztraminer at Tavolata"
"824943593","","","","","2008-06-02 03:54:14 +0000","<a href=""http://twitter.com/devices"" rel=""nofollow"">txt</a>","8:36pm enjoying bbq'ed lamb, corn, and steak with great friends"
