"tweet_id","in_reply_to_status_id","in_reply_to_user_id","retweeted_status_id","retweeted_status_user_id","timestamp","source","text","expanded_urls"
"11404574103","","","","","2010-04-01 03:39:06 +0000","<a href=""http://flickr.com/services/twitter/"" rel=""nofollow"">Flickr</a>","8:36pm Turning off Kellianne's sad abandoned-for-upgrade iPhone while messing with Sopor http://flic.kr/p/7PUoQn"
"11401732296","11401399960","25993","","","2010-04-01 02:39:18 +0000","<a href=""http://itunes.apple.com/app/twitter/id333903271?mt=8"" rel=""nofollow"">Twitter for iPhone</a>","@jcroft Yeah, you're right. Not too difficult. It'll just take some time. Let me know when it's up. Your jeffcroft.com site is awesome, btw!"
"11401665426","11401428763","2915391","","","2010-04-01 02:37:51 +0000","<a href=""http://itunes.apple.com/app/twitter/id333903271?mt=8"" rel=""nofollow"">Twitter for iPhone</a>","@michaelbkim Yeah, I got a free account and posted a question on their boards.  We'll see... but I think you're right.  Sad. :("
"11401332608","11401076871","25993","","","2010-04-01 02:30:51 +0000","<a href=""http://itunes.apple.com/app/twitter/id333903271?mt=8"" rel=""nofollow"">Twitter for iPhone</a>","@jcroft Ooh, where!  Can I see it?"
"11400477481","11400291155","2915391","","","2010-04-01 02:13:00 +0000","<a href=""http://itunes.apple.com/app/twitter/id333903271?mt=8"" rel=""nofollow"">Twitter for iPhone</a>","@michaelbkim I have. I have an account, and can't figure it out. How do I get my location streams from them?"
"11400444140","","","","","2010-04-01 02:12:18 +0000","<a href=""http://itunes.apple.com/app/twitter/id333903271?mt=8"" rel=""nofollow"">Twitter for iPhone</a>","A bit more about what I think could be a really neat idea. Personal footstreams: http://bit.ly/934olL"
"11399676250","11399376199","823525","","","2010-04-01 01:56:37 +0000","<a href=""http://itunes.apple.com/app/twitter/id333903271?mt=8"" rel=""nofollow"">Twitter for iPhone</a>","@ninavizz I'm not there, but all the where-related chat has got me thinking about it. I want a personal location aggregator. Know of one?"
"11399565460","","2015","","","2010-04-01 01:54:19 +0000","<a href=""http://twitter.com/devices"" rel=""nofollow"">txt</a>","@joshc Apple Stores can fix screens for less than the cost of a new one. @ingopixel may know another place too."
"11399319120","","","","","2010-04-01 01:49:11 +0000","<a href=""http://itunes.apple.com/app/twitter/id333903271?mt=8"" rel=""nofollow"">Twitter for iPhone</a>","Has anyone heard of any location aggregators, collecting all my lat/longs from @Twitter, @Foursquare, @Flickr, etc.  Tracing paths on a map?"
"11398852608","","14066223","","","2010-04-01 01:39:24 +0000","<a href=""http://itunes.apple.com/app/twitter/id333903271?mt=8"" rel=""nofollow"">Twitter for iPhone</a>","@totspot Any hints on what you're working on? I'm expecting a son in May, and like what you guys are doing."
"11397827518","11394697804","30495974","","","2010-04-01 01:18:07 +0000","<a href=""http://itunes.apple.com/app/twitter/id333903271?mt=8"" rel=""nofollow"">Twitter for iPhone</a>","@berkun Cool! Let me know how it works for you. I'm always open to new ideas! And good luck!"
"11393342217","11393114236","128375612","","","2010-03-31 23:39:09 +0000","web","@CMaberly Point, schmoint! It's just for fun. Speaking of fun, it just got 10x more so with you and @Brrrandon9 here.  Welcome!"
"11352794610","","","","","2010-03-31 06:06:22 +0000","<a href=""http://flickr.com/services/twitter/"" rel=""nofollow"">Flickr</a>","8:36pm So late! All distracted by birth class and baby set up and dishes and baby sleep philosophy. http://flic.kr/p/7PKt1Y"
"11288721275","","","","","2010-03-30 03:38:27 +0000","<a href=""http://flickr.com/services/twitter/"" rel=""nofollow"">Flickr</a>","8:36pm Sushi at Shiro's for Kathy's last night in Seattle http://flic.kr/p/7Puc5S"
"11266248518","","","","","2010-03-29 19:37:04 +0000","<a href=""http://itunes.apple.com/app/twitter/id333903271?mt=8"" rel=""nofollow"">Twitter for iPhone</a>","Holy moley, over 1,000 people have signed up for the April Challenge over at 750 Words: http://750words.com/one_month/accept"
"11265272175","","","","","2010-03-29 19:14:37 +0000","<a href=""http://flickr.com/services/twitter/"" rel=""nofollow"">Flickr</a>","Thank you everyone who came to our baby shower yesterday! Our son is going to have the most amazing extended family. http://flic.kr/p/7PiGNT"
"11234145162","11230026451","958581","","","2010-03-29 05:20:03 +0000","<a href=""http://itunes.apple.com/app/twitter/id333903271?mt=8"" rel=""nofollow"">Twitter for iPhone</a>","@rdicker Can't wait to hear these iPhone app ideas. Especially if becoming rich is involved. Is this related to you losing your Lost bet?"
"11233909057","11231979720","14255630","","","2010-03-29 05:13:19 +0000","<a href=""http://itunes.apple.com/app/twitter/id333903271?mt=8"" rel=""nofollow"">Twitter for iPhone</a>","@alexmangarin I can help you retieve your lost posts! They are most likely on seperate accounts. Try logging in with various methods!"
"11230290618","","","","","2010-03-29 03:42:58 +0000","<a href=""http://flickr.com/services/twitter/"" rel=""nofollow"">Flickr</a>","8:36pm Loveliest wife. Enjoying happy hour at Waterfront with the remaining baby showerers. A great day! http://flic.kr/p/7Pd7N3"
"11206856303","","","","","2010-03-28 18:38:52 +0000","<a href=""http://itunes.apple.com/app/twitter/id333903271?mt=8"" rel=""nofollow"">Twitter for iPhone</a>","Fresh Pots!!! RT @leelefever: Dave Grohl has a serious coffee problem. Video: http://bit.ly/bwzrMO"
"11185814028","11180561141","26166039","","","2010-03-28 08:06:06 +0000","<a href=""http://itunes.apple.com/app/twitter/id333903271?mt=8"" rel=""nofollow"">Twitter for iPhone</a>","@MeganWelling Didn't realize it til just now but I GRAVITATED to that hat and have it now!"
"11177218009","","","","","2010-03-28 03:40:06 +0000","<a href=""http://flickr.com/services/twitter/"" rel=""nofollow"">Flickr</a>","8:36pm Dinner at Tango with KA's mom and the Dickers! http://flic.kr/p/7NQWhR"
"11152144047","","","","","2010-03-27 16:50:47 +0000","<a href=""http://itunes.apple.com/app/twitter/id333903271?mt=8"" rel=""nofollow"">Twitter for iPhone</a>","34 weeks! And one day til baby shower! And only one week til the iPad! And today, first day of the Tulip Festival! And sunny! High five!"
"11149861112","","","","","2010-03-27 16:00:16 +0000","<a href=""http://www.withings.com"" rel=""nofollow"">WiTwit</a>","My weight: 172.8 lb. Weekly weigh in. http://withings.com"
"11126469865","","","","","2010-03-27 03:38:49 +0000","<a href=""http://flickr.com/services/twitter/"" rel=""nofollow"">Flickr</a>","8:36pm Working on a fun little Locavore side project. Loving Google's new map API. http://flic.kr/p/7NBxCa"
"11102288036","11102089863","13448172","","","2010-03-26 18:02:25 +0000","<a href=""http://itunes.apple.com/app/twitter/id333903271?mt=8"" rel=""nofollow"">Twitter for iPhone</a>","@rachelannyes No, but that's awesome!  Thanks for sending it to me!"
"11101871099","11096676167","12658052","","","2010-03-26 17:53:12 +0000","<a href=""http://itunes.apple.com/app/twitter/id333903271?mt=8"" rel=""nofollow"">Twitter for iPhone</a>","@mayavenkatraman Thank you for the kind review!"
"11078080670","11072364164","18064651","","","2010-03-26 07:17:06 +0000","<a href=""http://itunes.apple.com/app/twitter/id333903271?mt=8"" rel=""nofollow"">Twitter for iPhone</a>","@delboy1203 What's going on with 750words? Let me know your operating system and browser version and if it's still happening."
"11070877224","","","","","2010-03-26 03:38:45 +0000","<a href=""http://flickr.com/services/twitter/"" rel=""nofollow"">Flickr</a>","8:36pm Cursing the cold rain as I find my ZipCar to pick up @kellianne's mom http://flic.kr/p/7NtUW5"
"11065461872","11065162212","2015","","","2010-03-26 01:41:39 +0000","<a href=""http://itunes.apple.com/app/twitter/id333903271?mt=8"" rel=""nofollow"">Twitter for iPhone</a>","@joshc I got a 35mm 1.8 today, which I think is a prime lens, right? If so, I lucked out! If not... what's a prime lens?"
"11063708338","11063483623","15662533","","","2010-03-26 01:05:04 +0000","<a href=""http://itunes.apple.com/app/twitter/id333903271?mt=8"" rel=""nofollow"">Twitter for iPhone</a>","@benguthrie Cool tip, thanks!  I just got a 1.8 35mm today, so that fits right into my goals and I didn't even know it."
"11063338540","","","","","2010-03-26 00:57:34 +0000","<a href=""http://itunes.apple.com/app/twitter/id333903271?mt=8"" rel=""nofollow"">Twitter for iPhone</a>","Hunch tells me what my Twitter followers are like. Looks like you're all affectionate, gluttonous, hipsters http://bit.ly/c666bA"
"11062844055","11062562261","18166976","","","2010-03-26 00:46:54 +0000","<a href=""http://itunes.apple.com/app/twitter/id333903271?mt=8"" rel=""nofollow"">Twitter for iPhone</a>","@atownsend0824 Just wait til we have a baby to take pictures of.  :)"
"11062524200","11062364883","18166976","","","2010-03-26 00:40:01 +0000","<a href=""http://itunes.apple.com/app/twitter/id333903271?mt=8"" rel=""nofollow"">Twitter for iPhone</a>","@atownsend0824 Awesome! Let's learn how to be photographamers!"
"11062300078","","","","","2010-03-26 00:35:10 +0000","<a href=""http://itunes.apple.com/app/twitter/id333903271?mt=8"" rel=""nofollow"">Twitter for iPhone</a>","10 years after everyone else, I finally have a DSLR.  Oddly, the impulse to be a ""real"" photographer struck me. Any newbie tips? #fb"
"11052747548","11052133919","123116307","","","2010-03-25 20:52:12 +0000","<a href=""http://itunes.apple.com/app/twitter/id333903271?mt=8"" rel=""nofollow"">Twitter for iPhone</a>","@LilHossler Awesome!  I'll need it from May 27th-June 1st... I'll give more info as the date approaches. Thank you!"
"11051669894","","","","","2010-03-25 20:24:54 +0000","<a href=""http://itunes.apple.com/app/twitter/id333903271?mt=8"" rel=""nofollow"">Twitter for iPhone</a>","Anyone in Seattle have extra air mattress (or 2) for some friends coming in town May 27th for Sasquatch? They promise to take good care. #fb"
"11016330422","","","","","2010-03-25 03:46:48 +0000","<a href=""http://flickr.com/services/twitter/"" rel=""nofollow"">Flickr</a>","8:36pm Crossing a street, maybe 1st and Lenora, panorama-style http://flic.kr/p/7NgLFf"
"11015207655","11014856070","2038","","","2010-03-25 03:20:21 +0000","<a href=""http://itunes.apple.com/app/twitter/id333903271?mt=8"" rel=""nofollow"">Twitter for iPhone</a>","@kstar Glad you can stay. Paying it forward from procrastinator to procrastinator."
"11014741457","11014680186","2038","","","2010-03-25 03:09:37 +0000","<a href=""http://itunes.apple.com/app/twitter/id333903271?mt=8"" rel=""nofollow"">Twitter for iPhone</a>","@kstar Any Kinko's."
"10993340527","","","","","2010-03-24 19:04:46 +0000","<a href=""http://itunes.apple.com/app/twitter/id333903271?mt=8"" rel=""nofollow"">Twitter for iPhone</a>","An experience is... what's left over after something from the outside world gets filtered of all our expectations."
"10992218407","","","","","2010-03-24 18:35:57 +0000","<a href=""http://itunes.apple.com/app/twitter/id333903271?mt=8"" rel=""nofollow"">Twitter for iPhone</a>","Oops, left the house without looking in the mirror and didn't realize my hair was towel-dried crazy til I felt it blowing in the wind."
"10987727083","10972586705","114927773","","","2010-03-24 16:45:02 +0000","<a href=""http://itunes.apple.com/app/twitter/id333903271?mt=8"" rel=""nofollow"">Twitter for iPhone</a>","@mind_scratch After you get to 750, click on the word count. Then at the bottom of your stats, configure sharing prefs and post to Twitter."
"10967577295","","","10939280904","3452941","2010-03-24 06:49:43 +0000","<a href=""http://dev.twitter.com/"" rel=""nofollow"">API</a>","RT @moniguzman: On health care: WA's Rob McKenna @AGOWA joins suit against bill http://bit.ly/dwmpXC , has taken $ from insurance co's h ..."
"10965708450","10965442842","7594282","","","2010-03-24 05:40:37 +0000","<a href=""http://itunes.apple.com/app/twitter/id333903271?mt=8"" rel=""nofollow"">Twitter for iPhone</a>","@andreakremer That's definitely a possibility but it's good to know the options right?"
"10964989251","","","","","2010-03-24 05:17:07 +0000","<a href=""http://flickr.com/services/twitter/"" rel=""nofollow"">Flickr</a>","8:36pm Birth class #4: all the scary things. But we're making friends! http://flic.kr/p/7MZrPD"
"10964865188","10964520260","408","","","2010-03-24 05:13:14 +0000","<a href=""http://itunes.apple.com/app/twitter/id333903271?mt=8"" rel=""nofollow"">Twitter for iPhone</a>","@endquote Yeah, I think this video of my Ignite talk still works: http://bit.ly/bacKGC"
"10950833137","","","","","2010-03-23 23:53:25 +0000","<a href=""http://itunes.apple.com/app/twitter/id333903271?mt=8"" rel=""nofollow"">Twitter for iPhone</a>","I love it. So much better than ""Yeah, big time."" RT @seanbonner: I made a Joe Biden T-Shirt: http://bit.ly/cRPNzf"
"10908103966","","","","","2010-03-23 03:50:05 +0000","<a href=""http://flickr.com/services/twitter/"" rel=""nofollow"">Flickr</a>","8:36pm Cafe Presse with the Pixels extended family http://flic.kr/p/7MJARe"
"10906197969","","","","","2010-03-23 03:05:11 +0000","<a href=""http://itunes.apple.com/app/twitter/id333903271?mt=8"" rel=""nofollow"">Twitter for iPhone</a>","Youth of Cappy Hill: if you catch me looking at you weird, I'm just trying to imagine you as my future child. #thingstheydon'ttellyou"
"10897331770","","","","","2010-03-22 23:52:35 +0000","<a href=""http://foursquare.com"" rel=""nofollow"">foursquare</a>","I just unlocked the ""Babysitter"" badge on @foursquare! http://4sq.com/9S8zZU"
"10897222567","","","","","2010-03-22 23:50:06 +0000","<a href=""http://itunes.apple.com/app/twitter/id333903271?mt=8"" rel=""nofollow"">Twitter for iPhone</a>","There are two Latona and Woodlawns around the Greenlake street vortex. I feel like I finally grasp quantum mechanics."
"10893645601","","","","","2010-03-22 22:28:17 +0000","<a href=""http://itunes.apple.com/app/twitter/id333903271?mt=8"" rel=""nofollow"">Twitter for iPhone</a>","Nothing's more existentially heavy and annoying as hitting the wrong button in the elevator and having to wait those extra 15 seconds. Why?"
"10881630285","","","","","2010-03-22 17:15:51 +0000","<a href=""http://itunes.apple.com/app/twitter/id333903271?mt=8"" rel=""nofollow"">Twitter for iPhone</a>","Health care reform is a huge win for the conservative entertainment industry."
"10879769061","10871612723","21778255","","","2010-03-22 16:33:11 +0000","<a href=""http://itunes.apple.com/app/twitter/id333903271?mt=8"" rel=""nofollow"">Twitter for iPhone</a>","@sledwith It's back up now. Sorry for the trouble!"
"10879669247","10877162662","14084454","","","2010-03-22 16:30:53 +0000","<a href=""http://itunes.apple.com/app/twitter/id333903271?mt=8"" rel=""nofollow"">Twitter for iPhone</a>","@lesinski Site should be back now. It ran out of space. I deleted things and increased the quota."
"10854563736","","","","","2010-03-22 03:40:16 +0000","<a href=""http://flickr.com/services/twitter/"" rel=""nofollow"">Flickr</a>","8:36pm Left work for some delicious Alibi Room pizza http://flic.kr/p/7MwkKS"
"10850911020","10850584109","18854992","","","2010-03-22 02:23:25 +0000","<a href=""http://itunes.apple.com/app/twitter/id333903271?mt=8"" rel=""nofollow"">Twitter for iPhone</a>","@thatpatton Me! Email me from the email address on the account and I'll remove the lock."
"10840780898","10840631376","22070310","","","2010-03-21 22:19:40 +0000","<a href=""http://itunes.apple.com/app/twitter/id333903271?mt=8"" rel=""nofollow"">Twitter for iPhone</a>","@magneticabby I like it! But since the world's north hemisphere heavy, it'll be ocean for almost everyone. Still, a simple neat idea!"
"10839605774","","","","","2010-03-21 21:48:07 +0000","<a href=""http://itunes.apple.com/app/twitter/id333903271?mt=8"" rel=""nofollow"">Twitter for iPhone</a>","What was last idea, thought, or opinion you had that wasn't approved by people you trust and love? #atrulyindependentthought #fb"
"10837692335","10829818096","14084454","","","2010-03-21 20:57:08 +0000","<a href=""http://itunes.apple.com/app/twitter/id333903271?mt=8"" rel=""nofollow"">Twitter for iPhone</a>","@lesinski I updated the streak and the points for you, but left the entries words as they were.  Let me know if that's okay with you."
"10809663222","","","","","2010-03-21 06:13:30 +0000","<a href=""http://itunes.apple.com/app/twitter/id333903271?mt=8"" rel=""nofollow"">Twitter for iPhone</a>","I really hope the bill passes tomorrow."
"10808305847","10808000668","875511","","","2010-03-21 05:28:32 +0000","<a href=""http://itunes.apple.com/app/twitter/id333903271?mt=8"" rel=""nofollow"">Twitter for iPhone</a>","@aprilini Wait, I do rhyme sometimes."
"10804349289","","","","","2010-03-21 03:39:31 +0000","<a href=""http://flickr.com/services/twitter/"" rel=""nofollow"">Flickr</a>","8:36pm Watching Examined Life and Botany of Desire with my Vashon Island wife http://flic.kr/p/7MdjNU"
"10804166113","10802278725","822858","","","2010-03-21 03:34:38 +0000","<a href=""http://itunes.apple.com/app/twitter/id333903271?mt=8"" rel=""nofollow"">Twitter for iPhone</a>","@tedroden Not a bad name at all, and a great namesake to boot! I'll trade for your next born's name to be Buster (as in Benson)."
"10801947962","","","","","2010-03-21 02:37:42 +0000","<a href=""http://flickr.com/services/twitter/"" rel=""nofollow"">Flickr</a>","Our baby's name is in this painting! http://flic.kr/p/7M8EVc"
"10798103717","10794902785","14084454","","","2010-03-21 00:57:25 +0000","web","@lesinski Sure, let me know your name on the site and how you'd like your score/streaks fixed, and I'll take care of it."
"10788755550","","","10787750978","7362142","2010-03-20 20:31:08 +0000","<a href=""http://dev.twitter.com/"" rel=""nofollow"">API</a>","RT @kellianne: 33 weeks!  He is the size of a pineapple.  I am the size of a pineapple tree. http://flic.kr/p/7M8b2w"
"10778409431","","","","","2010-03-20 16:00:17 +0000","<a href=""http://www.withings.com"" rel=""nofollow"">WiTwit</a>","My weight: 173.1 lb. Weekly weigh in. http://withings.com"
"10756355236","","","","","2010-03-20 03:41:10 +0000","<a href=""http://flickr.com/services/twitter/"" rel=""nofollow"">Flickr</a>","8:36pm Auctioning off the Big Kuhuna. We're out of our leagues. A round of drinks went for $1100. http://flic.kr/p/7LUWgn"
"10752625615","","","","","2010-03-20 02:07:51 +0000","<a href=""http://itunes.apple.com/app/twitter/id333903271?mt=8"" rel=""nofollow"">Twitter for iPhone</a>","I love auctions! How much will they get out of our pockets tonight???"
"10711137653","10710722506","2015","","","2010-03-19 06:54:36 +0000","<a href=""http://itunes.apple.com/app/twitter/id333903271?mt=8"" rel=""nofollow"">Twitter for iPhone</a>","@joshc I love that song! Is Emily Haines singing it???"
"10705276314","","","","","2010-03-19 03:42:43 +0000","<a href=""http://flickr.com/services/twitter/"" rel=""nofollow"">Flickr</a>","8:36pm Watching movies with my cat. Low energy and morale. http://flic.kr/p/7LHfDg"
"10700578862","","","","","2010-03-19 01:48:11 +0000","<a href=""http://itunes.apple.com/app/twitter/id333903271?mt=8"" rel=""nofollow"">Twitter for iPhone</a>","I give up on this day.  I'm watching Year One and eating banana bread."
"10700533166","10700306806","958581","","","2010-03-19 01:47:06 +0000","<a href=""http://itunes.apple.com/app/twitter/id333903271?mt=8"" rel=""nofollow"">Twitter for iPhone</a>","@rdicker It's green button roulette."
"10698714808","10698356854","791813","","","2010-03-19 01:04:48 +0000","<a href=""http://itunes.apple.com/app/twitter/id333903271?mt=8"" rel=""nofollow"">Twitter for iPhone</a>","@weemiss Thanks for letting me crash! :)"
"10689290876","","","","","2010-03-18 21:03:45 +0000","<a href=""http://itunes.apple.com/app/twitter/id333903271?mt=8"" rel=""nofollow"">Twitter for iPhone</a>","It's only when I'm grumpy or sick that I lack the good judgment to not tweet about being grumpy or sick."
"10656006666","10654428547","1293051","","","2010-03-18 04:40:47 +0000","<a href=""http://itunes.apple.com/app/twitter/id333903271?mt=8"" rel=""nofollow"">Twitter for iPhone</a>","@aneel thanks! I have many more ideas now... that's a couple years old."
"10655558150","","","","","2010-03-18 04:28:12 +0000","<a href=""http://flickr.com/services/twitter/"" rel=""nofollow"">Flickr</a>","8:36pm Good to see Lee and Sachi. On my way home now. http://flic.kr/p/7LvCUB"
"10609175217","","","","","2010-03-17 06:17:04 +0000","<a href=""http://itunes.apple.com/app/twitter/id333903271?mt=8"" rel=""nofollow"">Twitter for iPhone</a>","I can't believe people actually exist who see a card left in an ATM and take it on a shopping spree. #stillnaive"
"10607868001","10607007638","8710082","","","2010-03-17 05:32:19 +0000","web","@matthickey Well, no, the stroller belongs to our cat. And we'll hand it down to The Unnamed One when he decides to come into town."
"10606827716","","","","","2010-03-17 04:59:05 +0000","<a href=""http://flickr.com/services/twitter/"" rel=""nofollow"">Flickr</a>","8:36pm Great 3rd birth class and come home to Sopor's new stroller! http://flic.kr/p/7LnfPC"
"10598308134","10596869597","123116307","","","2010-03-17 01:31:06 +0000","<a href=""http://itunes.apple.com/app/twitter/id333903271?mt=8"" rel=""nofollow"">Twitter for iPhone</a>","@LilHossler Yes he's @joshc!"
"10592013656","10591877096","123116307","","","2010-03-16 22:59:58 +0000","<a href=""http://itunes.apple.com/app/twitter/id333903271?mt=8"" rel=""nofollow"">Twitter for iPhone</a>","@LilHossler Awesome! At my job, we send an email to ourselves of a new Twitter user and today we sent ourselves @LilHossler (OnThePrairie)."
"10590310579","10590253448","76383620","","","2010-03-16 22:16:16 +0000","<a href=""http://itunes.apple.com/app/twitter/id333903271?mt=8"" rel=""nofollow"">Twitter for iPhone</a>","@kiwicatracha We're making a change that should be done right about now... more info here: http://750words.tumblr.com"
"10590163502","10589632061","36533401","","","2010-03-16 22:12:29 +0000","<a href=""http://itunes.apple.com/app/twitter/id333903271?mt=8"" rel=""nofollow"">Twitter for iPhone</a>","@snicketeer Yup, we're switching the DNS on it at the moment.  More info here: http://750words.tumblr.com"
"10585383411","10585147468","1771141","","","2010-03-16 20:09:09 +0000","<a href=""http://itunes.apple.com/app/twitter/id333903271?mt=8"" rel=""nofollow"">Twitter for iPhone</a>","@samantham Xm

That's the best I could do, emoticon-wise, but my real life fingers and metaphysical fingers are also crossed.  Good luck!"
"10584530101","10584485914","16952268","","","2010-03-16 19:46:28 +0000","<a href=""http://itunes.apple.com/app/twitter/id333903271?mt=8"" rel=""nofollow"">Twitter for iPhone</a>","@powkang Yay!  Thanks!  Let me know what you think after you've been using it a couple days."
"10584213449","","","","","2010-03-16 19:37:47 +0000","<a href=""http://itunes.apple.com/app/twitter/id333903271?mt=8"" rel=""nofollow"">Twitter for iPhone</a>","750words.com on Metafilter! 1st time in the 10 yrs since I joined that something I made had such interesting comments: http://bit.ly/9wDkGR"
"10581209344","10576091477","5622042","","","2010-03-16 18:17:25 +0000","<a href=""http://itunes.apple.com/app/twitter/id333903271?mt=8"" rel=""nofollow"">Twitter for iPhone</a>","@ironfroggy Cool, I'm glad you like it!  There's more I can add in there as well... especially when it comes to comparing data."
"10559930353","10559862707","14095370","","","2010-03-16 07:41:02 +0000","<a href=""http://itunes.apple.com/app/twitter/id333903271?mt=8"" rel=""nofollow"">Twitter for iPhone</a>","@OffbeatAriel ""We've got a thumbs up situation going on over here."" Ben Folds? Hadn't occured to me but maybe! I'm not very familiar w/him."
"10559826769","10558373717","14095370","","","2010-03-16 07:36:50 +0000","<a href=""http://itunes.apple.com/app/twitter/id333903271?mt=8"" rel=""nofollow"">Twitter for iPhone</a>","@OffbeatAriel We've been singing 3333333 for the last half hour!"
"10556073890","10555859208","821470","","","2010-03-16 05:24:56 +0000","<a href=""http://itunes.apple.com/app/twitter/id333903271?mt=8"" rel=""nofollow"">Twitter for iPhone</a>","@jos3ph I just commented over there.  Anyway, the site should be back up... for the moment at least."
"10555788972","10555752520","821470","","","2010-03-16 05:16:34 +0000","<a href=""http://itunes.apple.com/app/twitter/id333903271?mt=8"" rel=""nofollow"">Twitter for iPhone</a>","@jos3ph No, I don't think that's it.  There's other server issues going on right now.  But thank you for the link!"
"10547771800","","","","","2010-03-16 02:10:16 +0000","<a href=""http://itunes.apple.com/app/twitter/id333903271?mt=8"" rel=""nofollow"">Twitter for iPhone</a>","My brain is starting to hurt from putting together my March Madness bracket. I need a strategy!"
"10543947621","10543853251","12610922","","","2010-03-16 00:46:34 +0000","<a href=""http://itunes.apple.com/app/twitter/id333903271?mt=8"" rel=""nofollow"">Twitter for iPhone</a>","@MIGreenberg Most people seem okay with it. If anyone does have a valid concern, I'd be open to talking about other options."
"10527710659","","","","","2010-03-15 17:48:36 +0000","<a href=""http://itunes.apple.com/app/twitter/id333903271?mt=8"" rel=""nofollow"">Twitter for iPhone</a>","I LOVE that photo. RT @foursquare Great 4SQ piece in NYTimes today. Bonus: Very Backstreet Boy'esque photo of them http://bit.ly/bofSyI"
"10503197107","10494048649","14315997","","","2010-03-15 04:54:39 +0000","web","@mopey Are you getting an error?  The site should be up and working better than ever before, so let me know if you're not able to get it."
"10503126302","10501189179","106876771","","","2010-03-15 04:52:25 +0000","web","@EdgarTolman I'm glad you like it!"
"10503118040","10502287707","12610922","","","2010-03-15 04:52:10 +0000","web","@MIGreenberg What in particular worries you?  It's not going to be crawled by search engines..."
"10501631478","10497725804","123116307","","","2010-03-15 04:08:34 +0000","<a href=""http://itunes.apple.com/app/twitter/id333903271?mt=8"" rel=""nofollow"">Twitter for iPhone</a>","@LilHossler I sure do! Keep an eye on your champagne mailbox."
"10500518020","","","","","2010-03-15 03:39:04 +0000","<a href=""http://flickr.com/services/twitter/"" rel=""nofollow"">Flickr</a>","8:36pm At Rendezvous, with friends http://flic.kr/p/7KRMzE"
"10489371429","","","","","2010-03-14 23:00:52 +0000","<a href=""http://flickr.com/services/twitter/"" rel=""nofollow"">Flickr</a>","Spotted today on 750words.com http://flic.kr/p/7KJ5ux"
"10461989383","","","","","2010-03-14 08:10:03 +0000","<a href=""http://itunes.apple.com/app/twitter/id333903271?mt=8"" rel=""nofollow"">Twitter for iPhone</a>","The Bank Job makes me glad to be a software developer."
"10457549839","10455540906","7943892","","","2010-03-14 05:36:36 +0000","<a href=""http://itunes.apple.com/app/twitter/id333903271?mt=8"" rel=""nofollow"">Twitter for iPhone</a>","@ingopixel Yes, but how else would I know where to put the couch unless her pointer finger showed the way?"
"10455514040","","","","","2010-03-14 04:41:52 +0000","<a href=""http://flickr.com/services/twitter/"" rel=""nofollow"">Flickr</a>","8:36pm Mid re-arranging of furniture. http://flic.kr/p/7Kvwsx"
"10437751757","10437571613","14247122","","","2010-03-13 20:48:14 +0000","web","@billbarol It's true... I'm hoping that the site is a little easier to run by then. But I gotta get the big and bad features in before then."
"10435630335","","","","","2010-03-13 19:45:38 +0000","web","Baby Center's weekly pregnancy emails are getting almost as predictable as Shutter Island. #32weeks"
"10433368095","10431717669","5622042","","","2010-03-13 18:41:09 +0000","<a href=""http://itunes.apple.com/app/twitter/id333903271?mt=8"" rel=""nofollow"">Twitter for iPhone</a>","@ironfroggy Should be ""Give feedback"" under the News header text. I should make it easier to find though."
"10431549930","10424311150","5622042","","","2010-03-13 17:51:47 +0000","<a href=""http://itunes.apple.com/app/twitter/id333903271?mt=8"" rel=""nofollow"">Twitter for iPhone</a>","@ironfroggy The Feedback link that leads to getsatisfaction.com is best. Or email me."
"10427216918","","","","","2010-03-13 16:00:17 +0000","<a href=""http://www.withings.com"" rel=""nofollow"">WiTwit</a>","My weight: 171.3 lb. Weekly weigh in. http://withings.com"
"10407587808","","","","","2010-03-13 04:39:02 +0000","<a href=""http://flickr.com/services/twitter/"" rel=""nofollow"">Flickr</a>","8:36pm Too dark to see my lovely wife. Shutter Island at 10:15 @ Cinerama next! http://flic.kr/p/7KhH8M"
"10395357516","10395172193","15662533","","","2010-03-12 23:27:26 +0000","<a href=""http://itunes.apple.com/app/twitter/id333903271?mt=8"" rel=""nofollow"">Twitter for iPhone</a>","@benguthrie Awesome! If there's a link or anything to share, let me know.  I'd love to see it!"
"10388700403","10379336259","14512702","","","2010-03-12 20:32:37 +0000","<a href=""http://itunes.apple.com/app/twitter/id333903271?mt=8"" rel=""nofollow"">Twitter for iPhone</a>","@jdaysy Thanks for letting me know about that.  Found the problem.  Should go out for you next time."
"10384914242","","88960070","","","2010-03-12 18:51:54 +0000","<a href=""http://itunes.apple.com/app/twitter/id333903271?mt=8"" rel=""nofollow"">Twitter for iPhone</a>","@ommwriter No, I didn't get it.  Try again at my Twitter username at Gmail.  And, thanks!"
"10358184832","","","","","2010-03-12 05:15:11 +0000","<a href=""http://flickr.com/services/twitter/"" rel=""nofollow"">Flickr</a>","8:36pm Talking with Jimmy James. I love that guy! http://flic.kr/p/7K6GtH"
"10354682705","","","","","2010-03-12 03:38:23 +0000","<a href=""http://itunes.apple.com/app/twitter/id333903271?mt=8"" rel=""nofollow"">Twitter for iPhone</a>","Dang it! I just worked all day on something and now I'm sort of not sure if it was the right direction to go. Stopping now..."
"10353459556","10352856561","7482","","","2010-03-12 03:08:16 +0000","<a href=""http://itunes.apple.com/app/twitter/id333903271?mt=8"" rel=""nofollow"">Twitter for iPhone</a>","@arainert Yup.  It's my starter.  Then I can justify getting the big fancy 2.0 when it comes out."
"10352827575","10352544315","7482","","","2010-03-12 02:53:04 +0000","<a href=""http://itunes.apple.com/app/twitter/id333903271?mt=8"" rel=""nofollow"">Twitter for iPhone</a>","@arainert Online. I'm sure they'll ship them to arrive on the same day."
"10352066688","10351164529","7482","","","2010-03-12 02:34:29 +0000","web","@arainert Thanks for the reminder! I'm going 3G-less, if only to get it sooner. And I'm poor. But not so poor as to not get one of course."
"10307264859","","","","","2010-03-11 04:38:59 +0000","<a href=""http://flickr.com/services/twitter/"" rel=""nofollow"">Flickr</a>","8:36pm Working late at Bedlam. The zombies just left. http://flic.kr/p/7JXmRq"
"10300524518","10300001812","15486015","","","2010-03-11 01:53:14 +0000","<a href=""http://itunes.apple.com/app/twitter/id333903271?mt=8"" rel=""nofollow"">Twitter for iPhone</a>","@ScottieYahtzee Yeah, I saw!  Very neat.  How's your new haircut??"
"10296261463","10295905225","4540","","","2010-03-11 00:12:18 +0000","<a href=""http://itunes.apple.com/app/twitter/id333903271?mt=8"" rel=""nofollow"">Twitter for iPhone</a>","@fierceflawless Sushi is one of the best things to eat alone! Sit at the bar with a tall sake! Save the placeholder for tablecloths."
"10294720159","","","","","2010-03-10 23:34:39 +0000","<a href=""http://itunes.apple.com/app/twitter/id333903271?mt=8"" rel=""nofollow"">Twitter for iPhone</a>","Awesome. 750 Words on the SLOG: http://bit.ly/cW6FT4"
"10294517946","10294231929","15639933","","","2010-03-10 23:29:44 +0000","web","@paulconstant I'm glad you like it! Made right here in Seattle, btw."
"10294313697","10294264972","7943892","","","2010-03-10 23:24:40 +0000","<a href=""http://itunes.apple.com/app/twitter/id333903271?mt=8"" rel=""nofollow"">Twitter for iPhone</a>","@ingopixel Good work, Ingo!"
"10284577112","","","","","2010-03-10 19:13:07 +0000","<a href=""http://itunes.apple.com/app/twitter/id333903271?mt=8"" rel=""nofollow"">Twitter for iPhone</a>","SXSWi this year isn't about the panels or parties, it's all about @foursquare. Don't let anyone tell you different. http://bit.ly/boSB6U"
"10258348986","","","","","2010-03-10 05:39:49 +0000","<a href=""http://flickr.com/services/twitter/"" rel=""nofollow"">Flickr</a>","8:36pm Birth class #2! http://flic.kr/p/7JFwxM"
"10251247476","10248280498","19084116","","","2010-03-10 02:31:08 +0000","<a href=""http://itunes.apple.com/app/twitter/id333903271?mt=8"" rel=""nofollow"">Twitter for iPhone</a>","@bookwenchery Yeah try again now. There's an elusive bug we're trying to track down."
"10244955783","10244707836","25717592","","","2010-03-10 00:05:42 +0000","<a href=""http://itunes.apple.com/app/twitter/id333903271?mt=8"" rel=""nofollow"">Twitter for iPhone</a>","@Pat312 Try it again.  There is a lingering issue that causes the site to crash every once in a while, but for the most part it's up..."
"10244543643","","","10244356963","10877","2010-03-09 23:55:59 +0000","web","RT @dkr: RT @amyjokim: Here's the slides from my #gdc talk: Metagame Design: Reward Systems that Drive Engagement http://bit.ly/bY0ULi # ..."
"10234237994","10234157982","765","","","2010-03-09 19:27:07 +0000","<a href=""http://itunes.apple.com/app/twitter/id333903271?mt=8"" rel=""nofollow"">Twitter for iPhone</a>","@seanbonner Oh, good. Yeah, and congrats on the arrival of Ripley. We're about 9 weeks behind you."
"10234012734","10233438719","765","","","2010-03-09 19:20:47 +0000","<a href=""http://itunes.apple.com/app/twitter/id333903271?mt=8"" rel=""nofollow"">Twitter for iPhone</a>","@seanbonner What?  Really?  What happens to you? I changed servers... think there might be a stale DNS record somewhere? Email me."
"10233235141","","","","","2010-03-09 18:59:33 +0000","web","Woah, over 1,500 people wrote 750 words yesterday, up from 425 a week ago and 45 2 weeks ago. Fun to watch. #750words.com"
"10231021957","10228368511","14573883","","","2010-03-09 17:59:23 +0000","<a href=""http://itunes.apple.com/app/twitter/id333903271?mt=8"" rel=""nofollow"">Twitter for iPhone</a>","@sethwebster Try it again, it usually comes back pretty quick. If it doesn't for you, let me know. And, thanks!"
"10230912805","","","10227824691","7482","2010-03-09 17:56:32 +0000","<a href=""http://dev.twitter.com/"" rel=""nofollow"">API</a>","RT @arainert: Seeing the @foursquare Venue Stats initiative take shape is super exciting. Check out @nickbilton's post http://nyti.ms/9fctZa"
"10206003250","","","","","2010-03-09 04:40:32 +0000","<a href=""http://flickr.com/services/twitter/"" rel=""nofollow"">Flickr</a>","8:36pm Just left post-hair-cutted Carinna happy hour at Umi, heading homeward http://flic.kr/p/7JrMUM"
"10155451357","","","","","2010-03-08 04:38:44 +0000","<a href=""http://flickr.com/services/twitter/"" rel=""nofollow"">Flickr</a>","8:36pm Half watching the Oscars, half rearranging furniture. Not sure I like either. http://flic.kr/p/7JfqGh"
"10147793369","","","","","2010-03-08 01:59:46 +0000","<a href=""http://twitter.com/devices"" rel=""nofollow"">txt</a>","Fantastic Mr Fox should've won. :("
"10146843669","","","","","2010-03-08 01:39:54 +0000","<a href=""http://flickr.com/services/twitter/"" rel=""nofollow"">Flickr</a>","My twitterfall plus live streaming setup feels ghetto and futuristic at the same time http://flic.kr/p/7Jd8nS"
"10137816414","","","","","2010-03-07 21:57:16 +0000","web","@loliesmith You're welcome!"
"10137468104","10137320199","14506673","","","2010-03-07 21:47:33 +0000","<a href=""http://itunes.apple.com/app/twitter/id333903271?mt=8"" rel=""nofollow"">Twitter for iPhone</a>","@robolague I crawl the RSS feeds for each site, parse them with Ruby, and store them in a MySQL database."
"10135546748","10135164339","14506673","","","2010-03-07 20:53:44 +0000","<a href=""http://itunes.apple.com/app/twitter/id333903271?mt=8"" rel=""nofollow"">Twitter for iPhone</a>","@robolague I built it myself, but it's pretty simple.  I just import my entries from around the web every hour and build little charts."
"10133364056","","","","","2010-03-07 19:52:14 +0000","<a href=""http://itunes.apple.com/app/twitter/id333903271?mt=8"" rel=""nofollow"">Twitter for iPhone</a>","RT @abosco: Retweeted hilariousness. RT @Alyssa_Milano: A Trailer for Every Academy Award Winning Movie Ever  http://bit.ly/9FEskj"
"10133235186","10133148189","7389212","","","2010-03-07 19:48:29 +0000","<a href=""http://itunes.apple.com/app/twitter/id333903271?mt=8"" rel=""nofollow"">Twitter for iPhone</a>","@Quazie Hmm.... there's definitely a way.  The question, is there time!  But I do think it's a good idea. Could do a lot with it."
"10131960653","","","","","2010-03-07 19:12:00 +0000","web","Definitely something to strive for. And who's the Quicken of thoughts? :) RT @Sipes 750words.com is like mint.com for your thoughts."
"10110780150","10106291127","9436992","","","2010-03-07 07:18:09 +0000","<a href=""http://itunes.apple.com/app/twitter/id333903271?mt=8"" rel=""nofollow"">Twitter for iPhone</a>","@abraham Thanks! I need to update them now that I have come up with a lot more stats I want to show..."
"10110768847","10102419089","14579490","","","2010-03-07 07:17:43 +0000","<a href=""http://itunes.apple.com/app/twitter/id333903271?mt=8"" rel=""nofollow"">Twitter for iPhone</a>","@FlitterbyG I'm glad you figured out the time zones and are liking the site!"
"10109350602","","","","","2010-03-07 06:27:19 +0000","<a href=""http://flickr.com/services/twitter/"" rel=""nofollow"">Flickr</a>","8:36pm Wonderful dinner with Stuart and Rachel soliciting parental advice and many other things http://flic.kr/p/7HUxur"
"10097169812","","","","","2010-03-07 00:47:57 +0000","<a href=""http://itunes.apple.com/app/twitter/id333903271?mt=8"" rel=""nofollow"">Twitter for iPhone</a>","Starting my taxes. I am not sure if I'm going to be losing a lot, or just a little money, yet. The suspense!"
"10094573810","10094259972","16366882","","","2010-03-06 23:35:01 +0000","<a href=""http://itunes.apple.com/app/twitter/id333903271?mt=8"" rel=""nofollow"">Twitter for iPhone</a>","@zombielolita Mostly downtown, and one day in Ballard... maybe Weds? She's pretty booked, but you might be able to sneak in."
"10094237216","10093997805","16366882","","","2010-03-06 23:25:21 +0000","<a href=""http://itunes.apple.com/app/twitter/id333903271?mt=8"" rel=""nofollow"">Twitter for iPhone</a>","@zombielolita She works Sun, Mon, Wed, and Fri. Call Vain to schedule with her!"
"10081052916","","","","","2010-03-06 17:00:18 +0000","<a href=""http://www.withings.com"" rel=""nofollow"">WiTwit</a>","My weight: 171.4 lb. Weekly weigh in. http://withings.com"
"10064790059","","","","","2010-03-06 07:38:04 +0000","web","Looks like 750words.com is big in Japan today: http://twitter.com/#search?q=750words.com%20OR%20750words%20OR%20%23750words"
"10059530344","","","","","2010-03-06 04:39:08 +0000","<a href=""http://flickr.com/services/twitter/"" rel=""nofollow"">Flickr</a>","8:36pm Wonderful dinner party at Loren and Tyler's with Susie and Cory http://flic.kr/p/7HErWV"
"10045768669","","","","","2010-03-05 22:45:17 +0000","<a href=""http://itunes.apple.com/app/twitter/id333903271?mt=8"" rel=""nofollow"">Twitter for iPhone</a>","Not happy about surprise calls from old landlords about owing them lots of money that we never agreed to."
"10035550319","10032565454","7389212","","","2010-03-05 18:14:43 +0000","<a href=""http://itunes.apple.com/app/twitter/id333903271?mt=8"" rel=""nofollow"">Twitter for iPhone</a>","@Quazie Sure, try it now!"
"10030141693","10017016766","15486015","","","2010-03-05 16:02:54 +0000","<a href=""http://itunes.apple.com/app/twitter/id333903271?mt=8"" rel=""nofollow"">Twitter for iPhone</a>","@ScottieYahtzee Ignite is a bunch of 5-minute talks about nerdy and fun topics. Super interesting!"
"10015809172","10008759384","15486015","","","2010-03-05 08:37:48 +0000","<a href=""http://itunes.apple.com/app/twitter/id333903271?mt=8"" rel=""nofollow"">Twitter for iPhone</a>","@ScottieYahtzee I was at the Ignite event at the King Cat, and I admit I went there primarily to get the swarm badge. But it was fun too!"
"10008296230","","","","","2010-03-05 04:13:55 +0000","<a href=""http://foursquare.com"" rel=""nofollow"">foursquare</a>","I just unlocked the ""Global Ignite Week 2010"" badge on @foursquare! http://4sq.com/8Z2tdU"
"10008296051","","","","","2010-03-05 04:13:55 +0000","<a href=""http://foursquare.com"" rel=""nofollow"">foursquare</a>","I just unlocked the ""Swarm"" badge on @foursquare! http://4sq.com/brbMUV"
"9998315021","9997616110","5622042","","","2010-03-05 00:13:55 +0000","<a href=""http://itunes.apple.com/app/twitter/id333903271?mt=8"" rel=""nofollow"">Twitter for iPhone</a>","@ironfroggy I've been doing similar things for a while now. You're not alone! :)"
"9996917571","9996089625","5622042","","","2010-03-04 23:40:38 +0000","<a href=""http://itunes.apple.com/app/twitter/id333903271?mt=8"" rel=""nofollow"">Twitter for iPhone</a>","@ironfroggy Interesting! And how do you do it?"
"9996818670","9996528835","2915391","","","2010-03-04 23:38:14 +0000","<a href=""http://itunes.apple.com/app/twitter/id333903271?mt=8"" rel=""nofollow"">Twitter for iPhone</a>","@michaelbkim I think they're all going for a different kind of magic."
"9995899515","","","","","2010-03-04 23:16:13 +0000","<a href=""http://itunes.apple.com/app/twitter/id333903271?mt=8"" rel=""nofollow"">Twitter for iPhone</a>","The 300 character version of 750words.com: http://bit.ly/c1GucN Inspired by Gretchen Rubin: http://bit.ly/ai5MKq Might even do it!"
"9995666390","","","","","2010-03-04 23:10:39 +0000","<a href=""http://itunes.apple.com/app/twitter/id333903271?mt=8"" rel=""nofollow"">Twitter for iPhone</a>","RT @galenward Tossed coin 100x. 49 heads. In red t-shirt, tossed coin 100x. 51 heads. Red throws heads 4.1% more often: http://bit.ly/2Qnh2Y"
"9994211455","9993944413","82953127","","","2010-03-04 22:36:16 +0000","<a href=""http://itunes.apple.com/app/twitter/id333903271?mt=8"" rel=""nofollow"">Twitter for iPhone</a>","@blindcreative Yes, email me at buster at 750 words with your account's name and I'll figure it out with you."
"9993574246","9993352679","17098908","","","2010-03-04 22:20:29 +0000","<a href=""http://itunes.apple.com/app/twitter/id333903271?mt=8"" rel=""nofollow"">Twitter for iPhone</a>","@nooooddy Thanks for the offer. Right now, I'm not turning away small donations... http://750words.com/faq#support :)"
"9992950481","9992606121","17098908","","","2010-03-04 22:04:51 +0000","<a href=""http://itunes.apple.com/app/twitter/id333903271?mt=8"" rel=""nofollow"">Twitter for iPhone</a>","@nooooddy I'm hoping to have everyone in by the end of the day. I'm inviting people 250 at a time, and have ~3,000 people left."
"9987600984","9987451099","5622042","","","2010-03-04 19:44:22 +0000","<a href=""http://itunes.apple.com/app/twitter/id333903271?mt=8"" rel=""nofollow"">Twitter for iPhone</a>","@ironfroggy Ah.. good news! Thanks for letting me know about it though."
"9986869861","9986417354","5622042","","","2010-03-04 19:24:32 +0000","<a href=""http://itunes.apple.com/app/twitter/id333903271?mt=8"" rel=""nofollow"">Twitter for iPhone</a>","@ironfroggy Yikes! Which page crashes? Any errors that you can see?"
"9983809317","9973366579","9161482","","","2010-03-04 18:00:47 +0000","<a href=""http://itunes.apple.com/app/twitter/id333903271?mt=8"" rel=""nofollow"">Twitter for iPhone</a>","@tannerc Ouch. Fixed now. Gotta love random changes in the night that aren't verified. :("
"9983723537","9973804882","17236165","","","2010-03-04 17:58:38 +0000","<a href=""http://itunes.apple.com/app/twitter/id333903271?mt=8"" rel=""nofollow"">Twitter for iPhone</a>","@leahhowse Working again now."
"9983699218","9975092952","15793131","","","2010-03-04 17:57:59 +0000","<a href=""http://itunes.apple.com/app/twitter/id333903271?mt=8"" rel=""nofollow"">Twitter for iPhone</a>","@Marthamaddox It's back now. My webhost broke it overnight accidentally. :("
"9958856988","","","","","2010-03-04 04:37:41 +0000","<a href=""http://flickr.com/services/twitter/"" rel=""nofollow"">Flickr</a>","8:36pm Just folding some laundry and eating some chocolate before starting to make dinner http://flic.kr/p/7HjPTb"
"9958253732","9957440881","970001","","","2010-03-04 04:21:14 +0000","<a href=""http://itunes.apple.com/app/twitter/id333903271?mt=8"" rel=""nofollow"">Twitter for iPhone</a>","@willCosgrove That's just Rails and old-school Google Charts.  I need to update it to use the much more awesome jQuery charts."
"9956938524","","","","","2010-03-04 03:47:26 +0000","<a href=""http://itunes.apple.com/app/twitter/id333903271?mt=8"" rel=""nofollow"">Twitter for iPhone</a>","This illustrative score that scrolls along to the music is pretty damned awesome http://bit.ly/91WZtD Will more people do this please?"
"9952140210","9951800761","1567931","","","2010-03-04 01:52:55 +0000","web","@filmgeek Yeah, it's down.  See http://750words.tumblr.com for status updates."
"9950180049","","","","","2010-03-04 01:06:21 +0000","<a href=""http://itunes.apple.com/app/twitter/id333903271?mt=8"" rel=""nofollow"">Twitter for iPhone</a>","Has there ever once been a ""seamless server migration""? #nerdwhine"
"9935065139","9933321274","10959642","","","2010-03-03 18:28:55 +0000","<a href=""http://itunes.apple.com/app/twitter/id333903271?mt=8"" rel=""nofollow"">Twitter for iPhone</a>","Yay, @tara and @seanbonner! We'll be cheering for you from afar today. #bbdownloading"
"9934950743","9925590019","872461","","","2010-03-03 18:25:43 +0000","<a href=""http://itunes.apple.com/app/twitter/id333903271?mt=8"" rel=""nofollow"">Twitter for iPhone</a>","@sstrudeau Hm... yes, I can look into that.  Currently using jQuery for those."
"9933162262","9920446544","15723903","","","2010-03-03 17:35:24 +0000","<a href=""http://itunes.apple.com/app/twitter/id333903271?mt=8"" rel=""nofollow"">Twitter for iPhone</a>","@MrKnuffke I'm working on it. Will be a couple more days though."
"9933093878","9920715015","114927773","","","2010-03-03 17:33:31 +0000","<a href=""http://itunes.apple.com/app/twitter/id333903271?mt=8"" rel=""nofollow"">Twitter for iPhone</a>","@mind_scratch Ruby on Rails is the back end, but no particular template for the design."
"9914494110","","","9903384526","79797834","2010-03-03 07:23:09 +0000","<a href=""http://dev.twitter.com/"" rel=""nofollow"">API</a>","RT @ebertchicago: I'm waiting for a politician who says he's running for office to spend less time with his wife and family."
"9914426441","9908168109","10015122","","","2010-03-03 07:20:19 +0000","<a href=""http://itunes.apple.com/app/twitter/id333903271?mt=8"" rel=""nofollow"">Twitter for iPhone</a>","@andypixel Aren't beds and baths also involved somehow?"
"9911786217","","","","","2010-03-03 05:42:47 +0000","<a href=""http://flickr.com/services/twitter/"" rel=""nofollow"">Flickr</a>","8:36pm Was in Penny Simkin's awesome birth class for home birthing first-time mothers and partners http://flic.kr/p/7H7zj1"
"9905117952","","","","","2010-03-03 02:45:58 +0000","<a href=""http://foursquare.com"" rel=""nofollow"">foursquare</a>","1st birth class! (@ Birth and Beyond) http://4sq.com/9iXAFU"
"9894441021","","","","","2010-03-02 22:29:11 +0000","<a href=""http://itunes.apple.com/app/twitter/id333903271?mt=8"" rel=""nofollow"">Twitter for iPhone</a>","A short history of my life's high-impact events http://bit.ly/9ZXwOu"
"9893458595","9891141336","57116701","","","2010-03-02 22:03:50 +0000","<a href=""http://itunes.apple.com/app/twitter/id333903271?mt=8"" rel=""nofollow"">Twitter for iPhone</a>","@radicalreporter I'll probably implement OpenID at some point, but still working on getting the site stable."
"9888066191","9887743307","754980","","","2010-03-02 19:38:31 +0000","<a href=""http://itunes.apple.com/app/twitter/id333903271?mt=8"" rel=""nofollow"">Twitter for iPhone</a>","@Moka I gave everyone a pass for March 1st. :)"
"9887316130","","","","","2010-03-02 19:17:29 +0000","<a href=""http://itunes.apple.com/app/twitter/id333903271?mt=8"" rel=""nofollow"">Twitter for iPhone</a>","You can hide it under a cup of coffee and a glass of wine for a while though. RT @jasonfried: You can?t compartmentalize burnout."
"9887285663","","","","","2010-03-02 19:16:38 +0000","<a href=""http://itunes.apple.com/app/twitter/id333903271?mt=8"" rel=""nofollow"">Twitter for iPhone</a>","Me too! Fits my mood exactly right now. RT @joshc: SUPER ready for the new @Foals album (video for ""Spanish Sahara"" http://bit.ly/cyp5AD )"
"9884558565","9884241045","779715","","","2010-03-02 18:01:11 +0000","<a href=""http://itunes.apple.com/app/twitter/id333903271?mt=8"" rel=""nofollow"">Twitter for iPhone</a>","@rudy and @jpdef Good point. I disabled the cut-and-paste penalty until the site levels out. If anyone needs points reset, let me know."
"9860003519","","","","","2010-03-02 04:40:01 +0000","<a href=""http://flickr.com/services/twitter/"" rel=""nofollow"">Flickr</a>","8:36pm Taking a break from websites to celebrate our last night as a couple who haven't taken birthing classes http://flic.kr/p/7GS7pS"
"9858940505","9858617157","2703631","","","2010-03-02 04:11:03 +0000","<a href=""http://itunes.apple.com/app/twitter/id333903271?mt=8"" rel=""nofollow"">Twitter for iPhone</a>","@JeremyCurry Okay, I set the distractions to 0 for ya."
"9855667708","9854569973","10877","","","2010-03-02 02:51:56 +0000","<a href=""http://itunes.apple.com/app/twitter/id333903271?mt=8"" rel=""nofollow"">Twitter for iPhone</a>","@dkr I've got ideas, but they will take some time. Thanks for the offer. I'll take any donations or other kinds of help you want to offer."
"9855593966","9854583267","11780722","","","2010-03-02 02:50:11 +0000","<a href=""http://itunes.apple.com/app/twitter/id333903271?mt=8"" rel=""nofollow"">Twitter for iPhone</a>","@natepilling Thank you."
"9855585599","9854615226","14817581","","","2010-03-02 02:49:59 +0000","<a href=""http://itunes.apple.com/app/twitter/id333903271?mt=8"" rel=""nofollow"">Twitter for iPhone</a>","@cbiggins Thank you!"
"9855577607","9854906263","23147110","","","2010-03-02 02:49:48 +0000","<a href=""http://itunes.apple.com/app/twitter/id333903271?mt=8"" rel=""nofollow"">Twitter for iPhone</a>","@mickfinney Should be back now... sorta.  Gonna have to work on a better long-term fix still.  Good luck!"
"9854455290","9854241178","10877","","","2010-03-02 02:23:04 +0000","<a href=""http://itunes.apple.com/app/twitter/id333903271?mt=8"" rel=""nofollow"">Twitter for iPhone</a>","@dkr Looks like I can't just hop over to a dedicated server in an hour. But will probably do that soon.  Got $200/month? :)"
"9854304159","9854221865","14205289","","","2010-03-02 02:19:26 +0000","<a href=""http://itunes.apple.com/app/twitter/id333903271?mt=8"" rel=""nofollow"">Twitter for iPhone</a>","@supaspoida You haven't written today yet. Hopefully I will be able to fix this before streaks are broken. But I'll be flexible either way."
"9853089428","","","","","2010-03-02 01:50:43 +0000","<a href=""http://itunes.apple.com/app/twitter/id333903271?mt=8"" rel=""nofollow"">Twitter for iPhone</a>","Looks like 750words.com is down for the count. Will have to upgrade it to a dedicated server, hopefully quickly. #goodproblemsthatsuck"
"9853003907","9852863838","23147110","","","2010-03-02 01:48:41 +0000","<a href=""http://itunes.apple.com/app/twitter/id333903271?mt=8"" rel=""nofollow"">Twitter for iPhone</a>","@mickfinney Yeah, it is. Looks like the problem is more serious than can be fixed. Will need to upgrade my server... hopefully quickly."
"9851705486","9851566541","14095370","","","2010-03-02 01:17:22 +0000","<a href=""http://itunes.apple.com/app/twitter/id333903271?mt=8"" rel=""nofollow"">Twitter for iPhone</a>","@OffbeatAriel Add yourself to April and I'll bump you up!"
"9851430283","9851142042","23147110","","","2010-03-02 01:10:26 +0000","<a href=""http://itunes.apple.com/app/twitter/id333903271?mt=8"" rel=""nofollow"">Twitter for iPhone</a>","@mickfinney I made the change, but the site is still having trouble. Good luck! And next month, I'll keep registration open an extra day."
"9850282298","9850057729","23147110","","","2010-03-02 00:42:46 +0000","<a href=""http://itunes.apple.com/app/twitter/id333903271?mt=8"" rel=""nofollow"">Twitter for iPhone</a>","@mickfinney Hm... I can make an exception if you really want in. Sign up for April and I'll move you over."
"9848396576","","","","","2010-03-01 23:57:46 +0000","web","Sure did. Working on it though. RT @peterwooley I think http://750words.com just got @ginatrapani'd."
"9845378050","","","","","2010-03-01 22:44:39 +0000","<a href=""http://itunes.apple.com/app/twitter/id333903271?mt=8"" rel=""nofollow"">Twitter for iPhone</a>","Thanks for the mention of 750words.com on Smarterware and Lifehacker, @ginatrapani!  You've increased my traffic 10x. Hope it survives. :)"
"9842374929","9817391354","756742","","","2010-03-01 21:26:32 +0000","<a href=""http://itunes.apple.com/app/twitter/id333903271?mt=8"" rel=""nofollow"">Twitter for iPhone</a>","@cbee I'm going to be removing the Facebook login requirement. Give me a month or so and check back."
