"tweet_id","in_reply_to_status_id","in_reply_to_user_id","retweeted_status_id","retweeted_status_user_id","timestamp","source","text","expanded_urls"
"8485362876","","","","","2010-02-01 04:40:44 +0000","<a href=""http://flickr.com/services/twitter/"" rel=""nofollow"">Flickr</a>","8:36pm Kellianne's in Florida, it's last day of health month, and all I want to do is work apparently http://flic.kr/p/7zSzgj"
"8464308037","","","","","2010-01-31 20:15:26 +0000","<a href=""http://itunes.apple.com/app/twitter/id333903271?mt=8"" rel=""nofollow"">Twitter for iPhone</a>","Last day to sign up for the February challenge to write 750 words (privately) every day: http://750words.com/one_month/accept"
"8463650717","","","","","2010-01-31 19:55:03 +0000","<a href=""http://flickr.com/services/twitter/"" rel=""nofollow"">Flickr</a>","Guess who forgot her lunch? Guess who just ate her lunch! Yup. PS. 96 days left! #mylovelywife http://flic.kr/p/7zJXdo"
"8439923288","","","","","2010-01-31 04:48:04 +0000","<a href=""http://flickr.com/services/twitter/"" rel=""nofollow"">Flickr</a>","8:36pm Just watched A Single Man. Wow! http://flic.kr/p/7zzhDL"
"8436423088","8436189511","7853992","","","2010-01-31 03:03:27 +0000","<a href=""http://itunes.apple.com/app/twitter/id333903271?mt=8"" rel=""nofollow"">Twitter for iPhone</a>","@codeodor I'm filtering out the 100 most common words... I'll keep adding more that aren't interesting enough."
"8432847198","","7943892","","","2010-01-31 01:18:46 +0000","<a href=""http://twitter.com/devices"" rel=""nofollow"">txt</a>","@ingopixel I'm sorry, that sucks!"
"8399447825","","","","","2010-01-30 04:39:16 +0000","<a href=""http://flickr.com/services/twitter/"" rel=""nofollow"">Flickr</a>","8:36pm Small health month recess dinner party with Carinna http://flic.kr/p/7zgSog"
"8396976875","8395822876","12761252","","","2010-01-30 03:25:41 +0000","<a href=""http://itunes.apple.com/app/twitter/id333903271?mt=8"" rel=""nofollow"">Twitter for iPhone</a>","@haikugirl I've got a few good leads... I'll let you know if I still need someone though. Are you talking about Boo? :)"
"8395519242","8395459947","35141809","","","2010-01-30 02:43:36 +0000","<a href=""http://itunes.apple.com/app/twitter/id333903271?mt=8"" rel=""nofollow"">Twitter for iPhone</a>","@JimmyJameson Yes, you and Tris should definitely go!"
"8395139987","8395057129","35141809","","","2010-01-30 02:32:42 +0000","<a href=""http://itunes.apple.com/app/twitter/id333903271?mt=8"" rel=""nofollow"">Twitter for iPhone</a>","@JimmyJameson First time I saw them they sucked, but met Vladmir the polar bear. 2nd time, last summer, they were great. Recommend!"
"8392624262","","","","","2010-01-30 01:19:44 +0000","<a href=""http://itunes.apple.com/app/twitter/id333903271?mt=8"" rel=""nofollow"">Twitter for iPhone</a>","""The more scared we are of a work or calling, the more sure we can be that we have to do it.""

- Steven Pressfield"
"8388718783","8388433379","24194411","","","2010-01-29 23:26:05 +0000","<a href=""http://itunes.apple.com/app/twitter/id333903271?mt=8"" rel=""nofollow"">Twitter for iPhone</a>","@yeswad I need some small drawings... I'm thinking in the style of old psychology or astrology illustrations... for badges and icons."
"8388216811","","","","","2010-01-29 23:11:07 +0000","<a href=""http://itunes.apple.com/app/twitter/id333903271?mt=8"" rel=""nofollow"">Twitter for iPhone</a>","Any illustrators out there available to help me with a few drawings/icons for a little side project on http://750words.com? Willing to pay!"
"8362027228","8361679617","1475531","","","2010-01-29 09:48:07 +0000","<a href=""http://itunes.apple.com/app/twitter/id333903271?mt=8"" rel=""nofollow"">Twitter for iPhone</a>","@mprev Hadn't thought about that fact! Amazing full circle of the generation."
"8358842914","","","","","2010-01-29 07:12:02 +0000","<a href=""http://itunes.apple.com/app/twitter/id333903271?mt=8"" rel=""nofollow"">Twitter for iPhone</a>","My future son's first self-conscious experience of a computer will probably be an iPad.  Weird to think about it that way, right?"
"8354866607","","","","","2010-01-29 04:47:42 +0000","<a href=""http://itunes.apple.com/app/twitter/id333903271?mt=8"" rel=""nofollow"">Twitter for iPhone</a>","Reading over the new SDK for iPad... they added a lot.  Hope my brain can handle it."
"8354576195","","","","","2010-01-29 04:38:59 +0000","<a href=""http://flickr.com/services/twitter/"" rel=""nofollow"">Flickr</a>","8:36pm Going through mail. Scared of taxes this year. Ah ""self-employment""! http://flic.kr/p/7z9mko"
"8333198724","8332496737","13443292","","","2010-01-28 18:35:16 +0000","<a href=""http://itunes.apple.com/app/twitter/id333903271?mt=8"" rel=""nofollow"">Twitter for iPhone</a>","@senoraj Royksopp's new album is my favorite workout music right now."
"8309792539","","","","","2010-01-28 04:38:37 +0000","<a href=""http://flickr.com/services/twitter/"" rel=""nofollow"">Flickr</a>","8:36pm Lazy man's dinner after a long day of working and iPad analysis stalking http://flic.kr/p/7yWyxS"
"8303808890","8303669760","4999","","","2010-01-28 01:37:19 +0000","<a href=""http://itunes.apple.com/app/twitter/id333903271?mt=8"" rel=""nofollow"">Twitter for iPhone</a>","@fraying Yes, according to this post, there's a shared file directory that will mount when docked. http://bit.ly/aNm421"
"8298226638","","","","","2010-01-27 22:56:38 +0000","web","Help Jimmy James travel! RT @jimmyjameson Help sponsor my volunteer work with KIVA in Nicaragua! Even $1! Thanks! http://88zero.com/kiva.htm"
"8293161150","8292925819","958581","","","2010-01-27 20:31:56 +0000","<a href=""http://itunes.apple.com/app/twitter/id333903271?mt=8"" rel=""nofollow"">Twitter for iPhone</a>","@rdicker Hmm... no.  So a 3 would be met expectations?  In that case it's a 5/2."
"8291978718","","","","","2010-01-27 19:59:06 +0000","<a href=""http://itunes.apple.com/app/twitter/id333903271?mt=8"" rel=""nofollow"">Twitter for iPhone</a>","Got 12 out of my 17 predictions right. http://bit.ly/a9Zxh5"
"8291321513","","","","","2010-01-27 19:41:28 +0000","<a href=""http://itunes.apple.com/app/twitter/id333903271?mt=8"" rel=""nofollow"">Twitter for iPhone</a>","For the @rdicker expectations/results rating of the iPad, it gets a 5/4.  In other words, we'll be getting 1, not 2. & thinking of new apps!"
"8287627811","","","","","2010-01-27 17:55:08 +0000","<a href=""http://flickr.com/services/twitter/"" rel=""nofollow"">Flickr</a>","I'm ready! http://flic.kr/p/7yQk69"
"8270899883","8270548601","4999","","","2010-01-27 07:29:37 +0000","<a href=""http://itunes.apple.com/app/twitter/id333903271?mt=8"" rel=""nofollow"">Twitter for iPhone</a>","@fraying I'd settle for a discount."
"8270524650","8270466181","9525212","","","2010-01-27 07:10:57 +0000","<a href=""http://itunes.apple.com/app/twitter/id333903271?mt=8"" rel=""nofollow"">Twitter for iPhone</a>","@dandean They DO get developers though. Android and Google Wave appeal to developers, first, and others all tie for second."
"8270491069","","","","","2010-01-27 07:09:21 +0000","<a href=""http://itunes.apple.com/app/twitter/id333903271?mt=8"" rel=""nofollow"">Twitter for iPhone</a>","Pessimists get to say I told you so but what do optimists get?"
"8270414406","8270151792","9525212","","","2010-01-27 07:05:37 +0000","<a href=""http://itunes.apple.com/app/twitter/id333903271?mt=8"" rel=""nofollow"">Twitter for iPhone</a>","@dandean There's always that chance, but the difference is that all of Google Wave's hype came from Google. I always start optimistic!"
"8266638705","","","","","2010-01-27 04:40:14 +0000","<a href=""http://flickr.com/services/twitter/"" rel=""nofollow"">Flickr</a>","8:36pm Helping Jana with her website http://flic.kr/p/7yEi4V"
"8263917815","","","","","2010-01-27 03:22:59 +0000","<a href=""http://itunes.apple.com/app/twitter/id333903271?mt=8"" rel=""nofollow"">Twitter for iPhone</a>","""Be impatient with the status quo, don't copy someone else's tactics, & do something new.""

- Seth Godin in 43F talk
http://bit.ly/bEcMQW"
"8262906455","8260774487","2915391","","","2010-01-27 02:56:15 +0000","<a href=""http://itunes.apple.com/app/twitter/id333903271?mt=8"" rel=""nofollow"">Twitter for iPhone</a>","@michaelbkim Yeah, now that I see it that way, the Tablet HAS to be about that in some way... right?"
"8260033123","","","","","2010-01-27 01:37:28 +0000","<a href=""http://itunes.apple.com/app/twitter/id333903271?mt=8"" rel=""nofollow"">Twitter for iPhone</a>","I love @fraying's hope that the Tablet makes selling web content as cool/easy as the iPod made selling music. http://bit.ly/asSTBM"
"8256472929","","","","","2010-01-26 23:57:32 +0000","<a href=""http://itunes.apple.com/app/twitter/id333903271?mt=8"" rel=""nofollow"">Twitter for iPhone</a>","Okay, might as well write some predictions down for Apple's announcement tomorrow: http://bit.ly/9FDskC I reserve the right to be way off!"
"8254441534","","","","","2010-01-26 22:59:44 +0000","<a href=""http://itunes.apple.com/app/twitter/id333903271?mt=8"" rel=""nofollow"">Twitter for iPhone</a>","Number of tickets sold vs gross sales. RT @PerezHilton: Why 'Avatar' is actually the 26th biggest movie of all time http://bit.ly/baNEle"
"8248241329","","","","","2010-01-26 19:58:39 +0000","<a href=""http://itunes.apple.com/app/twitter/id333903271?mt=8"" rel=""nofollow"">Twitter for iPhone</a>","Ideas are easy. Execution... is also easy. Running with a good idea + execution to the ends of the Earth is the hard part."
"8226629984","8225557410","17020969","","","2010-01-26 07:05:34 +0000","<a href=""http://itunes.apple.com/app/twitter/id333903271?mt=8"" rel=""nofollow"">Twitter for iPhone</a>","@renahbean Yeah it was nothing serious. Just stomach being smashed issues we think. She feels better now."
"8222858696","8222688506","20833838","","","2010-01-26 04:43:56 +0000","<a href=""http://itunes.apple.com/app/twitter/id333903271?mt=8"" rel=""nofollow"">Twitter for iPhone</a>","@carinnatarvin Ooh, 3 drinks for me if you don't make it huh?  Now I'm torn on whether to cheer you on or not!"
"8222765376","","","","","2010-01-26 04:40:59 +0000","<a href=""http://flickr.com/services/twitter/"" rel=""nofollow"">Flickr</a>","8:36pm Researching serious stomach ache remedies for @Kellianne. Trying not to worry. http://flic.kr/p/7yqTPV"
"8220511071","8220413616","2015","","","2010-01-26 03:36:24 +0000","<a href=""http://itunes.apple.com/app/twitter/id333903271?mt=8"" rel=""nofollow"">Twitter for iPhone</a>","@joshc Dang. Well my witty Twitter quote should be in all future editions!"
"8219174722","","","","","2010-01-26 03:00:51 +0000","<a href=""http://itunes.apple.com/app/twitter/id333903271?mt=8"" rel=""nofollow"">Twitter for iPhone</a>","I'm going to write 750 words a day every day in February. I created a challenge for it too: http://bit.ly/7A5slC Pass it on!"
"8218972616","","","","","2010-01-26 02:55:34 +0000","<a href=""http://itunes.apple.com/app/twitter/id333903271?mt=8"" rel=""nofollow"">Twitter for iPhone</a>","""Future books of quotations will be full of tweets."" 

- Buster K. Benson"
"8213725571","8212724035","14205289","","","2010-01-26 00:33:06 +0000","<a href=""http://itunes.apple.com/app/twitter/id333903271?mt=8"" rel=""nofollow"">Twitter for iPhone</a>","@supaspoida Nice post! You captured the intentions of the site perfectly. Added the link to my collection of blog posts about the site too."
"8200476307","8199827645","6726182","","","2010-01-25 17:52:09 +0000","<a href=""http://itunes.apple.com/app/twitter/id333903271?mt=8"" rel=""nofollow"">Twitter for iPhone</a>","@TheCulprit That should be an easy decision."
"8199061659","","","8194324897","14120215","2010-01-25 17:10:47 +0000","<a href=""http://dev.twitter.com/"" rel=""nofollow"">API</a>","RT @kottke: Werner Herzog reads Curious George http://kottke.org/10/01/werner-herzog-reads-curious-george"
"8198868177","","","8195776161","7482","2010-01-25 17:05:16 +0000","<a href=""http://dev.twitter.com/"" rel=""nofollow"">API</a>","RT @arainert: Feltron is back, killing it with his 2009 Annual Report: http://bit.ly/6UO6js"
"8179679125","","","","","2010-01-25 04:44:20 +0000","<a href=""http://flickr.com/services/twitter/"" rel=""nofollow"">Flickr</a>","8:36pm Wrapping up work at Bedlam http://flic.kr/p/7yb2Sg"
"8164741028","8164104711","16348279","","","2010-01-24 22:02:25 +0000","<a href=""http://itunes.apple.com/app/twitter/id333903271?mt=8"" rel=""nofollow"">Twitter for iPhone</a>","@ikonick One thing I would try immediately is deleting your 750words.com and Facebook cookies. I suspect a troublesome FB Session cookie."
"8139944109","","","","","2010-01-24 05:55:44 +0000","<a href=""http://foursquare.com"" rel=""nofollow"">foursquare</a>","Phoenix! (@ Showbox SoDo w/  @joshc) http://4sq.com/2lBH6c"
"8137721284","","","","","2010-01-24 04:39:44 +0000","<a href=""http://flickr.com/services/twitter/"" rel=""nofollow"">Flickr</a>","8:36pm At Hooverville with amnesty stop #4: Makers. Phoenix next! http://flic.kr/p/7xTdgH"
"8133218103","8132107901","15486015","","","2010-01-24 02:20:59 +0000","<a href=""http://itunes.apple.com/app/twitter/id333903271?mt=8"" rel=""nofollow"">Twitter for iPhone</a>","@ScottieYahtzee I have those same shoes! They're good luck, I think."
"8127769917","","","","","2010-01-23 23:24:26 +0000","<a href=""http://flickr.com/services/twitter/"" rel=""nofollow"">Flickr</a>","Health Month amnesty stop #2: Baguette Box crispy drunken chicken http://flic.kr/p/7xTGnj"
"8121354093","","","","","2010-01-23 19:39:50 +0000","<a href=""http://flickr.com/services/twitter/"" rel=""nofollow"">Flickr</a>","Taking my Health Month amnesty with so delicious coffee. Phoenix tonight! http://flic.kr/p/7xMaQp"
"8104977735","8094181638","12514","","","2010-01-23 08:32:22 +0000","<a href=""http://itunes.apple.com/app/twitter/id333903271?mt=8"" rel=""nofollow"">Twitter for iPhone</a>","@tomcoates Well stated, Tom!"
"8104963590","","","8094181638","12514","2010-01-23 08:31:36 +0000","<a href=""http://dev.twitter.com/"" rel=""nofollow"">API</a>","RT @tomcoates: (3) I want to make something that is new, novel, interesting - not just remake something that someone else has made before."
"8104961810","","","8094164864","12514","2010-01-23 08:31:30 +0000","<a href=""http://dev.twitter.com/"" rel=""nofollow"">API</a>","RT @tomcoates: (2) I want to make something that a lot of people will use. Not necessarily now, but at some point in the future."
"8104959612","","","8094147199","12514","2010-01-23 08:31:23 +0000","<a href=""http://dev.twitter.com/"" rel=""nofollow"">API</a>","RT @tomcoates: (1) I want to make things that are fun. Fun to make and that are fun to use. That seems reasonable."
"8099528219","","","","","2010-01-23 04:38:51 +0000","<a href=""http://flickr.com/services/twitter/"" rel=""nofollow"">Flickr</a>","8:36pm Just finished some of this fine chili (TWO secret ingredients) and about to go see Imaginarium http://flic.kr/p/7xDLcv"
"8087522639","8068626217","14205289","","","2010-01-22 22:43:42 +0000","web","@supaspoida I'm really sorry that the autosave didn't work. No consolation, but your pain will result in it being smarter in the future."
"8087449621","8061083022","10133572","","","2010-01-22 22:41:27 +0000","web","@ZayneHumphrey Apology accepted."
"8087435967","8040729682","786310","","","2010-01-22 22:41:03 +0000","web","@scottmilling The whole reason I started it was because I wasn't happy with the Google Docs (and a dozen other) options. So, thanks!"
"8060794650","","","","","2010-01-22 06:56:22 +0000","<a href=""http://itunes.apple.com/app/twitter/id333903271?mt=8"" rel=""nofollow"">Twitter for iPhone</a>","I want to make a combination lock / slot machine style password system in jQuery. Has anyone seen anything like this before? #fb"
"8057306072","","","","","2010-01-22 04:38:54 +0000","<a href=""http://flickr.com/services/twitter/"" rel=""nofollow"">Flickr</a>","8:36pm Working late on fun stuff. http://flic.kr/p/7xw1JQ"
"8041020388","8040732986","30065033","","","2010-01-21 20:50:10 +0000","<a href=""http://itunes.apple.com/app/twitter/id333903271?mt=8"" rel=""nofollow"">Twitter for iPhone</a>","@typekit Still not seeing the fonts in Firefox 3.5.7 on Mac.  It seems to work in Safari."
"8040041663","","30065033","","","2010-01-21 20:19:04 +0000","<a href=""http://itunes.apple.com/app/twitter/id333903271?mt=8"" rel=""nofollow"">Twitter for iPhone</a>","@typekit Fonts just stopped working on my site ( http://750words.com )... is something down or did something change?"
"8039596267","8039552412","35141809","","","2010-01-21 20:04:31 +0000","<a href=""http://itunes.apple.com/app/twitter/id333903271?mt=8"" rel=""nofollow"">Twitter for iPhone</a>","@JimmyJameson Yeah. To me, nothing beats a list on a piece of paper for day-to-day time management. And maybe 750 words to gain momentum. :)"
"8038525336","8035809923","35141809","","","2010-01-21 19:29:25 +0000","<a href=""http://itunes.apple.com/app/twitter/id333903271?mt=8"" rel=""nofollow"">Twitter for iPhone</a>","@JimmyJameson The Things iPhone app and Mac app are my fave. But I don't actually use them for productivity."
"8034767021","8026153416","16348279","","","2010-01-21 17:29:49 +0000","<a href=""http://itunes.apple.com/app/twitter/id333903271?mt=8"" rel=""nofollow"">Twitter for iPhone</a>","@ikonick Facebook Connect is acting flakey.  I've seen the same behavior myself, but am not sure why it happens sometimes. Looking into it."
"8015204541","","","","","2010-01-21 04:39:17 +0000","<a href=""http://flickr.com/services/twitter/"" rel=""nofollow"">Flickr</a>","8:36pm Playing Whole Foods Jenga. Or Price That Cart. Guesses? http://flic.kr/p/7xiQay"
"8012324392","8012115123","765","","","2010-01-21 03:13:13 +0000","<a href=""http://itunes.apple.com/app/twitter/id333903271?mt=8"" rel=""nofollow"">Twitter for iPhone</a>","Awesome! Thanks, Sean... RT @seanbonner I've really been digging http://750words.com/ - It's helping me sort and process ideas."
"8010975919","8010824012","7943892","","","2010-01-21 02:34:52 +0000","<a href=""http://itunes.apple.com/app/twitter/id333903271?mt=8"" rel=""nofollow"">Twitter for iPhone</a>","@ingopixel Pick one!  Timed or untimed?  Does it matter?"
"8010682973","","7943892","","","2010-01-21 02:26:39 +0000","<a href=""http://itunes.apple.com/app/twitter/id333903271?mt=8"" rel=""nofollow"">Twitter for iPhone</a>","@ingopixel Which ""wave"" are you gonna be in the St. Paddy 5K? I'll ride the same wave! /cc: @meganwelling @paperwalrus @cjlikearockstar"
"8010247546","8002798426","7943892","","","2010-01-21 02:14:17 +0000","<a href=""http://itunes.apple.com/app/twitter/id333903271?mt=8"" rel=""nofollow"">Twitter for iPhone</a>","I'll run with you! RT @ingopixel Who else wants to do the 5k st. paddy's day dash with me? $25, register by 2/18! http://bit.ly/6xJLIE"
"8004685896","8004584918","9525212","","","2010-01-20 23:34:46 +0000","<a href=""http://itunes.apple.com/app/twitter/id333903271?mt=8"" rel=""nofollow"">Twitter for iPhone</a>","@dandean Thanks, Dan!  You were the first person to put some of these ideas into my head.  So you get some credit too!"
"8004308753","","","","","2010-01-20 23:23:49 +0000","<a href=""http://itunes.apple.com/app/twitter/id333903271?mt=8"" rel=""nofollow"">Twitter for iPhone</a>","Looks like women tend to write about sex more in the morning, while men are more skewed to write about it at night: http://bit.ly/6cjcMD"
"7993050377","7992159019","17020969","","","2010-01-20 17:30:15 +0000","<a href=""http://itunes.apple.com/app/twitter/id333903271?mt=8"" rel=""nofollow"">Twitter for iPhone</a>","@renahbean Yeah I like that one too! Also the one about what time of day diff genders write about sex."
"7975209499","","","","","2010-01-20 04:45:35 +0000","<a href=""http://flickr.com/services/twitter/"" rel=""nofollow"">Flickr</a>","8:36pm Finding interesting data to show on the new Explore page on http://750words.com http://flic.kr/p/7x2c3R"
"7967276850","7967100771","14109795","","","2010-01-20 01:00:26 +0000","<a href=""http://itunes.apple.com/app/twitter/id333903271?mt=8"" rel=""nofollow"">Twitter for iPhone</a>","@TomDavenport Yeah, I built it several years ago, but it's long gone now..."
"7957656079","7957209366","12761252","","","2010-01-19 20:05:54 +0000","<a href=""http://itunes.apple.com/app/twitter/id333903271?mt=8"" rel=""nofollow"">Twitter for iPhone</a>","@haikugirl That gives me an idea! There should be badges on 750words.com... but what would they be???  You're the champion, you can pick."
"7933375884","","","","","2010-01-19 04:38:15 +0000","<a href=""http://flickr.com/services/twitter/"" rel=""nofollow"">Flickr</a>","8:36pm Braved my cold office for the second half of the day http://flic.kr/p/7wRjfS"
"7916411760","7915954823","15288642","","","2010-01-18 20:05:51 +0000","<a href=""http://itunes.apple.com/app/twitter/id333903271?mt=8"" rel=""nofollow"">Twitter for iPhone</a>","@toddschoonover Thanks.  :)  Let me know what you think of this one once you get in."
"7915871995","7915717977","15288642","","","2010-01-18 19:49:00 +0000","<a href=""http://itunes.apple.com/app/twitter/id333903271?mt=8"" rel=""nofollow"">Twitter for iPhone</a>","@toddschoonover Make a fake Facebook account."
"7891906024","","","","","2010-01-18 04:40:08 +0000","<a href=""http://flickr.com/services/twitter/"" rel=""nofollow"">Flickr</a>","8:36pm Relaxing and listening to R?yksopp's latest album that sounds like the inside of Sopor's head ta gs:8:36pm ho http://flic.kr/p/7wzpzh"
"7879960739","7879775018","16348279","","","2010-01-17 22:50:20 +0000","<a href=""http://itunes.apple.com/app/twitter/id333903271?mt=8"" rel=""nofollow"">Twitter for iPhone</a>","@ikonick Aren't we all. Write out the anger, Nick, write it out. :)"
"7879663568","7879551858","16348279","","","2010-01-17 22:40:43 +0000","<a href=""http://itunes.apple.com/app/twitter/id333903271?mt=8"" rel=""nofollow"">Twitter for iPhone</a>","@ikonick For anger, it counts words like war, loath, irk, insult, destroy, and some 210+ others.  It's not perfect... I've been angry too!"
"7852662343","","","","","2010-01-17 04:39:51 +0000","<a href=""http://flickr.com/services/twitter/"" rel=""nofollow"">Flickr</a>","8:36pm Passing the pink elephant on the way to someone's bowling and skating birthday party http://flic.kr/p/7whLy1"
"7818986187","7817161669","776429","","","2010-01-16 06:54:15 +0000","<a href=""http://itunes.apple.com/app/twitter/id333903271?mt=8"" rel=""nofollow"">Twitter for iPhone</a>","@spangley It has its flaws but if you are okay with flashy dramatic musicals and pretty colors it's great!"
"7818965717","7815865941","15486015","","","2010-01-16 06:53:15 +0000","<a href=""http://itunes.apple.com/app/twitter/id333903271?mt=8"" rel=""nofollow"">Twitter for iPhone</a>","@ScottieYahtzee It's apparently the one you get for checking in to a movie theater 10 times!"
"7815886038","7815700899","34383091","","","2010-01-16 04:47:32 +0000","<a href=""http://itunes.apple.com/app/twitter/id333903271?mt=8"" rel=""nofollow"">Twitter for iPhone</a>","@cjlikearockstar I'll take the booze with me too, and save it for a rainy day."
"7815555871","","","","","2010-01-16 04:35:38 +0000","<a href=""http://flickr.com/services/twitter/"" rel=""nofollow"">Flickr</a>","8:36pm We're about to start watching Nine, despite unfavorable reviews http://flic.kr/p/7vZstt"
"7815411334","","","","","2010-01-16 04:30:28 +0000","<a href=""http://foursquare.com"" rel=""nofollow"">foursquare</a>","I just unlocked the ""Zoetrope"" badge on @foursquare! http://4sq.com/4s9cVH"
"7797424634","","","","","2010-01-15 18:43:35 +0000","<a href=""http://itunes.apple.com/app/twitter/id333903271?mt=8"" rel=""nofollow"">Twitter for iPhone</a>","Awesome, if true. RT @TechCrunch: Patent Reveals Possible Groundbreaking Multi-Touch Features for Apple's iSlate http://tcrn.ch/6jnzHM"
"7796601786","7795584475","17020969","","","2010-01-15 18:17:19 +0000","<a href=""http://itunes.apple.com/app/twitter/id333903271?mt=8"" rel=""nofollow"">Twitter for iPhone</a>","@renahbean Ha, yeah, for sure!  And I know that I end up running slower when I think too much or am too engrossed in something. Tradeoffs!"
"7776027892","","","","","2010-01-15 04:41:22 +0000","<a href=""http://flickr.com/services/twitter/"" rel=""nofollow"">Flickr</a>","8:36pm Writing out a triple whammy of good ideas I had on my run. Getting hungry! http://flic.kr/p/7vMvrc"
"7774997676","","","","","2010-01-15 04:06:18 +0000","<a href=""http://itunes.apple.com/app/twitter/id333903271?mt=8"" rel=""nofollow"">Twitter for iPhone</a>","I am on a roll! #fb"
"7736454950","","","","","2010-01-14 04:37:56 +0000","<a href=""http://flickr.com/services/twitter/"" rel=""nofollow"">Flickr</a>","8:36pm I'm stuffed. http://flic.kr/p/7vCH43"
"7720454997","","","","","2010-01-13 20:16:58 +0000","<a href=""http://itunes.apple.com/app/twitter/id333903271?mt=8"" rel=""nofollow"">Twitter for iPhone</a>","Was thinking of this for myself, but interested in others' answers... what do all the things you're interested in have in common? #fb"
"7714643655","","","7712447405","6140","2010-01-13 17:04:02 +0000","<a href=""http://dev.twitter.com/"" rel=""nofollow"">API</a>","RT @brady: This is worth reading RT @Caterina: How ""hard"" should your startup's technology be? http://bit.ly/7ZpXdU"
"7714465281","7707906549","811032","","","2010-01-13 16:58:33 +0000","<a href=""http://itunes.apple.com/app/twitter/id333903271?mt=8"" rel=""nofollow"">Twitter for iPhone</a>","@kdhebert Damn that extra } I added after 2am. Should be fixed now. Sorry!"
"7697213583","","","","","2010-01-13 04:38:56 +0000","<a href=""http://flickr.com/services/twitter/"" rel=""nofollow"">Flickr</a>","8:36pm At a bar, but not drinking, after another good day http://flic.kr/p/7vkQXk"
"7697011018","7696933042","17978709","","","2010-01-13 04:28:59 +0000","<a href=""http://itunes.apple.com/app/twitter/id333903271?mt=8"" rel=""nofollow"">Twitter for iPhone</a>","@lori_deschene It uses Facebook Connect to log in, which is different from an FB app. Tell your friend nothing will show up in Facebook..."
"7696108487","7695910749","17978709","","","2010-01-13 03:51:17 +0000","<a href=""http://itunes.apple.com/app/twitter/id333903271?mt=8"" rel=""nofollow"">Twitter for iPhone</a>","@lori_deschene I used to have a hand-written one too but I haven't kept it up. Thanks for trying it out! Can I do you any favors?"
"7682018170","7681692876","17978709","","","2010-01-12 20:47:22 +0000","<a href=""http://itunes.apple.com/app/twitter/id333903271?mt=8"" rel=""nofollow"">Twitter for iPhone</a>","@lori_deschene I have a favor! Can you take a look at my daily meditative writing project and give me your opinion? http://750words.com"
"7680318109","7680199484","16467582","","","2010-01-12 19:51:47 +0000","<a href=""http://itunes.apple.com/app/twitter/id333903271?mt=8"" rel=""nofollow"">Twitter for iPhone</a>","@spladow I've been tempted to offer an ""extreme"" version that disables your backspace key.  Making the text invisible is the next step!"
"7678878293","7677873161","4981271","","","2010-01-12 19:02:56 +0000","<a href=""http://itunes.apple.com/app/twitter/id333903271?mt=8"" rel=""nofollow"">Twitter for iPhone</a>","@sourjayne Hey that's how I use it too!  :)"
"7678818389","7677989327","14290242","","","2010-01-12 19:00:58 +0000","<a href=""http://itunes.apple.com/app/twitter/id333903271?mt=8"" rel=""nofollow"">Twitter for iPhone</a>","@maggim No, but I only use it for logging in, I don't publish anything to your Facebook wall ever."
"7677684758","","","","","2010-01-12 18:23:07 +0000","<a href=""http://itunes.apple.com/app/twitter/id333903271?mt=8"" rel=""nofollow"">Twitter for iPhone</a>","Would you do me a big favor and RT this or send it to your writerly type friends? Private online journaling! http://750words.com #experiment"
"7657704813","","","","","2010-01-12 04:38:23 +0000","<a href=""http://flickr.com/services/twitter/"" rel=""nofollow"">Flickr</a>","8:36pm Our house is all ready for sale again, why dontcha come and buy it? http://flic.kr/p/7vaN8C"
"7657624169","7657269245","12761252","","","2010-01-12 04:35:37 +0000","<a href=""http://itunes.apple.com/app/twitter/id333903271?mt=8"" rel=""nofollow"">Twitter for iPhone</a>","@haikugirl Isn't it cool??  I need to research this stuff a little better. There's so much I can do with this information!!!! (I'm excited.)"
"7656987908","","","","","2010-01-12 04:14:23 +0000","<a href=""http://flickr.com/services/twitter/"" rel=""nofollow"">Flickr</a>","Added ""weather while writing"" and major themes to entry stats on  http://750words.com http://flic.kr/p/7v6Gaa"
"7621930675","","","","","2010-01-11 07:03:55 +0000","<a href=""http://itunes.apple.com/app/twitter/id333903271?mt=8"" rel=""nofollow"">Twitter for iPhone</a>","Have you heard of the Regressive Imagery Dictionary? It's my new favorite thing! http://bit.ly/75v3c6 #ihearttextanalysis"
"7618587666","","","","","2010-01-11 04:41:55 +0000","<a href=""http://flickr.com/services/twitter/"" rel=""nofollow"">Flickr</a>","8:36pm Learning how to get the weather programmatically while Sopor helps look for bugs (and cursors on screen) http://flic.kr/p/7uQp54"
"7613593081","7612946841","20833838","","","2010-01-11 02:01:45 +0000","<a href=""http://itunes.apple.com/app/twitter/id333903271?mt=8"" rel=""nofollow"">Twitter for iPhone</a>","@carinnatarvin I will!  But what should the mix be about?  Can you suggest a theme or a goal of some sort?"
"7610604141","7610395532","15331110","","","2010-01-11 00:30:47 +0000","<a href=""http://itunes.apple.com/app/twitter/id333903271?mt=8"" rel=""nofollow"">Twitter for iPhone</a>","@spreadsong Quite a compliment, thanks! I'm not sure I understand your request tho... if you need more than 140 chars: http://bit.ly/4MUuPh"
"7607252572","7607000213","16348279","","","2010-01-10 22:36:38 +0000","<a href=""http://itunes.apple.com/app/twitter/id333903271?mt=8"" rel=""nofollow"">Twitter for iPhone</a>","@ikonick That's how it works currently. I can break out ""typing"" time from total time from beginning to end though, if that seems useful."
"7602446119","7602361882","12279","","","2010-01-10 19:49:47 +0000","<a href=""http://itunes.apple.com/app/twitter/id333903271?mt=8"" rel=""nofollow"">Twitter for iPhone</a>","@leelefever Maybe batteries are a camera's pants. Have fun!"
"7586113552","","","","","2010-01-10 07:16:52 +0000","<a href=""http://flickr.com/services/twitter/"" rel=""nofollow"">Flickr</a>","Ingo matches her 5-hour energy http://flic.kr/p/7uBiw9"
"7582253735","","","","","2010-01-10 04:39:56 +0000","<a href=""http://flickr.com/services/twitter/"" rel=""nofollow"">Flickr</a>","8:36pm Healthy potluck #1 at Carinna's http://flic.kr/p/7uzN9S"
"7578628898","7577865527","4999","","","2010-01-10 02:39:37 +0000","<a href=""http://itunes.apple.com/app/twitter/id333903271?mt=8"" rel=""nofollow"">Twitter for iPhone</a>","@fraying Thanks Derek! Yeah, there's a ton of room to improve the act of writing on the web. It should be an enjoyable experience."
"7577814818","7574038831","16348279","","","2010-01-10 02:13:07 +0000","<a href=""http://itunes.apple.com/app/twitter/id333903271?mt=8"" rel=""nofollow"">Twitter for iPhone</a>","@ikonick Awesome, I'm glad! Let me know if you have any ideas for improvement."
"7571950196","","","","","2010-01-09 22:49:58 +0000","web","Added some cool entry-level and monthly stats pages to http://750words.com if you're into that kinda thing. #fb"
"7564854173","","","","","2010-01-09 18:32:21 +0000","<a href=""http://itunes.apple.com/app/twitter/id333903271?mt=8"" rel=""nofollow"">Twitter for iPhone</a>","Can't seem to stream NPR from iTunes anymore. And most of their podcasts are gone. What's up with that?"
"7534910863","7534738522","10959642","","","2010-01-08 22:32:00 +0000","<a href=""http://itunes.apple.com/app/twitter/id333903271?mt=8"" rel=""nofollow"">Twitter for iPhone</a>","@tara Haha. We have the rose analogy in our book. Luckily we don't like to eat roses."
"7532500778","","","","","2010-01-08 21:14:26 +0000","<a href=""http://flickr.com/services/twitter/"" rel=""nofollow"">Flickr</a>","Kellianne's blue light is working. She's blue! http://flic.kr/p/7ubnuF"
"7531980540","7523334409","10959642","","","2010-01-08 20:46:15 +0000","<a href=""http://itunes.apple.com/app/twitter/id333903271?mt=8"" rel=""nofollow"">Twitter for iPhone</a>","@tara Are you using the CD from the Hypnobirthing book? We're just starting it!"
"7530972427","","","","","2010-01-08 20:13:17 +0000","<a href=""http://itunes.apple.com/app/twitter/id333903271?mt=8"" rel=""nofollow"">Twitter for iPhone</a>","Today we meet our potential doula."
"7527463365","7526727574","10877","","","2010-01-08 18:17:25 +0000","<a href=""http://itunes.apple.com/app/twitter/id333903271?mt=8"" rel=""nofollow"">Twitter for iPhone</a>","@dkr Thank you!"
"7526690411","7525685295","10877","","","2010-01-08 17:52:57 +0000","<a href=""http://itunes.apple.com/app/twitter/id333903271?mt=8"" rel=""nofollow"">Twitter for iPhone</a>","@dkr Got an extra @quora invite by chance?"
"7506701842","","","","","2010-01-08 04:38:41 +0000","<a href=""http://flickr.com/services/twitter/"" rel=""nofollow"">Flickr</a>","8:36pm Checking out the new Vampire Weekend despite @rickwebb's warning. About to start cooking something. http://flic.kr/p/7u2ekR"
"7499674031","","","","","2010-01-08 01:11:57 +0000","<a href=""http://itunes.apple.com/app/twitter/id333903271?mt=8"" rel=""nofollow"">Twitter for iPhone</a>","Ooh, exciting! RT @hillel: Check out my writeup of @night_kitchen. http://bit.ly/7XeAM6 Seattle has a real all-night dining option."
"7492898104","","","","","2010-01-07 21:31:51 +0000","<a href=""http://itunes.apple.com/app/twitter/id333903271?mt=8"" rel=""nofollow"">Twitter for iPhone</a>","Last night, I added search, customization, and a secret feature to http://750words.com if you are at all interested in writing privately."
"7492857952","7492361813","8710082","","","2010-01-07 21:30:30 +0000","<a href=""http://itunes.apple.com/app/twitter/id333903271?mt=8"" rel=""nofollow"">Twitter for iPhone</a>","@matthickey I haven't. Can you edit files on the server?"
"7492265751","7492155444","8710082","","","2010-01-07 21:10:34 +0000","<a href=""http://itunes.apple.com/app/twitter/id333903271?mt=8"" rel=""nofollow"">Twitter for iPhone</a>","@matthickey Transmit + SubEthaEdit. In general, I love how it works, but this occasionally happens. I lost my morale-o-meter that way."
"7488694958","7488375044","11859732","","","2010-01-07 19:10:00 +0000","<a href=""http://itunes.apple.com/app/twitter/id333903271?mt=8"" rel=""nofollow"">Twitter for iPhone</a>","@brycethornton Hah, yes, of course I do, but did I check in within the last couple hours... no."
"7488232974","","","","","2010-01-07 18:54:48 +0000","<a href=""http://itunes.apple.com/app/twitter/id333903271?mt=8"" rel=""nofollow"">Twitter for iPhone</a>","I really hate it when I lose code because my ftp client uploads a blank file and I close my editing window. There go a few hours."
"7467399134","","","","","2010-01-07 04:38:32 +0000","<a href=""http://flickr.com/services/twitter/"" rel=""nofollow"">Flickr</a>","8:36pm Putting my house on the market again, these papers look very familiar. http://flic.kr/p/7tQVd7"
"7451210132","7447329165","2015","","","2010-01-06 19:39:31 +0000","<a href=""http://itunes.apple.com/app/twitter/id333903271?mt=8"" rel=""nofollow"">Twitter for iPhone</a>","@joshc The Up Series and Cosmos have kept me happy for a while now. I wish it was easier to share queues."
"7435506476","7431977510","16366882","","","2010-01-06 09:10:03 +0000","<a href=""http://itunes.apple.com/app/twitter/id333903271?mt=8"" rel=""nofollow"">Twitter for iPhone</a>","@zombielolita Those plushies are so cool! Strange and Charm Quarks are my faves."
"7435478891","","","7431977510","16366882","2010-01-06 09:08:23 +0000","<a href=""http://dev.twitter.com/"" rel=""nofollow"">API</a>","RT @zombielolita: particle physics and plushies??!?!?!  count me IN.  http://www.particlezoo.net/ (belated xmas gifts anymore?)"
"7435469412","7434798260","2015","","","2010-01-06 09:07:49 +0000","<a href=""http://itunes.apple.com/app/twitter/id333903271?mt=8"" rel=""nofollow"">Twitter for iPhone</a>","@joshc I've been watching Netflix Instant Play since it launched, and think it's awesome! But these days I hafta look hard for a good movie."
"7429658243","","","","","2010-01-06 04:38:31 +0000","<a href=""http://flickr.com/services/twitter/"" rel=""nofollow"">Flickr</a>","8:36pm Trussing this chicken cause I'm gonna roast it! http://flic.kr/p/7tzEQ3"
"7421625384","7420898214","758247","","","2010-01-06 00:37:46 +0000","<a href=""http://itunes.apple.com/app/twitter/id333903271?mt=8"" rel=""nofollow"">Twitter for iPhone</a>","@me3dia Awesome. Now I'm curious, what's the project?"
"7420864007","7420779313","758247","","","2010-01-06 00:12:49 +0000","<a href=""http://itunes.apple.com/app/twitter/id333903271?mt=8"" rel=""nofollow"">Twitter for iPhone</a>","@me3dia Start it anyway!  January 5th is just as cool."
"7392760792","","","","","2010-01-05 04:40:22 +0000","<a href=""http://flickr.com/services/twitter/"" rel=""nofollow"">Flickr</a>","8:36pm Trying to nap off this terrible mood (caffeine withdrawal?). Not working. http://flic.kr/p/7teEHk"
"7389688690","","","","","2010-01-05 03:00:49 +0000","<a href=""http://itunes.apple.com/app/twitter/id333903271?mt=8"" rel=""nofollow"">Twitter for iPhone</a>","@km0r3 Which site?  And... no, I built mostly in Ruby on Rails."
"7389591969","7344299821","52639880","","","2010-01-05 02:57:53 +0000","<a href=""http://itunes.apple.com/app/twitter/id333903271?mt=8"" rel=""nofollow"">Twitter for iPhone</a>","@Hdilla Could you type 750 words on an iPhone?"
"7356180705","","","","","2010-01-04 04:39:26 +0000","<a href=""http://flickr.com/services/twitter/"" rel=""nofollow"">Flickr</a>","8:36pm Last supper before health month! http://flic.kr/p/7sWaoa"
"7344565563","","","","","2010-01-03 22:00:34 +0000","<a href=""http://twitter.com/devices"" rel=""nofollow"">txt</a>","Buster vs photo mirror. Buster 0, photo mirror 10."
"7340683932","7340652078","7943892","","","2010-01-03 19:42:28 +0000","<a href=""http://itunes.apple.com/app/twitter/id333903271?mt=8"" rel=""nofollow"">Twitter for iPhone</a>","@ingopixel Sounds more intense than what I'm doing!  Good luck!"
"7338983479","","","","","2010-01-03 18:36:48 +0000","<a href=""http://itunes.apple.com/app/twitter/id333903271?mt=8"" rel=""nofollow"">Twitter for iPhone</a>","Health Month, anyone? http://busterbenson.livejournal.com/259062.html #fb"
"7325982231","7325559331","407","","","2010-01-03 07:29:09 +0000","<a href=""http://itunes.apple.com/app/twitter/id333903271?mt=8"" rel=""nofollow"">Twitter for iPhone</a>","@asa Yeah, I was a little sad to remove the hack... the design sense was just so inspired."
"7325458376","","","","","2010-01-03 07:04:19 +0000","<a href=""http://itunes.apple.com/app/twitter/id333903271?mt=8"" rel=""nofollow"">Twitter for iPhone</a>","Our pregnancy blog got hacked by some Indonesian child! http://zerotobaby.com (trying to fix it now)"
"7324265041","","","","","2010-01-03 06:12:44 +0000","<a href=""http://flickr.com/services/twitter/"" rel=""nofollow"">Flickr</a>","8:36pm Sherlock Holmes tempted us from our sleepy stroll home. Well done! http://flic.kr/p/7sB1Fg"
"7312692239","","","","","2010-01-02 23:04:06 +0000","<a href=""http://itunes.apple.com/app/twitter/id333903271?mt=8"" rel=""nofollow"">Twitter for iPhone</a>","My big checkin for 2009 http://bit.ly/6g9UuJ"
"7310462160","","","","","2010-01-02 21:32:19 +0000","<a href=""http://itunes.apple.com/app/twitter/id333903271?mt=8"" rel=""nofollow"">Twitter for iPhone</a>","Here's what I was doing at 8:36pm during 2009: http://bit.ly/7Tphyp (summary here: http://bit.ly/4YTL5n )"
"7289961306","","","","","2010-01-02 04:38:01 +0000","<a href=""http://flickr.com/services/twitter/"" rel=""nofollow"">Flickr</a>","8:36pm Going through all of my 8:36pm pictures of 2009 and figuring out what I did all year http://flic.kr/p/7skJCL"
"7286981534","","","","","2010-01-02 02:41:50 +0000","<a href=""http://itunes.apple.com/app/twitter/id333903271?mt=8"" rel=""nofollow"">Twitter for iPhone</a>","4 of the top 10 involve a bed! RT @ericacbarnett: Life's top 50 pleasures. My favorite: ""The cold side of the pillow"": http://bit.ly/7QexQC"
"7264513981","","","","","2010-01-01 08:21:45 +0000","<a href=""http://flickr.com/services/twitter/"" rel=""nofollow"">Flickr</a>","12:20am Happy Newest of Years all you hoodlums! The best is yet to happen.  #fb http://flic.kr/p/7s5G6s"
