"tweet_id","in_reply_to_status_id","in_reply_to_user_id","retweeted_status_id","retweeted_status_user_id","timestamp","source","text","expanded_urls"
"26048624037","26047595837","2915391","","","2010-10-01 04:09:14 +0000","<a href=""http://twitter.com"" rel=""nofollow"">Tweetie for Mac</a>","@michaelbkim Yeah, apparently. At least it made the trip!"
"26047029761","","","","","2010-10-01 03:46:20 +0000","<a href=""http://flickr.com/services/twitter/"" rel=""nofollow"">Flickr</a>","8:36pm This envelope has a lot of money in it http://flic.kr/p/8Fsdcf"
"26025711319","26024961051","7024672","","","2010-09-30 23:34:22 +0000","<a href=""http://twitter.com"" rel=""nofollow"">Tweetie for Mac</a>","@orchid8 I have @healthmonth reserved, but haven't figured out how I want to use it yet. Do you have a particular use in mind?"
"26012939895","","","","","2010-09-30 20:39:14 +0000","<a href=""http://twitter.com"" rel=""nofollow"">Tweetie for Mac</a>","Just added 3 new rules to healthmonth.com: 

1) Practice your musical instrument
2) Take your medication
3) Stay under rec. daily calories"
"26012808142","26012755719","24212532","","","2010-09-30 20:37:12 +0000","<a href=""http://twitter.com"" rel=""nofollow"">Tweetie for Mac</a>","@delohaas You lucky bastard. :)"
"26012750864","26012462378","52348443","","","2010-09-30 20:36:25 +0000","web","@CByrdine Right here: http://healthmonth.com"
"26011742758","26011273897","3452941","","","2010-09-30 20:21:20 +0000","<a href=""http://twitter.com"" rel=""nofollow"">Tweetie for Mac</a>","@moniguzman Yeah, trying to find a way to go that..."
"26010918646","26010761000","3452941","","","2010-09-30 20:09:00 +0000","<a href=""http://twitter.com"" rel=""nofollow"">Tweetie for Mac</a>","@moniguzman Uh oh, have you been bitten by the #gamification bug now too?  :)"
"26010498398","26009610626","3452941","","","2010-09-30 20:02:52 +0000","<a href=""http://twitter.com"" rel=""nofollow"">Tweetie for Mac</a>","@moniguzman Super jealous you got to hear @gzicherm's talk. Can you let me know if you see any posted notes or slides about it?"
"26004670021","","","","","2010-09-30 18:37:11 +0000","<a href=""http://twitter.com"" rel=""nofollow"">Tweetie for Mac</a>","Do you like to track things?  @dreeves and I are hosting Seattle's first Quantified Self Meetup on Oct 13th. RSVP! http://bit.ly/9kSc1P"
"26000172884","","52348443","","","2010-09-30 17:33:24 +0000","<a href=""http://twitter.com"" rel=""nofollow"">Tweetie for Mac</a>","@CByrdine @lesinski @CrazySphinx Some scaling issues at 750words.com, but the site should be back up now. Sorry about that."
"25956060371","","","25951059108","761628","2010-09-30 06:25:03 +0000","web","RT @RickWebb: Shhhheeeeeeeiiiitt. Yyyyeeeaaahhh.  Yes! Life? Yes! Right? Yeah! Feel it! It'll be okay! Yeaaaaaahhhhh!"
"25955281248","","","","","2010-09-30 06:07:47 +0000","<a href=""http://www.mailchimp.com"" rel=""nofollow"">MailChimp</a>","October's health month is starting in 2 days - http://eepurl.com/baB2M"
"25946970844","","","","","2010-09-30 03:39:18 +0000","<a href=""http://flickr.com/services/twitter/"" rel=""nofollow"">Flickr</a>","8:36pm Niko and his babysitter talk about going back to sleep http://flic.kr/p/8Fa5e6"
"25938236119","25937878829","769920","","","2010-09-30 01:45:26 +0000","<a href=""http://twitter.com"" rel=""nofollow"">Tweetie for Mac</a>","@livlab Oh yeah, I forgot about that one! Did your wild cards actually disappear?"
"25937219670","25934133554","12027792","","","2010-09-30 01:33:12 +0000","<a href=""http://twitter.com"" rel=""nofollow"">Tweetie for Mac</a>","@JamSmooth Not that much, these days."
"25933402706","","","","","2010-09-30 00:46:08 +0000","<a href=""http://twitter.com/download/iphone"" rel=""nofollow"">Twitter for iPhone</a>","Why oh why are there so many good ideas out there, begging to be given life?"
"25932864112","","","25917489804","124128583","2010-09-30 00:39:20 +0000","<a href=""http://twitter.com/download/iphone"" rel=""nofollow"">Twitter for iPhone</a>","RT @GoalMafia: Join @bjfogg + friends(#imoveyou,@healthmonth,@43things,@GoalMafia) on new #gamification Google Group http://bit.ly/games ..."
"25914468386","25913899856","9525212","","","2010-09-29 20:25:19 +0000","<a href=""http://twitter.com"" rel=""nofollow"">Tweetie for Mac</a>","@dandean I predict success! Until, as Niko did just two days ago, Owen realizes that he too can type on the keyboard."
"25900240586","25895951285","12761252","","","2010-09-29 16:55:45 +0000","<a href=""http://twitter.com/download/iphone"" rel=""nofollow"">Twitter for iPhone</a>","@haikugirl Yup those are new too! A hint of things to come. And I love the hands too!"
"25895250993","25895064187","12761252","","","2010-09-29 15:55:17 +0000","<a href=""http://twitter.com/download/iphone"" rel=""nofollow"">Twitter for iPhone</a>","@haikugirl Thanks! My friend Tag at sleepoversf drew it! Cool huh?"
"25857748778","25857507698","12661782","","","2010-09-29 05:44:58 +0000","<a href=""http://twitter.com/download/iphone"" rel=""nofollow"">Twitter for iPhone</a>","Also drinking RT @rondiver Also listening, learning RT @dreeves: the 1st Seattle Quantified Self Show+Tell will be Oct. 13. Details to come."
"25856521049","25856368639","20833838","","","2010-09-29 05:20:02 +0000","<a href=""http://twitter.com"" rel=""nofollow"">Tweetie for Mac</a>","@carinnatarvin That's why you're around though! Also, around 15 is perfect for Gandhi to blow your mind. #smurf"
"25852916263","25852639775","146194166","","","2010-09-29 04:15:37 +0000","<a href=""http://twitter.com"" rel=""nofollow"">Tweetie for Mac</a>","@k8ethics Do you have any experience submitting proposals for grants? If so, I might need your help!"
"25852728630","25852590473","1771141","","","2010-09-29 04:12:39 +0000","<a href=""http://twitter.com"" rel=""nofollow"">Tweetie for Mac</a>","@samantham I've been up since 5:30 myself. There must be a correlation between sleep deprivation and smurf humor."
"25850626687","","","","","2010-09-29 03:41:23 +0000","<a href=""http://flickr.com/services/twitter/"" rel=""nofollow"">Flickr</a>","8:36pm Fighting Sophie for the last couple pieces of chocolate http://flic.kr/p/8EXD1N"
"25846332973","25845940047","10959642","","","2010-09-29 02:45:35 +0000","<a href=""http://twitter.com/download/iphone"" rel=""nofollow"">Twitter for iPhone</a>","@tara I need to do the same. Share your progress cause I need to learn too."
"25845037052","25844820906","765","","","2010-09-29 02:29:14 +0000","<a href=""http://twitter.com"" rel=""nofollow"">Tweetie for Mac</a>","@seanbonner There should be a link under Settings. If that doesn't work then http://750words.com/home/logout"
"25844878465","25843854452","8708232","","","2010-09-29 02:27:16 +0000","<a href=""http://twitter.com"" rel=""nofollow"">Tweetie for Mac</a>","@brynn Cool, looking forward to it. It'll make more sense once the month starts too. Could use some UX love though..."
"25844826575","","","","","2010-09-29 02:26:38 +0000","<a href=""http://twitter.com"" rel=""nofollow"">Tweetie for Mac</a>","@jpdef Yeah, OpenID was a good idea at the time, but caused a lot of problems.  :)"
"25844799685","25844312093","765","","","2010-09-29 02:26:18 +0000","<a href=""http://twitter.com"" rel=""nofollow"">Tweetie for Mac</a>","@seanbonner and @tara, you guys are ambassadors of coolness and good will. Thank you! #rockonentrepreneurs"
"25844429770","","","","","2010-09-29 02:21:44 +0000","<a href=""http://twitter.com"" rel=""nofollow"">Tweetie for Mac</a>","@jpdef Awesome! Thanks for checking it out. I'd love to hear your thoughts on it after the month starts..."
"25843664260","25842438028","8708232","","","2010-09-29 02:12:27 +0000","<a href=""http://twitter.com"" rel=""nofollow"">Tweetie for Mac</a>","@brynn Hi Brynn! Cool name. What do you think of Health Month so far?"
"25842184815","25834751613","146194166","","","2010-09-29 01:55:07 +0000","<a href=""http://twitter.com"" rel=""nofollow"">Tweetie for Mac</a>","@k8ethics I think they're looking for ideas for the future, not current ideas, right?"
"25840476465","25815992503","1186","","","2010-09-29 01:34:09 +0000","<a href=""http://twitter.com/download/iphone"" rel=""nofollow"">Twitter for iPhone</a>","@chrismessina I saw your screenshots of Health Month on Flickr, sorry for all the 0stars, I'm working on it! :)"
"25836744900","25835154143","20833838","","","2010-09-29 00:47:53 +0000","<a href=""http://twitter.com/download/iphone"" rel=""nofollow"">Twitter for iPhone</a>","@carinnatarvin That's silly. He was a smurf!"
"25820464827","25814054032","5388592","","","2010-09-28 21:12:32 +0000","web","@preed It's a work-in-progress.  I won't do anything evil, but don't have the legalese yet: http://healthmonth.com/encyclopedia/privacy"
"25820108301","25815383168","259","","","2010-09-28 21:07:35 +0000","web","@ian You started a chain reaction with this tweet.  Thanks!  :)"
"25819920404","25818481377","705953","","","2010-09-28 21:04:57 +0000","web","@chris24 Ha, good point."
"25812814559","25810847257","6515802","","","2010-09-28 19:24:32 +0000","<a href=""http://twitter.com"" rel=""nofollow"">Tweetie for Mac</a>","@AlaiaWilliams I'm well! Good to see you out and about on the internet! :) What are you up to?"
"25810503405","25810106879","2854761","","","2010-09-28 18:51:42 +0000","<a href=""http://twitter.com"" rel=""nofollow"">Tweetie for Mac</a>","@galenward I was thinking the same thing. Hilarious."
"25807731500","","","","","2010-09-28 18:11:37 +0000","<a href=""http://twitter.com/download/iphone"" rel=""nofollow"">Twitter for iPhone</a>","To be enthusiastic against a crowd of indifference -- that is truly scary. #deepthoughtsduringwalks"
"25797078042","","","","","2010-09-28 15:54:23 +0000","<a href=""http://twitter.com"" rel=""nofollow"">Tweetie for Mac</a>","Enjoyment is the only true currency. #deepthoughtsbeforecoffee"
"25762659625","","","","","2010-09-28 06:45:43 +0000","<a href=""http://twitter.com/download/iphone"" rel=""nofollow"">Twitter for iPhone</a>","Why does taking a moment to appreciate the good things in life, and a day well-lived, feel so much like hitting the breaks on all momentum?"
"25752662675","","","","","2010-09-28 03:40:17 +0000","<a href=""http://flickr.com/services/twitter/"" rel=""nofollow"">Flickr</a>","8:36pm Just another lovely dinner with my lovely wife http://flic.kr/p/8ECuA4"
"25742571344","","","","","2010-09-28 01:32:09 +0000","<a href=""http://twitter.com"" rel=""nofollow"">Tweetie for Mac</a>","Prediction: naysayers will begin to play Farmville, first as a joke, and then find a way to ironically love it."
"25735572038","25730396172","106868038","","","2010-09-28 00:08:01 +0000","<a href=""http://twitter.com/download/iphone"" rel=""nofollow"">Twitter for iPhone</a>","@LazyMeter Looks great and makes sense!"
"25728020818","25724206473","55273","","","2010-09-27 22:40:42 +0000","<a href=""http://twitter.com/download/iphone"" rel=""nofollow"">Twitter for iPhone</a>","@debroby Great! Thank you! I'll send you more information soon."
"25721527937","","","25708029221","761628","2010-09-27 21:12:46 +0000","web","RT @RickWebb: Has anyone ever AB tested AB testing against not AB testing?"
"25662599036","25661967181","20833838","","","2010-09-27 06:11:11 +0000","<a href=""http://twitter.com"" rel=""nofollow"">Tweetie for Mac</a>","@carinnatarvin I'll sponsor you $10 for every train ride taken.  You should raise money Krunking Numbkits style."
"25659181650","25658892704","146194166","","","2010-09-27 05:07:47 +0000","<a href=""http://twitter.com"" rel=""nofollow"">Tweetie for Mac</a>","@k8ethics Wow, great list. Thanks for the tips, Kate."
"25659056017","25658079751","10959642","","","2010-09-27 05:05:47 +0000","<a href=""http://twitter.com"" rel=""nofollow"">Tweetie for Mac</a>","@tara Wow, I never saw @catworkout before. You are awesome."
"25658914808","25658666954","30495974","","","2010-09-27 05:03:17 +0000","<a href=""http://twitter.com"" rel=""nofollow"">Tweetie for Mac</a>","@berkun Oh, cool! I definitely will. Thank you."
"25658494709","25658127829","769920","","","2010-09-27 04:56:06 +0000","<a href=""http://twitter.com"" rel=""nofollow"">Tweetie for Mac</a>","@livlab No, I haven't really made a list yet. Mostly the big tech blogs though."
"25657814020","","","","","2010-09-27 04:44:33 +0000","<a href=""http://twitter.com"" rel=""nofollow"">Tweetie for Mac</a>","Drinking cheap brandy and working on my press release for Health Month. Can anyone think of more health+tech+games places to send it?"
"25656990964","","","25655030138","8453452","2010-09-27 04:31:21 +0000","web","RT @GuyKawasaki: How to change hearts, minds, and actions http://om.ly/vYUi"
"25656070100","25655503381","10877","","","2010-09-27 04:16:45 +0000","web","@dkr Awesome! Super excited to see what you think of it. #healthmonth"
"25654700422","25654465134","13171","","","2010-09-27 03:55:46 +0000","<a href=""http://twitter.com"" rel=""nofollow"">Tweetie for Mac</a>","@mandamonium Yes! You should! :)"
"25653917759","","","","","2010-09-27 03:44:43 +0000","<a href=""http://flickr.com/services/twitter/"" rel=""nofollow"">Flickr</a>","8:36pm Niko fell asleep but I'm still going. http://flic.kr/p/8Enuty"
"25649302507","","","","","2010-09-27 02:42:47 +0000","<a href=""http://flickr.com/services/twitter/"" rel=""nofollow"">Flickr</a>","Niko's first movie: Fantastic Mr Fox #badparent #greatmovie http://flic.kr/p/8EipLx"
"25597357709","","","","","2010-09-26 15:04:48 +0000","<a href=""http://twitter.com/download/iphone"" rel=""nofollow"">Twitter for iPhone</a>","Very curious to hear what teachers and the #gamification scene think about this NYT article on games and education:

http://j.mp/anSqZy"
"25557777927","","","","","2010-09-26 03:45:07 +0000","<a href=""http://flickr.com/services/twitter/"" rel=""nofollow"">Flickr</a>","8:36pm Processing #startupday while also checking out intersect.com's beta. Like it so far! http://flic.kr/p/8E3Pj1"
"25556731783","25551175954","1081","","","2010-09-26 03:30:20 +0000","<a href=""http://twitter.com/download/iphone"" rel=""nofollow"">Twitter for iPhone</a>","@davemcclure I'd love to talk to you about a couple ideas--next time for sure. Thanks for the reverse-inspirational talk, too."
"25548790432","","122774170","","","2010-09-26 01:40:53 +0000","<a href=""http://twitter.com/download/iphone"" rel=""nofollow"">Twitter for iPhone</a>","@chiefdoorman My favorite talk of the day. Thanks for sharing. #startupday"
"25546375988","","7017692","","","2010-09-26 01:06:04 +0000","<a href=""http://twitter.com/download/iphone"" rel=""nofollow"">Twitter for iPhone</a>","@DanielleMORRILL Good meeting you! Would love to hear more about social encouragement + Twilio ideas. Check out healthmonth.com too!"
"25518909783","","","25518857495","809641","2010-09-25 17:52:44 +0000","<a href=""http://twitter.com/download/iphone"" rel=""nofollow"">Twitter for iPhone</a>","RT @adamloving: At #startupday, love the way @davemcclure can  goad people to raise their hands, then call them idiots. He's right of co ..."
"25515067000","","","","","2010-09-25 17:00:39 +0000","<a href=""http://foursquare.com"" rel=""nofollow"">foursquare</a>","Excited about #startupday &al,200:conference (@ Meydenbauer Center w/ 16 others) http://4sq.com/4DlrSz"
"25507271737","25506698735","15936194","","","2010-09-25 15:25:37 +0000","<a href=""http://twitter.com"" rel=""nofollow"">Tweetie for Mac</a>","@Twilio I'm going to be at #startupday today and if I run into any Twilio people I'll throw some ideas at you!"
"25505757219","25505198712","260","","","2010-09-25 15:08:12 +0000","<a href=""http://twitter.com"" rel=""nofollow"">Tweetie for Mac</a>","@sharon I have the Twitter iPhone app and it's on my profile screen (in the ... section). This might work too: http://bit.ly/bApfT4"
"25475051308","","","","","2010-09-25 05:52:49 +0000","<a href=""http://twitter.com/download/iphone"" rel=""nofollow"">Twitter for iPhone</a>","Subtract your Twitter ID from the number of followers you have. Me: -174 #midnightmeme"
"25474785557","","","25472585331","41866944","2010-09-25 05:47:39 +0000","<a href=""http://twitter.com/download/iphone"" rel=""nofollow"">Twitter for iPhone</a>","RT @DrWeil: Fortunately, 'corn sugar' has become a sticky PR mess: http://weil.ws/9cxTwE"
"25474484430","25473802822","7362142","","","2010-09-25 05:41:52 +0000","<a href=""http://twitter.com/download/iphone"" rel=""nofollow"">Twitter for iPhone</a>","@kellianne And old chat transcripts and screenshots. #nerd"
"25474420153","25473543068","19028099","","","2010-09-25 05:40:39 +0000","<a href=""http://twitter.com/download/iphone"" rel=""nofollow"">Twitter for iPhone</a>","@MarshallHaas Sure is! It's all I've really developed in, other than Objective-C, since 2004ish."
"25474337287","25473659216","761975","","","2010-09-25 05:39:07 +0000","<a href=""http://twitter.com/download/iphone"" rel=""nofollow"">Twitter for iPhone</a>","@mathowie Yeah it looks really simple. Is the cost scalable for you?"
"25473256544","25473021636","19028099","","","2010-09-25 05:19:28 +0000","<a href=""http://twitter.com"" rel=""nofollow"">Tweetie for Mac</a>","@MarshallHaas Yeah. Rails is pretty simple, you'll pick it right up."
"25472895993","25472329429","19028099","","","2010-09-25 05:13:06 +0000","<a href=""http://twitter.com"" rel=""nofollow"">Tweetie for Mac</a>","@MarshallHaas If you want to take it on, I could totally advise. :)"
"25470627249","","","","","2010-09-25 04:35:22 +0000","<a href=""http://twitter.com"" rel=""nofollow"">Tweetie for Mac</a>","Twilio is pretty damn brilliant. Being able to programmatically make and send calls/sms. My head is spinning with ideas."
"25470386157","25470299379","8298992","","","2010-09-25 04:31:25 +0000","<a href=""http://twitter.com"" rel=""nofollow"">Tweetie for Mac</a>","@tariquesani It's on the product plan, but a few bigger fish on the plate at the moment (keeping the site up is number 1)."
"25470165772","25469613712","8298992","","","2010-09-25 04:27:59 +0000","<a href=""http://twitter.com"" rel=""nofollow"">Tweetie for Mac</a>","@tariquesani Yeah, something magical about a daily streak, isn't there?"
"25469825393","25469039079","19028099","","","2010-09-25 04:22:40 +0000","<a href=""http://twitter.com"" rel=""nofollow"">Tweetie for Mac</a>","@MarshallHaas Very cool. I retumbled with some commentary. Isn't it fun to have a forever project?"
"25468994383","25468568686","8298992","","","2010-09-25 04:10:01 +0000","<a href=""http://twitter.com/download/iphone"" rel=""nofollow"">Twitter for iPhone</a>","@tariquesani That's a really interesting idea actually. Never thought of that before."
"25467146029","","","","","2010-09-25 03:42:59 +0000","<a href=""http://flickr.com/services/twitter/"" rel=""nofollow"">Flickr</a>","8:36pm Lazing about on the couch http://flic.kr/p/8DN979"
"25460234947","","","","","2010-09-25 02:09:31 +0000","<a href=""http://twitter.com"" rel=""nofollow"">Tweetie for Mac</a>","Taking a look at this Twilio Fund http://bit.ly/bddBoV and exploring a couple ideas on integrating with healthmonth.com."
"25455518487","","","","","2010-09-25 01:06:47 +0000","<a href=""http://twitter.com"" rel=""nofollow"">Tweetie for Mac</a>","So who's going to #startupday tomorrow? Anyone near downtown have an extra seat in their car?"
"25441684364","","","","","2010-09-24 21:50:49 +0000","<a href=""http://twitter.com"" rel=""nofollow"">Tweetie for Mac</a>","#gamification thought leaders, begs a gamification thought leader board, right? http://bit.ly/9vJv98"
"25409649035","25409376779","12513","","","2010-09-24 14:39:23 +0000","<a href=""http://twitter.com/download/iphone"" rel=""nofollow"">Twitter for iPhone</a>","@lhl Why does that still sound so fun to me?"
"25383764139","25383580117","1000","","","2010-09-24 07:24:42 +0000","<a href=""http://twitter.com/download/iphone"" rel=""nofollow"">Twitter for iPhone</a>","@curiousjordy Are you using bundler? If not, I think a support ticket is your only hope. Or try changing paperclip to an earlier version."
"25383235381","25382970618","1000","","","2010-09-24 07:12:32 +0000","<a href=""http://twitter.com/download/iphone"" rel=""nofollow"">Twitter for iPhone</a>","@curiousjordy and push again. If that doesn't work, submit a ticket. It's a known problem that they have."
"25383201213","25382970618","1000","","","2010-09-24 07:11:45 +0000","<a href=""http://twitter.com/download/iphone"" rel=""nofollow"">Twitter for iPhone</a>","@curiousjordy Heroku sometimes crashes after a push. Try heroku logs to make sure it's not your fault, then add whitespace to a file and..."
"25375457022","","","","","2010-09-24 04:35:28 +0000","<a href=""http://flickr.com/services/twitter/"" rel=""nofollow"">Flickr</a>","8:36pm My first #hopsandchops. I am still waiting for the drama to start! http://flic.kr/p/8DziDu"
"25337320183","","","","","2010-09-23 20:02:43 +0000","<a href=""http://twitter.com"" rel=""nofollow"">Tweetie for Mac</a>","The gaming layer is starting to make sense to me. Interview with Kevin Slavin of Area/Code: http://oreil.ly/9WsRud /via @amyjokim"
"25333310654","","","","","2010-09-23 19:05:54 +0000","<a href=""http://twitter.com"" rel=""nofollow"">Tweetie for Mac</a>","Super excited about the @RunKeeper integration with @Foursquare. Getting badges for running now... this opens up a whole new world."
"25332257984","25331702702","7482","","","2010-09-23 18:50:18 +0000","<a href=""http://twitter.com"" rel=""nofollow"">Tweetie for Mac</a>","@arainert Wow, that is awesome! RunKeeper's one of my other favorite apps."
"25330707977","25330143976","2029651","","","2010-09-23 18:26:58 +0000","<a href=""http://twitter.com"" rel=""nofollow"">Tweetie for Mac</a>","@bostonsteamer No, I recently learned how. But it's awesome that more people are doing this. It's fun and tasty."
"25281867817","25281819936","2015","","","2010-09-23 05:33:58 +0000","<a href=""http://twitter.com"" rel=""nofollow"">Tweetie for Mac</a>","@joshc Yeah, could you pick some up for me please?  We were looking for it everywhere last summer."
"25278543008","","","25278218496","41866944","2010-09-23 04:33:08 +0000","<a href=""http://twitter.com/download/iphone"" rel=""nofollow"">Twitter for iPhone</a>","RT @DrWeil: RT @taraparkerpope Help Rename High Fructose Corn Syrup http://nyti.ms/cSTPqw (poll)"
"25275844920","","","","","2010-09-23 03:50:19 +0000","<a href=""http://twitter.com/download/iphone"" rel=""nofollow"">Twitter for iPhone</a>","To summarize: show up and be kind. Good advice for all ventures. RT @cdixon game mechanics applied to angel investing http://post.ly/zFi3"
"25275284982","","","","","2010-09-23 03:42:07 +0000","<a href=""http://flickr.com/services/twitter/"" rel=""nofollow"">Flickr</a>","8:36pm Reading the interweb in bed while my son sleeps and @Kellianne gets ready to go out for the night http://flic.kr/p/8Djo6W"
"25239306606","25239042758","16366882","","","2010-09-22 19:32:23 +0000","<a href=""http://twitter.com"" rel=""nofollow"">Tweetie for Mac</a>","@zombielolita Now that is certain."
"25238770073","25238257278","16366882","","","2010-09-22 19:24:03 +0000","<a href=""http://twitter.com"" rel=""nofollow"">Tweetie for Mac</a>","@zombielolita We're going to find out! He does love being outside... whether or not he cares about the animals is another question..."
"25238130469","25235658800","7943892","","","2010-09-22 19:14:44 +0000","<a href=""http://twitter.com"" rel=""nofollow"">Tweetie for Mac</a>","@ingopixel I sure did! Let's go to the zoo!"
"25224559314","25224347232","10959642","","","2010-09-22 16:08:24 +0000","<a href=""http://twitter.com"" rel=""nofollow"">Tweetie for Mac</a>","@tara Haha, I love no pants day!"
"25223570616","25223125151","10959642","","","2010-09-22 15:56:32 +0000","web","@tara Oh shoot! Comment purgatory. :("
"25221447998","","","25198483053","1118691","2010-09-22 15:31:02 +0000","web","RT @bjfogg: Do digital ""game mechanics"" change analog behaviors? Here's quick map of landscape (you can add examples) http://bit.ly/game ..."
"25220114255","","","","","2010-09-22 15:15:24 +0000","<a href=""http://twitter.com"" rel=""nofollow"">Tweetie for Mac</a>","Awesome! @rww has gone through the trouble of explaining ""what I do"" in a very kind portrait: http://rww.to/90Re36"
"25216923150","","","25194967294","4641021","2010-09-22 14:38:25 +0000","<a href=""http://twitter.com/download/iphone"" rel=""nofollow"">Twitter for iPhone</a>","RT @RWW: Buster Benson & His Journey to Enjoymentland http://rww.to/d2WevK"
"25191161410","","","25188481012","1421521","2010-09-22 07:08:13 +0000","<a href=""http://twitter.com/download/iphone"" rel=""nofollow"">Twitter for iPhone</a>","RT @adamnash: Blog: Want Engagement? Find the Heat. http://bit.ly/9D539X"
"25190740762","","","25190124761","37032646","2010-09-22 06:58:08 +0000","<a href=""http://twitter.com/download/iphone"" rel=""nofollow"">Twitter for iPhone</a>","RT @uxfeeds: 7 Warning Signs Your ?Big Idea? Is Going to Flop:  http://bit.ly/b7HH6Q #ux"
"25185749034","","","","","2010-09-22 05:05:47 +0000","<a href=""http://flickr.com/services/twitter/"" rel=""nofollow"">Flickr</a>","Charlotte is a 70-year old man in a 26-year old woman's body http://flic.kr/p/8D2c3R"
"25181072401","","","","","2010-09-22 03:45:21 +0000","<a href=""http://flickr.com/services/twitter/"" rel=""nofollow"">Flickr</a>","8:36pm Canning at the Madsen house http://flic.kr/p/8D4tT9"
"25174831469","25174388232","1059951","","","2010-09-22 02:17:32 +0000","<a href=""http://twitter.com/download/iphone"" rel=""nofollow"">Twitter for iPhone</a>","@MichelleBee Wait, you can help with marketing? I need help too!"
"25161255611","25160172343","1118691","","","2010-09-21 23:23:14 +0000","<a href=""http://twitter.com"" rel=""nofollow"">Tweetie for Mac</a>","@bjfogg Nike+, Weight Watchers, universities, Scientology. You probably meant technology-based though. Foursquare is still my fave."
"25157509981","","","","","2010-09-21 22:32:28 +0000","<a href=""http://twitter.com"" rel=""nofollow"">Tweetie for Mac</a>","I have &gt;12 reasons to visit San Francisco. Free tickets to TC's Disrupt event would definitely help motivate. http://tcrn.ch/dB9i09 #crunch"
"25129792133","25124325088","17155426","","","2010-09-21 15:47:53 +0000","<a href=""http://twitter.com"" rel=""nofollow"">Tweetie for Mac</a>","@juzerali Thank you! Did you find it through the Lifehacker article? I'm looking forward to next month's big game."
"25129567007","25080291722","20833838","","","2010-09-21 15:45:04 +0000","<a href=""http://twitter.com"" rel=""nofollow"">Tweetie for Mac</a>","@carinnatarvin I could possibly do this, especially if it was a dance battle. Is there an agenda? A question or format? Send me details!"
"25127502474","25126442520","752413","","","2010-09-21 15:19:33 +0000","<a href=""http://twitter.com/download/iphone"" rel=""nofollow"">Twitter for iPhone</a>","@agregov Mark all as read! Works every time."
"25093539341","25017386038","14435477","","","2010-09-21 05:38:59 +0000","<a href=""http://twitter.com/download/iphone"" rel=""nofollow"">Twitter for iPhone</a>","@dingstweets Thanks! And thanks also for curating all the ramification links I need to know about. Saves lots of time!"
"25087895520","","","","","2010-09-21 03:56:21 +0000","<a href=""http://flickr.com/services/twitter/"" rel=""nofollow"">Flickr</a>","8:36pm I cooked this and the only thing keeping me from eating it is Niko's speed to sleep http://flic.kr/p/8CJHPZ"
"25085483096","25085138132","20405425","","","2010-09-21 03:22:01 +0000","<a href=""http://twitter.com"" rel=""nofollow"">Tweetie for Mac</a>","@thebestmicah True. It was conceived more for existing couples to continue going on dates than for singletons... but it's optional for all."
"25085063449","25082345690","20405425","","","2010-09-21 03:16:04 +0000","web","@thebestmicah Social health, of course!"
"25079184962","","","","","2010-09-21 01:56:22 +0000","<a href=""http://twitter.com"" rel=""nofollow"">Tweetie for Mac</a>","""I can't believe there's not a brand on the internet that represents fun."" - Mark Pincus won me over with this video: http://bit.ly/bT8RA3"
"25053259221","","","25052676291","947851","2010-09-20 19:55:34 +0000","web","RT @dreeves: minimizing regret as a decision making strategy http://post.ly/ygbL (via @cdixon)"
"25050509303","","","","","2010-09-20 19:12:02 +0000","<a href=""http://twitter.com"" rel=""nofollow"">Tweetie for Mac</a>","I think @nikobenson is a secret Radiohead fan. Don't tell @kellianne! #babybrainwashing"
"25046836329","25046555158","5562742","","","2010-09-20 18:13:13 +0000","web","@megancasey Same! I would really love your feedback and ideas on the game-elements. Thin vs deep, etc."
"25046215273","","","","","2010-09-20 18:03:23 +0000","<a href=""http://twitter.com/tweetbutton"" rel=""nofollow"">Tweet Button</a>","Hey look! RT @lifehacker Health Month Is a Game to Help You Meet Your Health Goals http://t.co/LFCPATy","http://lifehacker.com/5642560/"
"25045909434","25045719874","16366882","","","2010-09-20 17:58:39 +0000","web","@zombielolita That's okay, just enjoy your family and post a plea for fruit afterwards and we'll heal you back up!"
"25030594378","25029286566","7092172","","","2010-09-20 14:40:09 +0000","<a href=""http://twitter.com"" rel=""nofollow"">Tweetie for Mac</a>","@rosshill Try again in a minute. I think it's due to typekit's experimental features, which I just disabled."
"25026622502","25009135911","5949972","","","2010-09-20 13:51:23 +0000","<a href=""http://twitter.com/download/iphone"" rel=""nofollow"">Twitter for iPhone</a>","@edithyeung Thanks, Edith! It was a great well-rounded event with good talks, people, and conversations after!"
"25003326224","","","25001741747","18995147","2010-09-20 06:26:13 +0000","<a href=""http://twitter.com/download/iphone"" rel=""nofollow"">Twitter for iPhone</a>","RT @Ali_Davis: About that ""no evidence for evolution"" thing... http://bit.ly/cq8S0Y"
"24994293718","","","","","2010-09-20 03:41:34 +0000","<a href=""http://flickr.com/services/twitter/"" rel=""nofollow"">Flickr</a>","8:36pm I lost lots of parent points for failing on the nap schedule today http://flic.kr/p/8Cq1mg"
"24959886454","","","","","2010-09-19 19:18:08 +0000","<a href=""http://plancast.com"" rel=""nofollow"">Plancast</a>","#plan Hops & Chops Geek Meetup (Auto Battery) Thu, Sep 23, 2010, 6:30pm http://planca.st/B52"
"24956211856","24955517682","772386","","","2010-09-19 18:22:05 +0000","<a href=""http://twitter.com"" rel=""nofollow"">Tweetie for Mac</a>","@willotoons Mmmm... bacon."
"24955438363","","","","","2010-09-19 18:10:22 +0000","<a href=""http://twitter.com"" rel=""nofollow"">Tweetie for Mac</a>","""To make lasting changes in our health habits, we may need our friends to change their habits with us."" #healthmonth http://nyti.ms/dbo9b2"
"24954220779","24953700475","820661","","","2010-09-19 17:52:16 +0000","<a href=""http://twitter.com"" rel=""nofollow"">Tweetie for Mac</a>","@daveschappell Universe and baby willing, I WILL be there."
"24953369085","24950856250","6140","","","2010-09-19 17:39:39 +0000","<a href=""http://twitter.com"" rel=""nofollow"">Tweetie for Mac</a>","@brady I keep seeing @500startups popping up. Is this something I should look into?"
"24939950200","24934876047","769920","","","2010-09-19 14:42:24 +0000","<a href=""http://twitter.com/download/iphone"" rel=""nofollow"">Twitter for iPhone</a>","@livlab Are you sure it doesn't show up at the bottom? May have to reverse ordering. And fix, if it's broken."
"24907305062","","","","","2010-09-19 04:26:17 +0000","<a href=""http://flickr.com/services/twitter/"" rel=""nofollow"">Flickr</a>","At the #btd after party http://flic.kr/p/8C5PLR"
"24892057315","","","","","2010-09-19 00:36:32 +0000","<a href=""http://twitter.com/download/iphone"" rel=""nofollow"">Twitter for iPhone</a>","Just did a nervous 1-minute pitch for http://healthmonth.com at #btd. My toastmaster skills are super rusty!"
"24880444660","","","","","2010-09-18 21:19:16 +0000","<a href=""http://twitter.com/download/iphone"" rel=""nofollow"">Twitter for iPhone</a>","Made it to BizTechDay thanks to @ThoughtShot and @Biznik. Totally stoked! #btd"
"24868224801","24867879658","28057225","","","2010-09-18 17:52:53 +0000","<a href=""http://twitter.com/download/iphone"" rel=""nofollow"">Twitter for iPhone</a>","@mj_lawrence Wow, awesome! Thank you!"
"24866570299","24866169121","23521816","","","2010-09-18 17:29:35 +0000","<a href=""http://twitter.com"" rel=""nofollow"">Tweetie for Mac</a>","@ThoughtShot I live 2 blocks away! But don't worry about it. Maybe just let me know where the after party is? :)"
"24863696254","24863092121","23521816","","","2010-09-18 16:51:19 +0000","<a href=""http://twitter.com"" rel=""nofollow"">Tweetie for Mac</a>","@ThoughtShot Oh, just semi-facetiously trying to get someone to sneak me in to @biztechday since I'm poor. Really, just jealous."
"24863251948","","","","","2010-09-18 16:45:36 +0000","<a href=""http://www.brizzly.com"" rel=""nofollow"">Brizzly</a>","Noted. RT @lyndit: If there was ever a moment to follow your passion and do work that matters, this is the time -@benhuh"
"24863145530","24862323706","143694663","","","2010-09-18 16:44:15 +0000","<a href=""http://twitter.com"" rel=""nofollow"">Tweetie for Mac</a>","@outseide If @thoughtshot knows of a secret entrance, let me know. Or an underground tunnel could work too."
"24861776635","","","","","2010-09-18 16:26:34 +0000","<a href=""http://twitter.com"" rel=""nofollow"">Tweetie for Mac</a>","If anyone has clues on how to sneak in to @biztechday, let me know. It's just across the street from my house!"
"24849791653","","","","","2010-09-18 13:54:23 +0000","<a href=""http://twitter.com/download/iphone"" rel=""nofollow"">Twitter for iPhone</a>","Lots of studies lately on how health habits and conditions spread through social networks. #healthmonth

http://lat.ms/aBUo4W /via @sgdean"
"24818504488","","","","","2010-09-18 03:41:59 +0000","<a href=""http://flickr.com/services/twitter/"" rel=""nofollow"">Flickr</a>","8:36pm Importing Locavore into Github and pushing 750words.com database to Heroku. It's a race! http://flic.kr/p/8BSp7u"
"24813081014","24812636740","20833838","","","2010-09-18 02:25:17 +0000","<a href=""http://twitter.com"" rel=""nofollow"">Tweetie for Mac</a>","@carinnatarvin Woah that's awesome!  Cha-ching $$$"
"24794212711","","","","","2010-09-17 21:45:28 +0000","<a href=""http://twitter.com"" rel=""nofollow"">Tweetie for Mac</a>","I'm on a video chat rampage! Met the amazing @gwenbell and @patrickcantype just now and am super inspired by their ideas."
"24770318719","24769817972","16001452","","","2010-09-17 15:58:24 +0000","<a href=""http://twitter.com"" rel=""nofollow"">Tweetie for Mac</a>","@pfeffunit I've read the Wikipedia page for it, does that count? :)"
"24768455528","24767252548","7413172","","","2010-09-17 15:37:10 +0000","<a href=""http://twitter.com"" rel=""nofollow"">Tweetie for Mac</a>","@jackiewolven No, I didn't! Do you have a link to it?"
"24766052041","","","","","2010-09-17 15:08:59 +0000","<a href=""http://twitter.com/download/iphone"" rel=""nofollow"">Twitter for iPhone</a>","Is life a game? http://j.mp/bzJfzW #gamification"
"24728205362","24727765434","21135674","","","2010-09-17 03:59:25 +0000","<a href=""http://twitter.com"" rel=""nofollow"">Tweetie for Mac</a>","@e_ramirez I'm a big @bjfogg fan, for sure. Email me any time at this username at gmail."
"24727757662","24727209408","19028099","","","2010-09-17 03:52:37 +0000","<a href=""http://twitter.com"" rel=""nofollow"">Tweetie for Mac</a>","@MarshallHaas I had heard people talking about it, but hadn't watched it til now. It definitely resonates with me. Working on a response..."
"24727139404","24726087333","21135674","","","2010-09-17 03:43:30 +0000","<a href=""http://twitter.com"" rel=""nofollow"">Tweetie for Mac</a>","@e_ramirez Cool. You're definitely thinking about the same things as me. Would love your input on the rules, and if we need to change them."
"24727068996","","","","","2010-09-17 03:42:29 +0000","<a href=""http://flickr.com/services/twitter/"" rel=""nofollow"">Flickr</a>","8:36pm Watching @jesseschell's DICE talk from a while ago. Scared and delighted about the future http://flic.kr/p/8BA8C2"
"24725441987","","","23862867322","12065472","2010-09-17 03:20:15 +0000","<a href=""http://twitter.com/download/iphone"" rel=""nofollow"">Twitter for iPhone</a>","RT @sgdean: Game designer @jesseschell's points system for everything. maybe to inspire us to do things differently http://bit.ly/b5Fvog"
"24688159258","24687074013","820661","","","2010-09-16 18:45:18 +0000","<a href=""http://twitter.com"" rel=""nofollow"">Tweetie for Mac</a>","@daveschappell Nice interview there. I think I learned some things!"
"24679251822","24678903938","11866662","","","2010-09-16 16:38:30 +0000","<a href=""http://twitter.com"" rel=""nofollow"">Tweetie for Mac</a>","@helveticagirl Woah... what? Really? What did they say?"
"24645152246","24640192598","6647242","","","2010-09-16 07:44:52 +0000","<a href=""http://twitter.com/download/iphone"" rel=""nofollow"">Twitter for iPhone</a>","@macmuc Yeah I'm just as amazed as you I think... you never really know how these communities are going to unfold."
"24635962376","","","","","2010-09-16 04:36:28 +0000","<a href=""http://twitter.com"" rel=""nofollow"">Tweetie for Mac</a>","My Enjoymentland 90-day-challenge ends tonight at midnight. Here's my stated goal: http://bit.ly/9wvMGk Sharing results tomorrow."
"24632221055","","","","","2010-09-16 03:39:12 +0000","<a href=""http://flickr.com/services/twitter/"" rel=""nofollow"">Flickr</a>","8:36pm Finishing up a talk at Town Hall about nurturing babies' minds http://flic.kr/p/8BpeJ1"
"24617961422","24617435399","8710082","","","2010-09-16 00:33:06 +0000","<a href=""http://twitter.com/download/iphone"" rel=""nofollow"">Twitter for iPhone</a>","@matthickey I could meet right now actually. Belltown or Cappy Hill?"
"24617015665","","","","","2010-09-16 00:20:49 +0000","<a href=""http://twitter.com"" rel=""nofollow"">Tweetie for Mac</a>","I should do more video Skype virtual burrito dates with people I admire like @superamit.  Fun times!"
"24609146433","24608463453","792738","","","2010-09-15 22:31:42 +0000","web","@Cruftbox Thank you!  And yes, there is a sleep rule!  http://healthmonth.com/elements/sleep"
"24589222078","24588594407","6140","","","2010-09-15 17:28:26 +0000","<a href=""http://twitter.com"" rel=""nofollow"">Tweetie for Mac</a>","@brady Oh, I found my people eventually.  :) I think this Ignite was the best one I've been to yet.  Good work!"
"24586962017","24585145028","10451672","","","2010-09-15 16:57:45 +0000","<a href=""http://twitter.com/download/iphone"" rel=""nofollow"">Twitter for iPhone</a>","@shaboom Thanks! Right energy is important! Especially here in Seattle."
"24584411557","24583013727","10451672","","","2010-09-15 16:25:24 +0000","<a href=""http://twitter.com"" rel=""nofollow"">Tweetie for Mac</a>","@shaboom Hello, Molly! Thank you, and thanks for spreading the word!"
"24576455465","24556542148","64313","","","2010-09-15 14:51:24 +0000","<a href=""http://twitter.com/download/iphone"" rel=""nofollow"">Twitter for iPhone</a>","@bash Thank you! I'm excited about the potential too."
"24547577437","24520995283","5491","","","2010-09-15 06:31:01 +0000","<a href=""http://twitter.com/download/iphone"" rel=""nofollow"">Twitter for iPhone</a>","@cameronmarlow Welcome to the full name scope, Cameron!"
"24547541921","","","24546219707","5491","2010-09-15 06:30:14 +0000","<a href=""http://twitter.com/download/iphone"" rel=""nofollow"">Twitter for iPhone</a>","RT @cameronmarlow: High Fructose Corn Syrup might get a sweet new brand: ""Corn Sugar"" http://nyti.ms/dzS3a5"
"24541540300","24537708918","780991","","","2010-09-15 04:36:59 +0000","<a href=""http://twitter.com/download/iphone"" rel=""nofollow"">Twitter for iPhone</a>","@amyjokim Agreed. The article was good. Thanks for curating!"
"24539379688","","","","","2010-09-15 04:03:15 +0000","<a href=""http://flickr.com/services/twitter/"" rel=""nofollow"">Flickr</a>","8:36pm At Ignite! #is11 http://flic.kr/p/8B6yHV"
"24539114422","","16095572","","","2010-09-15 03:59:30 +0000","<a href=""http://twitter.com/download/iphone"" rel=""nofollow"">Twitter for iPhone</a>","@toddbishop You brought a tear to my eye! Great talk! #is11"
"24538469171","","11866662","","","2010-09-15 03:50:01 +0000","<a href=""http://twitter.com/download/iphone"" rel=""nofollow"">Twitter for iPhone</a>","@helveticagirl Great talk at @ignitesea! :)"
"24534758024","24534083202","145447681","","","2010-09-15 02:59:18 +0000","<a href=""http://twitter.com/download/iphone"" rel=""nofollow"">Twitter for iPhone</a>","@danlindvall I haven't. Do you have links to share? I'd love to check them out."
"24534521414","","","","","2010-09-15 02:56:07 +0000","<a href=""http://twitter.com/download/iphone"" rel=""nofollow"">Twitter for iPhone</a>","I'm at @brady's @ignitesea all by myself with hundreds of other nerds. Who's coming?"
"24530896605","24530442404","780991","","","2010-09-15 02:08:32 +0000","<a href=""http://twitter.com"" rel=""nofollow"">Tweetie for Mac</a>","@amyjokim I'm didn't read that they don't want to compete. They just don't want to compete with other people. Self-competition, however..."
"24528654615","24526116132","8710082","","","2010-09-15 01:40:02 +0000","<a href=""http://twitter.com"" rel=""nofollow"">Tweetie for Mac</a>","@matthickey I'll have to play it by ear. Baby's ear."
"24525534301","24525212005","8710082","","","2010-09-15 01:00:46 +0000","<a href=""http://twitter.com/download/iphone"" rel=""nofollow"">Twitter for iPhone</a>","@matthickey Let's hear it! I'll be at #ignitesea tonight if you're gonna be there too."
"24524663137","","","","","2010-09-15 00:49:04 +0000","<a href=""http://twitter.com/download/iphone"" rel=""nofollow"">Twitter for iPhone</a>","These are exciting times!"
"24492963972","24491465241","6647242","","","2010-09-14 17:04:38 +0000","<a href=""http://twitter.com/download/iphone"" rel=""nofollow"">Twitter for iPhone</a>","@macmuc I vote awesome!"
"24485222974","","","","","2010-09-14 15:29:54 +0000","<a href=""http://twitter.com"" rel=""nofollow"">Tweetie for Mac</a>","Health Month mentioned on Kottke! http://bit.ly/92LnxE Also, to sign up for a free month, join this First Timers team: http://bit.ly/a3K3pH"
"24447793152","","","24392197918","19675361","2010-09-14 04:34:20 +0000","<a href=""http://twitter.com/download/iphone"" rel=""nofollow"">Twitter for iPhone</a>","RT @cjerrells: Wow, having strangers send you fruit to heal you on Health Month is really kind of touching!"
"24444130688","","","","","2010-09-14 03:40:31 +0000","<a href=""http://flickr.com/services/twitter/"" rel=""nofollow"">Flickr</a>","8:36pm Project Work-From-Home Dad day 1 results: Niko didn't mind, but work output could be higher. B+! http://flic.kr/p/8ASgK5"
"24430771607","24429929911","16366882","","","2010-09-14 00:49:10 +0000","<a href=""http://twitter.com"" rel=""nofollow"">Tweetie for Mac</a>","@zombielolita Yeah I guess so. And I haven't even posted the one of him holding my pint of beer yet."
"24429749248","","","","","2010-09-14 00:35:54 +0000","<a href=""http://flickr.com/services/twitter/"" rel=""nofollow"">Flickr</a>","Niko vs Niko Niko http://flic.kr/p/8APRmS"
"24425412622","24425083145","769920","","","2010-09-13 23:38:09 +0000","<a href=""http://twitter.com/download/iphone"" rel=""nofollow"">Twitter for iPhone</a>","@livlab Thanks! I figured since people might have to wait several weeks to start playing, I may as well give them some pics to look at."
"24394093905","","","","","2010-09-13 15:52:47 +0000","<a href=""http://twitter.com"" rel=""nofollow"">Tweetie for Mac</a>","Today is @kellianne's first day back at work. I've got @nikobenson for almost 12 hours! Wish us both good luck."
"24383123024","","","","","2010-09-13 13:39:59 +0000","<a href=""http://twitter.com"" rel=""nofollow"">Tweetie for Mac</a>","Best xkcd in a while: http://xkcd.com/792/"
"24361466680","","","","","2010-09-13 06:50:17 +0000","<a href=""http://twitter.com"" rel=""nofollow"">Tweetie for Mac</a>","Just launched a new feature on http://healthmonth.com that I think people will really like. Teams! #fb"
"24351424908","","","","","2010-09-13 03:48:14 +0000","<a href=""http://flickr.com/services/twitter/"" rel=""nofollow"">Flickr</a>","8:36pm Just finished the dishes, ready for banana bread. http://flic.kr/p/8Av5jD"
"24251691069","","","","","2010-09-12 03:45:24 +0000","<a href=""http://flickr.com/services/twitter/"" rel=""nofollow"">Flickr</a>","8:36pm Our dinner, using the new HDR setting on my iPhone http://flic.kr/p/8AdnVq"
"24211019586","","","","","2010-09-11 17:09:46 +0000","<a href=""http://flickr.com/services/twitter/"" rel=""nofollow"">Flickr</a>","Niko likes getting whipped by socks apparently http://flic.kr/p/8A5osQ"
"24205026180","24204295722","17937485","","","2010-09-11 15:53:06 +0000","<a href=""http://twitter.com/download/iphone"" rel=""nofollow"">Twitter for iPhone</a>","@GVRV Me too! It is possible, I think!"
"24204036278","24203538116","17937485","","","2010-09-11 15:40:50 +0000","<a href=""http://twitter.com"" rel=""nofollow"">Tweetie for Mac</a>","@GVRV Well still working on the second half of that equation a little bit.  :)"
"24203177787","","","","","2010-09-11 15:30:09 +0000","<a href=""http://twitter.com"" rel=""nofollow"">Tweetie for Mac</a>","The illustrated guide to a PhD: http://bit.ly/adbdkl /via @rickwebb"
"24164107303","","","","","2010-09-11 03:39:42 +0000","<a href=""http://flickr.com/services/twitter/"" rel=""nofollow"">Flickr</a>","8:36pm Rick Webb in town for One Night Only(tm) http://flic.kr/p/8zX89E"
"24151810849","","","","","2010-09-11 00:47:14 +0000","<a href=""http://twitter.com/download/iphone"" rel=""nofollow"">Twitter for iPhone</a>","This could be a sign of the apocalypse: @sippey forked @anildash's ""Forking is a Feature"" http://bit.ly/bo0OrR Original: http://j.mp/cXaMdF"
"24130548795","","","","","2010-09-10 19:12:07 +0000","<a href=""http://twitter.com"" rel=""nofollow"">Tweetie for Mac</a>","Two old blog posts on enjoyment that I re-read and feel like reminding myself about:

http://bit.ly/d43FOA & http://bit.ly/8YyAVI"
"24113016462","","","23969725708","4030","2010-09-10 15:16:54 +0000","web","RT @monstro: ""The simplest way to squeeze more experience out of life is to be more attentive to the everyday details of the world."" htt ..."
"24072978553","","","","","2010-09-10 03:39:25 +0000","<a href=""http://flickr.com/services/twitter/"" rel=""nofollow"">Flickr</a>","8:36pm Swear this guy was asleep a few seconds before this http://flic.kr/p/8zEdPR"
"24006970563","24002363388","17785113","","","2010-09-09 13:00:41 +0000","<a href=""http://twitter.com/download/iphone"" rel=""nofollow"">Twitter for iPhone</a>","@k8dodgery That's so cool! How many days do you need to do? Ask your teacher to email me with ways I can help make it work better for you."
"23980045268","23979803149","18139658","","","2010-09-09 04:35:41 +0000","<a href=""http://twitter.com"" rel=""nofollow"">Tweetie for Mac</a>","@jamiebillingham Definitely! I'm working on a way for orgs to sponsor big groups right now, even. Email me at this username at gmail..."
"23977062564","","","","","2010-09-09 03:51:43 +0000","<a href=""http://flickr.com/services/twitter/"" rel=""nofollow"">Flickr</a>","8:36pm Kellianne gained 50 hotness points for her new haircut, if that's possible http://flic.kr/p/8zsX4m"
"23976198590","","","","","2010-09-09 03:39:57 +0000","<a href=""http://twitter.com"" rel=""nofollow"">Tweetie for Mac</a>","Apparently http://750words.com is being used as an assignment in a college course at Ball State University.  Awesome!"
"23965086467","23960101856","18139658","","","2010-09-09 01:15:22 +0000","<a href=""http://twitter.com/download/iphone"" rel=""nofollow"">Twitter for iPhone</a>","@jamiebillingham I'd love to hear how healthmonth.com can work for what you need. It's new and still in development."
"23948287686","23948011032","784078","","","2010-09-08 21:16:55 +0000","<a href=""http://twitter.com"" rel=""nofollow"">Tweetie for Mac</a>","@alicetiara Congrats, that's totally awesome. You rock."
"23937960793","23932968809","7210762","","","2010-09-08 18:36:58 +0000","<a href=""http://twitter.com"" rel=""nofollow"">Tweetie for Mac</a>","@jacobyryan Definitely! Email me at my twitter username at gmail."
"23889836238","23877477463","20833838","","","2010-09-08 05:58:52 +0000","<a href=""http://twitter.com/download/iphone"" rel=""nofollow"">Twitter for iPhone</a>","@carinnatarvin Probably too late but: gamification, babyification, healthification!"
"23881302019","","","","","2010-09-08 03:40:20 +0000","<a href=""http://flickr.com/services/twitter/"" rel=""nofollow"">Flickr</a>","8:36pm Made dinner for points and waiting for Niko to fall asleep http://flic.kr/p/8z8Mvt"
"23879825668","","","","","2010-09-08 03:20:18 +0000","<a href=""http://twitter.com"" rel=""nofollow"">Tweetie for Mac</a>","Track 3, The Alcoholic, from R?yksopp upcoming album, is just the thing. Stream the whole album: 

http://hypem.com/artist/royksopp"
"23856491262","23856376014","16366882","","","2010-09-07 22:05:42 +0000","<a href=""http://twitter.com"" rel=""nofollow"">Tweetie for Mac</a>","@zombielolita Luckily, I lived through it vicariously as well."
"23855674084","","","","","2010-09-07 21:54:04 +0000","<a href=""http://twitter.com"" rel=""nofollow"">Tweetie for Mac</a>","Kellianne's edited birth is now on Offbeat Mama: http://offbeatmama.com/2010/09/niko-birth-story"
"23254069484","","","","","2010-09-07 16:57:45 +0000","<a href=""http://twitter.com"" rel=""nofollow"">Tweetie for Mac</a>","How to go a bit crazy: think about how many nutrients/calorie you're getting and divide that by its carbon footprint: http://bit.ly/bExNpk"
"23245234012","","","","","2010-09-07 15:10:54 +0000","<a href=""http://twitter.com/download/iphone"" rel=""nofollow"">Twitter for iPhone</a>","Wired UK likens healthmonth.com to a self-improvement RPG. Cool and thorough article: http://j.mp/9EMBus"
"23204513673","","","","","2010-09-07 03:40:55 +0000","<a href=""http://flickr.com/services/twitter/"" rel=""nofollow"">Flickr</a>","8:36pm Watching the last 3 weeks of Mad Men while Niko parties on http://flic.kr/p/8yTkEh"
"23175727047","23173710363","5562792","","","2010-09-06 20:40:46 +0000","<a href=""http://twitter.com"" rel=""nofollow"">Tweetie for Mac</a>","@dannyman True.  Any references on how much electricity a computer uses while sleeping?"
"23173631374","","","","","2010-09-06 20:06:27 +0000","<a href=""http://twitter.com/download/iphone"" rel=""nofollow"">Twitter for iPhone</a>","4 things we stopped doing, in order: turning off our computer, disconnecting from the internet, closing our browser, logging out. #tunedin"
"23158147918","23129678538","15221363","","","2010-09-06 16:18:06 +0000","<a href=""http://twitter.com"" rel=""nofollow"">Tweetie for Mac</a>","@countessian A few things were out of whack because I moved you from October. They will be correct now if you want to re-do the day."
"23156021786","23129678538","15221363","","","2010-09-06 15:51:47 +0000","<a href=""http://twitter.com"" rel=""nofollow"">Tweetie for Mac</a>","@countessian Hm... you're right.  I'll look into that!"
"23153982492","","","23122935657","12329","2010-09-06 15:26:59 +0000","<a href=""http://twitter.com/download/iphone"" rel=""nofollow"">Twitter for iPhone</a>","RT @yoz: As suspected, ChristWire.org really *is* satire: http://nyti.ms/9YRHTn Nice response: http://bit.ly/d9AvsF /cc @tomcoates @holg ..."
"23152783979","","","23144604305","2384071","2010-09-06 15:12:42 +0000","<a href=""http://twitter.com/download/iphone"" rel=""nofollow"">Twitter for iPhone</a>","RT @timoreilly: RT @CodeforAmerica Interesting New MIT study on clustered social networks & influencing better behavior http://cot.ag/9ZMXa7"
"23122700482","","","","","2010-09-06 06:15:03 +0000","<a href=""http://flickr.com/services/twitter/"" rel=""nofollow"">Flickr</a>","This guy was talking my ear off all day http://flic.kr/p/8yvVUB"
"23122250080","","","","","2010-09-06 06:06:20 +0000","<a href=""http://flickr.com/services/twitter/"" rel=""nofollow"">Flickr</a>","Just chillin' with my homies (from earlier today) http://flic.kr/p/8yvQVx"
"23120844501","","","","","2010-09-06 05:40:17 +0000","<a href=""http://twitter.com/download/iphone"" rel=""nofollow"">Twitter for iPhone</a>","Fighting is not about winning. &lt;3"
"23113181134","","","","","2010-09-06 03:41:00 +0000","<a href=""http://flickr.com/services/twitter/"" rel=""nofollow"">Flickr</a>","8:36pm Our most recent condo appraisal is meta-worrisome. Some really should worry, sometime. http://flic.kr/p/8yxgq5"
"23108677650","23105932185","54029411","","","2010-09-06 02:38:12 +0000","<a href=""http://twitter.com/download/iphone"" rel=""nofollow"">Twitter for iPhone</a>","@coryjcampbell Speaking of the #alphabeticalodyssey, what's it's current projected end date?"
"23086230648","","","","","2010-09-05 20:28:42 +0000","<a href=""http://twitter.com/download/iphone"" rel=""nofollow"">Twitter for iPhone</a>","Darn, the badge checkers seem to take their jobs pretty seriously here at #PAX. #nikosfirstdisappointment"
"23078241408","","","","","2010-09-05 18:09:04 +0000","<a href=""http://twitter.com"" rel=""nofollow"">Tweetie for Mac</a>","Today it's just Niko and me, practicing for when Kellianne goes back to work. Let's see how long we can last without boobs. Place your bets."
"23028889806","","","","","2010-09-05 03:41:58 +0000","<a href=""http://flickr.com/services/twitter/"" rel=""nofollow"">Flickr</a>","8:36pm Eating delicious roasted vegetables and chicken. http://flic.kr/p/8yaR1g"
"22960553332","","","22955247718","23544268","2010-09-04 08:13:36 +0000","<a href=""http://twitter.com/download/iphone"" rel=""nofollow"">Twitter for iPhone</a>","RT @OfficialKat: I love a man in unicorn"
"22950017682","","","","","2010-09-04 04:41:50 +0000","<a href=""http://flickr.com/services/twitter/"" rel=""nofollow"">Flickr</a>","Happy birthday, @samantham! Have these scary cupcakes! http://flic.kr/p/8xXWWm"
"22946124903","","","","","2010-09-04 03:41:37 +0000","<a href=""http://flickr.com/services/twitter/"" rel=""nofollow"">Flickr</a>","8:36pm Just printed out my scribble project template. Can't wait to doodle! /via @lisacurrie http://flic.kr/p/8xUn7M"
"22934493484","22933926916","7362142","","","2010-09-04 00:50:21 +0000","<a href=""http://twitter.com/download/iphone"" rel=""nofollow"">Twitter for iPhone</a>","@kellianne Hey!"
"22904271457","","","22895639080","13","2010-09-03 17:02:30 +0000","web","RT @biz: Timing, perseverance, and ten years of trying will eventually make you look like an overnight success. http://bit.ly/abPyzl"
"22900906697","22900369847","20396481","","","2010-09-03 16:19:59 +0000","<a href=""http://twitter.com"" rel=""nofollow"">Tweetie for Mac</a>","@Bitmob Thanks for promoting that article to the front page.  It's looking good!"
"22898626818","22898496032","16366882","","","2010-09-03 15:52:35 +0000","web","@zombielolita It was broken, and I just fixed it but the emails should only come once now.  Sorry about that!"
"22866996521","22866144378","8710082","","","2010-09-03 06:55:31 +0000","<a href=""http://twitter.com/download/iphone"" rel=""nofollow"">Twitter for iPhone</a>","@matthickey Got any extra tickets to PAX? I want to go on Sat!"
"22857569910","","","","","2010-09-03 03:52:06 +0000","<a href=""http://flickr.com/services/twitter/"" rel=""nofollow"">Flickr</a>","8:36pm With my cousin Ben and his girlfriend Kira. http://flic.kr/p/8xH3Rq"
"22835867368","22727918494","30495974","","","2010-09-02 22:37:44 +0000","<a href=""http://twitter.com"" rel=""nofollow"">Tweetie for Mac</a>","@berkun Let's abstract out the impulse for software developer types to tend to abstract things out, so it's easier."
"22826535587","22826080160","15221363","","","2010-09-02 20:10:59 +0000","<a href=""http://twitter.com"" rel=""nofollow"">Tweetie for Mac</a>","@countessian You're ready. And if now, we'll heal you. Okay, you're in. You can play your first turn now."
"22825468917","22825004400","11604","","","2010-09-02 19:53:02 +0000","<a href=""http://twitter.com"" rel=""nofollow"">Tweetie for Mac</a>","@torrez Can you tell me more about what you did? Are you using it like kickstarter?"
"22824845310","","","","","2010-09-02 19:42:24 +0000","<a href=""http://twitter.com"" rel=""nofollow"">Tweetie for Mac</a>","It's good to remember when we're wrong, and to realize we'll be wrong again.

Techcrunch's first post on Twitter: http://tcrn.ch/9Vb6gV"
"22824278719","22813234425","14470616","","","2010-09-02 19:32:46 +0000","web","@saadware If you sign up for October and let me know, I can move you over to September."
"22824145886","","","22823381903","2384071","2010-09-02 19:30:31 +0000","web","RT @timoreilly: Yes! RT @bryce love this quote ""If you're not paying for it, you're not the customer; you're the product being sold."" ht ..."
"22823594643","22823248615","15221363","","","2010-09-02 19:21:06 +0000","<a href=""http://twitter.com"" rel=""nofollow"">Tweetie for Mac</a>","@countessian Awesome. I can move you over to September if you would like to play for reals!  :)"
"22822891505","","","","","2010-09-02 19:09:15 +0000","<a href=""http://twitter.com"" rel=""nofollow"">Tweetie for Mac</a>","""If you are wearing something that is not your true self, take it off."" 

- paraphrased from Enlighten Up documentary 
#acasefornudity"
"22810185292","22809812991","12761252","","","2010-09-02 16:02:13 +0000","<a href=""http://twitter.com"" rel=""nofollow"">Tweetie for Mac</a>","@haikugirl I want to make the wild wheel a lot prettier, eventually. But yeah, cool idea, right?"
"22774688438","22760849514","34608015","","","2010-09-02 05:41:11 +0000","web","@brettprofitt Tell me more about what they thought was wrong about spirit animals.  It's still a bit rough around the edges, I admit."
"22768491180","22765008862","12363302","","","2010-09-02 03:50:55 +0000","<a href=""http://twitter.com"" rel=""nofollow"">Tweetie for Mac</a>","@bobocopy You can sign up now at http://healthmonth.com/users/signup"
"22767950916","","","","","2010-09-02 03:42:56 +0000","<a href=""http://twitter.com"" rel=""nofollow"">Tweetie for Mac</a>","Ping's so simple and easy to use that you can't even post anything to it."
"22767611361","","","","","2010-09-02 03:37:41 +0000","<a href=""http://twitter.com"" rel=""nofollow"">Tweetie for Mac</a>","Apparently I'm the first of all of my Facebook friends to turn on Ping?  Not a good sign..."
"22750555776","","","","","2010-09-01 23:31:41 +0000","<a href=""http://twitter.com"" rel=""nofollow"">Tweetie for Mac</a>","I've been staring at screens for too long. My soul feels like its oozing out of my eyes like a giant booger. You know what I mean?"
"22741854548","22740079183","15756958","","","2010-09-01 21:25:33 +0000","<a href=""http://twitter.com"" rel=""nofollow"">Tweetie for Mac</a>","@modite Thanks! If you have any thoughts on improvement and/or getting the word out better, I'd love to talk about it!"
"22734499160","22734008231","15275073","","","2010-09-01 19:29:27 +0000","<a href=""http://twitter.com"" rel=""nofollow"">Tweetie for Mac</a>","@tberman Yes.  They also don't have to worry about people linking to them or visiting very often."
"22733921431","22728536167","15275073","","","2010-09-01 19:20:11 +0000","<a href=""http://twitter.com"" rel=""nofollow"">Tweetie for Mac</a>","@tberman It's true. Putting the site inside the iTunes store was the first mistake."
"22727926077","","","","","2010-09-01 17:50:05 +0000","<a href=""http://twitter.com"" rel=""nofollow"">Tweetie for Mac</a>","I feel awkward watching Steve Jobs trying to sell us on social networks. It's very clear that he's never used of any of this before."
"22724020615","22723886858","804808","","","2010-09-01 16:58:03 +0000","<a href=""http://twitter.com"" rel=""nofollow"">Tweetie for Mac</a>","@daryn That would be awesome.  Thanks!"
"22723601045","","","","","2010-09-01 16:52:22 +0000","web","Hey @venmo, can I get an invite?"
"22722223860","22721338720","4981271","","","2010-09-01 16:34:26 +0000","<a href=""http://twitter.com"" rel=""nofollow"">Tweetie for Mac</a>","@sourjayne Thank you! It's fun information to play around with, for sure."
"22719811087","","","","","2010-09-01 16:04:09 +0000","<a href=""http://twitter.com"" rel=""nofollow"">Tweetie for Mac</a>","What I learned from my own behavior during health month in August: http://healthmonth.com/learn/7"
"22715266425","","","22712526347","61133","2010-09-01 15:09:20 +0000","<a href=""http://twitter.com/download/iphone"" rel=""nofollow"">Twitter for iPhone</a>","RT @zeldman: When the public approves a madman, we call him a genius."
