"tweet_id","in_reply_to_status_id","in_reply_to_user_id","retweeted_status_id","retweeted_status_user_id","timestamp","source","text","expanded_urls"
"21110459964858369","","","","","2011-01-01 07:48:20 +0000","<a href=""http://foursquare.com"" rel=""nofollow"">foursquare</a>","Happy New Year all you hooligans! Awesome hooligans of course. (@ Chef Wang) [pic]: http://4sq.com/gRNcZj"
"21110431670079488","","","","","2011-01-01 07:48:13 +0000","<a href=""http://foursquare.com"" rel=""nofollow"">foursquare</a>","I just unlocked the ""New Year's 2011"" badge on @foursquare! http://4sq.com/h2YJmu"
"21005760305565696","21004755765567488","17667580","","","2011-01-01 00:52:18 +0000","<a href=""http://twitter.com"" rel=""nofollow"">Tweetie for Mac</a>","@rickybuchanan Good catch. Will fix that in a couple minutes. No need to submit the bug."
"21005595960156161","21004882819416064","17667580","","","2011-01-01 00:51:39 +0000","<a href=""http://twitter.com"" rel=""nofollow"">Tweetie for Mac</a>","@rickybuchanan Yes! http://healthmonth.uservoice.com"
"21004993922334720","21002657460129792","7482","","","2011-01-01 00:49:15 +0000","<a href=""http://twitter.com"" rel=""nofollow"">Tweetie for Mac</a>","@arainert Not yet unfortunately. Highly requested feature, but I haven't gotten to it yet."
"20989680837201920","20988166219497472","761628","","","2010-12-31 23:48:24 +0000","<a href=""http://twitter.com/download/iphone"" rel=""nofollow"">Twitter for iPhone</a>","@RickWebb @arainert Seriously? I've never had/heard of one of those. Sounds terrible."
"20984856531968001","20973873172324352","20833838","","","2010-12-31 23:29:14 +0000","<a href=""http://twitter.com"" rel=""nofollow"">Tweetie for Mac</a>","@carinnatarvin Yes, join the Racoooooons!"
"20984701917339648","20978344103251969","7482","","","2010-12-31 23:28:37 +0000","<a href=""http://twitter.com"" rel=""nofollow"">Tweetie for Mac</a>","@arainert @rickwebb Yes, join our team! http://healthmonth.com/teams/show/219"
"20960199229571072","20959796190515200","761628","","","2010-12-31 21:51:15 +0000","<a href=""http://twitter.com/download/iphone"" rel=""nofollow"">Twitter for iPhone</a>","@RickWebb No, I've just been invisible due to workload. I'll uninvisible myself."
"20959619341881344","20959137617674240","761628","","","2010-12-31 21:48:57 +0000","<a href=""http://twitter.com/download/iphone"" rel=""nofollow"">Twitter for iPhone</a>","@RickWebb Yes, there's a lot more I want to do with teams... but it's a start! PS Don't bring us down! :)"
"20958062072299520","20956920038817792","761628","","","2010-12-31 21:42:46 +0000","<a href=""http://twitter.com/download/iphone"" rel=""nofollow"">Twitter for iPhone</a>","@RickWebb It's already verified."
"20956722625519616","20956358689955840","761628","","","2010-12-31 21:37:26 +0000","<a href=""http://twitter.com/download/iphone"" rel=""nofollow"">Twitter for iPhone</a>","@RickWebb Join my Rocky Racoon's Revival team!"
"20940651726118912","","","","","2010-12-31 20:33:35 +0000","<a href=""http://flickr.com/services/twitter/"" rel=""nofollow"">Flickr</a>","He's definitely still feeling like crap but he'll rally for a cute photo http://flic.kr/p/96emR2"
"20940248070488064","","","","","2010-12-31 20:31:58 +0000","<a href=""http://flickr.com/services/twitter/"" rel=""nofollow"">Flickr</a>","8:36pm Last night's unsent update because my site was down http://flic.kr/p/96hneu"
"20917880417689600","20912000930414592","809641","","","2010-12-31 19:03:05 +0000","<a href=""http://twitter.com/download/iphone"" rel=""nofollow"">Twitter for iPhone</a>","@adamloving Let me know which Toastmasters group you join. I got to the 3rd speech a few years ago before dropping off..."
"20917618240135169","20884568324182016","5901702","","","2010-12-31 19:02:03 +0000","<a href=""http://twitter.com/download/iphone"" rel=""nofollow"">Twitter for iPhone</a>","@mikekarnj Hey Mike, I'll give you a free game if you use healthmonth.com for this!"
"20908370454118401","20904825650683905","820661","","","2010-12-31 18:25:18 +0000","<a href=""http://twitter.com"" rel=""nofollow"">Tweetie for Mac</a>","@daveschappell Awesome! Let me know if you start a team for January... I'll give you a bunch of free sponsored invites."
"20899142561697792","20896429316775936","19920027","","","2010-12-31 17:48:38 +0000","web","@keithcalder Yes!  I need to make that happen automatically, but just moved them over for you."
"20866701209899008","","","","","2010-12-31 15:39:43 +0000","<a href=""http://instagr.am"" rel=""nofollow"">Instagram</a>","Pretty sunrise from our window  @ Belltown Lofts http://instagr.am/p/y3bf/"
"20855000070623232","20851903466307585","15355926","","","2010-12-31 14:53:14 +0000","<a href=""http://twitter.com"" rel=""nofollow"">Tweetie for Mac</a>","@Lisa_FM Thank you! I enjoyed it. Are these interviews archived and/or linkable at all?"
"20851145912098816","","","20846805600174081","15355926","2010-12-31 14:37:55 +0000","web","RT @Lisa_FM: yes! w/ me & @PhilHulett at 6:30 here http://bit.ly/kfwbla RT @BusterBenson I'm up early to do a @healthmonth radio intervi ..."
"20843311166132225","","","","","2010-12-31 14:06:47 +0000","<a href=""http://twitter.com"" rel=""nofollow"">Tweetie for Mac</a>","I'm up early to do a @healthmonth radio interview on @KFWB in Los Angeles, if anyone is awake (I just reheated yesterday's coffee... ew)."
"20697339249295360","20688582846976000","7482","","","2010-12-31 04:26:44 +0000","web","@arainert I just bought from the links he gave in the book. Some seem to be backordered though. Do you have a plan yet?"
"20680555880259584","20673964057559040","7482","","","2010-12-31 03:20:03 +0000","web","@arainert I bought: protein powder, the PAGG supplements, a caliper, a body mass tape, cinnamon (for coffee), and a new multivitamin!"
"20644680483999744","20641477755404288","17667580","","","2010-12-31 00:57:30 +0000","<a href=""http://twitter.com"" rel=""nofollow"">Tweetie for Mac</a>","@rickybuchanan Thanks. I'll look into that. Sorry for the trouble! Did the sponsorships show up on your account?"
"20623987742605312","","","","","2010-12-30 23:35:16 +0000","<a href=""http://twitter.com"" rel=""nofollow"">Tweetie for Mac</a>","Do any of you entrepreneurial folks use Quickbooks Online? Any compelling reason to use @lessaccounting or another service instead?"
"20621405519347712","20620723106086912","14479635","","","2010-12-30 23:25:00 +0000","<a href=""http://twitter.com"" rel=""nofollow"">Tweetie for Mac</a>","@nbeezzy Sweet! I'm working on a feature that will help promote DirectTrainer on #healthmonth too... I'll have something to show soon."
"20619796416565248","20619451992907776","14479635","","","2010-12-30 23:18:37 +0000","<a href=""http://twitter.com"" rel=""nofollow"">Tweetie for Mac</a>","@nbeezzy Hey, I wanna sneak into that quiet alpha launch too!"
"20613622971506688","","","","","2010-12-30 22:54:05 +0000","<a href=""http://twitter.com"" rel=""nofollow"">Tweetie for Mac</a>","Here's my Jan resolution: @tferriss's 4-Hour Body + http://healthmonth.com + @quantifiedself sprinkled on top: http://bit.ly/hiV7Q1"
"20611615174955008","20581116620578816","407","","","2010-12-30 22:46:06 +0000","<a href=""http://twitter.com/download/iphone"" rel=""nofollow"">Twitter for iPhone</a>","@asa I can be your HTML mentor if you want one."
"20611090807259136","20604221061599232","6726182","","","2010-12-30 22:44:01 +0000","<a href=""http://twitter.com/download/iphone"" rel=""nofollow"">Twitter for iPhone</a>","@TheCulprit I'll try that. Any idea why the ickyness happens?"
"20605357734764544","20603708966436865","19028099","","","2010-12-30 22:21:14 +0000","<a href=""http://twitter.com/download/iphone"" rel=""nofollow"">Twitter for iPhone</a>","@MarshallHaas I feel terrible within minutes. Same for you?"
"20605231008055296","20603257386700800","11604","","","2010-12-30 22:20:44 +0000","<a href=""http://twitter.com/download/iphone"" rel=""nofollow"">Twitter for iPhone</a>","@torrez Exactly. It's terrible. Someone suggested almond butter. Have you found any way around it?"
"20603011961192448","","","","","2010-12-30 22:11:55 +0000","<a href=""http://twitter.com/download/iphone"" rel=""nofollow"">Twitter for iPhone</a>","Took whey protein this morning and felt like crap for hours. I'm not lactose intolerant. What made me feel that way? Any workaround?"
"20600882525642752","20561778299637761","19028099","","","2010-12-30 22:03:27 +0000","<a href=""http://twitter.com/download/iphone"" rel=""nofollow"">Twitter for iPhone</a>","@MarshallHaas Not yet unforunately. Apparently they upgraded their equipment and increased production time."
"20600621358915584","20576955711623168","15916492","","","2010-12-30 22:02:25 +0000","<a href=""http://twitter.com/download/iphone"" rel=""nofollow"">Twitter for iPhone</a>","@accarmichael Good call! I'll definitely retire those for now."
"20553357819121665","20552111523631104","12661782","","","2010-12-30 18:54:37 +0000","<a href=""http://twitter.com/download/iphone"" rel=""nofollow"">Twitter for iPhone</a>","@rondiver Thanks! Or even use #4hb and #healthmonth together! The key is to play with your health habits and discover what works for you."
"20552568266563584","","","20548140734091264","154236895","2010-12-30 18:51:28 +0000","<a href=""http://twitter.com/download/iphone"" rel=""nofollow"">Twitter for iPhone</a>","RT @healthmonth: I'm on a mission to simplify #healthmonth. What 1 feature could you do without?"
"20513542176243712","20510276403073024","13737","","","2010-12-30 16:16:24 +0000","<a href=""http://twitter.com/download/iphone"" rel=""nofollow"">Twitter for iPhone</a>","@noahkagan I always need your help, Noah."
"20428040509063168","","","20425669053775872","17825445","2010-12-30 10:36:39 +0000","<a href=""http://twitter.com/download/iphone"" rel=""nofollow"">Twitter for iPhone</a>","RT @ThisIsSethsBlog: Seth's Blog: #YearInReview What did you ship in 2010? http://bit.ly/hAowtg"
"20338093059997696","","","","","2010-12-30 04:39:13 +0000","<a href=""http://flickr.com/services/twitter/"" rel=""nofollow"">Flickr</a>","8:36pm Quiet conversation with dinner and wine and special guest star Ingo! http://flic.kr/p/95QVY1"
"20213980106592256","20212201365184512","7482","","","2010-12-29 20:26:03 +0000","<a href=""http://twitter.com"" rel=""nofollow"">Tweetie for Mac</a>","@arainert Working on the post today. But yeah, it's a bit close to the wire over here.  :)"
"20213260854763520","20211754206232576","21008090","","","2010-12-29 20:23:11 +0000","<a href=""http://twitter.com"" rel=""nofollow"">Tweetie for Mac</a>","@bethanystephens You can set up to 3 rules for free anytime. Or, apply for sponsorship and let me know and I'll sponsor you in January."
"20211371039789056","20210505670983680","21008090","","","2010-12-29 20:15:41 +0000","<a href=""http://twitter.com"" rel=""nofollow"">Tweetie for Mac</a>","@bethanystephens Sure thing! What would you like to know?"
"20211050557214720","20210645295173632","22118364","","","2010-12-29 20:14:24 +0000","<a href=""http://twitter.com"" rel=""nofollow"">Tweetie for Mac</a>","@allenmmurray I just finished and thought it was pretty great (if also a little crazy). Let's band together."
"20210228423303168","","","","","2010-12-29 20:11:08 +0000","<a href=""http://twitter.com"" rel=""nofollow"">Tweetie for Mac</a>","It looks like January's #healthmonth is going to be one big science experiment on myself thanks to @tferriss. More details coming soon."
"19976545955217409","19947790905905153","228901014","","","2010-12-29 04:42:34 +0000","<a href=""http://twitter.com/download/iphone"" rel=""nofollow"">Twitter for iPhone</a>","@paretonutrition Are you working with @tferriss or are you independent?"
"19975882227580928","","","","","2010-12-29 04:39:56 +0000","<a href=""http://flickr.com/services/twitter/"" rel=""nofollow"">Flickr</a>","8:36pm Niko's flirting with the people seated behind us on our flight home http://flic.kr/p/95vysp"
"19942245209739264","19925478705991680","228901014","","","2010-12-29 02:26:16 +0000","<a href=""http://twitter.com/download/iphone"" rel=""nofollow"">Twitter for iPhone</a>","@paretonutrition I'd love to learn more. Just finished 4hr Body myself and plan on doing PAGG as well in Jan."
"19941671315705856","19931802391019520","19119102","","","2010-12-29 02:23:59 +0000","<a href=""http://twitter.com/download/iphone"" rel=""nofollow"">Twitter for iPhone</a>","@ChristaGiles I pull from gravatar.com if you have one of those."
"19940651642650624","19902753195163648","228904662","","","2010-12-29 02:19:56 +0000","<a href=""http://twitter.com/download/iphone"" rel=""nofollow"">Twitter for iPhone</a>","@tangentress Awesome! Email me at buster@healthmonth.com with a paragraph of your new year plan to include in my post. Thank you!"
"19940587494973440","19895614158409729","187396018","","","2010-12-29 02:19:41 +0000","<a href=""http://twitter.com/download/iphone"" rel=""nofollow"">Twitter for iPhone</a>","@Justinstoned Email me at buster@healthmonth.com with a paragraph of your new year plan to include in my post. Thank you!"
"19940468309622785","19893750830473216","31042235","","","2010-12-29 02:19:12 +0000","<a href=""http://twitter.com/download/iphone"" rel=""nofollow"">Twitter for iPhone</a>","@beckthis Okay! Email me at buster@healthmonth.com with a paragraph of your new year plan to include in my post. Thank you!"
"19940266492301312","19893424949829633","69960885","","","2010-12-29 02:18:24 +0000","<a href=""http://twitter.com/download/iphone"" rel=""nofollow"">Twitter for iPhone</a>","@Hyph_En Yes, thank you! I saw that! Email me at buster@healthmonth.com with a paragraph of your nyr plan to include in my post. Thank you!"
"19892383780962304","19875262502019073","19344531","","","2010-12-28 23:08:08 +0000","<a href=""http://twitter.com/download/iphone"" rel=""nofollow"">Twitter for iPhone</a>","@mikebodge No, if you think about cultural significance. Yes, if you think about how much money each is/was making at the time."
"19673284379414528","19672544353189888","7565162","","","2010-12-28 08:37:31 +0000","<a href=""http://twitter.com/download/iphone"" rel=""nofollow"">Twitter for iPhone</a>","@michaelmcdaniel Oh yeah, for sure. Don't do it unless you're okay with possibly being scammed. I just love experiments."
"19671143598264320","19670414980554753","7565162","","","2010-12-28 08:29:00 +0000","<a href=""http://twitter.com/download/iphone"" rel=""nofollow"">Twitter for iPhone</a>","@michaelmcdaniel No, went with links in the book but your link looks much cheaper! Now I'll know for next time... if there is one..."
"19663669344342016","19663179550298112","809641","","","2010-12-28 07:59:18 +0000","<a href=""http://twitter.com/download/iphone"" rel=""nofollow"">Twitter for iPhone</a>","@adamloving Yeah, I'm only halfway through so I can tell you it was in the first half. Not sure about exact chapter though."
"19662526648160256","19661971251011584","809641","","","2010-12-28 07:54:46 +0000","<a href=""http://twitter.com/download/iphone"" rel=""nofollow"">Twitter for iPhone</a>","@adamloving You know, the PAGG. Also looking into DEXA scan but it's $250 a pop."
"19661859334389760","","","19660614292996096","809641","2010-12-28 07:52:07 +0000","<a href=""http://twitter.com/download/iphone"" rel=""nofollow"">Twitter for iPhone</a>","RT @adamloving: My 4-Hour Body cheat sheet #4hb http://su.pr/31Mgu5"
"19661832977383424","19660614292996096","809641","","","2010-12-28 07:52:00 +0000","<a href=""http://twitter.com/download/iphone"" rel=""nofollow"">Twitter for iPhone</a>","@adamloving Thanks for posting that. I was compiling my own cheatsheet, but now will just use yours! Starting 1/1 with the weird pills too."
"19659044255956992","","","","","2010-12-28 07:40:56 +0000","<a href=""http://twitter.com/download/iphone"" rel=""nofollow"">Twitter for iPhone</a>","The great thing about games & #gamification is that risk-taking, failure, and self-correction are part of the plan. Best play requires it."
"19658032296239104","19657158039707648","19028099","","","2010-12-28 07:36:54 +0000","<a href=""http://twitter.com/download/iphone"" rel=""nofollow"">Twitter for iPhone</a>","@MarshallHaas Yes! You should do that. Will be tracking in Jan and might pay MechTurk to analyze it as an experiment too."
"19656952061624320","19491034606084097","19028099","","","2010-12-28 07:32:37 +0000","<a href=""http://twitter.com/download/iphone"" rel=""nofollow"">Twitter for iPhone</a>","@MarshallHaas It hasn't gone beyond the ""that-would-be-cool"" phase but I do really think that would be cool. :)"
"19656735786541057","19656020729008128","15916492","","","2010-12-28 07:31:45 +0000","<a href=""http://twitter.com/download/iphone"" rel=""nofollow"">Twitter for iPhone</a>","@accarmichael Awesome! Yes, very true about finding what works. I think self-tracking -&gt; self-discovery is the true magic ingredient."
"19638343956434944","19629347249856513","15916492","","","2010-12-28 06:18:40 +0000","<a href=""http://twitter.com/download/iphone"" rel=""nofollow"">Twitter for iPhone</a>","@accarmichael Ooh, awesome! Now I have a holiday project too. Thanks!"
"19625720938504192","19587526964551681","8710082","","","2010-12-28 05:28:31 +0000","<a href=""http://twitter.com/download/iphone"" rel=""nofollow"">Twitter for iPhone</a>","@matthickey Yeah I saw that. Crazy. Could be awesome. Also, you should write about @healthmonth for new years resolutions! :)"
"19624062623944704","","","","","2010-12-28 05:21:55 +0000","<a href=""http://twitter.com/download/iphone"" rel=""nofollow"">Twitter for iPhone</a>","Nice Q&A about @foursquare, @dens! http://t.co/p7LHBnX

I'm feeling inspired by a lot of the ideas in there.","http://gigaom.com/2010/12/27/how-location-will-define-our-digital-experiences-interview-with-foursquare-co-founder-dennis-crowley/"
"19617279679401985","","","","","2010-12-28 04:54:58 +0000","<a href=""http://flickr.com/services/twitter/"" rel=""nofollow"">Flickr</a>","8:36pm Last night in the O.C. and we're all starting to feel sick. The true test comes tomorrow. http://flic.kr/p/95hcJU"
"19252866627665920","","","","","2010-12-27 04:46:55 +0000","<a href=""http://flickr.com/services/twitter/"" rel=""nofollow"">Flickr</a>","8:36pm More teeth and colds for this guy. http://flic.kr/p/94Vqiz"
"19240414175301632","","","","","2010-12-27 03:57:26 +0000","<a href=""http://twitter.com/download/iphone"" rel=""nofollow"">Twitter for iPhone</a>","Visited a good friend from my home town last night and her mom's 1st question to me was ""Are you still a cartoonist?"""
"19110506262429697","","","","","2010-12-26 19:21:14 +0000","<a href=""http://flickr.com/services/twitter/"" rel=""nofollow"">Flickr</a>","Health Month in the LA Times! #proof http://flic.kr/p/94QoC3"
"19059022753701888","","","19035050951573504","774842","2010-12-26 15:56:39 +0000","<a href=""http://twitter.com/download/iphone"" rel=""nofollow"">Twitter for iPhone</a>","RT @djacobs: Twitter is good at capturing the anticipation people feel for predicted weather."
"18929002957774849","","","","","2010-12-26 07:20:00 +0000","<a href=""http://twitter.com/download/iphone"" rel=""nofollow"">Twitter for iPhone</a>","Got some interesting conversation out of my grandpa tonight. It involves angels and eyeballs and week-long meditative trances. Good stuff."
"18889138279288832","","","","","2010-12-26 04:41:36 +0000","<a href=""http://flickr.com/services/twitter/"" rel=""nofollow"">Flickr</a>","8:36pm Post-Christmas dinner with my mom, sister, niece, and Kellianne. http://flic.kr/p/94BWWT"
"18888266107322368","18863567331655681","16366882","","","2010-12-26 04:38:08 +0000","<a href=""http://twitter.com/download/iphone"" rel=""nofollow"">Twitter for iPhone</a>","@zombielolita Weird! Does your post login page say you're a member forever? I'll check it in the morning. Don't pay!"
"18556998152880128","","","","","2010-12-25 06:41:47 +0000","<a href=""http://twitter.com"" rel=""nofollow"">Tweetie for Mac</a>","Just found four old pictures of myself as a kid with my mom, dad, and sis: http://bit.ly/fQs6B0"
"18526307570688000","","","","","2010-12-25 04:39:50 +0000","<a href=""http://flickr.com/services/twitter/"" rel=""nofollow"">Flickr</a>","8:36pm Got my union suit on as I sip spiked big and watch It's A Wonderful Life. Merry Christmas! http://flic.kr/p/94qFCo"
"18492470169960449","18484874658713600","20833838","","","2010-12-25 02:25:23 +0000","<a href=""http://twitter.com/download/iphone"" rel=""nofollow"">Twitter for iPhone</a>","@carinnatarvin We just had In 'N Out for dinner too! But skipped the concert v"
"18411375311200256","18407553641746432","4558","","","2010-12-24 21:03:08 +0000","<a href=""http://twitter.com/download/iphone"" rel=""nofollow"">Twitter for iPhone</a>","@harryh @endquote It's a great idea but won't sell to the stores. Just sell it directly to users. Only tough part is getting the data."
"18409663028531200","","","18409566865727489","154236895","2010-12-24 20:56:20 +0000","<a href=""http://twitter.com/download/iphone"" rel=""nofollow"">Twitter for iPhone</a>","RT @healthmonth: #healthmonth in the LA Times, along with all the other big #gamification names: http://lat.ms/g1smYd"
"18190016295477249","","","","","2010-12-24 06:23:32 +0000","<a href=""http://twitter.com/download/iphone"" rel=""nofollow"">Twitter for iPhone</a>","Home for holidays and realizing even though I consider myself an early adopter of everything, I'm late on car and tv technology."
"18164474015916032","","","","","2010-12-24 04:42:02 +0000","<a href=""http://flickr.com/services/twitter/"" rel=""nofollow"">Flickr</a>","8:36pm Trying to catch up on work + Internet while on holiday seems to be futile http://flic.kr/p/94e16W"
"18162646113067008","","","18161454838448130","154236895","2010-12-24 04:34:46 +0000","<a href=""http://twitter.com/download/iphone"" rel=""nofollow"">Twitter for iPhone</a>","RT @healthmonth: Great mention here as a good example of #gamification RT @HarvardBiz Unlocking the Mayor Badge of Meaninglessness http: ..."
"17817181257469952","","","","","2010-12-23 05:42:01 +0000","<a href=""http://flickr.com/services/twitter/"" rel=""nofollow"">Flickr</a>","8:36pm Talking about my family in my home town as we go to dinner-and-a-movie date without Niko http://flic.kr/p/941NTJ"
"17678841283616769","","","","","2010-12-22 20:32:18 +0000","<a href=""http://foursquare.com"" rel=""nofollow"">foursquare</a>","My mom's restaurant! (@ Sushi Kimo) [pic]: http://4sq.com/h1uLaw"
"17666423526522881","","","17641451651338240","780991","2010-12-22 19:42:58 +0000","<a href=""http://twitter.com/download/iphone"" rel=""nofollow"">Twitter for iPhone</a>","RT @amyjokim: The rules of an infinite game MUST change in the course of play"
"17442067189866496","","","","","2010-12-22 04:51:27 +0000","<a href=""http://flickr.com/services/twitter/"" rel=""nofollow"">Flickr</a>","8:36pm Planning Niko-safe sleeping strategies with at my sister's house. This is my old room. http://flic.kr/p/93M7xE"
"17292087904960512","","","","","2010-12-21 18:55:29 +0000","<a href=""http://foursquare.com"" rel=""nofollow"">foursquare</a>","SEA -&gt; LAX &kb,nb,200:traveling (@ Seattle-Tacoma International Airport (SEA) ? w/ @joshc) [pic]: http://4sq.com/eRDk80"
"17080436282888192","","","","","2010-12-21 04:54:28 +0000","<a href=""http://flickr.com/services/twitter/"" rel=""nofollow"">Flickr</a>","8:36pm Got @nikobenson his first 7-legged Christmas ornament http://flic.kr/p/93tYKk"
"16922919200366593","16918541957599232","408","","","2010-12-20 18:28:33 +0000","<a href=""http://twitter.com/download/iphone"" rel=""nofollow"">Twitter for iPhone</a>","@endquote Yuck! I didn't get that though."
"16917896391303168","16917527875555328","408","","","2010-12-20 18:08:35 +0000","<a href=""http://twitter.com/download/iphone"" rel=""nofollow"">Twitter for iPhone</a>","@endquote Oh, yeah. iPhone app only... the update just got pushed this morning but it's not on Android yet. Also works through Instagram."
"16916103766745089","16915263635070976","872461","","","2010-12-20 18:01:28 +0000","<a href=""http://twitter.com/download/iphone"" rel=""nofollow"">Twitter for iPhone</a>","@sstrudeau True. The full article is a bit more thorough and aligned with my thinking than the one clever line I pulled out."
"16915558398169088","16915092708786176","13737","","","2010-12-20 17:59:18 +0000","<a href=""http://twitter.com/download/iphone"" rel=""nofollow"">Twitter for iPhone</a>","@noahkagan I'm doing the same in January! Which chapters are you following?"
"16914283476557824","","","","","2010-12-20 17:54:14 +0000","<a href=""http://twitter.com/download/iphone"" rel=""nofollow"">Twitter for iPhone</a>","Super stoked about the new @foursquare app with photos and comments. Integrated really nicely. Good job you guys!"
"16910032616558592","","","","","2010-12-20 17:37:20 +0000","<a href=""http://twitter.com/download/iphone"" rel=""nofollow"">Twitter for iPhone</a>","""[Christians] are nearly as atheistic as me. I don?t believe in 2,870 gods, and they don?t believe in 2,869."" On atheism: http://j.mp/fx1B04"
"16714372265025537","","","","","2010-12-20 04:39:51 +0000","<a href=""http://flickr.com/services/twitter/"" rel=""nofollow"">Flickr</a>","8:36pm He's putting on a good face for the camera http://flic.kr/p/93gep1"
"16686204346966016","","","","","2010-12-20 02:47:55 +0000","<a href=""http://twitter.com"" rel=""nofollow"">Tweetie for Mac</a>","I love ideas that just unfold and unfold into increasingly more interesting new ideas. #healthmonth"
"16544766250455040","","","","","2010-12-19 17:25:54 +0000","<a href=""http://twitter.com/download/iphone"" rel=""nofollow"">Twitter for iPhone</a>","""How about creating a badge for transcending the need for a badge denoting transcendence?"" - anonymous comment on http://j.mp/fCVfn5"
"16539255081799680","","","16506948413300737","48203749","2010-12-19 17:04:00 +0000","<a href=""http://twitter.com/download/iphone"" rel=""nofollow"">Twitter for iPhone</a>","RT @alfiekohn: I know people these days think it?s smart to invest in gold, but I?ve decided to put MY money in dark blue"
"16351551689850881","","","","","2010-12-19 04:38:08 +0000","<a href=""http://flickr.com/services/twitter/"" rel=""nofollow"">Flickr</a>","8:36pm Dinner in the dark and quiet kitchen talking things out http://flic.kr/p/92Vg6k"
"16284366997037057","16284034317418496","7482","","","2010-12-19 00:11:10 +0000","<a href=""http://twitter.com/download/iphone"" rel=""nofollow"">Twitter for iPhone</a>","@arainert Still putting it together but will be posting about it on @Enjoymentland in a couple days! It'll be fun."
"16241775073038336","16230224366673920","19028099","","","2010-12-18 21:21:55 +0000","<a href=""http://twitter.com"" rel=""nofollow"">Tweetie for Mac</a>","@MarshallHaas It's a good question. I'm going to track my meals for a month and might have MT convert it at the end to test the idea..."
"16241668562886656","16220873497255936","820661","","","2010-12-18 21:21:30 +0000","<a href=""http://twitter.com"" rel=""nofollow"">Tweetie for Mac</a>","@daveschappell Now that would be true magic. Can't wait until something like that is possible."
"16215976240484352","16215642990444544","4981271","","","2010-12-18 19:39:24 +0000","<a href=""http://twitter.com"" rel=""nofollow"">Tweetie for Mac</a>","@sourjayne I know, I know. I am going to just do a little extra tracking in January for experimental and research purposes."
"16214243099541504","","","","","2010-12-18 19:32:31 +0000","<a href=""http://twitter.com"" rel=""nofollow"">Tweetie for Mac</a>","Has anyone used Mechanical Turk to help them track calories? I'm thinking: take a photo, let MT people figure out the calories/nutrients."
"16197144155258880","16146699042947072","6647242","","","2010-12-18 18:24:34 +0000","<a href=""http://twitter.com"" rel=""nofollow"">Tweetie for Mac</a>","@macmuc I'll be writing a post about it soon, once I figure it out. Probably a mishmash of a couple chapters. #4hb"
"15989671154683905","","","","","2010-12-18 04:40:09 +0000","<a href=""http://flickr.com/services/twitter/"" rel=""nofollow"">Flickr</a>","8:36pm Going back and forth between 4hr Body and the web planning my @tferriss-inspired Jan @healthmonth http://flic.kr/p/92Fuvr"
"15709923740491776","","","","","2010-12-17 10:08:32 +0000","<a href=""http://flickr.com/services/twitter/"" rel=""nofollow"">Flickr</a>","We will miss you Kindra and Mike! And see you again soon. http://flic.kr/p/92ykcd"
"15662353752264704","","","","","2010-12-17 06:59:30 +0000","<a href=""http://instagr.am"" rel=""nofollow"">Instagram</a>","George Clinton  @ Showbox at The Market http://instagr.am/p/lrRT/"
"15645496626388992","","","","","2010-12-17 05:52:31 +0000","<a href=""http://instagr.am"" rel=""nofollow"">Instagram</a>","Funk  @ Showbox at The Market http://instagr.am/p/lpQI/"
"15627633500889088","","","","","2010-12-17 04:41:32 +0000","<a href=""http://flickr.com/services/twitter/"" rel=""nofollow"">Flickr</a>","8:36pm Eating quickly with my beautiful wife before heading to the Zaaz holiday party with George Clinton! http://flic.kr/p/92w88s"
"15276081539981312","15266699443970050","780991","","","2010-12-16 05:24:36 +0000","<a href=""http://twitter.com/download/iphone"" rel=""nofollow"">Twitter for iPhone</a>","@amyjokim Just a day trip to talk with potential investors. And go on a great meandering walk through the city. Such a nice day today!"
"15265338803355648","","","","","2010-12-16 04:41:55 +0000","<a href=""http://flickr.com/services/twitter/"" rel=""nofollow"">Flickr</a>","8:36pm Just arriving back home from SF. Great trip! http://flic.kr/p/92eZhT"
"15128758134513664","15123040752898048","14290242","","","2010-12-15 19:39:11 +0000","<a href=""http://twitter.com/download/iphone"" rel=""nofollow"">Twitter for iPhone</a>","@maggim Looking into it now... will let you know what I hear back."
"15122616306114560","15112247693017088","14290242","","","2010-12-15 19:14:47 +0000","<a href=""http://twitter.com/download/iphone"" rel=""nofollow"">Twitter for iPhone</a>","@maggim What wasn't working? On my side or appsumo's?"
"15097069240848384","15096323585875968","5384462","","","2010-12-15 17:33:16 +0000","<a href=""http://twitter.com/download/iphone"" rel=""nofollow"">Twitter for iPhone</a>","@ryanhealy Woah."
"15095968013746176","","","","","2010-12-15 17:28:53 +0000","<a href=""http://twitter.com/download/iphone"" rel=""nofollow"">Twitter for iPhone</a>","Isn't it weird that we're all having completely different experiences of the same universe at the same time? #deepthoughtswithcoffee"
"15079783792644096","","","","","2010-12-15 16:24:35 +0000","<a href=""http://twitter.com/download/iphone"" rel=""nofollow"">Twitter for iPhone</a>","The $15 LIFETIME membership to @healthmonth can be given as a gift! It's a link + doesn't expire. 13hrs left: http://appsumo.com RT pls!"
"14950391015800832","14902906419412993","6343","","","2010-12-15 07:50:25 +0000","<a href=""http://twitter.com/download/iphone"" rel=""nofollow"">Twitter for iPhone</a>","@amylola Sad to miss you too! I too am torn between longer visits and quality baby times. :)"
"14949781197557760","14913132073844737","45603","","","2010-12-15 07:48:00 +0000","<a href=""http://twitter.com/download/iphone"" rel=""nofollow"">Twitter for iPhone</a>","@obie Yes, go to settings -&gt; search and export -&gt; choose a month. I'm going by memory so let me know if that makes sense."
"14903554091261952","","","","","2010-12-15 04:44:18 +0000","<a href=""http://flickr.com/services/twitter/"" rel=""nofollow"">Flickr</a>","8:36pm At Homestead with Ali and TypeKit meetupery! http://flic.kr/p/924qqU"
"14900460611698688","","","","","2010-12-15 04:32:01 +0000","<a href=""http://twitter.com/download/iphone"" rel=""nofollow"">Twitter for iPhone</a>","SF friends: I'm headed to Homestead. Come by and say hi!"
"14769881241092097","","","14767196068646912","130762663","2010-12-14 19:53:08 +0000","<a href=""http://twitter.com/download/iphone"" rel=""nofollow"">Twitter for iPhone</a>","RT @preschoolgems: ""Preschool is hard."""
"14768390329602048","14763537163354112","16366882","","","2010-12-14 19:47:13 +0000","<a href=""http://twitter.com/download/iphone"" rel=""nofollow"">Twitter for iPhone</a>","@zombielolita Don't you have like 12 of those stashed somewhere in your closet already?"
"14762248421511169","14761713341562880","24257941","","","2010-12-14 19:22:48 +0000","<a href=""http://twitter.com/download/iphone"" rel=""nofollow"">Twitter for iPhone</a>","@skamille That's how you do a publicity blitz though. He's a crazy marketer though, I'll admit that much."
"14761413092315136","14761015145140224","16366882","","","2010-12-14 19:19:29 +0000","<a href=""http://twitter.com/download/iphone"" rel=""nofollow"">Twitter for iPhone</a>","@zombielolita Awesome! You're one of the first lifetime members! :)"
"14760793220317184","14760634222641152","16366882","","","2010-12-14 19:17:02 +0000","<a href=""http://twitter.com/download/iphone"" rel=""nofollow"">Twitter for iPhone</a>","@zombielolita They should send you a link. Did they not?"
"14759040944967683","14757319854260224","24257941","","","2010-12-14 19:10:04 +0000","<a href=""http://twitter.com/download/iphone"" rel=""nofollow"">Twitter for iPhone</a>","@skamille Do you even know what the plan is? I'll of course report back once I figure it out myself."
"14758807712301056","14750442797932544","14986129","","","2010-12-14 19:09:08 +0000","<a href=""http://twitter.com/download/iphone"" rel=""nofollow"">Twitter for iPhone</a>","@irondavy Not sure yet. I'll let you know! Would be cool to meet."
"14758014200315904","","","","","2010-12-14 19:05:59 +0000","<a href=""http://twitter.com/download/iphone"" rel=""nofollow"">Twitter for iPhone</a>","Want to try #healthmonth in Jan? LIFETIME memberships (normally not available) going for $15 at http://appsumo.com for 1-day only. RT pls!"
"14750048730488834","14748402982068224","7565162","","","2010-12-14 18:34:20 +0000","<a href=""http://twitter.com/download/iphone"" rel=""nofollow"">Twitter for iPhone</a>","@michaelmcdaniel Yes, I can see that. Difference from snake oil is emphasis on self-experimentation without expensive ""secret"" methods."
"14749242799169537","","","","","2010-12-14 18:31:08 +0000","<a href=""http://foursquare.com"" rel=""nofollow"">foursquare</a>","SEA -&gt; SFO 1-night only! Join me for a drink in the Mission tonight? (@ Seattle-Tacoma International Airport (SEA) ? w/ 24 others)"
"14744395051962368","","","","","2010-12-14 18:11:52 +0000","<a href=""http://twitter.com/download/iphone"" rel=""nofollow"">Twitter for iPhone</a>","Holy moley, I think @tferriss wrote 4-Hour Body for me. Looking forward to reading it on my flight."
"14708624190349312","14707034834337792","7482","","","2010-12-14 15:49:43 +0000","<a href=""http://twitter.com/download/iphone"" rel=""nofollow"">Twitter for iPhone</a>","@arainert #2 is amazing. Same author as Punished by Rewards. #4 is great info but not well-written."
"14698003050799105","","","","","2010-12-14 15:07:31 +0000","<a href=""http://flickr.com/services/twitter/"" rel=""nofollow"">Flickr</a>","What's in your recent Kindle queue? Here's mine: http://flic.kr/p/91R2LR"
"14565259519987712","14516497355378688","5831052","","","2010-12-14 06:20:03 +0000","<a href=""http://twitter.com/download/iphone"" rel=""nofollow"">Twitter for iPhone</a>","@chetty Sounds interesting. What kinds of different rules would be useful for education?"
"14565094176329728","14541374355410944","8710082","","","2010-12-14 06:19:23 +0000","<a href=""http://twitter.com/download/iphone"" rel=""nofollow"">Twitter for iPhone</a>","@matthickey I'm having an ongoing competition with @Kellianne to see who can look more like him. Her move."
"14539828624363520","","","","","2010-12-14 04:38:59 +0000","<a href=""http://flickr.com/services/twitter/"" rel=""nofollow"">Flickr</a>","8:36pm Despite appearances we had a great day http://flic.kr/p/91KXTn"
"14483515462651906","14482748202811392","7777252","","","2010-12-14 00:55:13 +0000","<a href=""http://twitter.com"" rel=""nofollow"">Tweetie for Mac</a>","@xenocid That's why I figured that I had to buy it... I'm in his perfect target market. Why resist? Do you like the book?"
"14466918983409664","14465943824498689","7943892","","","2010-12-13 23:49:16 +0000","<a href=""http://twitter.com"" rel=""nofollow"">Tweetie for Mac</a>","@ingopixel @meganwelling Did they not teach you the calculator trick in school? That's my favorite hack."
"14465021438337024","14463930839605248","26166039","","","2010-12-13 23:41:44 +0000","web","@MeganWelling @ingopixel Numbers are magic! Also, you guys should be following @preschoolgems if you aren't already."
"14446347214135296","14444358635884546","875511","","","2010-12-13 22:27:32 +0000","<a href=""http://twitter.com"" rel=""nofollow"">Tweetie for Mac</a>","@alicetiara @aprilini Three makes a book club!"
"14435734643544064","","8708232","","","2010-12-13 21:45:22 +0000","<a href=""http://twitter.com"" rel=""nofollow"">Tweetie for Mac</a>","@brynn Or I should say, *another* token game designer... just saw the list... great group! I'll definitely attend."
"14435067950538752","","","","","2010-12-13 21:42:43 +0000","<a href=""http://twitter.com"" rel=""nofollow"">Tweetie for Mac</a>","Just ordered a Kindle copy of @tferriss's 4-Hour Body based on his interviews in this TC article: http://tcrn.ch/hjSIe2 Why not?"
"14433028004642816","14430502622597120","8708232","","","2010-12-13 21:34:36 +0000","web","@brynn I like the SXSW topic! Let me know if you need a token ""game designer"" on the panel. :)"
"14380615361110016","","","","","2010-12-13 18:06:20 +0000","web","We're all on our own private journeys towards death. So let's give each other a break today, and every day, until we die. Happy Monday!"
"14372431363842048","","","","","2010-12-13 17:33:49 +0000","<a href=""http://twitter.com"" rel=""nofollow"">Tweetie for Mac</a>","@gwenbell I like that strategy a lot."
"14178561363546112","","","","","2010-12-13 04:43:27 +0000","<a href=""http://flickr.com/services/twitter/"" rel=""nofollow"">Flickr</a>","8:36pm Almost out of the weeds with the Locavore refactor. http://flic.kr/p/91tEEn"
"14116465359724545","","","","","2010-12-13 00:36:42 +0000","<a href=""http://flickr.com/services/twitter/"" rel=""nofollow"">Flickr</a>","Niko vs MiniSynch iPad app http://flic.kr/p/91qg3P"
"14028049636925441","14015276152520704","784078","","","2010-12-12 18:45:22 +0000","<a href=""http://twitter.com"" rel=""nofollow"">Tweetie for Mac</a>","@alicetiara This is why the future will be great when every chance conversation can be published after the fact for review."
"14027405718986752","14024583384399872","978","","","2010-12-12 18:42:48 +0000","<a href=""http://twitter.com"" rel=""nofollow"">Tweetie for Mac</a>","@ddukes Thank you! Yes, I'll let everyone know when the video's available... I'm sure it will make a lot more sense."
"14012861000974337","14011643532939265","784078","","","2010-12-12 17:45:01 +0000","<a href=""http://twitter.com"" rel=""nofollow"">Tweetie for Mac</a>","@alicetiara Wait, I want to hear more about this! Did he charm his way out of douchey-ness?"
"13819948430262272","","","","","2010-12-12 04:58:27 +0000","<a href=""http://flickr.com/services/twitter/"" rel=""nofollow"">Flickr</a>","8:36pm Neck deep in refactoring Locavore http://flic.kr/p/91bgvV"
"13800961445199873","13800655323930625","10959642","","","2010-12-12 03:43:00 +0000","web","@tara He's had a routine for 3 months now.  It works to put him to sleep for a good 45 minutes.  I tasted the formula and don't blame him."
"13783729252073473","13777457970683904","722793","","","2010-12-12 02:34:31 +0000","<a href=""http://twitter.com"" rel=""nofollow"">Tweetie for Mac</a>","@jlongtine Very David Lynch. I like it. :)"
"13766775833370626","","","","","2010-12-12 01:27:09 +0000","<a href=""http://twitter.com"" rel=""nofollow"">Tweetie for Mac</a>","So... where does one scream in frustration these days?"
"13453018586415105","","","","","2010-12-11 04:40:24 +0000","<a href=""http://flickr.com/services/twitter/"" rel=""nofollow"">Flickr</a>","8:36pm Reading up on Sencha while I install the latest Xcode http://flic.kr/p/8ZZAA3"
"13374003246796800","13365538562506752","16366882","","","2010-12-10 23:26:25 +0000","<a href=""http://twitter.com/download/iphone"" rel=""nofollow"">Twitter for iPhone</a>","@zombielolita I loved that book! Even though it sucks. Maybe because it sucks. No way to know for sure."
"13128967674404864","","","","","2010-12-10 07:12:44 +0000","<a href=""http://twitter.com/download/iphone"" rel=""nofollow"">Twitter for iPhone</a>","Emergency twitter request: examples of babies you know who sleep worse than Niko (6 months old, still 2 hours or less). Thanks!"
"13090321390899200","","","","","2010-12-10 04:39:10 +0000","<a href=""http://flickr.com/services/twitter/"" rel=""nofollow"">Flickr</a>","8:36pm Watching United States of Tara after a walk in the rain http://flic.kr/p/8ZJeer"
"12898491122581506","12876368459079681","17595245","","","2010-12-09 15:56:54 +0000","<a href=""http://twitter.com"" rel=""nofollow"">Tweetie for Mac</a>","@nagle5000 The levels in my talk apply to people rather than businesses. But they can try to better align themselves with people's values."
"12766340091748352","12753931629236224","13696","","","2010-12-09 07:11:47 +0000","<a href=""http://twitter.com"" rel=""nofollow"">Tweetie for Mac</a>","@TeteSagehen Oops, sorry about that error. Still testing out those promo codes. Try that link again, should work now."
"12729083976744963","","","","","2010-12-09 04:43:44 +0000","<a href=""http://flickr.com/services/twitter/"" rel=""nofollow"">Flickr</a>","8:36pm Delicious dinner and relaxation! http://flic.kr/p/8ZvqUH"
"12654872977477632","","29928567","","","2010-12-08 23:48:51 +0000","<a href=""http://twitter.com"" rel=""nofollow"">Tweetie for Mac</a>","@tara_miller Hey Tara, I have a link to a free game on Health Month for you... how would you like me to send it to you?"
"12654347301158913","12384777227210752","17885339","","","2010-12-08 23:46:46 +0000","<a href=""http://twitter.com"" rel=""nofollow"">Tweetie for Mac</a>","@amylakhani I have a free game on Health Month for you, if you want it. How would you prefer I send it to you?"
"12638722772172800","12637717099708417","21678279","","","2010-12-08 22:44:40 +0000","<a href=""http://twitter.com"" rel=""nofollow"">Tweetie for Mac</a>","@agaricus Thanks! I think it'll make more sense once I have the video, too. You recommended Punished by Rewards to me... it has rocked me."
"12620364077072385","","","","","2010-12-08 21:31:43 +0000","<a href=""http://twitter.com"" rel=""nofollow"">Tweetie for Mac</a>","If you missed my Ignite talk last night, here are the slides on my talk about brains vs. badges: http://slidesha.re/hvrY7x"
"12529797531967488","","","12507560833712129","792907","2010-12-08 15:31:51 +0000","<a href=""http://twitter.com/download/iphone"" rel=""nofollow"">Twitter for iPhone</a>","RT @mitchjoel: Seth Godin announces his plans for book publishing (for him and those interested). The Domino Project: http://bit.ly/gIRDrP"
"12524864191598592","12464569884610560","14668437","","","2010-12-08 15:12:14 +0000","<a href=""http://twitter.com/download/iphone"" rel=""nofollow"">Twitter for iPhone</a>","@gmarsau Nope, it will never do that. Right now Twitter integration is only used for finding friends you might know."
"12429988586323968","12427995662782464","68614310","","","2010-12-08 08:55:14 +0000","<a href=""http://twitter.com/download/iphone"" rel=""nofollow"">Twitter for iPhone</a>","@licorous Thank you! I'll send you a link to a free game tomorrow once I get a little rest! Would love your feedback."
"12429472930209792","12427376260550656","12631842","","","2010-12-08 08:53:11 +0000","<a href=""http://twitter.com/download/iphone"" rel=""nofollow"">Twitter for iPhone</a>","@BandonRandon I heard that from someone else too. It's a false alarm, my email goes though a standard proxy and is completely safe."
"12425844521701376","12377509265940480","7565162","","","2010-12-08 08:38:46 +0000","<a href=""http://twitter.com/download/iphone"" rel=""nofollow"">Twitter for iPhone</a>","@michaelmcdaniel I couldn't do the secret justice. But the talk by @Berkun was AWESOME."
"12425521736458241","12383012641574912","14107662","","","2010-12-08 08:37:29 +0000","<a href=""http://twitter.com/download/iphone"" rel=""nofollow"">Twitter for iPhone</a>","@bsb Thanks, Todd. It was a fun place. Would love to bring it back someday..."
"12425367092465664","12383756157460480","113988145","","","2010-12-08 08:36:53 +0000","<a href=""http://twitter.com/download/iphone"" rel=""nofollow"">Twitter for iPhone</a>","@jchenry Thanks, Colin!"
"12425161554796544","12383821030752256","13696","","","2010-12-08 08:36:04 +0000","<a href=""http://twitter.com/download/iphone"" rel=""nofollow"">Twitter for iPhone</a>","@TeteSagehen That sounds like a fascinating conversation... email me at busterbenson@gmail.com with more info."
"12424815155617793","12383828949606401","12661782","","","2010-12-08 08:34:41 +0000","<a href=""http://twitter.com/download/iphone"" rel=""nofollow"">Twitter for iPhone</a>","@rondiver Thanks for the pic! Glad it's done now... let's get another drink soon!"
"12424622171496448","","","12383828949606401","12661782","2010-12-08 08:33:55 +0000","<a href=""http://twitter.com/download/iphone"" rel=""nofollow"">Twitter for iPhone</a>","RT @rondiver: Sloppy is not ok. @busterbenson helps you pwn, the corporate game layer. http://yfrog.com/gz137j"
"12424542840426496","12383891620888576","7389212","","","2010-12-08 08:33:36 +0000","<a href=""http://twitter.com/download/iphone"" rel=""nofollow"">Twitter for iPhone</a>","@Quazie Thanks! That was stressful. Now I can use a nap..."
"12424350170877952","12383912974094336","53073603","","","2010-12-08 08:32:50 +0000","<a href=""http://twitter.com/download/iphone"" rel=""nofollow"">Twitter for iPhone</a>","@grismath Thanks, Josh! Let me know if you want a free game on healthmonth.com..."
"12424026068619264","12399725676335104","18178679","","","2010-12-08 08:31:33 +0000","<a href=""http://twitter.com/download/iphone"" rel=""nofollow"">Twitter for iPhone</a>","@mandercrosby Great talk! I need to rethink my baby-can-eat-dirt strategy now..."
"12423573176066048","12384526420410368","1316241","","","2010-12-08 08:29:45 +0000","<a href=""http://twitter.com/download/iphone"" rel=""nofollow"">Twitter for iPhone</a>","@taylorparsons Thank you!"
"12423467630600192","12384777227210752","17885339","","","2010-12-08 08:29:20 +0000","<a href=""http://twitter.com/download/iphone"" rel=""nofollow"">Twitter for iPhone</a>","@amylakhani Thanks! I'll send you a link to a free game tomorrow once I get some sleep."
"12423056492331008","12385293885771776","198661893","","","2010-12-08 08:27:42 +0000","<a href=""http://twitter.com/download/iphone"" rel=""nofollow"">Twitter for iPhone</a>","@eliseworthy Thanks! I had fun. If you want a free game token for #healthmonth let me know!"
"12422657769209856","12386063599280128","7565162","","","2010-12-08 08:26:07 +0000","<a href=""http://twitter.com/download/iphone"" rel=""nofollow"">Twitter for iPhone</a>","@michaelmcdaniel You were there? We had a mini p13n reunioun afterwards... would've loved to say hi!"
"12422452101521408","12417587929419776","9973542","","","2010-12-08 08:25:18 +0000","<a href=""http://twitter.com/download/iphone"" rel=""nofollow"">Twitter for iPhone</a>","@gregoryheller Thanks, enjoyed your talk too!"
"12422117517692928","12394625750798336","29928567","","","2010-12-08 08:23:58 +0000","<a href=""http://twitter.com/download/iphone"" rel=""nofollow"">Twitter for iPhone</a>","@tara_miller Thank you! I'll send you a link to a free game tomorrow, once I get some rest!"
"12421834511220736","12416250747551745","60663","","","2010-12-08 08:22:50 +0000","<a href=""http://twitter.com/download/iphone"" rel=""nofollow"">Twitter for iPhone</a>","@MarinaMartin Thank you! You should've said hi! Though I ran out sorta quick afterwards..."
"12365657186238464","","","","","2010-12-08 04:39:37 +0000","<a href=""http://flickr.com/services/twitter/"" rel=""nofollow"">Flickr</a>","8:36pm At #is12 watching @Berkun comment as he writes an article in time-lapse http://flic.kr/p/8ZjN1Y"
"12342814796943360","","","","","2010-12-08 03:08:51 +0000","<a href=""http://twitter.com/download/iphone"" rel=""nofollow"">Twitter for iPhone</a>","@thepillowfort @carinnatarvin I want to watch a post-apocalyptic movie all about having to relearn story-telling and crafting. #theroad2"
"12325044130680832","","","","","2010-12-08 01:58:14 +0000","<a href=""http://twitter.com/download/iphone"" rel=""nofollow"">Twitter for iPhone</a>","The more I practice my talk, the more beer I drink. But the more beer I drink, the more practice my talk! #nonzerosumgames"
"12298423327793153","","","","","2010-12-08 00:12:27 +0000","<a href=""http://twitter.com"" rel=""nofollow"">Tweetie for Mac</a>","Come hear me talk at Ignite tonight (8pm, King Cat Theater) to see me & my silly hand-drawn slides explain how badges can be good for you."
"12296225147588608","12257326782218241","7512442","","","2010-12-08 00:03:43 +0000","<a href=""http://twitter.com"" rel=""nofollow"">Tweetie for Mac</a>","@csharpe Thank you! I love hearing that it works for others, as the only thing I knew before was that it worked for me."
"12226863791349760","","","","","2010-12-07 19:28:06 +0000","<a href=""http://twitter.com"" rel=""nofollow"">Tweetie for Mac</a>","RT @kellianne: Mobile! http://flic.kr/p/8ZdE19"
"12221219038298112","","","","","2010-12-07 19:05:40 +0000","<a href=""http://twitter.com"" rel=""nofollow"">Tweetie for Mac</a>","This so-called ""fun theory"" is a great example how game dynamics can be used to by powers-that-be to control others. http://bit.ly/fBoYTL"
"12181184746364928","12174554327683073","104912233","","","2010-12-07 16:26:35 +0000","<a href=""http://twitter.com/download/iphone"" rel=""nofollow"">Twitter for iPhone</a>","Can someone take notes for me? @Seriosity RT @jkloren Interested in creating #games to improve #health? HealthGamesCamp http://bit.ly/hgcsf"
"12174323305418752","12155898394836992","34948923","","","2010-12-07 15:59:19 +0000","<a href=""http://twitter.com/download/iphone"" rel=""nofollow"">Twitter for iPhone</a>","A video response to critics of the local food movement, with a humorous (to me) ending http://bit.ly/f6YWgm /via @craiggoodwin"
"12173914180427776","12155898394836992","34948923","","","2010-12-07 15:57:41 +0000","<a href=""http://twitter.com/download/iphone"" rel=""nofollow"">Twitter for iPhone</a>","@craiggoodwin Okay the ending cracked me up. Good work on the rest of it too!"
"12015569817571328","12013730288107520","14084454","","","2010-12-07 05:28:29 +0000","<a href=""http://twitter.com"" rel=""nofollow"">Tweetie for Mac</a>","@lesinski Fixed! Sorry about that."
"12012764461539328","12005721193316352","20833838","","","2010-12-07 05:17:20 +0000","<a href=""http://twitter.com"" rel=""nofollow"">Tweetie for Mac</a>","@carinnatarvin @ingopixel You mean parenting is more than just babysitting when the kid happens to look like you?"
"12009534822293504","11805950784573441","14084454","","","2010-12-07 05:04:30 +0000","<a href=""http://twitter.com"" rel=""nofollow"">Tweetie for Mac</a>","@lesinski Sure. What's your name on the site?"
"12003274597072896","","","","","2010-12-07 04:39:38 +0000","<a href=""http://flickr.com/services/twitter/"" rel=""nofollow"">Flickr</a>","8:36pm Eating dinner and winding down from an eventful day of Nikositting http://flic.kr/p/8Z2hor"
"12001953441648640","12001437600976896","14258044","","","2010-12-07 04:34:23 +0000","<a href=""http://twitter.com"" rel=""nofollow"">Tweetie for Mac</a>","@jensmccabe That sounds awesome. I've been daydreaming of an accurate ""fitness function"" for years. Let me know what you come up with!"
"11959553272848385","","","11914260040908800","681813","2010-12-07 01:45:54 +0000","<a href=""http://twitter.com/download/iphone"" rel=""nofollow"">Twitter for iPhone</a>","RT @avantgame: sneak preview of tomorrow's Science Times article ""On the hunt for what makes gamers keep gaming"" http://nyti.ms/i5cXJY"
"11922497138065409","11921865232621568","2039761","","","2010-12-06 23:18:39 +0000","<a href=""http://twitter.com/download/iphone"" rel=""nofollow"">Twitter for iPhone</a>","@kylebragger Ah the RT cut it. Here it is: http://j.mp/dOExod

Let's talk soon about 24hr projects and other such things!"
"11921173642219520","","","11919143380975616","6160742","2010-12-06 23:13:23 +0000","web","RT @bryce: Got satisfaction after all... RT @newsycombinator: DecorMyEyes Founder Arrested After NYT Piece On Google Rankings http://j.m ..."
"11889488292749312","11889134180241408","30693","","","2010-12-06 21:07:29 +0000","<a href=""http://twitter.com"" rel=""nofollow"">Tweetie for Mac</a>","@Boomer Yes, I think they're all recorded. And I'll post my slides too."
"11884746548191233","","","","","2010-12-06 20:48:39 +0000","<a href=""http://twitter.com"" rel=""nofollow"">Tweetie for Mac</a>","I'm speaking too! About brains vs badges. RT @berkun #ignite #seattle is tomorrow at 7pm, King Kat theater - http://on.fb.me/fJSRn9"
"11858498694414336","11857107125010432","780991","","","2010-12-06 19:04:21 +0000","<a href=""http://twitter.com"" rel=""nofollow"">Tweetie for Mac</a>","@amyjokim It's pretty, loads fast, and has the people I want to follow. It would be even better with you there!  :)"
"11853477802151936","11851630462898176","780991","","","2010-12-06 18:44:23 +0000","<a href=""http://twitter.com"" rel=""nofollow"">Tweetie for Mac</a>","@amyjokim I guess it depends on what they say after this outage is done. But I am on tumblr and love it."
"11844796947632128","11827144820789248","20270337","","","2010-12-06 18:09:54 +0000","web","@drkkolmes Still drafting the privacy policy (but will err on the side of user owns everything). Everything is public - private coming soon."
"11822891880419328","","","11788398658322432","6730222","2010-12-06 16:42:51 +0000","<a href=""http://twitter.com/download/iphone"" rel=""nofollow"">Twitter for iPhone</a>","RT @hblodget: Sorry, but this ""tech bubble 2.0"" talk is ridiculous @jyarow http://read.bi/gWqdaq"
"11702577309683713","","","","","2010-12-06 08:44:46 +0000","<a href=""http://twitter.com"" rel=""nofollow"">Tweetie for Mac</a>","So happy to see you here! RT @Miranda_July: Any time i feel a sudden announcement coming on, I come here. /thx @ario"
"11685510627983360","","","","","2010-12-06 07:36:57 +0000","<a href=""http://twitter.com"" rel=""nofollow"">Tweetie for Mac</a>","I had to watch this on mute because Niko's sleeping, but it was still awesome. 200 countries, 200 years, 4 minutes: http://bit.ly/e6wpGp"
"11685318977654784","11683889646927872","19133350","","","2010-12-06 07:36:11 +0000","<a href=""http://twitter.com"" rel=""nofollow"">Tweetie for Mac</a>","@Penzu Congrats on the new feature launch... sounds like a big, welcome change for everyone!"
"11681320103051265","11666412351258624","20270337","","","2010-12-06 07:20:18 +0000","web","@drkkolmes Thank you! I'd love your feedback on @healthmonth... seems like you'd have an interesting perspective for me to hear."
"11642264732307456","","","","","2010-12-06 04:45:06 +0000","<a href=""http://flickr.com/services/twitter/"" rel=""nofollow"">Flickr</a>","8:36pm Kellianne get ready to go to the Vainiversary party! I'm microwaving a potato. http://flic.kr/p/8YJKFD"
"11638859712434176","","","","","2010-12-06 04:31:35 +0000","<a href=""http://twitter.com"" rel=""nofollow"">Tweetie for Mac</a>","If you want to try the new Facebook profile page, click the button here: http://on.fb.me/e1vlDx"
"11524500491337728","","","","","2010-12-05 20:57:09 +0000","<a href=""http://twitter.com"" rel=""nofollow"">Tweetie for Mac</a>","3 brilliant solutions to feeling like you're not ""caught up"" from replies.  

1) Accept it
2) Mark all as read
3) Catch up"
"11502422941761536","11501654591414273","12061042","","","2010-12-05 19:29:25 +0000","<a href=""http://twitter.com"" rel=""nofollow"">Tweetie for Mac</a>","@ryanmcminn What if all of the emails are customer service related? The feeds and coffee though... DONE."
"11494111102115840","11493695152988160","60663","","","2010-12-05 18:56:24 +0000","<a href=""http://twitter.com"" rel=""nofollow"">Tweetie for Mac</a>","@MarinaMartin How long can we go without feeling caught up? I never go long without the feeling of its futility, so no worries there. :)"
"11492172436078592","","","","","2010-12-05 18:48:42 +0000","<a href=""http://twitter.com"" rel=""nofollow"">Tweetie for Mac</a>","Today I want to feel ""caught up"" with everything. Which is of course impossible. How long can we go without that feeling? Tips?"
"11473334701137920","","","29700195584","36768736","2010-12-05 17:33:50 +0000","web","RT @johnniemanzari: How Peter Thiel finds talent ""Tell us one thing about the world that you strongly believe is true, but that most peo ..."
"11462186228514817","11302527865716736","10959642","","","2010-12-05 16:49:32 +0000","<a href=""http://twitter.com/download/iphone"" rel=""nofollow"">Twitter for iPhone</a>","@tara Ooh, I want to see what your idea is!"
"11461745197449216","11447603006803968","784078","","","2010-12-05 16:47:47 +0000","<a href=""http://twitter.com/download/iphone"" rel=""nofollow"">Twitter for iPhone</a>","@alicetiara I enjoyed the cyber-bullying article. Can't wait til Niko's on Facebook!"
"11297921899167744","11288630001668096","26166039","","","2010-12-05 05:56:49 +0000","<a href=""http://twitter.com"" rel=""nofollow"">Tweetie for Mac</a>","@MeganWelling Oops, sorry! I guess that's why I don't get let out of the house very often."
"11295367161184256","11282590455570432","780991","","","2010-12-05 05:46:40 +0000","<a href=""http://twitter.com/download/iphone"" rel=""nofollow"">Twitter for iPhone</a>","@amyjokim Yeah... or just one long one. It's no fun!"
"11279406391623681","","","","","2010-12-05 04:43:14 +0000","<a href=""http://flickr.com/services/twitter/"" rel=""nofollow"">Flickr</a>","8:36pm Feeling exhausted and sick. But at least not hungry anymore. http://flic.kr/p/8YtwPb"
"11278324655464448","","","11272704690757634","5814","2010-12-05 04:38:56 +0000","<a href=""http://twitter.com/download/iphone"" rel=""nofollow"">Twitter for iPhone</a>","RT @tempo: A blogger asks whether Klout is broken w/damning test results. @klout CEO nails the response in comments: http://is.gd/i6Ijh  ..."
"11251334892224512","","","","","2010-12-05 02:51:41 +0000","<a href=""http://twitter.com"" rel=""nofollow"">Tweetie for Mac</a>","This is a really interesting article about how Schizophrenia might be caused by a virus: http://bit.ly/ie1F3o"
"11213431424155648","","","","","2010-12-05 00:21:05 +0000","<a href=""http://twitter.com/download/iphone"" rel=""nofollow"">Twitter for iPhone</a>","I just read a book on business tax deductions at B&N as a method of relaxation. Strangely, it worked."
"11008979136151553","","","","","2010-12-04 10:48:39 +0000","<a href=""http://flickr.com/services/twitter/"" rel=""nofollow"">Flickr</a>","The hot dog line. Did I say I was done with cynicism? http://flic.kr/p/8YdHUe"
"11003062244085760","11002216529793024","17352252","","","2010-12-04 10:25:09 +0000","<a href=""http://twitter.com/download/iphone"" rel=""nofollow"">Twitter for iPhone</a>","@adamforslund I do not endorse such behavior. :)"
"11001078145359872","","","","","2010-12-04 10:17:16 +0000","<a href=""http://twitter.com/download/iphone"" rel=""nofollow"">Twitter for iPhone</a>","For the record, cynicism is a sign of youth, not age."
"10916522755100673","","","","","2010-12-04 04:41:16 +0000","<a href=""http://flickr.com/services/twitter/"" rel=""nofollow"">Flickr</a>","8:36pm Dinner at the Polish Home Association http://flic.kr/p/8Yem27"
"10910109349707776","","","","","2010-12-04 04:15:47 +0000","<a href=""http://flickr.com/services/twitter/"" rel=""nofollow"">Flickr</a>","I had no idea there was a holiday flash mob going on downtown. Where are the pillows? http://flic.kr/p/8Yb6fT"
"10893923970981889","","","","","2010-12-04 03:11:28 +0000","<a href=""http://foursquare.com"" rel=""nofollow"">foursquare</a>","Wow, @foursquare actually helped me figure out what madness I had landed in. (@ Figgy Pudding Caroling Competition w/ 24 others)"
"10872359191838720","10871939652390913","147661601","","","2010-12-04 01:45:47 +0000","<a href=""http://twitter.com/download/iphone"" rel=""nofollow"">Twitter for iPhone</a>","@typetrigger Yes indeed! And, I haven't forgotten about what we talked about... just need a bit of spare time to do you justice!"
"10868696427794432","10868252603322368","26166039","","","2010-12-04 01:31:13 +0000","<a href=""http://twitter.com/download/iphone"" rel=""nofollow"">Twitter for iPhone</a>","@MeganWelling Okay, stay tuned! I'll be ready shortly after 7."
"10867703124328448","10867112423727104","26166039","","","2010-12-04 01:27:16 +0000","<a href=""http://twitter.com/download/iphone"" rel=""nofollow"">Twitter for iPhone</a>","@MeganWelling Where is that? What's the plan?"
"10864644440727552","","","","","2010-12-04 01:15:07 +0000","<a href=""http://twitter.com/download/iphone"" rel=""nofollow"">Twitter for iPhone</a>","I think I need a night out. Is it a blue moon or something?"
"10755255063019521","","","","","2010-12-03 18:00:27 +0000","<a href=""http://twitter.com"" rel=""nofollow"">Tweetie for Mac</a>","@gwenbell Interesting that you're shedding the past. Those letters/journals just get better with age!"
"10569449572663296","10564926846279680","10959642","","","2010-12-03 05:42:07 +0000","<a href=""http://twitter.com/download/iphone"" rel=""nofollow"">Twitter for iPhone</a>","@tara I personally CAN'T WAIT to start working on it, but realistically it might still be a couple months."
"10554144955826176","","","","","2010-12-03 04:41:18 +0000","<a href=""http://flickr.com/services/twitter/"" rel=""nofollow"">Flickr</a>","8:36pm Hanging out with this insomniac http://flic.kr/p/8XXobM"
"10547028132106240","10546547632644096","8708232","","","2010-12-03 04:13:02 +0000","<a href=""http://twitter.com"" rel=""nofollow"">Tweetie for Mac</a>","@brynn What are you working on? I'm a good alpha tester. :)"
"10546609322459136","10546013408329728","12761252","","","2010-12-03 04:11:22 +0000","<a href=""http://twitter.com"" rel=""nofollow"">Tweetie for Mac</a>","@haikugirl Ha, yes, me and taxes. It's still not over! And I'm jumping back on the tax wagon with #healthmonth, now... I must love pain."
"10546280979759104","10545941064978432","60663","","","2010-12-03 04:10:03 +0000","<a href=""http://twitter.com"" rel=""nofollow"">Tweetie for Mac</a>","@MarinaMartin That was one of my favorite parts too.  

In the meantime, you should see @kellianne at Vain! Save hundreds of dollars too. :)"
"10540254981263360","","","","","2010-12-03 03:46:07 +0000","<a href=""http://twitter.com/download/iphone"" rel=""nofollow"">Twitter for iPhone</a>","Tonight I realized that I could imagine opening a bar again someday. Not that I will... just that my brain would allow me to."
"10440326216945664","","","","","2010-12-02 21:09:02 +0000","<a href=""http://twitter.com"" rel=""nofollow"">Tweetie for Mac</a>","OH: ""It will be nice to have feelings other than 'mehhh' and 'waaahhh' again."""
"10381908940685312","","","10333531850936320","2890961","2010-12-02 17:16:54 +0000","<a href=""http://twitter.com/download/iphone"" rel=""nofollow"">Twitter for iPhone</a>","RT @Gizmodo: NASA finds new life, different from all beings in Earth. This changes everything. http://gizmo.do/fjTD4Y"
"10234031270535169","","","","","2010-12-02 07:29:17 +0000","<a href=""http://twitter.com"" rel=""nofollow"">Tweetie for Mac</a>","I hope I can do this all month. I'm feeling better already. http://bit.ly/gzoZhY #reverb10"
"10192176071843840","","","","","2010-12-02 04:42:58 +0000","<a href=""http://flickr.com/services/twitter/"" rel=""nofollow"">Flickr</a>","8:36pm Giving up on work today. Plan B: pizza and the Daily Show http://flic.kr/p/8XM7UW"
"10095182292721664","10034895774547968","16366882","","","2010-12-01 22:17:33 +0000","<a href=""http://twitter.com"" rel=""nofollow"">Tweetie for Mac</a>","@zombielolita I actually like those rules. I'll get them (or a version of them) in with the next batch."
"10030991615721472","10015748806148096","16366882","","","2010-12-01 18:02:29 +0000","<a href=""http://twitter.com"" rel=""nofollow"">Tweetie for Mac</a>","@zombielolita Yes, eventually. Are there any rules you'd like added though?"
"10030856580108288","10030615864811521","19920027","","","2010-12-01 18:01:57 +0000","<a href=""http://twitter.com"" rel=""nofollow"">Tweetie for Mac</a>","@keithcalder Yes, they should be able to ""join the team late"" from the team page. Let me know if there are any problems."
"10028147068108800","10017763191955456","16644937","","","2010-12-01 17:51:11 +0000","<a href=""http://twitter.com"" rel=""nofollow"">Tweetie for Mac</a>","@the_april I'll look into it and let you know when it's fixed!"
"9890982724112384","","","","","2010-12-01 08:46:08 +0000","<a href=""http://twitter.com"" rel=""nofollow"">Tweetie for Mac</a>","14 hours later... I have my slide outline for @ignitesea."
