"tweet_id","in_reply_to_status_id","in_reply_to_user_id","retweeted_status_id","retweeted_status_user_id","timestamp","source","text","expanded_urls"
"29347476166","","","","","2010-11-01 06:02:49 +0000","<a href=""http://twitter.com/download/iphone"" rel=""nofollow"">Twitter for iPhone</a>","REALLY jealous of those playing #nanowrimo starting tonight. I've done it twice but this year just added some Easter eggs to 750words.com"
"29346663418","29346521838","691073","","","2010-11-01 05:44:57 +0000","<a href=""http://twitter.com/download/iphone"" rel=""nofollow"">Twitter for iPhone</a>","@Rabourn How so? And will you play again?"
"29346015204","29343929095","16609638","","","2010-11-01 05:31:01 +0000","<a href=""http://twitter.com/download/iphone"" rel=""nofollow"">Twitter for iPhone</a>","@michaelasmith Close! Actually, way off, but good guess! :)"
"29345886023","","","","","2010-11-01 05:28:18 +0000","<a href=""http://twitter.com/download/iphone"" rel=""nofollow"">Twitter for iPhone</a>","@gwenbell Good luck with the writing this month! Have you said what you're planning to write?"
"29343565967","","","","","2010-11-01 04:42:24 +0000","<a href=""http://twitter.com/download/iphone"" rel=""nofollow"">Twitter for iPhone</a>","OH: ""It's got everything. It's metallic. It's got a bow."""
"29340746779","29340142679","10959642","","","2010-11-01 03:54:31 +0000","<a href=""http://twitter.com"" rel=""nofollow"">Tweetie for Mac</a>","@tara As many as you want! Join my team join my team!"
"29340263275","","","","","2010-11-01 03:47:01 +0000","<a href=""http://flickr.com/services/twitter/"" rel=""nofollow"">Flickr</a>","8:36pm Helping people get ready for November's health month. Sign up friends: healthmonth.com http://flic.kr/p/8PFNUF"
"29339865055","29339529022","8708232","","","2010-11-01 03:40:59 +0000","<a href=""http://twitter.com"" rel=""nofollow"">Tweetie for Mac</a>","@brynn @tara @k Start a new team here http://bit.ly/bv6mrg or join mine! http://bit.ly/akBFln"
"29339765000","29339401634","11222","","","2010-11-01 03:39:30 +0000","<a href=""http://twitter.com"" rel=""nofollow"">Tweetie for Mac</a>","@k You had a good excuse. Congratulations, by the way! No way to skip the month, but after today it won't matter, because it's over..."
"29334970919","29333018213","8708232","","","2010-11-01 02:32:35 +0000","<a href=""http://twitter.com"" rel=""nofollow"">Tweetie for Mac</a>","@brynn Glad you're playing again! How was the first month?"
"29332929405","","","","","2010-11-01 02:05:15 +0000","<a href=""http://twitter.com"" rel=""nofollow"">Tweetie for Mac</a>","Am I a pirate? Yes. http://tcrn.ch/cx5PJX

Though I disagree with the premise that entrepreneurs don't understand risk. Boredom is a risk!"
"29301936240","29301627400","16366882","","","2010-10-31 18:58:38 +0000","<a href=""http://twitter.com"" rel=""nofollow"">Tweetie for Mac</a>","@zombielolita Everyone. But it should be back now. Sorry!"
"29245821132","29245687439","7357082","","","2010-10-31 04:12:01 +0000","<a href=""http://twitter.com/download/iphone"" rel=""nofollow"">Twitter for iPhone</a>","@maryspecht Definitely not the only ones! Will think about the best way to do that. Are there any existing online book club tools out there?"
"29245703750","29245059147","15019184","","","2010-10-31 04:10:13 +0000","<a href=""http://twitter.com/download/iphone"" rel=""nofollow"">Twitter for iPhone</a>","@heyamberrae I'd say the event will be more fun but the food will not necessarily be more tasty. Unless good mood leads to focus on flavors."
"29244783048","29244596603","7357082","","","2010-10-31 03:56:18 +0000","<a href=""http://twitter.com/download/iphone"" rel=""nofollow"">Twitter for iPhone</a>","@maryspecht Awesome! Maybe we should create a #healthmonth book club."
"29244407849","29244194999","76539829","","","2010-10-31 03:50:34 +0000","<a href=""http://twitter.com/download/iphone"" rel=""nofollow"">Twitter for iPhone</a>","@theRamdan Tomorrow!"
"29244310800","29243941833","7357082","","","2010-10-31 03:49:07 +0000","<a href=""http://twitter.com/download/iphone"" rel=""nofollow"">Twitter for iPhone</a>","@maryspecht Yeah I still think about that book often. What's next?"
"29244168372","29242763941","15019184","","","2010-10-31 03:46:58 +0000","<a href=""http://twitter.com/download/iphone"" rel=""nofollow"">Twitter for iPhone</a>","@heyamberrae So the former? If you don't pay attention to the flavors of your meal it is less tasty?"
"29243755175","","","","","2010-10-31 03:40:46 +0000","<a href=""http://flickr.com/services/twitter/"" rel=""nofollow"">Flickr</a>","8:36pm Tired and reading while everyone else is being social. Enjoying Halloween via Twitter this year. Have fun! http://flic.kr/p/8PkoUr"
"29237461701","","","","","2010-10-31 02:08:46 +0000","<a href=""http://twitter.com/download/iphone"" rel=""nofollow"">Twitter for iPhone</a>","How much does what you get out of an experience depend on where you choose to put your attention vs the natural qualities of the experience?"
"29234825673","29233776482","59758921","","","2010-10-31 01:31:34 +0000","<a href=""http://twitter.com/download/iphone"" rel=""nofollow"">Twitter for iPhone</a>","@AnjuStovia Send me a link to your page and I'll sponsor you!"
"29232585070","29230301318","91932008","","","2010-10-31 00:59:50 +0000","<a href=""http://twitter.com"" rel=""nofollow"">Tweetie for Mac</a>","@mKarolyn I think I just sponsored you!  Good luck in November!"
"29210568866","29206801810","15857267","","","2010-10-30 19:17:10 +0000","<a href=""http://twitter.com"" rel=""nofollow"">Tweetie for Mac</a>","@emaggie What happened with the saving quirks? Let me know as I'm trying to track these things down and can repair streaks if broken."
"29197051019","","","","","2010-10-30 16:12:25 +0000","<a href=""http://twitter.com"" rel=""nofollow"">Tweetie for Mac</a>","Rally to Restore Sanity and/or Fear live stream! Currently watching The Roots on stage: http://bit.ly/ayfbky"
"29158895337","29158805841","776429","","","2010-10-30 05:51:34 +0000","<a href=""http://twitter.com/download/iphone"" rel=""nofollow"">Twitter for iPhone</a>","@spangley Save the date! (I'm also open to other venues if you can recommend even better spots.)"
"29157803809","29157200037","10959642","","","2010-10-30 05:30:36 +0000","<a href=""http://twitter.com/download/iphone"" rel=""nofollow"">Twitter for iPhone</a>","@tara Costumes?! Uh oh, I gave up my 10 good parents points so I could pretend Halloween didn't exist this year!"
"29157725207","29157623948","776429","","","2010-10-30 05:29:07 +0000","<a href=""http://twitter.com/download/iphone"" rel=""nofollow"">Twitter for iPhone</a>","@spangley Thanks! Hey I'm gonna be in SF 2-nights-only on 11/11-11/12... are you gonna be around for a Hemlock rendezvous?"
"29156760299","","","","","2010-10-30 05:11:02 +0000","<a href=""http://twitter.com/download/iphone"" rel=""nofollow"">Twitter for iPhone</a>","The secret to gaining trust: give away all of your own secrets; keep everyone else's. #deepthoughtsafter2glassesofwine"
"29156687965","29156534956","15916492","","","2010-10-30 05:09:42 +0000","<a href=""http://twitter.com/download/iphone"" rel=""nofollow"">Twitter for iPhone</a>","@accarmichael That's awesome! Well done. I might join you at the earlier hour now that I have a baby."
"29156622841","29156262835","10959642","","","2010-10-30 05:08:30 +0000","<a href=""http://twitter.com/download/iphone"" rel=""nofollow"">Twitter for iPhone</a>","@tara Yes we DOOOOOOO! Sunday morning?"
"29156470156","","","","","2010-10-30 05:05:44 +0000","<a href=""http://twitter.com/download/iphone"" rel=""nofollow"">Twitter for iPhone</a>","Appendix B of Punished by Rewards opens, without closing, Pandora's Box by revealing that he cannot define ""intrinsic motivation"". Shit."
"29156132486","29153921295","15916492","","","2010-10-30 04:59:49 +0000","<a href=""http://twitter.com/download/iphone"" rel=""nofollow"">Twitter for iPhone</a>","@accarmichael I like the new minute! How did you choose it?"
"29153542128","29053318782","15916492","","","2010-10-30 04:15:46 +0000","<a href=""http://twitter.com/download/iphone"" rel=""nofollow"">Twitter for iPhone</a>","@accarmichael Thank you, Alexandra! I would love your feedback from a #quantifiedself perspective. And also a curetogether perspective!"
"29151407998","","","","","2010-10-30 03:43:00 +0000","<a href=""http://flickr.com/services/twitter/"" rel=""nofollow"">Flickr</a>","8:36pm Suggesting people for this crazy person to follow on Twitter http://flic.kr/p/8P596D"
"29147334000","","","","","2010-10-30 02:44:49 +0000","<a href=""http://twitter.com/download/iphone"" rel=""nofollow"">Twitter for iPhone</a>","Q about #gamification: do we encourage mastery by letting people make their own mistakes, or by telling them the best practices/cheats?"
"29147180642","","","","","2010-10-30 02:42:42 +0000","<a href=""http://flickr.com/services/twitter/"" rel=""nofollow"">Flickr</a>","My favorite work setup: pen, paper, bread, butter, soup, and wine http://flic.kr/p/8P7GTd"
"29143664823","29143111448","17492166","","","2010-10-30 01:56:15 +0000","<a href=""http://twitter.com"" rel=""nofollow"">Tweetie for Mac</a>","@JessicaChivers Ah, got it. Fixed now!"
"29138879868","29121887377","17492166","","","2010-10-30 00:54:34 +0000","<a href=""http://twitter.com"" rel=""nofollow"">Tweetie for Mac</a>","@JessicaChivers Your streak seems intact. Did you get into the site after all? It was definitely a Facebook-was-down issue."
"29115057048","","","29113572005","10959642","2010-10-29 19:08:38 +0000","<a href=""http://twitter.com/download/iphone"" rel=""nofollow"">Twitter for iPhone</a>","RT @tara: New Post ""I have a baby and I?m doing a startup. Whoopie"" http://bit.ly/9giKyQ /cc @jason @newsycombinator @techzing"
"29114536844","","","","","2010-10-29 19:00:58 +0000","<a href=""http://flickr.com/services/twitter/"" rel=""nofollow"">Flickr</a>","I'm no longer needed here. http://flic.kr/p/8P2WwJ"
"29095275081","29079983500","17492166","","","2010-10-29 14:55:21 +0000","<a href=""http://twitter.com/download/iphone"" rel=""nofollow"">Twitter for iPhone</a>","@JessicaChivers Maybe Facebook was down? Let me know your name on the site and I'll fix your streak."
"29060830470","29036547061","17492166","","","2010-10-29 05:44:26 +0000","<a href=""http://twitter.com/download/iphone"" rel=""nofollow"">Twitter for iPhone</a>","@JessicaChivers What happens? I can repair your streak if you missed a day due to a technical error."
"29053840368","","","","","2010-10-29 03:41:54 +0000","<a href=""http://flickr.com/services/twitter/"" rel=""nofollow"">Flickr</a>","8:36pm Brought dinner to Joe, Venessa, Aaron, Isaac, and the brand new Lilla! http://flic.kr/p/8NQJ8V"
"29041757867","","","","","2010-10-29 01:05:51 +0000","<a href=""http://flickr.com/services/twitter/"" rel=""nofollow"">Flickr</a>","Owen! http://flic.kr/p/8NP8Y6"
"29022602662","","","","","2010-10-28 20:57:41 +0000","<a href=""http://twitter.com"" rel=""nofollow"">Tweetie for Mac</a>","Cracking into Xcode for the first time in a while. I love it because it's so powerful, but fear it because it's hyper-finnicky. #nerdtweet"
"29017936602","","","","","2010-10-28 19:46:16 +0000","<a href=""http://twitter.com"" rel=""nofollow"">Tweetie for Mac</a>","Friendship pages on Facebook sound really cool.  http://on.fb.me/aTifU0"
"29017020022","29006440002","1032241","","","2010-10-28 19:32:05 +0000","<a href=""http://twitter.com"" rel=""nofollow"">Tweetie for Mac</a>","@trappermarkelz Awesome, looking through it now. I would love to include a user survey that helped map their wellness to the report."
"29006132327","29002980938","1032241","","","2010-10-28 16:51:05 +0000","web","Inspiring work from @trappermarkelz  Gallup, and Healthways building the well-being index. http://bit.ly/aUNDIH http://bit.ly/aCE1dH"
"29005654612","29002980938","1032241","","","2010-10-28 16:44:59 +0000","<a href=""http://twitter.com"" rel=""nofollow"">Tweetie for Mac</a>","@trappermarkelz That Well-Being Index is amazing. I would love to include it on #HealthMonth (with attribution of course). Is that possible?"
"28955362847","","","","","2010-10-28 03:41:22 +0000","<a href=""http://flickr.com/services/twitter/"" rel=""nofollow"">Flickr</a>","8:36pm Hot potato. http://flic.kr/p/8NBbrr"
"28926676519","","","","","2010-10-27 21:37:13 +0000","<a href=""http://twitter.com"" rel=""nofollow"">Tweetie for Mac</a>","Informal results from Twitter and Facebook: 76% of people would rather break their finger than gain 20lbs."
"28922039597","28922000711","14290242","","","2010-10-27 20:31:29 +0000","<a href=""http://twitter.com/download/iphone"" rel=""nofollow"">Twitter for iPhone</a>","@maggim Any finger!"
"28920668510","","","","","2010-10-27 20:11:20 +0000","<a href=""http://twitter.com"" rel=""nofollow"">Tweetie for Mac</a>","Which would you rather do: gain 20 lbs of extra weight, or break a finger? #fb #marketresearch"
"28865642386","28850136968","17856201","","","2010-10-27 06:21:54 +0000","<a href=""http://twitter.com/download/iphone"" rel=""nofollow"">Twitter for iPhone</a>","@emahlee Thanks for saying hi today!"
"28858892641","","","","","2010-10-27 04:11:51 +0000","<a href=""http://flickr.com/services/twitter/"" rel=""nofollow"">Flickr</a>","8:36pm Listening to a new hero of mine speak about the future: Kevin Kelly! http://flic.kr/p/8NqFjN"
"28838564385","","","","","2010-10-26 23:54:14 +0000","<a href=""http://twitter.com/download/iphone"" rel=""nofollow"">Twitter for iPhone</a>","Stoked to hear @kevin2kelly speak about his book, What Technology Wants, at U Village tonight. Anyone else going?"
"28834164671","28833636210","15610427","","","2010-10-26 23:03:11 +0000","<a href=""http://twitter.com"" rel=""nofollow"">Tweetie for Mac</a>","@riadd Looking into the problem. Sorry about that... should be back up shortly. And thank you!"
"28829759449","28826905293","21357984","","","2010-10-26 22:07:35 +0000","web","@coleifornia What do you mean ""up the game""?  I'm always looking for ways to make it better... you want to edit entries after the date?"
"28824458243","28824019951","792738","","","2010-10-26 20:53:01 +0000","<a href=""http://twitter.com"" rel=""nofollow"">Tweetie for Mac</a>","@Cruftbox Looks like it's back now. Crossing my fingers. Plus, it's raining outside."
"28823432324","28823265181","792738","","","2010-10-26 20:37:52 +0000","<a href=""http://twitter.com"" rel=""nofollow"">Tweetie for Mac</a>","@Cruftbox Yeah, my host, Heroku, is down at the moment. See http://status.heroku.com for updates."
"28822395421","","","","","2010-10-26 20:22:33 +0000","<a href=""http://twitter.com"" rel=""nofollow"">Tweetie for Mac</a>","Sometimes I take the troll bait."
"28816491529","28815109280","9857922","","","2010-10-26 18:52:29 +0000","<a href=""http://twitter.com"" rel=""nofollow"">Tweetie for Mac</a>","@Brethren Thanks! Watching now. It makes me squirm to watch people trying to explain their art. :)"
"28808384346","28808019904","2082491","","","2010-10-26 16:57:02 +0000","web","@rodmitch I just added 20 sponsored invites to your team.  To get the link, click on ""invite friends"" from your team page."
"28759809127","28759552462","780991","","","2010-10-26 04:32:01 +0000","<a href=""http://twitter.com/download/iphone"" rel=""nofollow"">Twitter for iPhone</a>","@amyjokim Thanks! It's good to mix a few baby pics in with the serious talk, right? :)"
"28759438136","","","","","2010-10-26 04:25:47 +0000","<a href=""http://twitter.com/download/iphone"" rel=""nofollow"">Twitter for iPhone</a>","The stick is contained in the carrot. - Punished by Rewards pg 53 #livetweetingwhilereading #motivation"
"28756739783","","","","","2010-10-26 03:44:45 +0000","<a href=""http://flickr.com/services/twitter/"" rel=""nofollow"">Flickr</a>","8:36pm Dressed for storytime courtesy of @alicetiara and @harryh http://flic.kr/p/8N6JWH"
"28740721148","28740314454","16728047","","","2010-10-26 00:25:49 +0000","<a href=""http://twitter.com"" rel=""nofollow"">Tweetie for Mac</a>","@CarlosNZ Shoot.  I'll look into that."
"28738585289","","","","","2010-10-26 00:00:09 +0000","<a href=""http://twitter.com"" rel=""nofollow"">Tweetie for Mac</a>","Health Month makes health-improvement and behavior-change TOTALLY FUN for the post-Facebook world. http://healthmonth.com #w2sON #pickme!"
"28734363460","","","","","2010-10-25 23:09:43 +0000","<a href=""http://flickr.com/services/twitter/"" rel=""nofollow"">Flickr</a>","My mysterious #gameful puzzle piece. Now what? http://flic.kr/p/8N6cNL"
"28716220289","","","","","2010-10-25 18:47:39 +0000","<a href=""http://twitter.com"" rel=""nofollow"">Tweetie for Mac</a>","2 good posts on finding your niche passion:

http://bit.ly/a6GBZJ by @AaronSeattle

http://bit.ly/d4Fh6O by @GarryTan"
"28713959260","","","","","2010-10-25 18:13:43 +0000","<a href=""http://twitter.com"" rel=""nofollow"">Tweetie for Mac</a>","This brightened my day. A leaderboard for huggers at @socialworkout. http://www.socialworkout.com/activity/show/68 /via @alicetiara"
"28703781179","28702549287","13737","","","2010-10-25 15:57:38 +0000","<a href=""http://twitter.com"" rel=""nofollow"">Tweetie for Mac</a>","@noahkagan Looks great to me. Let me know how it goes!"
"28703671960","","","","","2010-10-25 15:56:20 +0000","<a href=""http://twitter.com"" rel=""nofollow"">Tweetie for Mac</a>","Just got called out on my own blog for being a solipsistic echo chamber that doesn't ""reward"" its commenters. http://bit.ly/cAJW5Z"
"28699219733","28698228978","13737","","","2010-10-25 15:05:35 +0000","<a href=""http://twitter.com/download/iphone"" rel=""nofollow"">Twitter for iPhone</a>","@noahkagan Woah impressive! What's the plan?"
"28699145391","28697490932","5907582","","","2010-10-25 15:04:45 +0000","<a href=""http://twitter.com/download/iphone"" rel=""nofollow"">Twitter for iPhone</a>","It's gonna be exciting. Especially as it navigates the intrinsic. RT @gzicherm ""Get ready for the decade of gamification"" http://ht.ly/2YUt0"
"28692651392","","","28690109361","15087011","2010-10-25 13:51:31 +0000","<a href=""http://twitter.com/download/iphone"" rel=""nofollow"">Twitter for iPhone</a>","RT @romenesko: Prof who has studied ""The Daily Show"" says Jon Stewart's cultural influence surpasses Glenn Beck's. http://journ.us/bKjY9W"
"28659296676","","","","","2010-10-25 04:07:44 +0000","<a href=""http://flickr.com/services/twitter/"" rel=""nofollow"">Flickr</a>","8:36pm Drinks with Lane! http://flic.kr/p/8MRzqS"
"28640190658","","","28639562013","19028099","2010-10-24 23:47:02 +0000","web","RT @MarshallHaas: Netflix CEO: ?By every measure, we are now primarily a streaming company that also offers DVD-by-mail.? http://goo.gl/SgIv"
"28618395231","28617924934","14479635","","","2010-10-24 18:37:57 +0000","<a href=""http://twitter.com"" rel=""nofollow"">Tweetie for Mac</a>","@nbeezzy From what I hear though, diaspora isn't really worth your time..."
"28618229812","28617924934","14479635","","","2010-10-24 18:35:34 +0000","<a href=""http://twitter.com"" rel=""nofollow"">Tweetie for Mac</a>","@nbeezzy I don't really. At least not freelancing developers. Not sure if this is still going on? http://www.seattlerb.org /cc @drbrain"
"28614946018","","","28614081191","72403","2010-10-24 17:48:48 +0000","<a href=""http://twitter.com/download/iphone"" rel=""nofollow"">Twitter for iPhone</a>","RT @ginab: True for start-ups too: First they ignore you, then they laugh at you, then they fight you, then you win. Mohandas Gandhi"
"28614724582","","","","","2010-10-24 17:45:40 +0000","<a href=""http://twitter.com/download/iphone"" rel=""nofollow"">Twitter for iPhone</a>","""To de-emphasize conventional rewards (grades/money/perks) threatens the existing power structure."" - Mihaly Csikszentmihalyi (parens mine)"
"28610382580","","","28609753606","7315732","2010-10-24 16:43:12 +0000","web","RT @NicoleLazzaro: ""Show me you care about me"" is the primary motivator for all Social Media. #sxd"
"28610352338","","","28609960840","12661782","2010-10-24 16:42:43 +0000","web","RT @rondiver: Kevin Kelly discussion at U-Village BN this Tuesday. Join me, maybe we'll convince him to go out for drinks after. http:// ..."
"28573440008","","","","","2010-10-24 06:56:01 +0000","<a href=""http://twitter.com/download/iphone"" rel=""nofollow"">Twitter for iPhone</a>","If you ask yourself, ""Am I more often right or wrong about things?"" what's your answer? And how do you know if you're right or wrong? #fb"
"28561410676","","","","","2010-10-24 03:39:55 +0000","<a href=""http://flickr.com/services/twitter/"" rel=""nofollow"">Flickr</a>","8:36pm Watching ""one foot on the grave and three feet on a banana peel"" while making apple bread http://flic.kr/p/8MvPF3"
"28554625350","28553162937","13232092","","","2010-10-24 02:08:19 +0000","<a href=""http://twitter.com/download/iphone"" rel=""nofollow"">Twitter for iPhone</a>","@ebuie Yes, that's coming soon. Not in time for November though unfortunately."
"28542672469","28542434591","7482","","","2010-10-23 23:20:07 +0000","<a href=""http://twitter.com/download/iphone"" rel=""nofollow"">Twitter for iPhone</a>","@arainert Thanks, Alex! Interesting also that I now see several flaws in my thinking back then. :)"
"28538216002","28538067011","60663","","","2010-10-23 22:11:46 +0000","web","@MarinaMartin Hey good point!"
"28538089759","","","","","2010-10-23 22:09:46 +0000","<a href=""http://twitter.com"" rel=""nofollow"">Tweetie for Mac</a>","Here's my talk from the 1st Ignite ever, in 2006, on How to Use Technology to Get What You Want.  Hand-drawn slides! http://bit.ly/9VC4np"
"28537813609","","","","","2010-10-23 22:05:19 +0000","<a href=""http://twitter.com"" rel=""nofollow"">Tweetie for Mac</a>","I just submitted a talk for the 12th @ignitesea.  Unfortunately, it's a day late. We'll see.  /cc @brady"
"28529403836","","","","","2010-10-23 19:49:06 +0000","<a href=""http://twitter.com"" rel=""nofollow"">Tweetie for Mac</a>","I think virtual rewards might be able to *improve* an intrinsically valuable experience: http://bit.ly/9JUk54 #gamification"
"28529248847","28521769643","75433017","","","2010-10-23 19:46:39 +0000","<a href=""http://twitter.com"" rel=""nofollow"">Tweetie for Mac</a>","@TrickChapman Thanks for the link to the post. I replied to your comment, too."
"28524297418","28524079152","204696158","","","2010-10-23 18:32:05 +0000","<a href=""http://twitter.com"" rel=""nofollow"">Tweetie for Mac</a>","@nosocialbarrier They should be going out again. Are you still not getting them? Also, send me your name on site and I'll fix your streak."
"28515066342","","","","","2010-10-23 16:27:00 +0000","<a href=""http://flickr.com/services/twitter/"" rel=""nofollow"">Flickr</a>","My sporty wife taking calls at the breakfast table before hitting the gym. http://flic.kr/p/8MjonD"
"28471533784","28471195032","12661782","","","2010-10-23 04:30:23 +0000","<a href=""http://twitter.com"" rel=""nofollow"">Tweetie for Mac</a>","@rondiver Yes but it's a noble idea to strive for, isn't it?"
"28469146303","28468596427","19028099","","","2010-10-23 03:52:42 +0000","<a href=""http://twitter.com"" rel=""nofollow"">Tweetie for Mac</a>","@MarshallHaas I am, I am..."
"28468547054","28468490222","19028099","","","2010-10-23 03:43:54 +0000","<a href=""http://twitter.com"" rel=""nofollow"">Tweetie for Mac</a>","@MarshallHaas Maaybe. :)"
"28468257438","","","","","2010-10-23 03:39:47 +0000","<a href=""http://flickr.com/services/twitter/"" rel=""nofollow"">Flickr</a>","8:36pm Researching and taking notes on pitch decks. http://flic.kr/p/8MfWP7"
"28456166091","28455026881","12661782","","","2010-10-23 00:57:32 +0000","<a href=""http://twitter.com"" rel=""nofollow"">Tweetie for Mac</a>","@rondiver Thanks! Now I wish I had paid a little more attention in Philosophy 101..."
"28428552837","28428085487","780991","","","2010-10-22 18:19:55 +0000","web","@amyjokim I like that list of intrinsic rewards. Add: autonomy, sense of contributing to greater good, balanced self-esteem... what else?"
"28376664823","","","","","2010-10-22 05:22:27 +0000","<a href=""http://twitter.com"" rel=""nofollow"">Tweetie for Mac</a>","Interesting way of putting it. Ideas are a multiplier on the value of the execution. http://bit.ly/97BlO5 /via @dens"
"28376503493","27792465837","90059161","","","2010-10-22 05:19:16 +0000","web","@openangelforum Hi! What's the deadline for applications from entrepreneurs for Seattle?"
"28374481239","28372272304","55273","","","2010-10-22 04:41:00 +0000","web","@debroby You can do it!"
"28373131616","","","","","2010-10-22 04:17:29 +0000","<a href=""http://flickr.com/services/twitter/"" rel=""nofollow"">Flickr</a>","This crashed while Niko was is in it. Otherwise a delightful dinner with Kindra and Mike. http://flic.kr/p/8M3ir3"
"28369597952","","","28369355822","4030","2010-10-22 03:23:13 +0000","<a href=""http://twitter.com/download/iphone"" rel=""nofollow"">Twitter for iPhone</a>","RT @monstro: ?It?s hard to be in your late 30s and want to hire your friends. It leads to a very expensive payroll.?"
"28073069969","28071727362","19028099","","","2010-10-21 23:58:40 +0000","<a href=""http://twitter.com/download/iphone"" rel=""nofollow"">Twitter for iPhone</a>","@MarshallHaas You didn't have to plea for fruit. :) I'm going to try to make that more obvious as a good strategy somehow. Ideas?"
"28070534984","","","","","2010-10-21 23:22:37 +0000","<a href=""http://foursquare.com"" rel=""nofollow"">foursquare</a>","I just unlocked the ""5K"" badge on @foursquare! http://4sq.com/b6JzxI"
"28058334401","28058090066","19028099","","","2010-10-21 20:35:32 +0000","<a href=""http://twitter.com"" rel=""nofollow"">Tweetie for Mac</a>","@MarshallHaas You can be healed past 10 points, and can also win life points on the wheel."
"28045796211","28045356601","16126226","","","2010-10-21 17:26:13 +0000","<a href=""http://twitter.com"" rel=""nofollow"">Tweetie for Mac</a>","@effthatlizard Looking into this today. Sorry for the trouble!"
"28040874003","","","","","2010-10-21 16:17:35 +0000","<a href=""http://twitter.com"" rel=""nofollow"">Tweetie for Mac</a>","Is anyone doing NaNoWriMo this year? On 750words.com? It's like peanut butter and bananas! http://bit.ly/amLFRC"
"28039795785","28039214531","15411442","","","2010-10-21 16:04:33 +0000","<a href=""http://twitter.com"" rel=""nofollow"">Tweetie for Mac</a>","@lyndit Awesome! My email address is busterbenson at gmail... let me know what you need from me."
"28038871293","28034328117","15411442","","","2010-10-21 15:53:29 +0000","<a href=""http://twitter.com"" rel=""nofollow"">Tweetie for Mac</a>","@lyndit Free review? I'd love to learn more... would you be interested in reviewing healthmonth.com?"
"28037020717","28002102701","16126226","","","2010-10-21 15:31:42 +0000","<a href=""http://twitter.com/download/iphone"" rel=""nofollow"">Twitter for iPhone</a>","@effthatlizard What bugs are you seeing? I think I fixed most of them yesterday but let me know! #750words"
"28024583713","28023871382","10399","","","2010-10-21 13:05:33 +0000","<a href=""http://twitter.com/download/iphone"" rel=""nofollow"">Twitter for iPhone</a>","@tacojohn Those are the best! Good work."
"28024558421","28021857402","77165220","","","2010-10-21 13:05:14 +0000","<a href=""http://twitter.com/download/iphone"" rel=""nofollow"">Twitter for iPhone</a>","@drjavafox You should get one today. Let me know if you don't!"
"27993848623","","","","","2010-10-21 03:41:23 +0000","<a href=""http://flickr.com/services/twitter/"" rel=""nofollow"">Flickr</a>","8:36pm Tough or tiring days all around. Good to have @meganwelling here! http://flic.kr/p/8LNjSd"
"27979782859","","","","","2010-10-21 00:31:54 +0000","<a href=""http://twitter.com/download/iphone"" rel=""nofollow"">Twitter for iPhone</a>","[insert helpless frustration here] 

Sending it down the Twitter river, away from me. Bye!"
"27970028618","27969935588","9525212","","","2010-10-20 22:27:09 +0000","<a href=""http://twitter.com"" rel=""nofollow"">Tweetie for Mac</a>","@dandean Yeah. I almost used them. But it would've been too expensive for 750words.com's paltry income."
"27969991671","27969150596","52137644","","","2010-10-20 22:26:39 +0000","<a href=""http://twitter.com"" rel=""nofollow"">Tweetie for Mac</a>","@aaronhuffman Awesome that you're doing #healthmonth! I wish I could join you in the graphic novel month... sounds fun!"
"27967963599","27967886444","18324846","","","2010-10-20 21:59:24 +0000","<a href=""http://twitter.com"" rel=""nofollow"">Tweetie for Mac</a>","@site5 Yes! I've been going back and forth all day on ticket TQCP-77056... so far, no luck."
"27967632766","27967375205","1026","","","2010-10-20 21:54:37 +0000","<a href=""http://twitter.com"" rel=""nofollow"">Tweetie for Mac</a>","@jfuchs It was on one of their dedicated servers. I like the most of the time, but their migrations always end up problematic."
"27967068867","","","","","2010-10-20 21:46:21 +0000","<a href=""http://twitter.com"" rel=""nofollow"">Tweetie for Mac</a>","Migrated 750words.com over to a VPS with @site5.  Went pretty well, but sending email throws errors. Coming up on 24-hours with help desk..."
"27964878075","","","","","2010-10-20 21:13:16 +0000","<a href=""http://twitter.com"" rel=""nofollow"">Tweetie for Mac</a>","Added 7 new rules + more flexibility. Check them out and start thinking about your November #healthmonth rules! http://bit.ly/d9Fb0D"
"27948471281","","","","","2010-10-20 17:05:50 +0000","<a href=""http://twitter.com"" rel=""nofollow"">Tweetie for Mac</a>","Has anyone else tried this Natural Stress Relief meditation method?  http://bit.ly/9pgJ2i Today seems like a good day to start."
"27945637932","27944885627","14976274","","","2010-10-20 16:22:22 +0000","<a href=""http://twitter.com"" rel=""nofollow"">Tweetie for Mac</a>","@DobraWorks I may have just fixed it. If not, let me know your name on the site and I'll look into it some more."
"27938942565","27938404786","14976274","","","2010-10-20 15:03:57 +0000","<a href=""http://twitter.com"" rel=""nofollow"">Tweetie for Mac</a>","@DobraWorks Okay, thank you. I'm looking into it today. Does this happen only after you get to 750 words, and it deletes everything?"
"27936880182","27935568826","55273","","","2010-10-20 14:39:52 +0000","<a href=""http://twitter.com"" rel=""nofollow"">Tweetie for Mac</a>","@debroby I'm able to load that page... what are you seeing instead?"
"27935400338","27932438102","55273","","","2010-10-20 14:22:29 +0000","<a href=""http://twitter.com"" rel=""nofollow"">Tweetie for Mac</a>","@debroby Can you send me a link or screenshot to the page that's not working for you?"
"27898426505","","","","","2010-10-20 03:40:16 +0000","<a href=""http://flickr.com/services/twitter/"" rel=""nofollow"">Flickr</a>","8:36pm I am ti-red after this day http://flic.kr/p/8Lynay"
"27896549192","","","27895315339","6160742","2010-10-20 03:13:18 +0000","<a href=""http://twitter.com/download/iphone"" rel=""nofollow"">Twitter for iPhone</a>","RT @bryce: had my mind blown by @tristanwalker on the future of @foursquare this afternoon. game changing couple of months ahead."
"27896367138","27896151987","14023082","","","2010-10-20 03:10:43 +0000","<a href=""http://twitter.com/download/iphone"" rel=""nofollow"">Twitter for iPhone</a>","@Sorcyress Thanks for letting me know! And good work!"
"27887875778","","","","","2010-10-20 01:19:01 +0000","<a href=""http://twitter.com"" rel=""nofollow"">Tweetie for Mac</a>","@intothelava Yes, I've been migrating the server all day. Read the posts on that blog for more info."
"27887344046","27886597502","16267585","","","2010-10-20 01:12:21 +0000","<a href=""http://twitter.com"" rel=""nofollow"">Tweetie for Mac</a>","@tn_tobias Thank you! Hopefully the worst of the server downtime issues are behind us now. I'm crossing my fingers."
"27876668888","27876363936","7622622","","","2010-10-19 23:00:41 +0000","<a href=""http://twitter.com"" rel=""nofollow"">Tweetie for Mac</a>","@PoorYorick Yes, I will be doing something like that!"
"27867596245","27867328929","32232142","","","2010-10-19 20:55:14 +0000","<a href=""http://twitter.com"" rel=""nofollow"">Tweetie for Mac</a>","@naunihalpublic You should... sorry about that. I didn't build in error handling to handle the server migration. Please save your words!"
"27865106926","27864778522","21873025","","","2010-10-19 20:18:57 +0000","<a href=""http://twitter.com"" rel=""nofollow"">Tweetie for Mac</a>","@sheeplessco No, it should be redirecting to the blog with updates on the migration. Part of the migration is the database."
"27864371882","","","","","2010-10-19 20:08:24 +0000","<a href=""http://twitter.com"" rel=""nofollow"">Tweetie for Mac</a>","The server migration for http://750words.com has started, and is going to take 4+ hours. Why does this stuff stress me out so much?"
"27857195972","","","","","2010-10-19 18:23:04 +0000","<a href=""http://twitter.com"" rel=""nofollow"">Tweetie for Mac</a>","My mind just got blown by Mozilla's new Open Web App ecosystem proposal. This is gonna be big. http://bit.ly/bpZp7R"
"27852105186","","","","","2010-10-19 17:11:13 +0000","<a href=""http://twitter.com"" rel=""nofollow"">Tweetie for Mac</a>","@gwenbell I love the idea of public intros. Especially short, simple ones that @hashable allows. Thanks for the 1st one... send me more! :)"
"27850552887","27849319881","14054915","","","2010-10-19 16:50:57 +0000","<a href=""http://twitter.com"" rel=""nofollow"">Tweetie for Mac</a>","@Travisboisvenue Thanks for putting that interview together... it was a lot of fun to do."
"27850480842","","","","","2010-10-19 16:50:03 +0000","<a href=""http://twitter.com"" rel=""nofollow"">Tweetie for Mac</a>","Here's a fun interview with @travisboisvenue where I get to talk about everything I love working on http://bit.ly/dreGhz"
"27846693210","","","","","2010-10-19 16:03:54 +0000","<a href=""http://twitter.com"" rel=""nofollow"">Tweetie for Mac</a>","Moving 750words.com to a much bigger server today, in prep for NaNoWriMo. I hate moving servers. Wish me luck and sanity."
"27803156487","27801561991","14095370","","","2010-10-19 04:29:22 +0000","<a href=""http://twitter.com/download/iphone"" rel=""nofollow"">Twitter for iPhone</a>","@OffbeatAriel It's cool, right? Only question I have is how do you measure results?"
"27800806016","","","","","2010-10-19 03:51:14 +0000","<a href=""http://flickr.com/services/twitter/"" rel=""nofollow"">Flickr</a>","8:36pm Keeping Niko up past his bedtime to enjoy dinnertimes with @samantham http://flic.kr/p/8LfAyg"
"27783903564","","","27781803677","6153072","2010-10-19 00:12:17 +0000","web","RT @drezac: I was going to do @DanielPink 's video, but the book as a prize made me lose my motivation. http://bit.ly/a2AnyW"
"27781287143","","","","","2010-10-18 23:41:03 +0000","<a href=""http://twitter.com"" rel=""nofollow"">Tweetie for Mac</a>","I'm starting a new series scoring various #gamification and motivation techniques I've found: http://bit.ly/bc2N7E #someta /cc @danielpink"
"27779215619","","","","","2010-10-18 23:16:37 +0000","<a href=""http://twitter.com"" rel=""nofollow"">Tweetie for Mac</a>","After #talkingwith @amyjokim today, I feel better prepared to safely navigate the turbulent waters of this gamification trend /cc @hashable"
"27770421709","27770306596","22118364","","","2010-10-18 21:22:14 +0000","<a href=""http://twitter.com/download/iphone"" rel=""nofollow"">Twitter for iPhone</a>","@allenm73 Any idea why they decided against it?"
"27769883697","","","","","2010-10-18 21:14:38 +0000","<a href=""http://twitter.com"" rel=""nofollow"">Tweetie for Mac</a>","Does anyone know of any tech startups that are L3Cs? http://en.wikipedia.org/wiki/L3C"
"27762596216","","","","","2010-10-18 19:26:53 +0000","<a href=""http://twitter.com"" rel=""nofollow"">Tweetie for Mac</a>","How to build a business that optimizes for happiness:
http://bit.ly/azrwuw 

This @mojombo guy is my new hero."
"27762242477","27762075967","161012068","","","2010-10-18 19:21:26 +0000","<a href=""http://twitter.com"" rel=""nofollow"">Tweetie for Mac</a>","@KiteZA No, it doesn't... I already have too many Twitter accounts. I would use the Tumblr blog as the best way to get updates."
"27712896868","","","","","2010-10-18 07:20:19 +0000","<a href=""http://twitter.com"" rel=""nofollow"">Tweetie for Mac</a>","Is it possible that science HAS proven the existence of God, and Its name is Placebo? Also, placebo is Latin for ""I shall please."" #signmeup"
"27712411540","27702892805","7357082","","","2010-10-18 07:08:55 +0000","<a href=""http://twitter.com/download/iphone"" rel=""nofollow"">Twitter for iPhone</a>","@maryspecht Tell me what you think of those books! They're both short and sweet."
"27708137891","","","","","2010-10-18 05:33:21 +0000","<a href=""http://twitter.com/download/iphone"" rel=""nofollow"">Twitter for iPhone</a>","""The easier it is to quantify, the less it's worth."" - Seth Godin, Linchpin"
"27701696900","","","","","2010-10-18 03:40:10 +0000","<a href=""http://flickr.com/services/twitter/"" rel=""nofollow"">Flickr</a>","8:36pm Reading Dan Pink's Drive while @Kellianne nurses @NikoBenson http://flic.kr/p/8KZxtG"
"27689042278","27686643705","60663","","","2010-10-18 00:52:27 +0000","<a href=""http://twitter.com"" rel=""nofollow"">Tweetie for Mac</a>","@MarinaMartin Yes, I liked it, but don't think about it all the time like the others. I haven't read Impro though - I'll check it out."
"27677614493","","","","","2010-10-17 22:28:42 +0000","<a href=""http://twitter.com"" rel=""nofollow"">Tweetie for Mac</a>","Books that have changed the way I think: Flow, Mastery, Linchpin, Drive, The War of Art, One Small Step Can Change Your Life"
"27661847719","","","","","2010-10-17 18:43:26 +0000","<a href=""http://twitter.com"" rel=""nofollow"">Tweetie for Mac</a>","The biggest threat to idea books is that most good ideas seem about the size of a TED Talk or a medium-sized blog post."
"27657549393","","","","","2010-10-17 17:42:40 +0000","<a href=""http://twitter.com"" rel=""nofollow"">Tweetie for Mac</a>","I agree that Twitter is undervalued compared to Facebook. Good reasons here: http://tcrn.ch/943cYQ"
"27638644741","","","27634067115","41841330","2010-10-17 13:51:16 +0000","<a href=""http://twitter.com/download/iphone"" rel=""nofollow"">Twitter for iPhone</a>","RT @orgnet: Are Social Signals the New PageRank?  http://bit.ly/cfix3H"
"27638404792","","","27608425184","989","2010-10-17 13:48:14 +0000","<a href=""http://twitter.com/download/iphone"" rel=""nofollow"">Twitter for iPhone</a>","RT @om: My 9 Favorite Startup Lessons From Startup?School http://t.co/jL3nFXs via @gigaom","http://gigaom.com/2010/10/16/my-9-favorite-startup-lessons-from-startup-school/"
"27610615271","27606226306","12661782","","","2010-10-17 05:31:34 +0000","<a href=""http://twitter.com/download/iphone"" rel=""nofollow"">Twitter for iPhone</a>","@rondiver Yes, for sure. Was just realizing the attractiveness of both options."
"27603140162","","","","","2010-10-17 03:40:40 +0000","<a href=""http://flickr.com/services/twitter/"" rel=""nofollow"">Flickr</a>","8:36pm Telling this guy that sleep is the latest rage but he's not buying it http://flic.kr/p/8KAGQi"
"27597094756","27596200515","798542","","","2010-10-17 02:21:58 +0000","<a href=""http://twitter.com"" rel=""nofollow"">Tweetie for Mac</a>","@helenjane You are too kind. Thanks for the #HJEntertains tip about chilling champagne yesterday too!"
"27594141544","","","","","2010-10-17 01:43:19 +0000","<a href=""http://twitter.com"" rel=""nofollow"">Tweetie for Mac</a>","Watching #sus2010 http://bit.ly/cRVz7v . Ron Conway made me want to build the next Facebook. Cofounder of GitHub convinced me to bootstrap."
"27592235581","","","","","2010-10-17 01:18:19 +0000","<a href=""http://twitter.com"" rel=""nofollow"">Tweetie for Mac</a>","My kinda guy. ""Optimize for happiness by striving for autonomy, mastery, and purpose."" - paraphrase of Dan Pink's book DRiVE via @mojombo"
"27559890770","","","","","2010-10-16 17:20:22 +0000","<a href=""http://twitter.com"" rel=""nofollow"">Tweetie for Mac</a>","Anyone want to join us for @kellianne's birthday brunch at Portage Bay in about an hour?"
"27559789427","27518235318","60663","","","2010-10-16 17:19:05 +0000","<a href=""http://twitter.com"" rel=""nofollow"">Tweetie for Mac</a>","@MarinaMartin I co-hosted the first Quantified Self Seattle meeting last week! Want to be involved in the next one?"
"27517995923","27511526199","60663","","","2010-10-16 06:24:49 +0000","<a href=""http://twitter.com/download/iphone"" rel=""nofollow"">Twitter for iPhone</a>","@MarinaMartin Not sure but I have the same crazy scenario go through my head every morning that I walk down the stairs."
"27509518374","","","","","2010-10-16 04:04:39 +0000","<a href=""http://flickr.com/services/twitter/"" rel=""nofollow"">Flickr</a>","8:36pm CELEBRATING with the loveliest of lovelies, @Kellianne! http://flic.kr/p/8Km8rc"
"27493395040","","","27477818964","1504011","2010-10-16 00:38:24 +0000","web","RT @swissmiss: ""You're the average of the five people you spend the most time with"".  - Jim Rohn #feastongood"
"27481748182","27481473820","59580078","","","2010-10-15 21:59:34 +0000","<a href=""http://twitter.com"" rel=""nofollow"">Tweetie for Mac</a>","@mikeyavo Got it. Well love it so far. Good work."
"27481386694","27480730147","59580078","","","2010-10-15 21:54:12 +0000","<a href=""http://twitter.com"" rel=""nofollow"">Tweetie for Mac</a>","@mikeyavo Already did it! It's unclear if it has saved my email credentials or just used it to find people, though."
"27479224184","27478869339","59580078","","","2010-10-15 21:21:37 +0000","<a href=""http://twitter.com"" rel=""nofollow"">Tweetie for Mac</a>","@mikeyavo Thanks, Michael!"
"27478829431","","","","","2010-10-15 21:16:03 +0000","<a href=""http://twitter.com"" rel=""nofollow"">Tweetie for Mac</a>","Who's already using @hashable?  Would you #intro me to someone? I would love to try it out."
"27465545168","27408699952","780991","","","2010-10-15 18:06:26 +0000","<a href=""http://twitter.com"" rel=""nofollow"">Tweetie for Mac</a>","@amyjokim He's 5 months old today, and totally awesome in every way."
"27407265930","","","","","2010-10-15 03:39:47 +0000","<a href=""http://flickr.com/services/twitter/"" rel=""nofollow"">Flickr</a>","8:36pm Watching John and Mary with the family and dinner in bed on @kellianne's bday eve http://flic.kr/p/8KaVxC"
"27403379698","","","","","2010-10-15 02:50:24 +0000","<a href=""http://twitter.com"" rel=""nofollow"">Tweetie for Mac</a>","What if snopes.com created fake controversies in order to sell ads? This is not a hoax. Please forward. #snakeeatstail"
"27400692541","27386071331","761628","","","2010-10-15 02:17:03 +0000","<a href=""http://twitter.com/download/iphone"" rel=""nofollow"">Twitter for iPhone</a>","@RickWebb I just noticed that when I checked your page earlier today to see if I was getting any closer to passing you. :)"
"27385739177","27385535105","24212532","","","2010-10-14 23:14:40 +0000","<a href=""http://twitter.com/download/iphone"" rel=""nofollow"">Twitter for iPhone</a>","@delohaas Sweet! Pimp my stuff, Ben!"
"27372443200","","","27371989607","14861285","2010-10-14 20:09:41 +0000","<a href=""http://twitter.com/download/iphone"" rel=""nofollow"">Twitter for iPhone</a>","RT @MacRumors: Former Apple CEO John Sculley Reflects on Steve Jobs http://macrumo.rs/8ZLLQE"
"27352692938","27329858208","12065472","","","2010-10-14 15:44:35 +0000","<a href=""http://twitter.com/download/iphone"" rel=""nofollow"">Twitter for iPhone</a>","@sgdean That's great! Wish I could join you at the #quantifiedself meetup tonight, just co-hosted our 1st in Seattle last night."
"27314612115","27308035530","761975","","","2010-10-14 05:34:24 +0000","<a href=""http://twitter.com/download/iphone"" rel=""nofollow"">Twitter for iPhone</a>","@mathowie I am so jealous. I want to go to one so badly. I'm planning an SF trip soon... when's the next one?"
"27307698038","","","","","2010-10-14 03:39:49 +0000","<a href=""http://flickr.com/services/twitter/"" rel=""nofollow"">Flickr</a>","8:36pm At a totally fun meetup of self-trackers! http://flic.kr/p/8JW4kA"
"27287793883","","","27286439776","8710082","2010-10-13 23:41:30 +0000","<a href=""http://twitter.com/download/iphone"" rel=""nofollow"">Twitter for iPhone</a>","RT @matthickey: Who wants to do this on Halloween? http://www.flickr.com/photos/docpopular/4063790568/sizes/l/"
"27285450515","","","27281516564","47124592","2010-10-13 23:11:44 +0000","<a href=""http://twitter.com/download/iphone"" rel=""nofollow"">Twitter for iPhone</a>","RT @janpmartinek: Sincere congrats, @busterbenson ! Btw, the online version of the article is here: http://bit.ly/9xT23l Well deserved, man!"
"27281203331","","","","","2010-10-13 22:15:28 +0000","<a href=""http://flickr.com/services/twitter/"" rel=""nofollow"">Flickr</a>","I'm in The Stranger this week! pg 30 #fb http://flic.kr/p/8JPx4a"
"27267530153","","","","","2010-10-13 18:55:07 +0000","<a href=""http://twitter.com"" rel=""nofollow"">Tweetie for Mac</a>","I think I'm going to talk about this idea of a fitness function at tonight's #QuantifiedSelf meetup. You should come! http://bit.ly/dtnJdE"
"27215670558","27215556910","7943892","","","2010-10-13 05:48:13 +0000","<a href=""http://twitter.com/download/iphone"" rel=""nofollow"">Twitter for iPhone</a>","@ingopixel @rickwebb Laziness wins out! Daily Show is all I could manage."
"27208490293","","","","","2010-10-13 03:53:48 +0000","<a href=""http://flickr.com/services/twitter/"" rel=""nofollow"">Flickr</a>","8:36pm Exhausted + wine+ chocolate + downloading the Garden State = my brain today http://flic.kr/p/8JFkH1"
"27192738683","","","","","2010-10-13 01:03:55 +0000","<a href=""http://twitter.com"" rel=""nofollow"">Tweetie for Mac</a>","Come have a drink & discuss the fun of tracking your life at the 1st #QuantifiedSelf Seattle meetup ever! Tomorrow! http://bit.ly/9kSc1P"
"27186268623","","","","","2010-10-12 23:57:48 +0000","<a href=""http://twitter.com/download/iphone"" rel=""nofollow"">Twitter for iPhone</a>","Being angry is draining. Snuck out of work to watch The Social Network to relax and really loved it. Go Mark! (the real one)"
"27175542752","27175369952","60663","","","2010-10-12 21:33:31 +0000","<a href=""http://twitter.com"" rel=""nofollow"">Tweetie for Mac</a>","@MarinaMartin Twitter, I assume, if you're asking that question on here. :)"
"27173323281","27164514960","16687325","","","2010-10-12 21:00:31 +0000","<a href=""http://twitter.com"" rel=""nofollow"">Tweetie for Mac</a>","@whois101 Yup, got the group back too!"
"27162376946","","","","","2010-10-12 18:17:32 +0000","web","Twitter & the social network: more effective than reason, lawyers, police http://goo.gl/fb/pO3w4 (& how I got my Faceboook page back)"
"27156673476","","","","","2010-10-12 16:59:15 +0000","<a href=""http://twitter.com"" rel=""nofollow"">Tweetie for Mac</a>","And it's back! http://facebook.com/healthmonth

Apparently Twitter-bullying works. Thank you everyone. Deleting post and following up soon."
"27151575415","27150536322","19028099","","","2010-10-12 15:57:58 +0000","<a href=""http://twitter.com/download/iphone"" rel=""nofollow"">Twitter for iPhone</a>","@MarshallHaas Thanks, Marshall!"
"27147609252","","","27147438762","1081","2010-10-12 15:14:10 +0000","<a href=""http://twitter.com/download/iphone"" rel=""nofollow"">Twitter for iPhone</a>","RT @davemcclure: ""Need Tech Cofounder? Actually, There's Diff Hire u Should Make 1st"" http://read.bi/9qN2D3 by @ceonyc #design #warmgun"
"27106307743","27105496676","18823612","","","2010-10-12 04:01:54 +0000","<a href=""http://twitter.com"" rel=""nofollow"">Tweetie for Mac</a>","@chrishaum Oh yeah! This twitter username at gmail."
"27105319826","","","","","2010-10-12 03:48:33 +0000","<a href=""http://flickr.com/services/twitter/"" rel=""nofollow"">Flickr</a>","8:36pm This guy likes his mom. http://flic.kr/p/8Jm2NV"
"27104330501","27103988513","18823612","","","2010-10-12 03:35:55 +0000","<a href=""http://twitter.com/download/iphone"" rel=""nofollow"">Twitter for iPhone</a>","@chrishaum Sure! I love to hear ideas."
"27043303687","","","27042498279","2915391","2010-10-11 15:21:56 +0000","<a href=""http://twitter.com/download/iphone"" rel=""nofollow"">Twitter for iPhone</a>","RT @michaelbkim: I just got KISSmetrics lifetime account for Free! Follow @appsumo and RT for yours! http://bit.ly/cTUyHY"
"26995273100","","","","","2010-10-11 02:41:06 +0000","<a href=""http://foursquare.com"" rel=""nofollow"">foursquare</a>","Happy celebrations to Laurie and Jacob! #101010wedding (@ The Crocodile w/ @andypixel @scottieyahtzee @samantham) http://4sq.com/6Ph0sO"
"26966607752","","","26966099591","19808652","2010-10-10 19:58:39 +0000","web","RT @enjoymentland: Me vs Health Month (and why fitness functions are great) http://goo.gl/fb/JDMLm"
"26959612683","","","","","2010-10-10 18:21:55 +0000","<a href=""http://twitter.com"" rel=""nofollow"">Tweetie for Mac</a>","Love it so far! RT @avantgame: Secret backdoor to #gameful is open if you know the secret URL! (Or if you are super duper clever) fiero! \o/"
"26957453949","26957077183","13232092","","","2010-10-10 17:52:18 +0000","<a href=""http://twitter.com"" rel=""nofollow"">Tweetie for Mac</a>","@ebuie Not at the moment. Refactoring how wild cards work pretty soon though!"
"26954008924","","","","","2010-10-10 17:06:36 +0000","<a href=""http://twitter.com"" rel=""nofollow"">Tweetie for Mac</a>","I added 10 new features to @healthmonth for 10.10.10. http://bit.ly/bVV3uQ including initial integration with @twilio - more coming soon!"
"26948761042","","","26946236597","10007692","2010-10-10 16:00:56 +0000","web","RT @randem: Happy 101010. Or, as they say on the web, ""dark gray""."
"26942770280","26941562367","294","","","2010-10-10 14:50:23 +0000","<a href=""http://twitter.com/download/iphone"" rel=""nofollow"">Twitter for iPhone</a>","@ario I love rivals? Will you be my nemesis? Health Month does give points for moderation though..."
"26904584944","","","","","2010-10-10 03:50:08 +0000","<a href=""http://flickr.com/services/twitter/"" rel=""nofollow"">Flickr</a>","8:36pm It's new baby tricks crack up fest over here. http://flic.kr/p/8HFSrB"
"26901575399","26901015063","541","","","2010-10-10 03:09:40 +0000","<a href=""http://twitter.com"" rel=""nofollow"">Tweetie for Mac</a>","@lane Thank you! We are quite entertained by him, as you can probably tell."
"26900658971","","","","","2010-10-10 02:57:55 +0000","<a href=""http://flickr.com/services/twitter/"" rel=""nofollow"">Flickr</a>","Niko just learned how to pound his arms on the table insistently. #babymilestone http://flic.kr/p/8HFhaR"
"26873698726","","","","","2010-10-09 20:23:48 +0000","<a href=""http://twitter.com"" rel=""nofollow"">Tweetie for Mac</a>","All of a sudden self-driving cars make a lot of sense to me. Let's do this! http://tcrn.ch/b0M3Og #hellofuture"
"26854954271","","","26851067259","15411442","2010-10-09 16:00:55 +0000","<a href=""http://twitter.com/download/iphone"" rel=""nofollow"">Twitter for iPhone</a>","RT @lyndit: If you cannot do great things, do small things in a great way. ? Napoleon Hill"
"26803845348","26803752335","80323","","","2010-10-09 01:40:23 +0000","web","@Sommar Thank you so much. :)"
"26802904748","","","26802735216","154236895","2010-10-09 01:26:45 +0000","web","RT @healthmonth: Who wants to nominate healthmonth.com for best online game? http://mashable.com/awards/ I'll be your best friend."
"26782521639","","","","","2010-10-08 20:31:57 +0000","<a href=""http://flickr.com/services/twitter/"" rel=""nofollow"">Flickr</a>","Niko wants to beat someone up. http://flic.kr/p/8Hrb8U"
"26781956594","","","","","2010-10-08 20:23:21 +0000","<a href=""http://twitter.com"" rel=""nofollow"">Tweetie for Mac</a>","My emails back and forth with Marissa in User Operations at Facebook continue to be an exploration of pre-baked blurbs. I need a hamburger."
"26776795770","26776726032","1000","","","2010-10-08 19:05:16 +0000","web","@curiousjordy Yeah, it did have the custom url."
"26774013078","26773482916","1000","","","2010-10-08 18:24:22 +0000","<a href=""http://twitter.com"" rel=""nofollow"">Tweetie for Mac</a>","@curiousjordy Oh cool, thanks. Hopefully one of these leads will get this resolved. It's such a waste of energy!"
"26769926217","26769746888","14622910","","","2010-10-08 17:27:48 +0000","<a href=""http://twitter.com"" rel=""nofollow"">Tweetie for Mac</a>","@dunsany Actually, I had just purchased $100 of Facebook ads to point to the page..."
"26765431468","26764559239","10600312","","","2010-10-08 16:32:32 +0000","<a href=""http://twitter.com"" rel=""nofollow"">Tweetie for Mac</a>","@TomHeadLovesYou 5 days ago, I think. I was trying to reason with Facebook and Conrad before talking about it publicly."
"26764487989","","","","","2010-10-08 16:21:39 +0000","<a href=""http://twitter.com"" rel=""nofollow"">Tweetie for Mac</a>","What should I do?"
"26764194271","","","","","2010-10-08 16:18:14 +0000","<a href=""http://twitter.com"" rel=""nofollow"">Tweetie for Mac</a>","Therefore, some random person named Conrad Schulman at Life Allowance http://on.fb.me/aho3Bc can have my Facebook page permanently deleted."
"26764099352","","","","","2010-10-08 16:17:08 +0000","<a href=""http://twitter.com"" rel=""nofollow"">Tweetie for Mac</a>","Apparently Facebook believes all claims of IP infringement and won't listen to evidence to the contrary without a lawyer getting involved."
"26746538775","26744162913","5618162","","","2010-10-08 13:05:08 +0000","<a href=""http://twitter.com/download/iphone"" rel=""nofollow"">Twitter for iPhone</a>","@pfanderson Some guy claimed IP infringement and Facebook took the page down with no attempt at verifying. I'm trying to reason with them..."
"26725126058","","","","","2010-10-08 06:43:19 +0000","<a href=""http://twitter.com/download/iphone"" rel=""nofollow"">Twitter for iPhone</a>","One of the clearest and most illuminating articles on positive thinking I've read in a while: 

http://bit.ly/9J3UPH /via @amyjokim"
"26717150227","26716780682","16366882","","","2010-10-08 04:10:08 +0000","<a href=""http://twitter.com"" rel=""nofollow"">Tweetie for Mac</a>","@zombielolita The only thing between @nikobenson and his first iPad, which he already owns, is the ability to control his fingers."
"26715573283","","","","","2010-10-08 03:46:14 +0000","<a href=""http://flickr.com/services/twitter/"" rel=""nofollow"">Flickr</a>","8:36pm Was doot-doot-dooing this guy to sleep http://flic.kr/p/8HhnFd"
"26713711916","26713313543","681813","","","2010-10-08 03:19:48 +0000","<a href=""http://twitter.com"" rel=""nofollow"">Tweetie for Mac</a>","@avantgame PS. Huge fan of Gameful, can't wait to get my puzzle piece!"
"26713611010","26713313543","681813","","","2010-10-08 03:18:23 +0000","<a href=""http://twitter.com"" rel=""nofollow"">Tweetie for Mac</a>","@avantgame That's why you're the best! :) I was hoping someone would coin the word engagification to replace gamification..."
"26711350787","","","","","2010-10-08 02:47:55 +0000","<a href=""http://twitter.com"" rel=""nofollow"">Tweetie for Mac</a>","Who are the smartest thinkers about #gamification (game dynamics for non-game experiences)? Why?  http://bit.ly/cmmary

My vote: @avantgame"
"26685220116","26684547224","11222","","","2010-10-07 21:08:36 +0000","<a href=""http://twitter.com"" rel=""nofollow"">Tweetie for Mac</a>","@k It's all about creating a personal brand smoke screen so everyone's confused about who you are. Works amazingly well at that goal. :)"
"26682019915","26681117034","309073","","","2010-10-07 20:21:46 +0000","<a href=""http://twitter.com"" rel=""nofollow"">Tweetie for Mac</a>","@bs Which version of Chrome and operating system are you on? I'm on 6.0.472.63 on Mac and it looks fine (other than the annoying status bar)"
"26681339076","26681117034","309073","","","2010-10-07 20:11:28 +0000","<a href=""http://twitter.com"" rel=""nofollow"">Tweetie for Mac</a>","@bs That doesn't look good! I'll fix that immediately, thanks for letting me know.  :)"
"26679289389","26679199499","309073","","","2010-10-07 19:40:02 +0000","<a href=""http://twitter.com"" rel=""nofollow"">Tweetie for Mac</a>","@bs Hi! There should be a ""Your team"" menu item in the ""Current game"" menu at the bottom of the page. What's your team's name?"
"26654302542","","","26652703960","816653","2010-10-07 14:39:33 +0000","<a href=""http://twitter.com/download/iphone"" rel=""nofollow"">Twitter for iPhone</a>","RT @TechCrunch: Oops! That Facebook Location Patent Forgot To Mention Crowley's Earlier Dodgeball Patent http://tcrn.ch/bz5JN9 by @erick ..."
"26622242901","26621744416","4979381","","","2010-10-07 05:15:49 +0000","<a href=""http://twitter.com/download/iphone"" rel=""nofollow"">Twitter for iPhone</a>","@threlkelded What? Where? Snide is not encouraged. I will delete inappropriate comments."
"26616390812","","","","","2010-10-07 03:39:49 +0000","<a href=""http://flickr.com/services/twitter/"" rel=""nofollow"">Flickr</a>","8:36pm Dinner and Niko dancing party with Tyler and Loren http://flic.kr/p/8H4d4Q"
"26577744807","26577339326","6044272","","","2010-10-06 19:16:51 +0000","<a href=""http://twitter.com"" rel=""nofollow"">Tweetie for Mac</a>",". @ramez I guess the logical conclusion is that working for someone else is a way to delegate momentum-making/losing anxiety."
"26577206360","","","","","2010-10-06 19:08:25 +0000","<a href=""http://twitter.com"" rel=""nofollow"">Tweetie for Mac</a>","Most of my anxiety these days is around either A) worried that I won't gain momentum or B) worried that I'll lose momentum."
"26557040628","26556832541","8245682","","","2010-10-06 14:39:14 +0000","<a href=""http://twitter.com/download/iphone"" rel=""nofollow"">Twitter for iPhone</a>","@chinoisfemme @arainert And almost all of them translate to @healthmonth rules. Pretty neat!"
"26556411939","","","26551979372","7482","2010-10-06 14:32:06 +0000","<a href=""http://twitter.com/download/iphone"" rel=""nofollow"">Twitter for iPhone</a>","RT @arainert: Study shows that a happy life is a cocktail of sleep, family, short commute, booze, exercise and er.. TV? http://t.co/Xj6Njrj","http://www.businessinsider.com/research-shows-6-hours-of-sleep-a-20-minute-commute-and-4-shopping-sprees-per-month-are-the-keys-to-happiness-2010-9"
"26518857293","","","","","2010-10-06 03:29:53 +0000","<a href=""http://twitter.com/download/iphone"" rel=""nofollow"">Twitter for iPhone</a>","""Awesome!"" RT @alexia: You can't believe how happy it made me to ""Like"" this on Facebook http://tcrn.ch/alQElT"
"26497815676","26493826125","16253448","","","2010-10-05 22:53:52 +0000","web","@rcthink No plans to at the moment, but if it makes sense at some point, I might! http://750words.com uses it."
"26487547638","","","26487528200","154236895","2010-10-05 20:24:39 +0000","web","RT @healthmonth: People who like @healthmonth will probably also like @playstreakly http://bit.ly/baoZjn - promising new app to record d ..."
"26472176776","","","","","2010-10-05 16:38:18 +0000","<a href=""http://twitter.com"" rel=""nofollow"">Tweetie for Mac</a>","I got through about half of my inbox, but am taking the rest of the day off to officially celebrate my 2-year anniversary. See you tomorrow!"
"26433054412","26432166270","30063272","","","2010-10-05 06:06:08 +0000","<a href=""http://twitter.com/download/iphone"" rel=""nofollow"">Twitter for iPhone</a>","@nikilips I will! Did you already apply?"
"26425554358","","","","","2010-10-05 03:46:25 +0000","<a href=""http://flickr.com/services/twitter/"" rel=""nofollow"">Flickr</a>","8:36pm Dark dinner with Brady, Nick Bilton, and friends http://flic.kr/p/8GuRen"
"26424173558","26405017423","5618162","","","2010-10-05 03:26:17 +0000","<a href=""http://twitter.com/download/iphone"" rel=""nofollow"">Twitter for iPhone</a>","@pfanderson That's very kind of you. I learned it all from my previous startup, 43things.com. Fun is motivating."
"26424075480","26422860057","16253448","","","2010-10-05 03:24:55 +0000","<a href=""http://twitter.com/download/iphone"" rel=""nofollow"">Twitter for iPhone</a>","@rcthink Yes. Rails is SO much better. Switch!"
"26420094718","26419428633","16253448","","","2010-10-05 02:30:43 +0000","<a href=""http://twitter.com"" rel=""nofollow"">Tweetie for Mac</a>","@rcthink Thanks, Ross.  They've been enjoyable to make.  Still lots of work to do, too."
"26417193247","","","","","2010-10-05 01:53:34 +0000","<a href=""http://twitter.com"" rel=""nofollow"">Tweetie for Mac</a>","The #gamification thought leader board has been updated with more people. Still no point system or badges though: http://bit.ly/cMPQXF"
"26415769633","26415053133","769920","","","2010-10-05 01:36:07 +0000","<a href=""http://twitter.com"" rel=""nofollow"">Tweetie for Mac</a>","@livlab Only if they applied for sponsorship... or were already sponsored. If you email me with details, I can look into it further."
"26414798941","26414485092","769920","","","2010-10-05 01:24:32 +0000","<a href=""http://twitter.com"" rel=""nofollow"">Tweetie for Mac</a>","@livlab They have to ask to be sponsored. See the ""invite people"" link on your team page, if they just need to be approved for the team."
"26402406963","","","26400758471","610873","2010-10-04 22:49:30 +0000","<a href=""http://twitter.com/download/iphone"" rel=""nofollow"">Twitter for iPhone</a>","RT @rashmi: This post by @sarahcuda has a level of honesty that is disarming http://t.co/HkxZBMb","http://techcrunch.com/2010/10/03/if-web-1-0%E2%80%99s-kryptonite-was-the-bust-web-2-0-kryptonite-was-the-grind/"
"26398733455","26398193809","24212532","","","2010-10-04 21:59:25 +0000","<a href=""http://twitter.com/download/iphone"" rel=""nofollow"">Twitter for iPhone</a>","@delohaas Ten plus four cheers for 10/4!"
"26396985775","","","","","2010-10-04 21:34:19 +0000","<a href=""http://flickr.com/services/twitter/"" rel=""nofollow"">Flickr</a>","2 years ago today I married this unsuspecting young lady. Thank you, @kellianne, for being amazing! http://flic.kr/p/8Gtshw"
"26379771031","","","","","2010-10-04 16:57:48 +0000","<a href=""http://twitter.com"" rel=""nofollow"">Tweetie for Mac</a>","Scientists! Siblings share 50% of genes, and their children share 25% of genes -- is there any guess about % of shared *expressed* genes?"
"26341175838","26334813129","9871402","","","2010-10-04 07:09:17 +0000","<a href=""http://twitter.com/download/iphone"" rel=""nofollow"">Twitter for iPhone</a>","@grok360 Yeah, it's quite the popular club. Can't wait to get my puzzle piece!"
"26334225784","26333438214","9871402","","","2010-10-04 04:39:12 +0000","<a href=""http://twitter.com/download/iphone"" rel=""nofollow"">Twitter for iPhone</a>","@grok360 Oh yes, I'm a supporter!"
"26331808730","","","","","2010-10-04 03:57:58 +0000","<a href=""http://flickr.com/services/twitter/"" rel=""nofollow"">Flickr</a>","8:36pm Setting up @healthmonth, my millionth Twitter account http://flic.kr/p/8GfLmA"
"26328524549","26319908389","5618162","","","2010-10-04 03:09:32 +0000","<a href=""http://twitter.com"" rel=""nofollow"">Tweetie for Mac</a>","@pfanderson Thanks for the recommendation! For what it's worth, I have been strongly inspired by @bjfogg's behavior grid work."
"26277612685","","","26211220186","1688","2010-10-03 15:48:08 +0000","<a href=""http://twitter.com/download/iphone"" rel=""nofollow"">Twitter for iPhone</a>","RT @ifindkarma: How Facebook Can Become Bigger in 5 Years Than Google is Today... http://techcrunch.com/2010/10/02/facebook-bigger-google/"
"26233995939","","","","","2010-10-03 03:43:53 +0000","<a href=""http://flickr.com/services/twitter/"" rel=""nofollow"">Flickr</a>","8:36pm Finishing dinner. I hear a certain baby is not interested in sleeping. http://flic.kr/p/8FVV6f"
"26207116371","26206516454","8710082","","","2010-10-02 21:05:07 +0000","<a href=""http://twitter.com"" rel=""nofollow"">Tweetie for Mac</a>","@matthickey Who do you think does it best?"
"26205886955","26204534992","7680","","","2010-10-02 20:45:21 +0000","<a href=""http://twitter.com"" rel=""nofollow"">Tweetie for Mac</a>","@bitdepth Thank you, Chris! Luckily it's all highly rewarding to make as well. :)"
"26202647308","26202326258","4979381","","","2010-10-02 19:50:24 +0000","<a href=""http://twitter.com"" rel=""nofollow"">Tweetie for Mac</a>","@threlkelded Thank you! I liked it too, it just confused some people. I'll try to make it better, while making more people happy. Possible?"
"26201810418","","","","","2010-10-02 19:36:39 +0000","<a href=""http://twitter.com"" rel=""nofollow"">Tweetie for Mac</a>","I'm giving up on my clever bottom navigation on #healthmonth and moving it to the top. Can navigation be fun? Should I be shot for asking?"
"26195998222","","","","","2010-10-02 18:08:10 +0000","<a href=""http://twitter.com"" rel=""nofollow"">Tweetie for Mac</a>","Curious about paper.li's newsletter idea. Here's what it came up with from my #gamification Twitter list: http://bit.ly/9eACbF"
"26192564522","26107101733","10955762","","","2010-10-02 17:19:51 +0000","web","@petecashmore Isn't it fun being at the tip of the ""life gaming"" iceberg, knowing how much more fun it will eventually be?"
"26184874108","26184467557","12661782","","","2010-10-02 15:43:50 +0000","<a href=""http://twitter.com"" rel=""nofollow"">Tweetie for Mac</a>","@rondiver Yes, read that yesterday. I was a big wesabe fan in the beginning too."
"26179448734","26179127192","76539829","","","2010-10-02 14:40:31 +0000","<a href=""http://twitter.com"" rel=""nofollow"">Tweetie for Mac</a>","@theRamdan To get that badge, you need to survive a month at healthmonth.com."
"26178852051","","","","","2010-10-02 14:33:10 +0000","<a href=""http://twitter.com"" rel=""nofollow"">Tweetie for Mac</a>","Hadn't seen this pitch deck from Mint.com before. They're clearly pros. http://slidesha.re/dBQi7O /thx @rondiver"
"26177988546","26177905124","12661782","","","2010-10-02 14:22:29 +0000","<a href=""http://twitter.com"" rel=""nofollow"">Tweetie for Mac</a>","@rondiver It's pretty damn impressive."
"26177344689","26176540853","12661782","","","2010-10-02 14:14:27 +0000","<a href=""http://twitter.com"" rel=""nofollow"">Tweetie for Mac</a>","@rondiver Awesome. Thank you. Any other pitch decks that you'd suggest looking at?"
"26176438624","26175688194","12661782","","","2010-10-02 14:03:00 +0000","<a href=""http://twitter.com/download/iphone"" rel=""nofollow"">Twitter for iPhone</a>","@rondiver Oh yeah? Is it available somewhere publicly? I'd love to see it."
"26146746916","26146132258","769920","","","2010-10-02 04:35:02 +0000","<a href=""http://twitter.com"" rel=""nofollow"">Tweetie for Mac</a>","@livlab I think I just beat you to it. She should have an email saying she was sponsored.  :)"
"26144284890","26143932243","769920","","","2010-10-02 03:56:21 +0000","<a href=""http://twitter.com"" rel=""nofollow"">Tweetie for Mac</a>","@livlab It should be there in the ""Your Current Game"" menu, but it's also here: http://bit.ly/a4WMdG"
"26143735215","","","","","2010-10-02 03:48:17 +0000","<a href=""http://flickr.com/services/twitter/"" rel=""nofollow"">Flickr</a>","8:36pm Reaping the benefits of visiting the new Seatown right before closing after a fun rollercoaster day http://flic.kr/p/8FCb82"
"26139820850","","","26138932813","780991","2010-10-02 02:54:15 +0000","<a href=""http://twitter.com/download/iphone"" rel=""nofollow"">Twitter for iPhone</a>","RT @amyjokim: what's the long-term viability of a biz based on copying and aggressively marketing inane but addictive game concepts? htt ..."
"26118705736","26117705026","3452941","","","2010-10-01 21:59:29 +0000","<a href=""http://twitter.com"" rel=""nofollow"">Tweetie for Mac</a>","@moniguzman Awesome, thank you!"
"26113221905","26113013191","18874408","","","2010-10-01 20:37:52 +0000","<a href=""http://twitter.com"" rel=""nofollow"">Tweetie for Mac</a>","@mikenealis No but maybe it should! I add new rules each month that get voted up on http://healthmonth.uservoice.com"
"26112284211","26110355429","16302658","","","2010-10-01 20:23:33 +0000","<a href=""http://twitter.com"" rel=""nofollow"">Tweetie for Mac</a>","@sabrinster Awesome. I love to know that one of my projects improved someone's day. I hope the rest of the day looks up!"
"26111340946","26111150893","67478331","","","2010-10-01 20:08:51 +0000","web","@ack154 Really? What's your username and what error are you getting? Email me at this username@gmail if you have time."
"26109740867","26109355637","5907582","","","2010-10-01 19:44:01 +0000","<a href=""http://twitter.com"" rel=""nofollow"">Tweetie for Mac</a>","@gzicherm Cool, looking at them now. Did your talk get recorded by chance?"
"26105807878","26105673354","8710082","","","2010-10-01 18:44:20 +0000","<a href=""http://twitter.com"" rel=""nofollow"">Tweetie for Mac</a>","@matthickey Yes, please do!"
"26102578682","","","26096749421","4999","2010-10-01 17:58:28 +0000","<a href=""http://twitter.com/download/iphone"" rel=""nofollow"">Twitter for iPhone</a>","RT @fraying: First rule for startups: make people happy quick. http://bit.ly/a5xvcX"
"26096459385","","12835992","","","2010-10-01 16:40:20 +0000","<a href=""http://twitter.com"" rel=""nofollow"">Tweetie for Mac</a>","@milkshakepants Sent you an email... let me know if you didn't get it."
"26094138545","26092870986","4979381","","","2010-10-01 16:13:25 +0000","<a href=""http://twitter.com"" rel=""nofollow"">Tweetie for Mac</a>","@threlkelded Awesome! That's our hope!"
"26094054161","26092844847","84042676","","","2010-10-01 16:12:26 +0000","<a href=""http://twitter.com"" rel=""nofollow"">Tweetie for Mac</a>","@sach33 You get placed into a bracket based on a combination of the number of goals and their difficulty to you: http://bit.ly/bdOIhl"
"26089686743","26088881948","50715651","","","2010-10-01 15:23:36 +0000","<a href=""http://twitter.com"" rel=""nofollow"">Tweetie for Mac</a>","@stagas Thanks!"
"26088144780","","","","","2010-10-01 15:07:08 +0000","<a href=""http://twitter.com"" rel=""nofollow"">Tweetie for Mac</a>","And here comes the traffic.  Let's see if my little website can survive."
"26086922472","","","26086554562","14120151","2010-10-01 14:53:59 +0000","web","RT @foursquare: Get a badge while getting healthy, improving your lifestyle: new HealthMonth partnership! http://bit.ly/cC2WIl"
"26086303476","","","","","2010-10-01 14:47:35 +0000","<a href=""http://twitter.com"" rel=""nofollow"">Tweetie for Mac</a>","Hey look, healthmonth.com now has badges thanks to @foursquare! http://bit.ly/bZxOgZ 

My thoughts: http://bit.ly/ayGXKX #gamification"
"26085507408","26085262193","12061042","","","2010-10-01 14:38:36 +0000","<a href=""http://twitter.com"" rel=""nofollow"">Tweetie for Mac</a>","@ryanmcminn Just have them apply for sponsorship and sponsor them from http://beta.healthmonth.com/choose/sponsorships/4 Will be smoother..."
"26084993765","26084549781","12061042","","","2010-10-01 14:32:47 +0000","<a href=""http://twitter.com"" rel=""nofollow"">Tweetie for Mac</a>","@ryanmcminn Shoot, yeah, there's a bug. You're in now."
"26082663788","","","","","2010-10-01 14:07:08 +0000","<a href=""http://foursquare.com"" rel=""nofollow"">foursquare</a>","I just unlocked the ""Healthy Fox"" badge on @foursquare! http://4sq.com/a8ghim"
