"tweet_id","in_reply_to_status_id","in_reply_to_user_id","retweeted_status_id","retweeted_status_user_id","timestamp","source","text","expanded_urls"
"75768770806816768","","","","","2011-06-01 03:40:57 +0000","<a href=""http://flickr.com/services/twitter/"" rel=""nofollow"">Flickr</a>","8:36pm Letting the brain relax after a grueling day in the salt mines http://flic.kr/p/9P9i6T"
"75765953044037632","75758282593144832","11963132","","","2011-06-01 03:29:45 +0000","<a href=""http://itunes.apple.com/us/app/twitter/id409789998?mt=12"" rel=""nofollow"">Twitter for Mac</a>","@whitneyhess Looks like you might have started on the wrong link? Try this one: http://t.co/nxcNEkC /cc @tonybgoode","http://healthmonth.com/choose/rules/12"
"75605627409403904","75605208494899200","19853","","","2011-05-31 16:52:40 +0000","<a href=""http://itunes.apple.com/us/app/twitter/id409789998?mt=12"" rel=""nofollow"">Twitter for Mac</a>","@rk @micahcraig Thanks. Now the Bieber and Gaga racks make more sense. :)"
"75603155852869632","75601785892515840","6462772","","","2011-05-31 16:42:51 +0000","<a href=""http://itunes.apple.com/us/app/twitter/id409789998?mt=12"" rel=""nofollow"">Twitter for Mac</a>","@micahcraig Oh wow. I was trying to imagine scaling that to people who have millions of followers... seems scary. /cc @rk"
"75595912663146496","","","","","2011-05-31 16:14:04 +0000","<a href=""http://itunes.apple.com/us/app/twitter/id409789998?mt=12"" rel=""nofollow"">Twitter for Mac</a>","Is there a post anywhere that talks about the tech design of how Twitter works? IE loading the stream when you're following 100,000+ people."
"75443341952688129","75434347754299392","10959642","","","2011-05-31 06:07:49 +0000","<a href=""http://itunes.apple.com/us/app/twitter/id409789998?mt=12"" rel=""nofollow"">Twitter for Mac</a>","@tara Niko learned to dance before he could walk, but is still far being Ripley's skills. Keep us updated!"
"75433729589387264","75409723486244864","10959642","","","2011-05-31 05:29:37 +0000","<a href=""http://twitter.com/download/iphone"" rel=""nofollow"">Twitter for iPhone</a>","@tara OMG. Cutest thing ever! Can't wait for a baby dance off."
"75408284307292160","","","","","2011-05-31 03:48:30 +0000","<a href=""http://flickr.com/services/twitter/"" rel=""nofollow"">Flickr</a>","8:36pm Back from a Memorial BBQ where this guy was a walking maniac http://flic.kr/p/9NF1V2"
"75260105813274624","75259693953585153","11547582","","","2011-05-30 17:59:42 +0000","<a href=""http://itunes.apple.com/us/app/twitter/id409789998?mt=12"" rel=""nofollow"">Twitter for Mac</a>","@sarahnovotny I just finished the game 5 minutes ago too! Though, I was disappointed by the ""reward""."
"75252074866151424","75251734758428672","809641","","","2011-05-30 17:27:47 +0000","<a href=""http://twitter.com/download/iphone"" rel=""nofollow"">Twitter for iPhone</a>","@adamloving I think it applies to all forms of communication. (my extreme way of making a subtle point) :)"
"75250591395364864","74952363064037376","16355060","","","2011-05-30 17:21:53 +0000","<a href=""http://itunes.apple.com/us/app/twitter/id409789998?mt=12"" rel=""nofollow"">Twitter for Mac</a>","@pugetive Just 1 rule means no sponsorship needed!  You should join our team though: http://t.co/JdzyYOJ","http://healthmonth.com/teams/show/219"
"75243158539214849","","","","","2011-05-30 16:52:21 +0000","<a href=""http://twitter.com/download/iphone"" rel=""nofollow"">Twitter for iPhone</a>","When broadcasting opinions, you can either state an attention-getting extreme, or you can speak subtle reason and that nobody retweets."
"75218088601206785","","","","","2011-05-30 15:12:44 +0000","<a href=""http://twitter.com/download/iphone"" rel=""nofollow"">Twitter for iPhone</a>","By liking this article, I am hurting it http://t.co/ZzBAPtP /via @jhagel #fb","http://nyti.ms/k6mIKj"
"75058065124241408","","","","","2011-05-30 04:36:51 +0000","<a href=""http://flickr.com/services/twitter/"" rel=""nofollow"">Flickr</a>","8:36pm Was putting Niko to sleep but am now watching the end of Dr Who's season 1 http://flic.kr/p/9NikVs"
"75025377755533313","75022231427751936","21135674","","","2011-05-30 02:26:58 +0000","<a href=""http://twitter.com/download/iphone"" rel=""nofollow"">Twitter for iPhone</a>","@e_ramirez Thank you! Yes, very sad not to be there... definitely the next one! Take good notes for us. /cc @jensmccabe @healthmonth"
"74753800736489473","74739396502491136","772386","","","2011-05-29 08:27:49 +0000","<a href=""http://itunes.apple.com/us/app/twitter/id409789998?mt=12"" rel=""nofollow"">Twitter for Mac</a>","@willotoons Thank you, Willo! Means a lot coming from you! I &lt;3 you too! Also, @kellianne is doing #30daysofyoga starting soon!"
"74730162679328768","74722936262623232","8273","","","2011-05-29 06:53:53 +0000","<a href=""http://twitter.com/download/iphone"" rel=""nofollow"">Twitter for iPhone</a>","@dannynewman Hi! I'm gonna be in Wallingford at Gasworks Park late afternoon/eve. Where will you be stationed??"
"74720372158758913","","","","","2011-05-29 06:14:59 +0000","<a href=""http://twitter.com/download/iphone"" rel=""nofollow"">Twitter for iPhone</a>","I just received an amazing, sweet, and awe-inspiring present from my lovely wife, @Kellianne."
"74682220840878080","","","","","2011-05-29 03:43:23 +0000","<a href=""http://flickr.com/services/twitter/"" rel=""nofollow"">Flickr</a>","8:36pm Lots of good people in the same place! http://flic.kr/p/9MSdRP"
"74654094006026240","","","","","2011-05-29 01:51:37 +0000","<a href=""http://foursquare.com"" rel=""nofollow"">foursquare</a>","Happy birthday, me! (@ Still Liquor w/ @samantham) http://4sq.com/j6Dv64"
"74620104234647552","74619709001175040","123116307","","","2011-05-28 23:36:33 +0000","<a href=""http://itunes.apple.com/us/app/twitter/id409789998?mt=12"" rel=""nofollow"">Twitter for Mac</a>","@LilHossler Haha, no theme. I made a flash mob joke and they always make me think of pajamas. :) /cc @kellianne"
"74585068315738112","","14120151","","","2011-05-28 21:17:20 +0000","<a href=""http://itunes.apple.com/us/app/twitter/id409789998?mt=12"" rel=""nofollow"">Twitter for Mac</a>","@foursquare API feature request. I send you an authenticated lat/long, you send me the best guess for where that person is."
"74578868031336448","74578264496160768","128375612","","","2011-05-28 20:52:42 +0000","<a href=""http://itunes.apple.com/us/app/twitter/id409789998?mt=12"" rel=""nofollow"">Twitter for Mac</a>","@CMaberly Awesome! Can you keep one spider in your hair, though? The best one?"
"74554918408683520","74553624986009600","257831711","","","2011-05-28 19:17:32 +0000","<a href=""http://itunes.apple.com/us/app/twitter/id409789998?mt=12"" rel=""nofollow"">Twitter for Mac</a>","@helloworldim Sure! Can you email me some questions? My twitter username at gmail."
"74552885983191040","74552614280380417","257831711","","","2011-05-28 19:09:27 +0000","<a href=""http://itunes.apple.com/us/app/twitter/id409789998?mt=12"" rel=""nofollow"">Twitter for Mac</a>","@helloworldim Hi! On the 500founders mailing list. :)"
"74545610019184640","","","","","2011-05-28 18:40:33 +0000","<a href=""http://itunes.apple.com/us/app/twitter/id409789998?mt=12"" rel=""nofollow"">Twitter for Mac</a>","Seattle friends! My birthday party flash mob is at Still Liquor from 6:30-9 tonight! Bring pillows and zombie pjs. Or a hi-5!"
"74533835605426176","74532946643656704","30923","","","2011-05-28 17:53:45 +0000","<a href=""http://itunes.apple.com/us/app/twitter/id409789998?mt=12"" rel=""nofollow"">Twitter for Mac</a>","@rands In the presence of information as well."
"74513060525649920","","","","","2011-05-28 16:31:12 +0000","<a href=""http://twitter.com/download/iphone"" rel=""nofollow"">Twitter for iPhone</a>","Wish I could be at @QuantifiedSelf's 1st conference! Great job @agaricus, @accarmichael, and team! Anyone there, please tweet often! #qs2011"
"74495708308307968","","","","","2011-05-28 15:22:15 +0000","<a href=""http://twitter.com/download/iphone"" rel=""nofollow"">Twitter for iPhone</a>","On being 35. Plus, what i want from you. http://t.co/HvzQp7W #birthdaypost","http://bustr.tumblr.com/post/5929491429/on-being-35"
"74319215825395713","","","","","2011-05-28 03:40:56 +0000","<a href=""http://flickr.com/services/twitter/"" rel=""nofollow"">Flickr</a>","8:36pm Thinking about turning 35 tomorrow. Should I do it? Or is it overrated? http://flic.kr/p/9Mz1v4"
"74314963308642304","","","74152201001500675","414","2011-05-28 03:24:02 +0000","<a href=""http://itunes.apple.com/us/app/twitter/id409789998?mt=12"" rel=""nofollow"">Twitter for Mac</a>","RT @veen: ""Every new technology nibbles at what we believe it means to be human."" 
? @kevin2kelly"
"74314901002256385","74314480812691456","18999752","","","2011-05-28 03:23:47 +0000","<a href=""http://itunes.apple.com/us/app/twitter/id409789998?mt=12"" rel=""nofollow"">Twitter for Mac</a>","@ellenthatcher There's no spam or unwanted email, but depending on busyness I can delete a lot of it when I'm too busy."
"74303557150576640","74276656054939650","18999752","","","2011-05-28 02:38:43 +0000","<a href=""http://itunes.apple.com/us/app/twitter/id409789998?mt=12"" rel=""nofollow"">Twitter for Mac</a>","@ellenthatcher According to my stats on busterbenson.com, the last month or so I've received ~218 emails/day and sent ~17/day."
"74167037269774336","74163085249748992","223715334","","","2011-05-27 17:36:14 +0000","<a href=""http://itunes.apple.com/us/app/twitter/id409789998?mt=12"" rel=""nofollow"">Twitter for Mac</a>","@singlyinc I haven't yet, but plan to soon!  Wish I could see some screenshots of it prior to installation though... are they somewhere?"
"74161609223839744","","","","","2011-05-27 17:14:40 +0000","<a href=""http://itunes.apple.com/us/app/twitter/id409789998?mt=12"" rel=""nofollow"">Twitter for Mac</a>","Cool system for filtering and processing email if you get way too much http://t.co/L2IiFxc /by @scottporad","http://www.scottporad.com/2011/05/24/how-to-handle-email-overload/"
"74157335915921408","","","","","2011-05-27 16:57:41 +0000","<a href=""http://itunes.apple.com/us/app/twitter/id409789998?mt=12"" rel=""nofollow"">Twitter for Mac</a>","That homepage is slick! Congrats! RT @singlyinc: Check out our new website (http://t.co/6SF7sCh) and our 1st blog post (http://t.co/ZMhrRIT)","http://singly.com","http://blog.singly.com/why-were-excited"
"74147465678422016","","","","","2011-05-27 16:18:28 +0000","<a href=""http://itunes.apple.com/us/app/twitter/id409789998?mt=12"" rel=""nofollow"">Twitter for Mac</a>","I loved this @tedtalk about the possible multiverse: http://t.co/BOsMdHJ","http://www.ted.com/talks/sean_carroll_distant_time_and_the_hint_of_a_multiverse.html"
"73957228419366912","","","","","2011-05-27 03:42:31 +0000","<a href=""http://flickr.com/services/twitter/"" rel=""nofollow"">Flickr</a>","8:36pm Keeping this hungry beast out past his bedtime http://flic.kr/p/9MkKFo"
"73869531914846208","73852966628622336","7362142","","","2011-05-26 21:54:03 +0000","<a href=""http://itunes.apple.com/us/app/twitter/id409789998?mt=12"" rel=""nofollow"">Twitter for Mac</a>","@kellianne You should start a line called mamalegs."
"73868577169612800","73867744503808000","100127476","","","2011-05-26 21:50:15 +0000","<a href=""http://itunes.apple.com/us/app/twitter/id409789998?mt=12"" rel=""nofollow"">Twitter for Mac</a>","@thinkupapp That's rad. I want one."
"73864064891240448","73862279589937153","4981271","","","2011-05-26 21:32:20 +0000","<a href=""http://itunes.apple.com/us/app/twitter/id409789998?mt=12"" rel=""nofollow"">Twitter for Mac</a>","@sourjayne @c Woah those bikes are rad! Can there be a Seattle wing to this bike posse? /cc @publicbikes"
"73811261309190144","","","73750441162313728","303332383","2011-05-26 18:02:30 +0000","<a href=""http://itunes.apple.com/us/app/twitter/id409789998?mt=12"" rel=""nofollow"">Twitter for Mac</a>","RT @InstaGazette: Good morning! Today's theme is 8:36 PM, inspired by @rickwebb who has been taking a photo at 8:36 every day for years. ..."
"73605113696104448","","","","","2011-05-26 04:23:21 +0000","<a href=""http://flickr.com/services/twitter/"" rel=""nofollow"">Flickr</a>","8:36pm Was in a business meeting, now taking off my shoes http://flic.kr/p/9M4Q2s"
"73456235168542720","","","","","2011-05-25 18:31:45 +0000","<a href=""http://itunes.apple.com/us/app/twitter/id409789998?mt=12"" rel=""nofollow"">Twitter for Mac</a>","Sasquatch attenders! I have 4 spots in an awesome cabin to sell and am willing to do it for 50% or less what I paid... any interest? Pls RT!"
"73449178914754561","","","","","2011-05-25 18:03:43 +0000","<a href=""http://itunes.apple.com/us/app/twitter/id409789998?mt=12"" rel=""nofollow"">Twitter for Mac</a>","Natural history of a new idea: Wacko, Unproven, Unimportant, Obvious. Or Crazy, Crazy, Crazy, Obvious.
http://t.co/5sRTedh
/via @susannahfox","http://www.kk.org/thetechnium/archives/2011/04/natural_history.php"
"73272338522714112","73252110405353472","780991","","","2011-05-25 06:21:01 +0000","<a href=""http://itunes.apple.com/us/app/twitter/id409789998?mt=12"" rel=""nofollow"">Twitter for Mac</a>","@amyjokim His legs are getting slimmer by the day, if you can imagine!

Are you available for Skyping on a Fri or Mon in next couple weeks?"
"73271181582667776","73265956926922753","820661","","","2011-05-25 06:16:25 +0000","<a href=""http://itunes.apple.com/us/app/twitter/id409789998?mt=12"" rel=""nofollow"">Twitter for Mac</a>","@daveschappell I love that book! Also, I didn't know you could tweet from Kindle. That's awesome! Does that work Kindle-only or iPhone too?"
"73247231305728000","","","","","2011-05-25 04:41:15 +0000","<a href=""http://flickr.com/services/twitter/"" rel=""nofollow"">Flickr</a>","8:36pm He can't walk but he loves to fall http://flic.kr/p/9LHCrZ"
"73162409199677440","","","","","2011-05-24 23:04:12 +0000","<a href=""http://www.fitbit.com"" rel=""nofollow"">Fitbit</a>","My avg. daily fitbit #fitstats for last week: 5,046 steps and 3.1 miles traveled. http://www.fitbit.com/user/229KX2"
"73144595160121344","73143910460956672","17069950","","","2011-05-24 21:53:25 +0000","<a href=""http://itunes.apple.com/us/app/twitter/id409789998?mt=12"" rel=""nofollow"">Twitter for Mac</a>","@meredithmo Oops, yeah, sorry!  Weird!  Hi, Meredith!  :)"
"73140005341642752","","","73139520085823489","799198","2011-05-24 21:35:10 +0000","<a href=""http://itunes.apple.com/us/app/twitter/id409789998?mt=12"" rel=""nofollow"">Twitter for Mac</a>","RT @jeremyet: @busterbenson All very good questions. I'm finding that producing memorizing devices (Kids) helps with automated backups."
"73139089372741633","73138913467830272","722793","","","2011-05-24 21:31:32 +0000","<a href=""http://itunes.apple.com/us/app/twitter/id409789998?mt=12"" rel=""nofollow"">Twitter for Mac</a>","@jlongtine Yes but what if we just remembered everything we *wanted* to remember? Like a hard drive with a good trash can."
"73137754040569856","73135861755154432","14232711","","","2011-05-24 21:26:14 +0000","<a href=""http://itunes.apple.com/us/app/twitter/id409789998?mt=12"" rel=""nofollow"">Twitter for Mac</a>","I remember almost nothing, but my blog remembers a little: 

5 years ago: http://t.co/G9bQvnR

10 years: http://t.co/G9bQvnR

/cc @calbucci","http://busterbenson.com/entries?date=2001-05-24","http://busterbenson.com/entries?date=2001-05-24"
"73135488902496256","","","","","2011-05-24 21:17:14 +0000","<a href=""http://itunes.apple.com/us/app/twitter/id409789998?mt=12"" rel=""nofollow"">Twitter for Mac</a>","How much of today will you remember 20 years from now? How much of this year? This decade? Why does memory suck?"
"73089435503296512","","","","","2011-05-24 18:14:14 +0000","<a href=""http://itunes.apple.com/us/app/twitter/id409789998?mt=12"" rel=""nofollow"">Twitter for Mac</a>","Did I ever tell you that I sold my iPhone app, Locavore? Yup! http://t.co/XnZIDFn","http://www.geekwire.com/2011/buster-benson-sells-locavore-mobile-app-local-dirt"
"73087196042760192","","","","","2011-05-24 18:05:20 +0000","<a href=""http://itunes.apple.com/us/app/twitter/id409789998?mt=12"" rel=""nofollow"">Twitter for Mac</a>","@arielist It's my guilty pleasure during my Niko days. I'm still on Season 1 but now I have something to look forward too!"
"73064476378791936","","","","","2011-05-24 16:35:03 +0000","<a href=""http://itunes.apple.com/us/app/twitter/id409789998?mt=12"" rel=""nofollow"">Twitter for Mac</a>","If you have a Mac and use @instagram, the @barbariangroup has just made you the coolest screensaver ever: http://t.co/ExShG0e","http://www.barbariangroup.com/software/screenstagram"
"72887350677610496","72887133525917696","19028099","","","2011-05-24 04:51:13 +0000","<a href=""http://twitter.com/download/iphone"" rel=""nofollow"">Twitter for iPhone</a>","@MarshallHaas Win-win the way I see it! :) Congrats on 9-months, too!"
"72886864285155328","72886506590707712","19028099","","","2011-05-24 04:49:17 +0000","<a href=""http://twitter.com/download/iphone"" rel=""nofollow"">Twitter for iPhone</a>","@MarshallHaas I've missed a few days too. It happens!"
"72869848044146688","","","","","2011-05-24 03:41:40 +0000","<a href=""http://flickr.com/services/twitter/"" rel=""nofollow"">Flickr</a>","8:36pm Tired. I feel like this potted plant that Niko yanked out earlier today. Just want to watch Dr Who. http://flic.kr/p/9LocfR"
"72807316109533185","72806995102679041","786818","","","2011-05-23 23:33:11 +0000","<a href=""http://itunes.apple.com/us/app/twitter/id409789998?mt=12"" rel=""nofollow"">Twitter for Mac</a>","@webwright My wordpress blogs have been hacked many a time over. Not safer there. /cc @randfish"
"72796717107519488","72796200977440768","123116307","","","2011-05-23 22:51:04 +0000","<a href=""http://itunes.apple.com/us/app/twitter/id409789998?mt=12"" rel=""nofollow"">Twitter for Mac</a>","@LilHossler I don't think so... http://t.co/3h9qeHY seems to address that stuff. But I also use mint.com etc.","http://billguard.com/secure.html"
"72792985108086786","","","","","2011-05-23 22:36:14 +0000","<a href=""http://itunes.apple.com/us/app/twitter/id409789998?mt=12"" rel=""nofollow"">Twitter for Mac</a>","Okay, http://t.co/PYfjj1O is ridiculously awesome for lazy bill statement reviewers like myself. Finds bad charges: http://t.co/KctWrAN","http://billguard.com","http://techcrunch.com/2011/05/23/billguard-will-track-hidden-fees-and-billing-errors-on-credit-card-bills/"
"72725487104966656","72724506535411712","930061","","","2011-05-23 18:08:01 +0000","<a href=""http://itunes.apple.com/us/app/twitter/id409789998?mt=12"" rel=""nofollow"">Twitter for Mac</a>","@ginatrapani Ooh, me too! http://t.co/Ik7dmqO /cc @coderwall","http://coderwall.com/busterbenson"
"72715458008186880","72714741965008896","12","","","2011-05-23 17:28:10 +0000","<a href=""http://twitter.com/download/iphone"" rel=""nofollow"">Twitter for iPhone</a>","@jack Super impressed by the new features and the pitch. Well done!"
"72713789631500288","","","","","2011-05-23 17:21:33 +0000","<a href=""http://itunes.apple.com/us/app/twitter/id409789998?mt=12"" rel=""nofollow"">Twitter for Mac</a>","Mind blown by @jack's pitch of @square's new features http://t.co/Grfsr86 (makes me almost wish I still had a bar!)","http://techcrunch.com/2011/05/23/squares-disruptive-new-ipad-payments-service-will-replace-cash-registers/"
"72708125244932097","","","","","2011-05-23 16:59:02 +0000","<a href=""http://itunes.apple.com/us/app/twitter/id409789998?mt=12"" rel=""nofollow"">Twitter for Mac</a>","PS. Consolidating my personal blogging onto Tumblr as it seems to be the liveliest platform at the moment: http://t.co/Ql1vqNM #blogsaredead","http://bustr.tumblr.com"
"72707214355333120","","","","","2011-05-23 16:55:25 +0000","<a href=""http://itunes.apple.com/us/app/twitter/id409789998?mt=12"" rel=""nofollow"">Twitter for Mac</a>","Thoughts on social objects http://t.co/RIFWQ9B re: @gapingvoid's great post http://t.co/m5o42yQ","http://bustr.tumblr.com/post/5749324201/thoughts-on-social-objects","http://gapingvoid.com/so/"
"72543895401152512","","","","","2011-05-23 06:06:27 +0000","<a href=""http://itunes.apple.com/us/app/twitter/id409789998?mt=12"" rel=""nofollow"">Twitter for Mac</a>","Okay, yeah, I bought it. So what? RT @amazonmp3: Get the entire brand-new @ladygaga album for just $0.99! http://t.co/EjC1jIi","http://amzn.to/mnhVEs"
"72538279794327552","72538076152463360","3032241","","","2011-05-23 05:44:08 +0000","<a href=""http://itunes.apple.com/us/app/twitter/id409789998?mt=12"" rel=""nofollow"">Twitter for Mac</a>","@bdotdub Uh oh. For what?"
"72537028922839040","","","","","2011-05-23 05:39:10 +0000","<a href=""http://timely.is"" rel=""nofollow"">Timely by Demandforce</a>","Enjoymentland update! http://bit.ly/loM483"
"72440294083276800","72434597341827072","5469512","","","2011-05-22 23:14:46 +0000","<a href=""http://itunes.apple.com/us/app/twitter/id409789998?mt=12"" rel=""nofollow"">Twitter for Mac</a>","@micah Not a whole lot anymore, but I do have a birthday coming up. And my preferred meeting spots are bars. :) /cc @arainert"
"72432760383475713","72432020885737472","21419053","","","2011-05-22 22:44:50 +0000","<a href=""http://itunes.apple.com/us/app/twitter/id409789998?mt=12"" rel=""nofollow"">Twitter for Mac</a>","@tylerneilson Awesome! My son's a week older than your daughter... our year has been great but not easy!"
"72430075064238080","71744306561548288","246531241","","","2011-05-22 22:34:10 +0000","<a href=""http://itunes.apple.com/us/app/twitter/id409789998?mt=12"" rel=""nofollow"">Twitter for Mac</a>","Anyone trying no alcohol in June? I'll sponsor on #healthmonth. /cc @ameliagreenhall @MeganWelling @ellenchisa @pugetive @Aubs @quantafire"
"72429393947017216","71684481592991744","62600226","","","2011-05-22 22:31:27 +0000","<a href=""http://itunes.apple.com/us/app/twitter/id409789998?mt=12"" rel=""nofollow"">Twitter for Mac</a>","@talof2cities Not brave, I just respond to extremes, especially if there's some social challenge component to it. :)"
"72429077423853568","71685806351319040","7482","","","2011-05-22 22:30:12 +0000","<a href=""http://itunes.apple.com/us/app/twitter/id409789998?mt=12"" rel=""nofollow"">Twitter for Mac</a>","@arainert To lose some weight without having to exercise more. :)"
"72428822632476672","72398112500621312","17541722","","","2011-05-22 22:29:11 +0000","<a href=""http://itunes.apple.com/us/app/twitter/id409789998?mt=12"" rel=""nofollow"">Twitter for Mac</a>","@mansillaDEV That's really cool. Are you displaying @hunch recommendations or something else? / cc @cdixon"
"72428471330156544","72404545191424000","18143096","","","2011-05-22 22:27:47 +0000","<a href=""http://itunes.apple.com/us/app/twitter/id409789998?mt=12"" rel=""nofollow"">Twitter for Mac</a>","@harscoat I had to look Swift birds up but they do look quite pretty. Do they fly in flocks or alone?"
"72428298680012801","72406046609645568","75925590","","","2011-05-22 22:27:06 +0000","<a href=""http://itunes.apple.com/us/app/twitter/id409789998?mt=12"" rel=""nofollow"">Twitter for Mac</a>","@googlephonics That's awesome! Congrats!"
"72428223786516480","72406278634340352","13134132","","","2011-05-22 22:26:48 +0000","<a href=""http://itunes.apple.com/us/app/twitter/id409789998?mt=12"" rel=""nofollow"">Twitter for Mac</a>","@bahoo Yeah, I can't remember the days when weird was an insult. But I did get a weird look from a 14yo who thought it was a bad thing."
"72428041955053568","72406532033228800","16952268","","","2011-05-22 22:26:05 +0000","<a href=""http://itunes.apple.com/us/app/twitter/id409789998?mt=12"" rel=""nofollow"">Twitter for Mac</a>","@powkang You'll do great! Congrats."
"72403817743908865","","","","","2011-05-22 20:49:50 +0000","<a href=""http://itunes.apple.com/us/app/twitter/id409789998?mt=12"" rel=""nofollow"">Twitter for Mac</a>","What is the best/coolest/most meaningful thing you have to share right now?"
"72396382849335296","","","","","2011-05-22 20:20:17 +0000","<a href=""http://itunes.apple.com/us/app/twitter/id409789998?mt=12"" rel=""nofollow"">Twitter for Mac</a>","Only 10 days left to apply to TechStars Seattle! I love their TechStar company tracking page: http://t.co/mon9IBY","http://www.techstars.org/results/"
"72394755312582656","72385799177510912","17541722","","","2011-05-22 20:13:49 +0000","web","@mansillaDEV Looks great! Is it going to be online anywhere? Particularly interested to see how you integrated @hunch taste profiles!"
"72378409996660736","","","72353906025439232","11822502","2011-05-22 19:08:52 +0000","<a href=""http://twitter.com/download/iphone"" rel=""nofollow"">Twitter for iPhone</a>","RT @mko: If you're interested in what builds social networks, @gapingvoid has a refreshingly unique look at Social Objects: http://gapin ..."
"72348946722328576","","","","","2011-05-22 17:11:47 +0000","<a href=""http://itunes.apple.com/us/app/twitter/id409789998?mt=12"" rel=""nofollow"">Twitter for Mac</a>","Watching @TechCrunch #Disrupt Hackathon Live which @kellianne says I can never go to. http://t.co/kEQaMno","http://techcrunch.com/2011/05/22/watch-the-techcrunch-disrupt-hackathon-live/"
"72144468760997888","","","","","2011-05-22 03:39:16 +0000","<a href=""http://flickr.com/services/twitter/"" rel=""nofollow"">Flickr</a>","8:36pm Still life with Rocktopus while we make low-key birthday plans for next week http://flic.kr/p/9KD2VF"
"72025623056498688","","","","","2011-05-21 19:47:01 +0000","<a href=""http://itunes.apple.com/us/app/twitter/id409789998?mt=12"" rel=""nofollow"">Twitter for Mac</a>","It takes a good 5 years to achieve something meaningful. How many of those blocks will you use & how? http://t.co/45liBaS /via @arainert","http://www.sfgate.com/cgi-bin/article.cgi?f=/g/a/2011/05/20/businessinsider-this-is-the-best-way-an-entrepreneur-has-ever-spent-his-fu-money-2011-5.DTL"
"71980814103093248","71980221561184256","128375612","","","2011-05-21 16:48:58 +0000","<a href=""http://itunes.apple.com/us/app/twitter/id409789998?mt=12"" rel=""nofollow"">Twitter for Mac</a>","@CMaberly Thief!"
"71787429757059072","","","","","2011-05-21 04:00:31 +0000","<a href=""http://flickr.com/services/twitter/"" rel=""nofollow"">Flickr</a>","8:36pm What does it say about me that I read up on IMAP protocol when my brain is too tired to work? http://flic.kr/p/9Kpi7f"
"71674608532725761","","","","","2011-05-20 20:32:12 +0000","<a href=""http://mobile.twitter.com"" rel=""nofollow"">Mobile Web</a>","I think I'm gonna give up alcohol for the next month or so. Is this a good idea or a bad one? And who wants to join?"
"71619909100118016","","","71616498975780864","19853","2011-05-20 16:54:51 +0000","<a href=""http://itunes.apple.com/us/app/twitter/id409789998?mt=12"" rel=""nofollow"">Twitter for Mac</a>","RT @rk: Everyone who works for a startup that may IPO someday *needs* to read this article: http://read.bi/iyMYUF"
"71601108581220354","71598775759679488","259","","","2011-05-20 15:40:09 +0000","<a href=""http://itunes.apple.com/us/app/twitter/id409789998?mt=12"" rel=""nofollow"">Twitter for Mac</a>","@ian I don't think it's supposed to start until 6pm in your local time zone. Will be interesting for Arizona."
"71436788794802176","","","","","2011-05-20 04:47:12 +0000","<a href=""http://flickr.com/services/twitter/"" rel=""nofollow"">Flickr</a>","8:36pm Cheese, crackers, The Daily Show, blogging, relaxing http://flic.kr/p/9K6CrH"
"71057642398822400","","","","","2011-05-19 03:40:36 +0000","<a href=""http://flickr.com/services/twitter/"" rel=""nofollow"">Flickr</a>","8:36pm Loving Ignite Seattle #14 http://flic.kr/p/9JNWRF"
"71054381268733952","71052841149673472","1059951","","","2011-05-19 03:27:39 +0000","<a href=""http://twitter.com/download/iphone"" rel=""nofollow"">Twitter for iPhone</a>","@MichelleBee You do a ton as well! Ps happy birthday! :)"
"71052985177878528","","","","","2011-05-19 03:22:06 +0000","<a href=""http://twitter.com/download/iphone"" rel=""nofollow"">Twitter for iPhone</a>","Awesome call to action for Seattle to support original geeks from @sarahnovotny #is14 /cc @ignitesea"
"71051844604002304","","","","","2011-05-19 03:17:34 +0000","<a href=""http://twitter.com/download/iphone"" rel=""nofollow"">Twitter for iPhone</a>","My mind was just blown by @mehals and clabbers: scrabble with anagrams. And how to play games like a jackass. #is14 #ignite /cc @ignitesea"
"70938317084045313","70927499843993602","20113974","","","2011-05-18 19:46:27 +0000","<a href=""http://itunes.apple.com/us/app/twitter/id409789998?mt=12"" rel=""nofollow"">Twitter for Mac</a>","@chasesterling I'd love to see it! @meyouhealth is awesome as well!"
"70924659452948480","70924371232956417","8461972","","","2011-05-18 18:52:11 +0000","<a href=""http://itunes.apple.com/us/app/twitter/id409789998?mt=12"" rel=""nofollow"">Twitter for Mac</a>","@DreMoran I totally agree. Good analysis there. Betrayal by the universe... because it doesn't operate by rules of fairness and justice."
"70923110358061056","70921281444388864","8461972","","","2011-05-18 18:46:01 +0000","<a href=""http://itunes.apple.com/us/app/twitter/id409789998?mt=12"" rel=""nofollow"">Twitter for Mac</a>","@DreMoran In many cases, anger is preceded by fear. But in righteous anger... it seems to be an emotional reaction to injustice/unfairness."
"70922472429588481","","","","","2011-05-18 18:43:29 +0000","<a href=""http://itunes.apple.com/us/app/twitter/id409789998?mt=12"" rel=""nofollow"">Twitter for Mac</a>","I'm coming up on my 3-year 8:36pm birthday! RT @jplattel: That's 500 photos at 8:36pm for me. Thank you @busterbenson for this awesome idea!"
"70920588004294657","70910688779968512","8461972","","","2011-05-18 18:36:00 +0000","<a href=""http://itunes.apple.com/us/app/twitter/id409789998?mt=12"" rel=""nofollow"">Twitter for Mac</a>","@DreMoran In the case of anger when you're fighting for something you believe in... what's the primary negative emotion?"
"70920411814166528","","","","","2011-05-18 18:35:18 +0000","<a href=""http://itunes.apple.com/us/app/twitter/id409789998?mt=12"" rel=""nofollow"">Twitter for Mac</a>","How do we increase life expectancy in the US the fastest? Better medicine? No. Self-driving cars. Can't wait! http://t.co/3W3TPVG","http://blog.jayparkinsonmd.com/post/5610559060/in-the-past-50-years-weve-added-about-7-years-to"
"70900613415837699","","","","","2011-05-18 17:16:38 +0000","<a href=""http://twitter.com/download/iphone"" rel=""nofollow"">Twitter for iPhone</a>","New positive emotions include but aren't limited to: righteous anger, self-pity, fear during movies and fiction, and pent up sobbing."
"70899692619313152","","","","","2011-05-18 17:12:58 +0000","<a href=""http://twitter.com/download/iphone"" rel=""nofollow"">Twitter for iPhone</a>","Let's reclassify positive and negative emotions based on those that feel good and those that don't."
"70899260605988866","","","","","2011-05-18 17:11:15 +0000","<a href=""http://twitter.com/download/iphone"" rel=""nofollow"">Twitter for iPhone</a>","Why is anger when you ""know"" you're right feel so good? #angryentreprenuer #day2 #grrr"
"70695743081549824","","","","","2011-05-18 03:42:33 +0000","<a href=""http://flickr.com/services/twitter/"" rel=""nofollow"">Flickr</a>","8:36pm Eating dinner, and so is Sopor http://flic.kr/p/9JwdGP"
"70539657913450497","","","","","2011-05-17 17:22:19 +0000","<a href=""http://itunes.apple.com/us/app/twitter/id409789998?mt=12"" rel=""nofollow"">Twitter for Mac</a>","Kellianne and I REALLY wanted to go to Sasquatch this year but can't. We have 2 spots at a condo to fill for great price. Anyone want them?"
"70501037244551168","70397696212615168","50579403","","","2011-05-17 14:48:51 +0000","<a href=""http://itunes.apple.com/us/app/twitter/id409789998?mt=12"" rel=""nofollow"">Twitter for Mac</a>","@RifoItaly It's having a little trouble keeping up to speed. Working on performance this week. But try again, it should work."
"70376091159773185","","","70369513702563840","1586501","2011-05-17 06:32:22 +0000","<a href=""http://twitter.com/download/iphone"" rel=""nofollow"">Twitter for iPhone</a>","RT @nickbilton: New science test can tell you how long you'll live (could be bad for society, for a number of reasons) http://t.co/7ibRJS4","http://ind.pn/mFjELE"
"70332986851196928","","","","","2011-05-17 03:41:05 +0000","<a href=""http://flickr.com/services/twitter/"" rel=""nofollow"">Flickr</a>","8:36pm Just heard about vanilla bean infused Makers http://flic.kr/p/9JgcoJ"
"70259215788290049","70258277287608320","2067141","","","2011-05-16 22:47:57 +0000","<a href=""http://itunes.apple.com/us/app/twitter/id409789998?mt=12"" rel=""nofollow"">Twitter for Mac</a>","@jfew That's awesome!"
"70161122841460736","","","","","2011-05-16 16:18:09 +0000","<a href=""http://twitter.com/download/iphone"" rel=""nofollow"">Twitter for iPhone</a>","I learned a ton from @amyjokim about good gamification. 4 seats left for Smart Gamification, closing registration TODAY: http://t.co/vcA0IUi","http://shufflebrain.eventbrite.com"
"70153672172126209","","","","","2011-05-16 15:48:33 +0000","<a href=""http://twitter.com/download/iphone"" rel=""nofollow"">Twitter for iPhone</a>","Great summary of the current players RT @tempo: How the Internet is Revolutionizing Education - http://t.co/OkynaPQ","http://thenextweb.com/industry/2011/05/14/how-the-internet-is-revolutionizing-education/"
"70126615690084352","","","","","2011-05-16 14:01:02 +0000","<a href=""http://twitter.com/download/iphone"" rel=""nofollow"">Twitter for iPhone</a>","#1 on Amazon! RT @davemcclure: 'Go the Fuck to Sleep': The Case of the Viral PDF http://t.co/SN7Aq8g","http://www.baycitizen.org/books/story/go-f-sleep-case-viral-pdf/"
"69970829630377984","","","","","2011-05-16 03:42:00 +0000","<a href=""http://flickr.com/services/twitter/"" rel=""nofollow"">Flickr</a>","8:36pm Niko's 1st bday party is over. We're reading beautiful letters to him from before he was born. So good. http://flic.kr/p/9HSxpa"
"69865334580056064","","","","","2011-05-15 20:42:48 +0000","<a href=""http://itunes.apple.com/us/app/twitter/id409789998?mt=12"" rel=""nofollow"">Twitter for Mac</a>","""Castor oil milkshake time! #laborwatch"" - me, 12:14pm 5/15/2010 #tweetsfrom1yearago"
"69834175531847680","","","69831754499891200","5901702","2011-05-15 18:38:59 +0000","<a href=""http://twitter.com/download/iphone"" rel=""nofollow"">Twitter for iPhone</a>","RT @mikekarnj: If you work in technology, you should build something to disrupt healthcare, politics, banking, education or any other ar ..."
"69833456758177792","69817725270241281","28465863","","","2011-05-15 18:36:08 +0000","<a href=""http://twitter.com/download/iphone"" rel=""nofollow"">Twitter for iPhone</a>","Well-written article on some of the limitations, challenges, and opportunities in #gamification http://t.co/nNH7tGi /via @sethpriebatsch","http://read.bi/jP1HV1"
"69642944407281664","","","","","2011-05-15 05:59:06 +0000","<a href=""http://itunes.apple.com/us/app/twitter/id409789998?mt=12"" rel=""nofollow"">Twitter for Mac</a>","Around this time a year ago @kellianne's water broke at @thecancan during intermission while watching two audience members make out."
"69631128646066176","","","69629550497247232","73698926","2011-05-15 05:12:09 +0000","<a href=""http://itunes.apple.com/us/app/twitter/id409789998?mt=12"" rel=""nofollow"">Twitter for Mac</a>","RT @zerotobaby: Happy Birthday, Baby! http://goo.gl/fb/AlVEm"
"69612420536082432","69514246261706752","14054915","","","2011-05-15 03:57:49 +0000","<a href=""http://itunes.apple.com/us/app/twitter/id409789998?mt=12"" rel=""nofollow"">Twitter for Mac</a>","@Travisboisvenue Would love to hear more about the presentation! How did it go? Any slides online?"
"69612271415996416","69550691236061184","2015","","","2011-05-15 03:57:13 +0000","<a href=""http://itunes.apple.com/us/app/twitter/id409789998?mt=12"" rel=""nofollow"">Twitter for Mac</a>","@joshc I clicked the ""I wish this was on the Kindle"" link from the detail page. I assume they're scrambling around now Kindlizing it, right?"
"69612144051765248","69554998433943552","19028099","","","2011-05-15 03:56:43 +0000","<a href=""http://itunes.apple.com/us/app/twitter/id409789998?mt=12"" rel=""nofollow"">Twitter for Mac</a>","@MarshallHaas Way back when. Via NaNoWriMo and then self-published it. My degree is in creative writing. :)"
"69608092270198784","","","","","2011-05-15 03:40:37 +0000","<a href=""http://flickr.com/services/twitter/"" rel=""nofollow"">Flickr</a>","8:36pm A couple seconds after this he walked 3 steps to the couch! Walking debut maybe tomorrow? http://flic.kr/p/9Hvbr2"
"69534122107871232","","","","","2011-05-14 22:46:41 +0000","<a href=""http://itunes.apple.com/us/app/twitter/id409789998?mt=12"" rel=""nofollow"">Twitter for Mac</a>","Just received a royalty check for $23.24 from iUniverse for my sales from Man Versus Himself since 2004: http://t.co/2R6IeqN Drinks on me!","http://www.amazon.com/gp/product/0595283535/ref=as_li_ss_tl?ie=UTF8&tag=mockerybird&linkCode=as2&camp=217145&creative=399349&creativeASIN=0595283535"
"69485295933980672","69478776039419904","722793","","","2011-05-14 19:32:40 +0000","<a href=""http://twitter.com/download/iphone"" rel=""nofollow"">Twitter for iPhone</a>","@jlongtine I'd love to be walked through the ""proof"" of his prediction. How data leads to certainty is fascinatingly rich."
"69481215614402561","69464929551400961","780991","","","2011-05-14 19:16:27 +0000","<a href=""http://twitter.com/download/iphone"" rel=""nofollow"">Twitter for iPhone</a>","@amyjokim Jen and I are doing the same for #healthmonth mobile. Would love to compare notes."
"69480605569650690","69461680882581504","6730222","","","2011-05-14 19:14:01 +0000","<a href=""http://twitter.com/download/iphone"" rel=""nofollow"">Twitter for iPhone</a>","@hblodget Perfect day for an evening airplane ride heading east. If only to view the rubble line pass below."
"69478490331807745","69477713982926848","722793","","","2011-05-14 19:05:37 +0000","<a href=""http://twitter.com/download/iphone"" rel=""nofollow"">Twitter for iPhone</a>","@jlongtine Yeah, but will it only encourage skepticism and bet-hedging to the rest of us? Certainty has a tough job, but it's not all bad."
"69477557191442433","69477148649459713","722793","","","2011-05-14 19:01:55 +0000","<a href=""http://twitter.com/download/iphone"" rel=""nofollow"">Twitter for iPhone</a>","@jlongtine Poor guy. Our brains just get surer and surer of themselves as we age. I don't want to hear the May 22nd interview. But sorta do."
"69477042634244096","","","","","2011-05-14 18:59:52 +0000","<a href=""http://twitter.com/download/iphone"" rel=""nofollow"">Twitter for iPhone</a>","A potentially annoying way to never have to answer the phone again http://t.co/SfMGaHR /via @MacRumors","http://macrumo.rs/lhDPH1"
"69476257250803712","","","","","2011-05-14 18:56:45 +0000","<a href=""http://twitter.com/download/iphone"" rel=""nofollow"">Twitter for iPhone</a>","Mark your calendars for May 21st, 6pm http://t.co/3BVYRtQ","http://bit.ly/lLEhnm"
"69425091095703552","","","","","2011-05-14 15:33:26 +0000","<a href=""http://itunes.apple.com/us/app/twitter/id409789998?mt=12"" rel=""nofollow"">Twitter for Mac</a>","Very cute cover of the Angry Birds theme song by Pomplamoose http://t.co/IFTvKKS","http://www.youtube.com/watch?v=7UCm6uyzNE8"
"69245337554006016","","","","","2011-05-14 03:39:09 +0000","<a href=""http://flickr.com/services/twitter/"" rel=""nofollow"">Flickr</a>","8:36pm Can you hear Niko crying? Cause it's loud. :( http://flic.kr/p/9HgpG1"
"69168965997436929","69159375331266560","5814","","","2011-05-13 22:35:41 +0000","<a href=""http://twitter.com/download/iphone"" rel=""nofollow"">Twitter for iPhone</a>","@tempo So happy to hear that! Have been following the story in disbelief. What an awful dude."
"69165679860908032","","","","","2011-05-13 22:22:37 +0000","<a href=""http://twitter.com/download/iphone"" rel=""nofollow"">Twitter for iPhone</a>","The good life: opulence vs eudaimonia http://t.co/NpTnJjb /via @timoreilly /by @umairh","http://bit.ly/l25koR"
"69099383848845312","","","","","2011-05-13 17:59:11 +0000","<a href=""http://timely.is"" rel=""nofollow"">Timely by Demandforce</a>","Don't be afraid that being afraid is the only thing that keeps the things you're afraid of from getting you."
"69053516282462208","","","69045152949354497","5695632","2011-05-13 14:56:55 +0000","<a href=""http://twitter.com/download/iphone"" rel=""nofollow"">Twitter for iPhone</a>","RT @BuzzFeed: Banksy's real name is... http://bzfd.it/m7pBH3"
"68888349015937024","","","","","2011-05-13 04:00:36 +0000","<a href=""http://flickr.com/services/twitter/"" rel=""nofollow"">Flickr</a>","8:36pm Looking for baby Tylenol to help this sick mama's boy through the night http://flic.kr/p/9GYNMt"
"68826792198287360","68826601634275328","20833838","","","2011-05-12 23:56:00 +0000","<a href=""http://itunes.apple.com/us/app/twitter/id409789998?mt=12"" rel=""nofollow"">Twitter for Mac</a>","@carinnatarvin Kickstarter it, already!  :)"
"68825293577658369","68823390026334208","20833838","","","2011-05-12 23:50:03 +0000","<a href=""http://itunes.apple.com/us/app/twitter/id409789998?mt=12"" rel=""nofollow"">Twitter for Mac</a>","@carinnatarvin Truly. Hi-5 for teachers of the revolution!"
"68820799326400512","68819965310021632","14373435","","","2011-05-12 23:32:11 +0000","<a href=""http://itunes.apple.com/us/app/twitter/id409789998?mt=12"" rel=""nofollow"">Twitter for Mac</a>","@SimpleGeo Every time you add something to the context call, I just up and down with glee. Now... how is pop. dens. diff from metro score?"
"68813911264215040","68812214760521728","809641","","","2011-05-12 23:04:49 +0000","<a href=""http://itunes.apple.com/us/app/twitter/id409789998?mt=12"" rel=""nofollow"">Twitter for Mac</a>","@adamloving Love the sentiment but man that's some statistical correlation abuse if I ever saw it. :)"
"68797421660016640","","","","","2011-05-12 21:59:18 +0000","<a href=""http://itunes.apple.com/us/app/twitter/id409789998?mt=12"" rel=""nofollow"">Twitter for Mac</a>","I would love to see this in Seattle. RT @evanjacobs: New blog post: ""Wantrepreneur to Entrepreneur"" http://t.co/ctqjEUt","http://bit.ly/kiO5F7"
"68797285819101184","68793672522674176","780991","","","2011-05-12 21:58:45 +0000","<a href=""http://itunes.apple.com/us/app/twitter/id409789998?mt=12"" rel=""nofollow"">Twitter for Mac</a>","@amyjokim Great links today!  @jesseschell is talking about very exciting stuff here... exactly where we're charging into right now."
"68752412923543552","68752358837993472","123116307","","","2011-05-12 19:00:27 +0000","<a href=""http://itunes.apple.com/us/app/twitter/id409789998?mt=12"" rel=""nofollow"">Twitter for Mac</a>","@LilHossler Great! What's the best way to contact them?"
"68751090094587904","68750971689373696","17977759","","","2011-05-12 18:55:11 +0000","<a href=""http://itunes.apple.com/us/app/twitter/id409789998?mt=12"" rel=""nofollow"">Twitter for Mac</a>","@iamdonte Do you recommend that building? What's the best way to contact?"
"68750435242086400","","","","","2011-05-12 18:52:35 +0000","<a href=""http://itunes.apple.com/us/app/twitter/id409789998?mt=12"" rel=""nofollow"">Twitter for Mac</a>","Seattle friends: Anyone have leads on a good 1-bedroom apartment available immediately in Cap Hill under $1300? Friends just moved here!"
"68735023129444352","","","","","2011-05-12 17:51:21 +0000","<a href=""http://itunes.apple.com/us/app/twitter/id409789998?mt=12"" rel=""nofollow"">Twitter for Mac</a>","Feynman is my hero! Love this book. RT @pswam: @busterbenson someone else had the same attitude :-) http://t.co/02ll1IR","http://bit.ly/iLJPo0"
"68733227501764608","","","","","2011-05-12 17:44:13 +0000","<a href=""http://timely.is"" rel=""nofollow"">Timely by Demandforce</a>","Forget #gamification if you must. Just cultivate a playful attitude towards learning and mastery and call it whatever you want."
"68729537428594688","68722987339227136","776429","","","2011-05-12 17:29:33 +0000","<a href=""http://itunes.apple.com/us/app/twitter/id409789998?mt=12"" rel=""nofollow"">Twitter for Mac</a>","@spangley @ryanchris I'd be willing to mentor him in the ways of being a Buster."
"68710031423574016","68708892225445888","4558","","","2011-05-12 16:12:02 +0000","<a href=""http://itunes.apple.com/us/app/twitter/id409789998?mt=12"" rel=""nofollow"">Twitter for Mac</a>","@harryh @dens @arainert Yeah, the websites weren't designed for this. Clients for Twitter and email were. Wish web worked, but it's hard."
"68707451746271233","68705124310196224","7482","","","2011-05-12 16:01:47 +0000","<a href=""http://itunes.apple.com/us/app/twitter/id409789998?mt=12"" rel=""nofollow"">Twitter for Mac</a>","@arainert @dens I agree that 2 browsers totally sucks. But do ANY websites on the web handle multiple logins gracefully?"
"68707143683026944","","","68704294379069440","418","2011-05-12 16:00:34 +0000","<a href=""http://itunes.apple.com/us/app/twitter/id409789998?mt=12"" rel=""nofollow"">Twitter for Mac</a>","RT @dens: 50 replies to my tweet about Gmail logins: ~40 from people saying they use 2 browsers (ugh) & a few confirming that Goog multi ..."
"68533407415672833","","","","","2011-05-12 04:30:12 +0000","<a href=""http://flickr.com/services/twitter/"" rel=""nofollow"">Flickr</a>","8:36pm Singing children's books by memory (thanks Loren for Little Blue Truck!). & flowers thx to @jensmccabe! http://flic.kr/p/9GJmEx"
"68367927325368321","68357488763871232","1427181","","","2011-05-11 17:32:38 +0000","<a href=""http://itunes.apple.com/us/app/twitter/id409789998?mt=12"" rel=""nofollow"">Twitter for Mac</a>","@joyweesemoll Uh oh. What's happening? I'm able to log in myself... maybe the problem resolved itself?"
"68119872848138240","68117049548873728","786818","","","2011-05-11 01:06:57 +0000","<a href=""http://itunes.apple.com/us/app/twitter/id409789998?mt=12"" rel=""nofollow"">Twitter for Mac</a>","@webwright I like site5.com and host all my blogs, development sites, side projects there..."
"68094051953541120","68093047606489088","2015","","","2011-05-10 23:24:21 +0000","<a href=""http://itunes.apple.com/us/app/twitter/id409789998?mt=12"" rel=""nofollow"">Twitter for Mac</a>","@joshc Regardless of what you think of Thiel and his project (not highly), don't you think education is generally ripe for some disruption?"
"68089137516920833","68087917297401858","2015","","","2011-05-10 23:04:50 +0000","web","@joshc @spangley @kellianne He's not pontificating, we are. He's putting his money and ideas into practice. Only time will tell..."
"67795667631878144","","","","","2011-05-10 03:38:41 +0000","<a href=""http://flickr.com/services/twitter/"" rel=""nofollow"">Flickr</a>","8:36pm Showing this funny video from earlier today to @Kellianne over take out Thai http://flic.kr/p/9GdKGm"
"67788249900392448","","","","","2011-05-10 03:09:12 +0000","<a href=""http://twitter.com/tweetbutton"" rel=""nofollow"">Tweet Button</a>","My @statigram stats for @instagram are quite pretty: http://t.co/RFfKIbm","http://statigr.am/busterbenson"
"67470832670228481","","","","","2011-05-09 06:07:54 +0000","<a href=""http://itunes.apple.com/us/app/twitter/id409789998?mt=12"" rel=""nofollow"">Twitter for Mac</a>","Freerunning and parkour facility in LA. This video is awesome: http://t.co/8GV7cmX","http://vimeo.com/22157500"
"67434445816336384","","","","","2011-05-09 03:43:19 +0000","<a href=""http://flickr.com/services/twitter/"" rel=""nofollow"">Flickr</a>","8:36pm Happy 1st Mother's day to @Kellianne! http://flic.kr/p/9FQZAg"
"67095144469504002","67089962025230336","20833838","","","2011-05-08 05:15:03 +0000","<a href=""http://twitter.com/download/iphone"" rel=""nofollow"">Twitter for iPhone</a>","@carinnatarvin I can't believe I wasn't following @imkristenbell! That's her, right?"
"67071562163027968","","","","","2011-05-08 03:41:21 +0000","<a href=""http://flickr.com/services/twitter/"" rel=""nofollow"">Flickr</a>","8:36pm Dinner at Tavolata with @Kellianne's aunt and uncle http://flic.kr/p/9FuFeK"
"66709861508976641","","","","","2011-05-07 03:44:05 +0000","<a href=""http://flickr.com/services/twitter/"" rel=""nofollow"">Flickr</a>","8:36pm Keeping Niko out too late to hang with Kellianne's aunt and uncle http://flic.kr/p/9Fgwj1"
"66635752372572161","","","66329151359037440","287833734","2011-05-06 22:49:36 +0000","<a href=""http://itunes.apple.com/us/app/twitter/id409789998?mt=12"" rel=""nofollow"">Twitter for Mac</a>","RT @lovelletters: #s2a @geekwirenews ""good judgment comes from experience, experience comes from bad judgment."" word."
"66624731641675776","66618477879898112","5814","","","2011-05-06 22:05:48 +0000","<a href=""http://twitter.com/download/iphone"" rel=""nofollow"">Twitter for iPhone</a>","@tempo Me too! Anything in particular inspiring it this round for you?"
"66599332605992960","","","","","2011-05-06 20:24:52 +0000","<a href=""http://itunes.apple.com/us/app/twitter/id409789998?mt=12"" rel=""nofollow"">Twitter for Mac</a>","Great TED talk reminder that we need to make sure to not only surround ourselves with people and ideas just like us http://t.co/7Qs2M7W","http://www.ted.com/talks/eli_pariser_beware_online_filter_bubbles.html"
"66401241307164672","66400394728833024","6629572","","","2011-05-06 07:17:44 +0000","<a href=""http://twitter.com/download/iphone"" rel=""nofollow"">Twitter for iPhone</a>","@jheitzeb My first one but agree that it was awesome and inspiring on several fronts. Totally didn't see you there though!"
"66362190965383168","","","","","2011-05-06 04:42:33 +0000","<a href=""http://flickr.com/services/twitter/"" rel=""nofollow"">Flickr</a>","8:36pm Seattle 2.0 Awards were inspiring! http://flic.kr/p/9EYHvv"
"66309232634494977","","","","","2011-05-06 01:12:07 +0000","<a href=""http://foursquare.com"" rel=""nofollow"">foursquare</a>","Seattle 2.0 Awards! Snuck in just barely. &300:event (@ Cirque Event Center w/ @kingofcaffeine) http://4sq.com/mBwl6c"
"66261441640022016","66260369173258240","9428232","","","2011-05-05 22:02:13 +0000","<a href=""http://itunes.apple.com/us/app/twitter/id409789998?mt=12"" rel=""nofollow"">Twitter for Mac</a>","@LauraGlu Wow, yeah, that would be really useful to have! 

And hey, awesome meeting you in SF! That was a great wedding party!"
"66259428265033728","","","","","2011-05-05 21:54:13 +0000","<a href=""http://itunes.apple.com/us/app/twitter/id409789998?mt=12"" rel=""nofollow"">Twitter for Mac</a>","I'm surprised that there's no way to search through friends (ie all my friends named Dave) with either Facebook or Twitter's APIs."
"66230320739008512","66230142451712000","10959642","","","2011-05-05 19:58:33 +0000","<a href=""http://itunes.apple.com/us/app/twitter/id409789998?mt=12"" rel=""nofollow"">Twitter for Mac</a>","@tara You can count their names on the leaderboard. :)"
"66229723499479040","66229279465283585","10959642","","","2011-05-05 19:56:11 +0000","<a href=""http://itunes.apple.com/us/app/twitter/id409789998?mt=12"" rel=""nofollow"">Twitter for Mac</a>","@tara A minimum viable product joke app."
"66228602496229376","","","","","2011-05-05 19:51:43 +0000","<a href=""http://itunes.apple.com/us/app/twitter/id409789998?mt=12"" rel=""nofollow"">Twitter for Mac</a>","Tempting, but no. RT @dens: Maybe the worst startup in the history of startups, but whatever, I'm in!  http://t.co/4Ytfk3U","http://subscribetoit.com/"
"66168926832295936","","","","","2011-05-05 15:54:36 +0000","<a href=""http://twitter.com/download/iphone"" rel=""nofollow"">Twitter for iPhone</a>","Unexpectedly free to go to Seattle 2.0 Awards tonight but it's sold out. Anyone have a ticket they're not gonna use? /cc @seattle20 #s2a"
"66166696712486913","66098836761886720","35667496","","","2011-05-05 15:45:44 +0000","<a href=""http://twitter.com/download/iphone"" rel=""nofollow"">Twitter for iPhone</a>","@zenpeacekeeper My wife @Kellianne is doing your 30-days of yoga soon. @willotoons told us how awesome you and your program are."
"66166120796786688","","","","","2011-05-05 15:43:27 +0000","<a href=""http://twitter.com/download/iphone"" rel=""nofollow"">Twitter for iPhone</a>","@arielist There's a new startup-centric mailing list with great local peeps on it that I can add you to if you can handle some extra email."
"66163739061260288","","","","","2011-05-05 15:33:59 +0000","<a href=""http://twitter.com/download/iphone"" rel=""nofollow"">Twitter for iPhone</a>","LOVED @msuster's post on how a few key people in Seattle's tech scene can make a huge difference. http://t.co/3P8OPo9","http://techcrunch.com/2011/05/05/a-few-key-people-really-can-make-a-huge-difference/"
"66040404516143104","","","","","2011-05-05 07:23:54 +0000","<a href=""http://foursquare.com"" rel=""nofollow"">foursquare</a>","I just unlocked the ""Healthy Lizard"" badge on @foursquare! http://4sq.com/mpYszY"
"66002020615720960","66001654725615616","776429","","","2011-05-05 04:51:22 +0000","<a href=""http://itunes.apple.com/us/app/twitter/id409789998?mt=12"" rel=""nofollow"">Twitter for Mac</a>","@spangley We had such a great time and you + your wedding were SO beautiful. We strongly considered staying forever."
"65986107518623744","","","","","2011-05-05 03:48:08 +0000","<a href=""http://flickr.com/services/twitter/"" rel=""nofollow"">Flickr</a>","8:36pm 0-2 for good behavior while flying this trip, but happy to be home now http://flic.kr/p/9EGun8"
"65917448414699520","","","","","2011-05-04 23:15:19 +0000","<a href=""http://foursquare.com"" rel=""nofollow"">foursquare</a>","The end of an awesome trip! Bye SF! &kb,nb,100:eating (@ Virgin America Terminal w/ 5 others) http://4sq.com/itGX9m"
"65843520136691712","","","65839066154942464","5702","2011-05-04 18:21:33 +0000","<a href=""http://twitter.com/download/iphone"" rel=""nofollow"">Twitter for iPhone</a>","RT @Caterina: Reasoning was not designed to pursue the truth. Reasoning was designed by evolution to help us win arguments. http://bit.l ..."
"65677466856992768","","","","","2011-05-04 07:21:42 +0000","<a href=""http://flickr.com/services/twitter/"" rel=""nofollow"">Flickr</a>","Niko's in a tunnel http://flic.kr/p/9EsbwZ"
"65669440951435264","65625684600569857","780991","","","2011-05-04 06:49:49 +0000","<a href=""http://twitter.com/download/iphone"" rel=""nofollow"">Twitter for iPhone</a>","@amyjokim I've been learning to be super grateful as well... beautiful SF wedding and family vacation definitely helps."
"65621866403995649","","","","","2011-05-04 03:40:46 +0000","<a href=""http://flickr.com/services/twitter/"" rel=""nofollow"">Flickr</a>","8:36pm Awesome reunion with Katja and Kevin in Healdsburg http://flic.kr/p/9Eq1Xr"
"65586848143118336","","","","","2011-05-04 01:21:37 +0000","<a href=""http://flickr.com/services/twitter/"" rel=""nofollow"">Flickr</a>","Makeshift baby chair http://flic.kr/p/9ErbEj"
"65483166504333312","","","","","2011-05-03 18:29:38 +0000","<a href=""http://twitter.com/download/iphone"" rel=""nofollow"">Twitter for iPhone</a>","Other than the crazy spectacle of those big startup failures, what impact did they have on the founders' lives / future careers?"
"65482164686434304","","","","","2011-05-03 18:25:39 +0000","<a href=""http://twitter.com/download/iphone"" rel=""nofollow"">Twitter for iPhone</a>","@arielist Totally. It was a whole different level the first time around. Would also love to see what the founders of each went on to do."
"65479129964875779","","","","","2011-05-03 18:13:35 +0000","<a href=""http://twitter.com/download/iphone"" rel=""nofollow"">Twitter for iPhone</a>","This is a fun thread RT @hnshah: What is the all-time greatest failed Internet startup? http://t.co/DUKe69d","http://kiss.ly/jNxdVR"
"65271793312731136","","","","","2011-05-03 04:29:42 +0000","<a href=""http://flickr.com/services/twitter/"" rel=""nofollow"">Flickr</a>","8:36pm Finished a delicious dinner with Dante and Tracy and Katie http://flic.kr/p/9E7Z8e"
"65152223058984960","65151625345507328","21515310","","","2011-05-02 20:34:35 +0000","<a href=""http://twitter.com/download/iphone"" rel=""nofollow"">Twitter for iPhone</a>","@richardtalens Awesome! Yes... my email is busterbenson@gmail.com"
"64962097645232128","","14936359","","","2011-05-02 07:59:05 +0000","<a href=""http://twitter.com/download/iphone"" rel=""nofollow"">Twitter for iPhone</a>","@stephdub So great to finally meet you in real life. And at such a beautiful event no less!"
"64903312180383745","","","","","2011-05-02 04:05:30 +0000","<a href=""http://flickr.com/services/twitter/"" rel=""nofollow"">Flickr</a>","8:36pm I'm the only (seer-)sucker with a bowtie that's not on stage right now. Plus: tuba!! http://flic.kr/p/9DPjwL"
"64885355513528320","","","","","2011-05-02 02:54:08 +0000","<a href=""http://twitter.com/download/iphone"" rel=""nofollow"">Twitter for iPhone</a>","Woah. http://t.co/5zlNExM http://t.co/MiDdWti","http://www.nytimes.com/2011/05/02/world/asia/osama-bin-laden-is-killed.html","http://yfrog.com/h2wcfqaj"
"64883223829815296","","","","","2011-05-02 02:45:40 +0000","<a href=""http://instagr.am"" rel=""nofollow"">Instagram</a>","Funny fortune to get in the Ritz lobby  @ the Ritz-Carlton Hotel - SF http://instagr.am/p/DxY8s/"
"64820810078093312","","","","","2011-05-01 22:37:40 +0000","<a href=""http://instagr.am"" rel=""nofollow"">Instagram</a>","Rare family sighting  @ Campbell Hall & Garden http://instagr.am/p/Dw8kq/"
"64815727521177600","","","","","2011-05-01 22:17:28 +0000","<a href=""http://flickr.com/services/twitter/"" rel=""nofollow"">Flickr</a>","Dirty pants from crawling http://flic.kr/p/9DELaF"
"64787380170792960","","","","","2011-05-01 20:24:49 +0000","<a href=""http://foursquare.com"" rel=""nofollow"">foursquare</a>","Happy wedding day, Ali and Todd! This place is beautiful! (@ Campbell Hall & Garden for Spangleman Wedding) [pic]: http://4sq.com/meQPXx"
"64768394762797056","","","","","2011-05-01 19:09:23 +0000","<a href=""http://flickr.com/services/twitter/"" rel=""nofollow"">Flickr</a>","Baby's first limo. Heading to the wedding! http://flic.kr/p/9DBg5r"
