"tweet_id","in_reply_to_status_id","in_reply_to_user_id","retweeted_status_id","retweeted_status_user_id","timestamp","source","text","expanded_urls"
"109107981026734080","","","","","2011-09-01 03:39:04 +0000","<a href=""http://flickr.com/services/twitter/"" rel=""nofollow"">Flickr</a>","8:36pm Working late on really awesome stuff. http://t.co/Sd48gko","http://flic.kr/p/aibtrx"
"109012965142970368","109009890953003008","761628","","","2011-08-31 21:21:30 +0000","<a href=""http://itunes.apple.com/us/app/twitter/id409789998?mt=12"" rel=""nofollow"">Twitter for Mac</a>","@RickWebb It's red. Would Hiro be disappointed in me? It's okay, I was disappointed in season 2. :)"
"109009047927267328","109008319263408129","761628","","","2011-08-31 21:05:56 +0000","<a href=""http://twitter.com/download/iphone"" rel=""nofollow"">Twitter for iPhone</a>","@RickWebb Haha this is why I post the minutiae of my life. Random trivia ftw!"
"109009021779980288","109008592753012737","14290242","","","2011-08-31 21:05:50 +0000","<a href=""http://twitter.com/download/iphone"" rel=""nofollow"">Twitter for iPhone</a>","@maggim Thank YOU for the great connect! You and Pat saved us hours and thousands of dollars!"
"109008117479636992","","","","","2011-08-31 21:02:15 +0000","<a href=""http://twitter.com/download/iphone"" rel=""nofollow"">Twitter for iPhone</a>","Looks like we just bought a Nissan Versa. Immediately signed up at http://t.co/jHCG8A9 (thx @mathowie!)... any other apps for that? #nerd","http://fuelly.com"
"108941499575697408","","","","","2011-08-31 16:37:32 +0000","<a href=""http://itunes.apple.com/us/app/twitter/id409789998?mt=12"" rel=""nofollow"">Twitter for Mac</a>","Self motivation 101: 

1st) Make sure you really want to do what you're trying to make yourself do.

2nd) Tell others you'd like their help."
"108937271285256193","108935961290883072","804808","","","2011-08-31 16:20:44 +0000","<a href=""http://itunes.apple.com/us/app/twitter/id409789998?mt=12"" rel=""nofollow"">Twitter for Mac</a>","@daryn Self-punishment is def not the best way to motivate. Maybe ask someone to check in w/you night before? /cc @mikeytom @jensmccabe"
"108756460174979074","108756097980055552","14423788","","","2011-08-31 04:22:15 +0000","<a href=""http://itunes.apple.com/us/app/twitter/id409789998?mt=12"" rel=""nofollow"">Twitter for Mac</a>","@jordandobson We seem to be in similar situations! :) If you want to get a good deal, I'm working with a guy who goes to dealer auctions?"
"108755786850775042","108746070506471425","14423788","","","2011-08-31 04:19:34 +0000","<a href=""http://itunes.apple.com/us/app/twitter/id409789998?mt=12"" rel=""nofollow"">Twitter for Mac</a>","@jordandobson Sort of in our price range and has been recommended by a couple different sources. What else are you considering?"
"108754133875560449","108750737290440704","1059951","","","2011-08-31 04:13:00 +0000","<a href=""http://itunes.apple.com/us/app/twitter/id409789998?mt=12"" rel=""nofollow"">Twitter for Mac</a>","@MichelleBee Thanks, that's just what I was looking for!"
"108745768843755520","","","","","2011-08-31 03:39:46 +0000","<a href=""http://flickr.com/services/twitter/"" rel=""nofollow"">Flickr</a>","8:36pm Shopping for cars via email. Here's one contender: http://t.co/N2vXbYd","http://flic.kr/p/ahWYxm"
"108744752702300160","108744598721007616","12761252","","","2011-08-31 03:35:44 +0000","<a href=""http://itunes.apple.com/us/app/twitter/id409789998?mt=12"" rel=""nofollow"">Twitter for Mac</a>","@haikugirl I hope so. They made $3,000+ from us last year. And who knows what taxis made. :/"
"108743618390540289","108743388165193728","10959642","","","2011-08-31 03:31:13 +0000","<a href=""http://itunes.apple.com/us/app/twitter/id409789998?mt=12"" rel=""nofollow"">Twitter for Mac</a>","@tara Ah, good advice. We're generally looking for 4-door hatchbacks, as sexy as those are."
"108743492179726337","108742935704645632","13503","","","2011-08-31 03:30:43 +0000","<a href=""http://itunes.apple.com/us/app/twitter/id409789998?mt=12"" rel=""nofollow"">Twitter for Mac</a>","@krissyb You're very welcome! How did you find it, if I may ask?"
"108742783631765504","","","","","2011-08-31 03:27:54 +0000","<a href=""http://itunes.apple.com/us/app/twitter/id409789998?mt=12"" rel=""nofollow"">Twitter for Mac</a>","That said, we have a great chance to get a used car in our price range at an auction. But which make/model? Who knows how to best research?"
"108742581424369664","","","","","2011-08-31 03:27:06 +0000","<a href=""http://itunes.apple.com/us/app/twitter/id409789998?mt=12"" rel=""nofollow"">Twitter for Mac</a>","You try lugging a carseat and a 15-month old .4 miles just to also lug it all plus groceries/other items .4 miles back. #futureisnothereyet"
"108742197398077440","","","","","2011-08-31 03:25:34 +0000","<a href=""http://itunes.apple.com/us/app/twitter/id409789998?mt=12"" rel=""nofollow"">Twitter for Mac</a>","Good chance we're buying a car tomorrow, after many years without. It's not you, @zipcar, it's @nikobenson."
"108694212630937600","108690806369550337","958581","","","2011-08-31 00:14:54 +0000","<a href=""http://itunes.apple.com/us/app/twitter/id409789998?mt=12"" rel=""nofollow"">Twitter for Mac</a>","@rdicker Definitely not a bad thing, especially if you say ""unreal"" using Ivan's Slovak accent.  Or Daniel's Ivan accent."
"108637115880976384","","","","","2011-08-30 20:28:01 +0000","<a href=""http://itunes.apple.com/us/app/twitter/id409789998?mt=12"" rel=""nofollow"">Twitter for Mac</a>","This cosmic grizzly bear wants to eat you. http://t.co/bkGu7Nr","http://bustr.tumblr.com/post/9597222530/the-cosmic-grizzly-bear-wants-to-eat-you"
"108613817176555522","108613646778769408","752553","","","2011-08-30 18:55:26 +0000","<a href=""http://itunes.apple.com/us/app/twitter/id409789998?mt=12"" rel=""nofollow"">Twitter for Mac</a>","@rgcottrell If that's how they seem to you, then you've really been there a long time. :)"
"108613365747814400","108612811906760705","16644937","","","2011-08-30 18:53:38 +0000","<a href=""http://itunes.apple.com/us/app/twitter/id409789998?mt=12"" rel=""nofollow"">Twitter for Mac</a>","@the_april Yes! You should totally go! Great companies will be there."
"108611781760516096","","","","","2011-08-30 18:47:21 +0000","<a href=""http://itunes.apple.com/us/app/twitter/id409789998?mt=12"" rel=""nofollow"">Twitter for Mac</a>","Thinking of leaving your golden handcuffs behind and getting a *real* job. :) Sept 12th tech/design job fair in Seattle: http://t.co/v4ltO06","http://getarealjobfair.com/"
"108584063803199488","","","108584028482973696","154236895","2011-08-30 16:57:12 +0000","<a href=""http://itunes.apple.com/us/app/twitter/id409789998?mt=12"" rel=""nofollow"">Twitter for Mac</a>","RT @healthmonth: Who wants to volunteer to let one of us be your Health Month buddy for September? Details on how to apply here: http:// ..."
"108416262606028800","108416038437269505","103258230","","","2011-08-30 05:50:25 +0000","<a href=""http://itunes.apple.com/us/app/twitter/id409789998?mt=12"" rel=""nofollow"">Twitter for Mac</a>","@QP_Present You can email me at buster@healthmonth.com any time."
"108415255952109568","108414241974927360","103258230","","","2011-08-30 05:46:25 +0000","<a href=""http://itunes.apple.com/us/app/twitter/id409789998?mt=12"" rel=""nofollow"">Twitter for Mac</a>","@QP_Present In July, no badge because you didn't start at the beginning of the month. You should get one for August though? 2 more days!"
"108413529236848640","108412798962384896","103258230","","","2011-08-30 05:39:34 +0000","<a href=""http://itunes.apple.com/us/app/twitter/id409789998?mt=12"" rel=""nofollow"">Twitter for Mac</a>","@QP_Present What's your username?"
"108388541775609858","","","","","2011-08-30 04:00:16 +0000","<a href=""http://flickr.com/services/twitter/"" rel=""nofollow"">Flickr</a>","My fancy dinner while I work http://t.co/Ri3w4n8","http://flic.kr/p/ahAJDX"
"108269624709226496","","","","","2011-08-29 20:07:44 +0000","<a href=""http://itunes.apple.com/us/app/twitter/id409789998?mt=12"" rel=""nofollow"">Twitter for Mac</a>","Oh and did I mention? Every single person who joined #healthmonth before today gets a free game on us. Play here: http://t.co/gU19FQw","http://healthmonth.com"
"108268676666503168","","","","","2011-08-29 20:03:58 +0000","<a href=""http://itunes.apple.com/us/app/twitter/id409789998?mt=12"" rel=""nofollow"">Twitter for Mac</a>","HUGE new features (private + custom rules) launching today on @healthmonth. Help us spread the word! http://t.co/2DKu0jg","http://healthmonth.tumblr.com/post/9555045678/come-and-get-it-private-rules-and-more-custom-rules"
"108223196595097600","","","108219993509994496","11768582","2011-08-29 17:03:15 +0000","<a href=""http://twitter.com/download/iphone"" rel=""nofollow"">Twitter for iPhone</a>","RT @garrytan: Why the impossible happens more often, and the rise of the social hive mind http://t.co/W93cZEo via @liveink","http://www.kk.org/thetechnium/archives/2011/08/why_the_impossi.php"
"108208277208309761","108196893795958784","1059951","","","2011-08-29 16:03:58 +0000","<a href=""http://itunes.apple.com/us/app/twitter/id409789998?mt=12"" rel=""nofollow"">Twitter for Mac</a>","@MichelleBee Welcome to your first day! I hope to swing by in the afternoon to congratulate you in person!"
"108204999636566016","","","108081559298519040","6527972","2011-08-29 15:50:56 +0000","<a href=""http://twitter.com/download/iphone"" rel=""nofollow"">Twitter for iPhone</a>","RT @randfish: Misadventures in VC Funding: The $24mm Moz Almost Raised http://t.co/Qe6eRzU","http://mz.cm/vc-misadventures"
"108022390382010368","","","","","2011-08-29 03:45:19 +0000","<a href=""http://flickr.com/services/twitter/"" rel=""nofollow"">Flickr</a>","8:36pm Sticking to my only-2-games-at-a-time rule on Hanging w/friends lest I get overwhelmed and resign http://t.co/R4ZcobG","http://flic.kr/p/ahgg6P"
"107674662238044161","","","","","2011-08-28 04:43:34 +0000","<a href=""http://flickr.com/services/twitter/"" rel=""nofollow"">Flickr</a>","8:36pm My cousin's yearly visit to coincide with PAX http://t.co/7ezkNmd","http://flic.kr/p/agYBME"
"107557796270194688","","","","","2011-08-27 20:59:11 +0000","<a href=""http://flickr.com/services/twitter/"" rel=""nofollow"">Flickr</a>","I'm safe. How about you? http://t.co/hJpczSm http://t.co/Qfe64zx","http://civiguard.com/irene","http://flic.kr/p/agT4ow"
"107491204547100672","107484017745600513","24896055","","","2011-08-27 16:34:34 +0000","<a href=""http://itunes.apple.com/us/app/twitter/id409789998?mt=12"" rel=""nofollow"">Twitter for Mac</a>","@designernaut Yes! Very highly. /cc @fitbit"
"107299010305462272","107215735926951936","1059951","","","2011-08-27 03:50:52 +0000","<a href=""http://twitter.com/download/iphone"" rel=""nofollow"">Twitter for iPhone</a>","@MichelleBee @knitpurl @uber_sea @uber That's awesome, congrats on the great recruit! Uber Seattle ftw!"
"107296482742378496","","","","","2011-08-27 03:40:49 +0000","<a href=""http://flickr.com/services/twitter/"" rel=""nofollow"">Flickr</a>","8:36pm Getting take out at Mestizo as my compatriots keep the fire alive at @habitlabs http://t.co/ddJREmI","http://flic.kr/p/agFw1S"
"107290148139573249","","","","","2011-08-27 03:15:39 +0000","<a href=""http://twitter.com/download/iphone"" rel=""nofollow"">Twitter for iPhone</a>","Wow @habitlabs is packed full of people! It's a bit toasty but still plenty to eat and drink. Free game, #startupcrawl! http://t.co/gj8dUyG","http://healthmonth.com/you_are_special/startup_crawl"
"107260622152015872","","","","","2011-08-27 01:18:19 +0000","<a href=""http://instagr.am"" rel=""nofollow"">Instagram</a>","Seattle Startup Crawl pre-funk complete with keggerator!  @ Habit Labs HQ (Healthmonth.com) http://t.co/lYJ6IYU","http://instagr.am/p/LWTmy/"
"107223269458972672","107223027783180288","23912695","","","2011-08-26 22:49:54 +0000","<a href=""http://itunes.apple.com/us/app/twitter/id409789998?mt=12"" rel=""nofollow"">Twitter for Mac</a>","@bmorerican Zipcar is great but not so great when you have to lug a car seat to each one. And also, we spent $3,000 on @Zipcar last year!"
"107177838075068416","107175097869144064","128375612","","","2011-08-26 19:49:22 +0000","<a href=""http://itunes.apple.com/us/app/twitter/id409789998?mt=12"" rel=""nofollow"">Twitter for Mac</a>","@CMaberly I prefer to chase by speedboat."
"107175095566475264","107174903089864704","128375612","","","2011-08-26 19:38:28 +0000","<a href=""http://itunes.apple.com/us/app/twitter/id409789998?mt=12"" rel=""nofollow"">Twitter for Mac</a>","@CMaberly Oooh? that might work well!"
"107168956267241473","107167303761788928","14819149","","","2011-08-26 19:14:04 +0000","<a href=""http://itunes.apple.com/us/app/twitter/id409789998?mt=12"" rel=""nofollow"">Twitter for Mac</a>","@uxgreg Looking mostly for a lead dev, but open to all ideas! Send us a resume if you want to make a case for yourself!"
"107160789416296448","107159043637919744","49583","","","2011-08-26 18:41:37 +0000","<a href=""http://itunes.apple.com/us/app/twitter/id409789998?mt=12"" rel=""nofollow"">Twitter for Mac</a>","@magnetbox Yes, I can see that! Is that your listing? That's in our price range? I'll talk to my wife about it!"
"107158560105955328","107158443319758848","14290242","","","2011-08-26 18:32:46 +0000","<a href=""http://itunes.apple.com/us/app/twitter/id409789998?mt=12"" rel=""nofollow"">Twitter for Mac</a>","@maggim Yes! busterbenson at gmail."
"107157850740105218","107157718841831424","14290242","","","2011-08-26 18:29:57 +0000","<a href=""http://itunes.apple.com/us/app/twitter/id409789998?mt=12"" rel=""nofollow"">Twitter for Mac</a>","@maggim Ooh, I hadn't heard of that! Any links or leads to send my way?"
"107157291404492800","107156578439938049","49583","","","2011-08-26 18:27:43 +0000","<a href=""http://itunes.apple.com/us/app/twitter/id409789998?mt=12"" rel=""nofollow"">Twitter for Mac</a>","@magnetbox Sounds good to me! What are you asking for it?"
"107157112697790465","107156737718632448","14290242","","","2011-08-26 18:27:01 +0000","<a href=""http://itunes.apple.com/us/app/twitter/id409789998?mt=12"" rel=""nofollow"">Twitter for Mac</a>","@maggim Ah, sadly out of our price range. Looking more for the $10,000 arena. Thank you!"
"107156399146020864","107155146399690752","49583","","","2011-08-26 18:24:11 +0000","<a href=""http://itunes.apple.com/us/app/twitter/id409789998?mt=12"" rel=""nofollow"">Twitter for Mac</a>","@magnetbox Awesome! What do you have?"
"107154853809238016","107154163338711040","186833531","","","2011-08-26 18:18:02 +0000","<a href=""http://itunes.apple.com/us/app/twitter/id409789998?mt=12"" rel=""nofollow"">Twitter for Mac</a>","@gubester Yes, please keep me updated!"
"107153863739580416","107153442388193280","14290242","","","2011-08-26 18:14:06 +0000","<a href=""http://itunes.apple.com/us/app/twitter/id409789998?mt=12"" rel=""nofollow"">Twitter for Mac</a>","@maggim I love a Subaru! How much?"
"107152646061821952","","","","","2011-08-26 18:09:16 +0000","<a href=""http://itunes.apple.com/us/app/twitter/id409789998?mt=12"" rel=""nofollow"">Twitter for Mac</a>","Do any of you in Seattle have a car you'd like to sell me? :)  Why hasn't the internet made it more fun to buy used cars yet?"
"107147273443618816","","","","","2011-08-26 17:47:55 +0000","<a href=""http://itunes.apple.com/us/app/twitter/id409789998?mt=12"" rel=""nofollow"">Twitter for Mac</a>","Are you in Seattle and into beer and startups? RSVP and come to tonight's startup crawl: http://t.co/boAHuyi (@habitlabs is stop 3!)","http://soentrepreneurial.com/2011/08/11/food-drink-and-tech-the-seattle-startup-crawl-is-friday-august-26th-starting-at-5pm/"
"106935551969603585","","","","","2011-08-26 03:46:37 +0000","<a href=""http://flickr.com/services/twitter/"" rel=""nofollow"">Flickr</a>","8:36pm Definitely missed my family. I am laughing just hearing them talking in the dark during bedtime. http://t.co/nqxk2fm","http://flic.kr/p/agqV5U"
"106777418668310528","106772339223564289","15265271","","","2011-08-25 17:18:15 +0000","<a href=""http://itunes.apple.com/us/app/twitter/id409789998?mt=12"" rel=""nofollow"">Twitter for Mac</a>","@folktrash Definitely playing with it!"
"106574379382616064","106574178483847168","18603224","","","2011-08-25 03:51:26 +0000","<a href=""http://itunes.apple.com/us/app/twitter/id409789998?mt=12"" rel=""nofollow"">Twitter for Mac</a>","@awarenesss @jensmccabe Thanks for the tip... yeah, some pages are showing up in raw html and I'm converting them all back now."
"106571046383136768","","","","","2011-08-25 03:38:12 +0000","<a href=""http://flickr.com/services/twitter/"" rel=""nofollow"">Flickr</a>","8:36pm Night shift http://t.co/VV4YVMQ","http://flic.kr/p/ag7sWg"
"106565518202384384","","","","","2011-08-25 03:16:14 +0000","<a href=""http://itunes.apple.com/us/app/twitter/id409789998?mt=12"" rel=""nofollow"">Twitter for Mac</a>","""Remembering that you are going to die is the best way to avoid the trap of thinking you have something to lose."" - http://t.co/Dx6KpiX","http://bustr.tumblr.com/post/9361226303/remembering-that-ill-be-dead-soon-is-the-most"
"106444076605386753","106256914236702720","30495974","","","2011-08-24 19:13:40 +0000","web","@berkun I pretty much see career (at its best) as an environment to test your principles and make them stronger. Balance shmalance."
"106419578162262016","106405691794800640","123116307","","","2011-08-24 17:36:19 +0000","<a href=""http://itunes.apple.com/us/app/twitter/id409789998?mt=12"" rel=""nofollow"">Twitter for Mac</a>","@LilHossler Definitely try @uber_sea, they never disappoint! I think their best feature is showing up quickly."
"106409573539254272","","","","","2011-08-24 16:56:33 +0000","<a href=""http://itunes.apple.com/us/app/twitter/id409789998?mt=12"" rel=""nofollow"">Twitter for Mac</a>","Watch me talk about headbands and the future of gaming / #gamification in this new study: http://t.co/uQ22hKF /via @latddotcom","http://vimeo.com/28065109"
"106407859968933888","","","106318015196446720","31317342","2011-08-24 16:49:45 +0000","web","RT @latddotcom: Study findings + video are out! The Future of Gaming: a Portrait of the New Gamers. http://t.co/pnd9TsD #pacesetters","http://tinyurl.com/4ymzn8n"
"106406670548217856","","","","","2011-08-24 16:45:01 +0000","<a href=""http://itunes.apple.com/us/app/twitter/id409789998?mt=12"" rel=""nofollow"">Twitter for Mac</a>","I love @obviouscorp's mission to ""build, partner, and invest"" in the health goal market: http://t.co/HHFeX7N See also: http://t.co/nW3XUnM","http://obvious.com/2011/08/unlocking-potential/","http://lift.do"
"106209374619439104","","","","","2011-08-24 03:41:02 +0000","<a href=""http://flickr.com/services/twitter/"" rel=""nofollow"">Flickr</a>","8:36pm Talking about the last time Scott freaked out http://t.co/1SlxzyD","http://flic.kr/p/afSKzw"
"106139216412549121","","","","","2011-08-23 23:02:15 +0000","<a href=""http://www.fitbit.com"" rel=""nofollow"">Fitbit</a>","My avg. daily fitbit #fitstats for last week: 7,076 steps and 3.6 miles traveled. http://t.co/mlWqRJB","http://www.fitbit.com/user/229KX2"
"106097559050784768","106043050421256192","11604","","","2011-08-23 20:16:43 +0000","<a href=""http://itunes.apple.com/us/app/twitter/id409789998?mt=12"" rel=""nofollow"">Twitter for Mac</a>","@torrez Looking forward to it!"
"106077179422588928","","","","","2011-08-23 18:55:45 +0000","<a href=""http://twitter.com/tweetbutton"" rel=""nofollow"">Tweet Button</a>","What Devices Will You Carry in 10 Years Time? http://t.co/8i4ba7D (via @summify from @marciikeler, @ricmacnz, and 2 others)","http://smf.is/1w6VV6"
"106023280774881280","106019588331941888","11604","","","2011-08-23 15:21:34 +0000","<a href=""http://twitter.com/download/iphone"" rel=""nofollow"">Twitter for iPhone</a>","@torrez Activities like what?"
"105855509994807296","105854930270691329","19028099","","","2011-08-23 04:14:54 +0000","<a href=""http://twitter.com/download/iphone"" rel=""nofollow"">Twitter for iPhone</a>","@MarshallHaas What do you use for auto-posting?"
"105854682915803136","105848021538975744","19028099","","","2011-08-23 04:11:37 +0000","<a href=""http://twitter.com/download/iphone"" rel=""nofollow"">Twitter for iPhone</a>","@MarshallHaas Do you have that posted regularly? I should probably do something like that too, eh?"
"105854316312657920","105852058996973568","128375612","","","2011-08-23 04:10:10 +0000","<a href=""http://twitter.com/download/iphone"" rel=""nofollow"">Twitter for iPhone</a>","@CMaberly @andypixel Loco aquarium manatee freedom?"
"105853213999247360","","","","","2011-08-23 04:05:47 +0000","<a href=""http://flickr.com/services/twitter/"" rel=""nofollow"">Flickr</a>","8:36pm Was taking a delightful walk in the rain, thinking about something I want to write http://t.co/NvTQ9E7","http://flic.kr/p/afwQ6a"
"105746405645225984","","","","","2011-08-22 21:01:22 +0000","<a href=""http://instagr.am"" rel=""nofollow"">Instagram</a>","Indulging Niko's gender bias http://t.co/LKPdp2G","http://instagr.am/p/LALMp/"
"105687251450740737","","","","","2011-08-22 17:06:18 +0000","<a href=""http://itunes.apple.com/us/app/twitter/id409789998?mt=12"" rel=""nofollow"">Twitter for Mac</a>","Medify.com is another new consumer health startup based in Seattle, 
launching today! Congrats! http://t.co/nuGokIt /via @geekwirenews","http://www.geekwire.com/2011/inspired-daughters-illness-medify-ceo-sets-transform-discover-health-information"
"105493035206455296","","","","","2011-08-22 04:14:34 +0000","<a href=""http://flickr.com/services/twitter/"" rel=""nofollow"">Flickr</a>","8:36pm My wife has big feet http://t.co/eERt761","http://flic.kr/p/afcnLK"
"105416089164455936","","","","","2011-08-21 23:08:48 +0000","<a href=""http://foursquare.com"" rel=""nofollow"">foursquare</a>","I just unlocked the ""Historian"" badge on @foursquare! http://t.co/BuPrvUj","http://4sq.com/q95VDf"
"105383769162260483","","","","","2011-08-21 21:00:23 +0000","<a href=""http://twitter.com/download/iphone"" rel=""nofollow"">Twitter for iPhone</a>","The easiest way to get smarter is to always wonder if you're wrong. Test/research your own assumptions!"
"105372297573056512","105372120166572032","18479832","","","2011-08-21 20:14:48 +0000","<a href=""http://itunes.apple.com/us/app/twitter/id409789998?mt=12"" rel=""nofollow"">Twitter for Mac</a>","@alpesh_shah How would you game it? /cc @jcroft"
"105368788316336128","105368391052836864","10877","","","2011-08-21 20:00:51 +0000","<a href=""http://itunes.apple.com/us/app/twitter/id409789998?mt=12"" rel=""nofollow"">Twitter for Mac</a>","@dkr Sure it is? just like real influence. But I think they deserve credit for trying, and hope that they keep improving. /cc @jcroft"
"105368476822155266","105367637940379649","25993","","","2011-08-21 19:59:37 +0000","<a href=""http://itunes.apple.com/us/app/twitter/id409789998?mt=12"" rel=""nofollow"">Twitter for Mac</a>","@jcroft As far as I can tell, @klout is trying to solve a very difficult (and interesting) problem. I give them the benefit of the doubt."
"105368353060814849","105364518246420480","20833838","","","2011-08-21 19:59:07 +0000","<a href=""http://itunes.apple.com/us/app/twitter/id409789998?mt=12"" rel=""nofollow"">Twitter for Mac</a>","@carinnatarvin I'm surprised to find the crime rate lower there. The data isn't completely trustworthy, but probably more than hearsay."
"105362521183100928","105360240417058816","20833838","","","2011-08-21 19:35:57 +0000","<a href=""http://itunes.apple.com/us/app/twitter/id409789998?mt=12"" rel=""nofollow"">Twitter for Mac</a>","@carinnatarvin It's actually showing lower crime rates than most of the rest of Seattle. Maybe the impressions are more about demographics?"
"105360908548706305","105360240417058816","20833838","","","2011-08-21 19:29:32 +0000","<a href=""http://itunes.apple.com/us/app/twitter/id409789998?mt=12"" rel=""nofollow"">Twitter for Mac</a>","@carinnatarvin Looking at it now. So far it looks like all of Cappy Hill, Downtown, and Belltown are tied: http://t.co/rlUmIbU","http://web5.seattle.gov/mnm/statistics.aspx?tabId=3"
"105358832703770624","105358493388779520","20833838","","","2011-08-21 19:21:17 +0000","<a href=""http://itunes.apple.com/us/app/twitter/id409789998?mt=12"" rel=""nofollow"">Twitter for Mac</a>","@carinnatarvin I'm curious about finding more about that. I know it was bad when Chocolate City was there? but has it gotten better?"
"105354843681595393","","","","","2011-08-21 19:05:26 +0000","<a href=""http://twitter.com/tweetbutton"" rel=""nofollow"">Tweet Button</a>","I'm actually very interested in the idea of tracking influence. Check out @klout to help me preview some new features: http://t.co/PHGEfMc","http://klout.com/perk/Klout/Topicpagespreview?passalong=ODUvMTkyLzI&passalongSig=8c220805a7bbc2208127e0dd718300924647cd95ac5a9272f28fee13c4a6a37e&n=tw&v=perks_featuredPerk"
"105349032620212224","","10015122","","","2011-08-21 18:42:21 +0000","<a href=""http://itunes.apple.com/us/app/twitter/id409789998?mt=12"" rel=""nofollow"">Twitter for Mac</a>","@andypixel @ingopixel After looking through Andy's backlog of Flickr photos, I can say that I'm very happy to be your friends."
"105343812066492416","105341128546590722","7943892","","","2011-08-21 18:21:36 +0000","<a href=""http://itunes.apple.com/us/app/twitter/id409789998?mt=12"" rel=""nofollow"">Twitter for Mac</a>","@ingopixel @_joyandrews_ Oh my, I just saw a whole bunch of funny party pictures from 2005 on @andypixel's flickr. :)"
"105332005901844480","105331124984754176","260629860","","","2011-08-21 17:34:41 +0000","<a href=""http://itunes.apple.com/us/app/twitter/id409789998?mt=12"" rel=""nofollow"">Twitter for Mac</a>","@_joyandrews_ @ingopixel What are the downsides of the house in case we have to try to not be bummed for not getting it? :)"
"105329024674435073","105327764332220419","7362142","","","2011-08-21 17:22:51 +0000","<a href=""http://twitter.com/download/iphone"" rel=""nofollow"">Twitter for iPhone</a>","@ingopixel @_joyandrews_ So funny that it's the same house! Did Howard own it back then too? /cc @kellianne"
"105161633432735744","","","105133781257691136","224798123","2011-08-21 06:17:41 +0000","<a href=""http://twitter.com/download/iphone"" rel=""nofollow"">Twitter for iPhone</a>","RT @joejive: ""If you weren?t convinced of the physical traffic Twitter drives, you should definitely notice it now"" http://t.co/a3nsJDQ","http://thenextweb.com/twitter/2011/08/21/twitter-just-got-the-respect-it-deserves/?awesm=tnw.to_1ASXo&utm_campaign=&utm_medium=tnw.to-other&utm_source=direct-tnw.to&utm_content=spreadus_master"
"105121742070091777","","","","","2011-08-21 03:39:11 +0000","<a href=""http://flickr.com/services/twitter/"" rel=""nofollow"">Flickr</a>","8:36pm Sort of loving this house on Craigslist http://t.co/h8zYZdX","http://flic.kr/p/aeSZgC"
"104760836882567168","","","","","2011-08-20 03:45:04 +0000","<a href=""http://flickr.com/services/twitter/"" rel=""nofollow"">Flickr</a>","8:36pm Brushing Sopor http://t.co/AlqmzR3","http://flic.kr/p/aeAUYQ"
"104743214011006976","","","","","2011-08-20 02:35:02 +0000","<a href=""http://www.azumio.com"" rel=""nofollow"">Azumio</a>","Relaxing day actually. . Stress Check app says my stress level is 68 % http://t.co/cTOjzIX","http://azumio.com/stresscheck"
"104657382935773184","104651983654359040","123116307","","","2011-08-19 20:53:59 +0000","<a href=""http://twitter.com/download/iphone"" rel=""nofollow"">Twitter for iPhone</a>","@LilHossler Not sure! Could you just create a corp account and order cars when needed? @uber_sea do you do anything special for corp accts?"
"104537034030452736","104409826121097216","160796300","","","2011-08-19 12:55:45 +0000","<a href=""http://twitter.com/download/iphone"" rel=""nofollow"">Twitter for iPhone</a>","@eringiglia Yay for Twitter-approved friend love! What are your thoughts on this @klout stuff? Useful or misleading?"
"104397656054444032","","","","","2011-08-19 03:41:55 +0000","<a href=""http://flickr.com/services/twitter/"" rel=""nofollow"">Flickr</a>","8:36pm @Kellianne and Niko are back from camping and I prepared this delicious Chinese meal http://t.co/0mlrjwP","http://flic.kr/p/aehVLt"
"104390092256325633","","","104389451576381440","2384071","2011-08-19 03:11:52 +0000","<a href=""http://itunes.apple.com/us/app/twitter/id409789998?mt=12"" rel=""nofollow"">Twitter for Mac</a>","RT @timoreilly: I don't know why I found it so funny, but I found myself weeping with laughter over the Periodic Table of Meat http://t. ..."
"104386070493409280","","","","","2011-08-19 02:55:53 +0000","<a href=""http://itunes.apple.com/us/app/twitter/id409789998?mt=12"" rel=""nofollow"">Twitter for Mac</a>","My mind just got blown by Stacey Rozich's work. Can't believe she's in Seattle and I haven't seen her work til now: http://t.co/LHP2vMP","http://bustr.tumblr.com/post/9107169722/ace-hotel-portland-seattle-stacey-rozich-compound"
"104359997131071488","104352390970486784","1543551","","","2011-08-19 01:12:16 +0000","<a href=""http://itunes.apple.com/us/app/twitter/id409789998?mt=12"" rel=""nofollow"">Twitter for Mac</a>","@bud_caddell I often tell people that http://t.co/v9n6jJi is a choose-your-own-adventure game for health/habits.","http://healthmonth.com"
"104338642268454912","104311543902126080","160796300","","","2011-08-18 23:47:25 +0000","<a href=""http://twitter.com/download/iphone"" rel=""nofollow"">Twitter for iPhone</a>","@eringiglia Are you stalking me kloutiness? :)"
"104234786469584896","104123711484993536","9938952","","","2011-08-18 16:54:44 +0000","<a href=""http://itunes.apple.com/us/app/twitter/id409789998?mt=12"" rel=""nofollow"">Twitter for Mac</a>","@mdbraber Hourly."
"104091598593327104","103967632969048066","62136032","","","2011-08-18 07:25:45 +0000","<a href=""http://itunes.apple.com/us/app/twitter/id409789998?mt=12"" rel=""nofollow"">Twitter for Mac</a>","@dantebriones Thanks, Dante!"
"104090928230313984","104083456522321920","14258044","","","2011-08-18 07:23:05 +0000","<a href=""http://itunes.apple.com/us/app/twitter/id409789998?mt=12"" rel=""nofollow"">Twitter for Mac</a>","@jensmccabe That's awesome. So much potential in such a simple thing, right? /cc @ddinch @500startups"
"104037112961171458","","","","","2011-08-18 03:49:15 +0000","<a href=""http://flickr.com/services/twitter/"" rel=""nofollow"">Flickr</a>","8:36pm Skee ball tournament at Rabbit Hole for Josh's birthday http://t.co/nXEhPN3","http://flic.kr/p/ae4Wwd"
"103879825504210944","103879211185471491","25993","","","2011-08-17 17:24:15 +0000","<a href=""http://itunes.apple.com/us/app/twitter/id409789998?mt=12"" rel=""nofollow"">Twitter for Mac</a>","@jcroft It's true! Lifehacker seems to be one of the only blogs that actually drives large numbers of interested users. They're amazing."
"103878937016410112","","","","","2011-08-17 17:20:43 +0000","<a href=""http://itunes.apple.com/us/app/twitter/id409789998?mt=12"" rel=""nofollow"">Twitter for Mac</a>","Lifehacker talks about @healthmonth!  http://t.co/nNoMeDX","http://lifehacker.com/5831598/health-month-turns-healthy-habits-into-a-choose+your+own+adventure-game"
"103672282609745920","","","","","2011-08-17 03:39:32 +0000","<a href=""http://flickr.com/services/twitter/"" rel=""nofollow"">Flickr</a>","8:36pm Catching up with Carinna! http://t.co/jk1S51d","http://flic.kr/p/adJRoZ"
"103602487424061440","","","","","2011-08-16 23:02:12 +0000","<a href=""http://www.fitbit.com"" rel=""nofollow"">Fitbit</a>","My avg. daily fitbit #fitstats for last week: 6,280 steps and 4.3 miles traveled. http://t.co/mlWqRJB","http://www.fitbit.com/user/229KX2"
"103498904431104002","103489828473159680","16366882","","","2011-08-16 16:10:36 +0000","<a href=""http://itunes.apple.com/us/app/twitter/id409789998?mt=12"" rel=""nofollow"">Twitter for Mac</a>","@octavekitten I hadn't seen that yet. Can't believe Health Month wasn't mentioned! :)"
"103367314325512192","","","103363365061148672","2719281","2011-08-16 07:27:42 +0000","<a href=""http://twitter.com/download/iphone"" rel=""nofollow"">Twitter for iPhone</a>","RT @mmaunder: John Stewart on the media ignoring Ron Paul. Awesome! http://t.co/L5clZFO","http://gawker.com/5831167/"
"103310813644861440","103310599089434624","9843742","","","2011-08-16 03:43:12 +0000","<a href=""http://twitter.com/download/iphone"" rel=""nofollow"">Twitter for iPhone</a>","@tenebris Me. Busterbenson at gmail."
"103310302568910848","","","","","2011-08-16 03:41:10 +0000","<a href=""http://flickr.com/services/twitter/"" rel=""nofollow"">Flickr</a>","8:36pm Dinner with wife and @cmaberly after a big day http://t.co/LHO1lCo","http://flic.kr/p/adqJu8"
"103307981550125057","","","","","2011-08-16 03:31:56 +0000","<a href=""http://itunes.apple.com/us/app/twitter/id409789998?mt=12"" rel=""nofollow"">Twitter for Mac</a>","I built something like this once (43places.com) but @foursquare actually nailed it. My fave Seattle restaurants: http://t.co/YyrgJIm","https://foursquare.com/busterbenson/list/favorite-seattle-restaurants"
"103300398265278465","","","","","2011-08-16 03:01:48 +0000","<a href=""http://itunes.apple.com/us/app/twitter/id409789998?mt=12"" rel=""nofollow"">Twitter for Mac</a>","Last one, I think. @habitlabs + @healthmonth #gamification angle write-up: http://t.co/NTeoOPL #10pts #thanksforallthefish","http://gamification.co/2011/08/15/buster-benson-and-jen-mccabe-team-up-in-habit-labs/"
"103269064226521088","","","","","2011-08-16 00:57:18 +0000","<a href=""http://itunes.apple.com/us/app/twitter/id409789998?mt=12"" rel=""nofollow"">Twitter for Mac</a>","Amazing interview, @ericries! http://t.co/YjoqySO &lt;-- required viewing for myself and everyone at @habitlabs right now.","http://techcrunch.com/2011/08/14/lean-startup-eric-ries-tctv"
"103240071519543296","","","","","2011-08-15 23:02:05 +0000","<a href=""http://itunes.apple.com/us/app/twitter/id409789998?mt=12"" rel=""nofollow"">Twitter for Mac</a>","One million hi-5s and belly laughs to @RickWebb in your next chapter (or perhaps it's big enough to qualify as an era-change). Visit us!"
"103189932356546561","103189339504246784","14649607","","","2011-08-15 19:42:51 +0000","<a href=""http://itunes.apple.com/us/app/twitter/id409789998?mt=12"" rel=""nofollow"">Twitter for Mac</a>","@giladbu Definitely! Had @fitocracy on page 1 (tweet 1?). http://t.co/WSz8dcE","https://twitter.com/#!/busterbenson/status/103187381951279104"
"103188240957317120","","","","","2011-08-15 19:36:08 +0000","<a href=""http://itunes.apple.com/us/app/twitter/id409789998?mt=12"" rel=""nofollow"">Twitter for Mac</a>","People who like @healthmonth also like (cont): @socialworkout @superbetter @massivehealth @keas @withings @stickk (recommend me some more!)"
"103187381951279104","","","","","2011-08-15 19:32:43 +0000","<a href=""http://itunes.apple.com/us/app/twitter/id409789998?mt=12"" rel=""nofollow"">Twitter for Mac</a>","People who like @healthmonth also like: @fitbit @runkeeper @earndit @fitocracy @limeade @everymove @zeo @dojolabs @meyouhealth @mindbloom"
"103180181887401984","","","103178963022643200","14763501","2011-08-15 19:04:07 +0000","<a href=""http://itunes.apple.com/us/app/twitter/id409789998?mt=12"" rel=""nofollow"">Twitter for Mac</a>","RT @crashdev: Welcoming @habitlabs to the @founderscoop family http://t.co/hrUhVzE cc @jensmccabe @busterbenson @garrytan","http://bit.ly/p5GPEk"
"103173514466566145","","","","","2011-08-15 18:37:37 +0000","<a href=""http://itunes.apple.com/us/app/twitter/id409789998?mt=12"" rel=""nofollow"">Twitter for Mac</a>","Award for best hints about what we're currently working on next, see this @launch post: http://t.co/MiINVVv /thx @kirinkalia","http://launch.is/blog/bringing-quantified-self-to-the-masses-habit-labs-creates-ga.html"
"103161085414219776","","","","","2011-08-15 17:48:14 +0000","<a href=""http://itunes.apple.com/us/app/twitter/id409789998?mt=12"" rel=""nofollow"">Twitter for Mac</a>","If you wanna celebrate with us, RT this and have a free game of @healthmonth on us! http://t.co/NEwplZj (okay, RT not strictly necessary)","http://healthmonth.com/you_are_special/one-on-habitlabs"
"103151537857110016","","","","","2011-08-15 17:10:17 +0000","<a href=""http://itunes.apple.com/us/app/twitter/id409789998?mt=12"" rel=""nofollow"">Twitter for Mac</a>","Why we chose to build @habitlabs in Seattle instead of San Francisco: http://t.co/CkCsjpo /via @GeekWireNews","http://www.geekwire.com/2011/combinatorbacked-contagion-merges-health-month-form-habit-labs-moves-sf-seattle"
"103148446332096513","103147376650354689","47015938","","","2011-08-15 16:58:00 +0000","<a href=""http://itunes.apple.com/us/app/twitter/id409789998?mt=12"" rel=""nofollow"">Twitter for Mac</a>","@usesthis Yes! Either myself of @jensmccabe would be happy to! Who would you prefer?"
"103144712243920896","","","","","2011-08-15 16:43:10 +0000","<a href=""http://itunes.apple.com/us/app/twitter/id409789998?mt=12"" rel=""nofollow"">Twitter for Mac</a>","We're building ""a seemingly-magical, motivational personal health-improvement wizard from the future"" http://t.co/C11FS6M #excited","http://bustr.tumblr.com/post/8955061782/our-new-project-in-development-now-will-become"
"103135935633436672","103129661701234688","10959642","","","2011-08-15 16:08:17 +0000","<a href=""http://twitter.com/download/iphone"" rel=""nofollow"">Twitter for iPhone</a>","@tara Yes, very proud to do my work to pull people up here. And I do think it's a strategic advantage for us!"
"103131050024243201","","","","","2011-08-15 15:48:53 +0000","<a href=""http://itunes.apple.com/us/app/twitter/id409789998?mt=12"" rel=""nofollow"">Twitter for Mac</a>","TechCrunch article about us trying to turn living a healthier life into a game AND a business: http://t.co/LCg5Zwj Please RT?","http://techcrunch.com/2011/08/14/habit-labs-gets-250k-to-turn-leading-a-healthier-life-into-a-game/"
"103126042297896960","","","","","2011-08-15 15:28:59 +0000","<a href=""http://itunes.apple.com/us/app/twitter/id409789998?mt=12"" rel=""nofollow"">Twitter for Mac</a>","Thanks in advance for letting me post a few self-promotional links today. If you feel compelled to celebrate the news with me, please do! :)"
"103123387265728514","","","","","2011-08-15 15:18:26 +0000","<a href=""http://itunes.apple.com/us/app/twitter/id409789998?mt=12"" rel=""nofollow"">Twitter for Mac</a>","Announcing Habit Labs! http://t.co/lovzNrd /cc @jensmccabe @theculprit @ameliagreenhall","http://bustr.tumblr.com/post/8952627537/announcing-habit-labs"
"102957289761275904","","","","","2011-08-15 04:18:25 +0000","<a href=""http://itunes.apple.com/us/app/twitter/id409789998?mt=12"" rel=""nofollow"">Twitter for Mac</a>","Stop Coddling the Super Rich, by Warren Buffett http://t.co/S7s2y8h Oh sanity, it's nice to see you every once in a while.","http://www.nytimes.com/2011/08/15/opinion/stop-coddling-the-super-rich.html"
"102948017329541120","","","","","2011-08-15 03:41:34 +0000","<a href=""http://flickr.com/services/twitter/"" rel=""nofollow"">Flickr</a>","8:36pm Big day! Working on my blog post to go with all the merger announcements. Look for it tomorrow morning on http http://t.co/P1SVP4E","http://flic.kr/p/ad63nH"
"102945444916764672","","","","","2011-08-15 03:31:21 +0000","<a href=""http://itunes.apple.com/us/app/twitter/id409789998?mt=12"" rel=""nofollow"">Twitter for Mac</a>","Seattle peeps: I just realized there's a great way to order food for delivery! Have you seen this? http://t.co/1yG7RhJ","http://seattle.eat24hours.com/"
"102938035791998977","102937736025096192","6579512","","","2011-08-15 03:01:54 +0000","<a href=""http://itunes.apple.com/us/app/twitter/id409789998?mt=12"" rel=""nofollow"">Twitter for Mac</a>","@dshanahan Thank you! And, do you have the url right? It's http://t.co/uADjQcR and should be up.","http://howsmyemail.com"
"102860081611288576","","","","","2011-08-14 21:52:09 +0000","<a href=""http://itunes.apple.com/us/app/twitter/id409789998?mt=12"" rel=""nofollow"">Twitter for Mac</a>","Big Health Month news on TechCrunch! http://t.co/LCg5Zwj","http://techcrunch.com/2011/08/14/habit-labs-gets-250k-to-turn-leading-a-healthier-life-into-a-game/"
"102856069155524610","","","102847694732656642","816653","2011-08-14 21:36:12 +0000","<a href=""http://itunes.apple.com/us/app/twitter/id409789998?mt=12"" rel=""nofollow"">Twitter for Mac</a>","RT @TechCrunch: Habit Labs Gets $250K To Turn Leading A Healthier Life Into A Game http://t.co/XbfspVz by @alexia","http://tcrn.ch/qcJn6S"
"102625024065814528","","","","","2011-08-14 06:18:07 +0000","<a href=""http://itunes.apple.com/us/app/twitter/id409789998?mt=12"" rel=""nofollow"">Twitter for Mac</a>","How do you find the really amazing YouTube videos by teenagers/20-somethings being awesome and creative?"
"102585205205893120","","","","","2011-08-14 03:39:53 +0000","<a href=""http://flickr.com/services/twitter/"" rel=""nofollow"">Flickr</a>","8:36pm Recounting the day with delicious soup accompaniment http://t.co/YnNMHnk","http://flic.kr/p/acJJi8"
"102579715319140352","102564833391677441","128375612","","","2011-08-14 03:18:04 +0000","<a href=""http://twitter.com/download/iphone"" rel=""nofollow"">Twitter for iPhone</a>","@CMaberly That may be the first time those 3 things have ever been included in a list together. Congrats!"
"102514197887332352","","","102513367348023296","124363227","2011-08-13 22:57:44 +0000","<a href=""http://twitter.com/download/iphone"" rel=""nofollow"">Twitter for iPhone</a>","RT @itsninson: @busterbenson Working a 9-to-5, doing #CrossFit, running a 5K, driving, letting a friend go, being honest with my parents ..."
"102514053624246272","102512714206818304","4999","","","2011-08-13 22:57:09 +0000","<a href=""http://twitter.com/download/iphone"" rel=""nofollow"">Twitter for iPhone</a>","@fraying Ha, good answer! Any particular fears that became noticeably less scary after? For personal research purposes."
"102511572089446401","","","","","2011-08-13 22:47:18 +0000","<a href=""http://twitter.com/download/iphone"" rel=""nofollow"">Twitter for iPhone</a>","What have you been afraid of in the past that, when it happened, turned out not to be as scary as you thought it would be?"
"102498696733798401","102498042875363328","761628","","","2011-08-13 21:56:08 +0000","<a href=""http://itunes.apple.com/us/app/twitter/id409789998?mt=12"" rel=""nofollow"">Twitter for Mac</a>","@RickWebb I shoot flies with Windex or some other spray cleaner. Water would work too."
"102358011225444352","102278333471014912","4981271","","","2011-08-13 12:37:06 +0000","<a href=""http://twitter.com/download/iphone"" rel=""nofollow"">Twitter for iPhone</a>","@sourjayne Sounds like a nice life, right? /cc @superamit"
"102222919178006528","","","","","2011-08-13 03:40:17 +0000","<a href=""http://flickr.com/services/twitter/"" rel=""nofollow"">Flickr</a>","8:36pm Eyeing this delicious beer peanut brittle @superamit brought me. Also already in pjs and ready to watch movies http://t.co/t4HPvKc","http://flic.kr/p/acvh15"
"102122684124643329","102122327755587584","20833838","","","2011-08-12 21:01:59 +0000","<a href=""http://itunes.apple.com/us/app/twitter/id409789998?mt=12"" rel=""nofollow"">Twitter for Mac</a>","@carinnatarvin Ooh, is it a 1 or 2 bedroom? Would be cool to be in your building!"
"102074851673653248","","","102039816631361537","21515310","2011-08-12 17:51:55 +0000","<a href=""http://itunes.apple.com/us/app/twitter/id409789998?mt=12"" rel=""nofollow"">Twitter for Mac</a>","RT @DickTalens: #FF - Future of fitness and health is in these products: @earndit @dremoran @runkeeper @fitocracy @brianmwang @healthmon ..."
"101864551716368384","","","","","2011-08-12 03:56:16 +0000","<a href=""http://flickr.com/services/twitter/"" rel=""nofollow"">Flickr</a>","8:36pm Canlis has very nice bathrooms. Thanks @uber_seattle! http://flic.kr/p/accfLX"
"101804874190159873","101802397348798465","16366882","","","2011-08-11 23:59:08 +0000","<a href=""http://itunes.apple.com/us/app/twitter/id409789998?mt=12"" rel=""nofollow"">Twitter for Mac</a>","@octavekitten @kellianne OMG. I'm doing my Niko videos *all wrong*!"
"101798198749835266","101796566695813120","82182592","","","2011-08-11 23:32:36 +0000","<a href=""http://itunes.apple.com/us/app/twitter/id409789998?mt=12"" rel=""nofollow"">Twitter for Mac</a>","@RJPinnell I definitely will. The true test is if I'm still using it a month from now. Time will tell!"
"101793339388592128","101792534786883584","82182592","","","2011-08-11 23:13:18 +0000","<a href=""http://itunes.apple.com/us/app/twitter/id409789998?mt=12"" rel=""nofollow"">Twitter for Mac</a>","@RJPinnell Hi! So far I love it, and it's something I would've liked to have built myself! Well done. I've gotten several friends to use it."
"101789403218845696","101788899352911872","766566","","","2011-08-11 22:57:39 +0000","<a href=""http://itunes.apple.com/us/app/twitter/id409789998?mt=12"" rel=""nofollow"">Twitter for Mac</a>","@emmawelles Haha. I just +K'ed your @klout influence regarding cats."
"101780781810200576","","","","","2011-08-11 22:23:24 +0000","<a href=""http://twitter.com/forecast"" rel=""nofollow"">Foreca.st</a>","Uber pre-launch dinner excitement!  (Going to Canlis at 7:00pm) http://frc.st/puFZ08"
"101779369839706112","","","101777706609426432","820661","2011-08-11 22:17:47 +0000","<a href=""http://itunes.apple.com/us/app/twitter/id409789998?mt=12"" rel=""nofollow"">Twitter for Mac</a>","RT @daveschappell: Meet The Seattle entrepreneur who just raised $43M to change how moms shop for kids http://t.co/PbdPT4q","http://www.geekwire.com/2011/meet-zulilys-darrell-cavens-guy-raised-43m-change-moms-shop-kids"
"101774257968787456","","","","","2011-08-11 21:57:28 +0000","<a href=""http://itunes.apple.com/us/app/twitter/id409789998?mt=12"" rel=""nofollow"">Twitter for Mac</a>","RT @jensmccabe Food, Drink+Tech: @habitlabs and Seattle Startup Crawl, Fri, Aug 26th, starts at 5pm! http://t.co/kM1nUvQ","http://soentrepreneurial.com/2011/08/11/food-drink-and-tech-the-seattle-startup-crawl-is-friday-august-26th-starting-at-5pm/"
"101683834571079680","","","101672751378608128","76637096","2011-08-11 15:58:10 +0000","<a href=""http://twitter.com/download/iphone"" rel=""nofollow"">Twitter for iPhone</a>","RT @jonmsutton: Aibohphobia - the irrational fear of palindromes"
"101411521149665281","","","","","2011-08-10 21:56:05 +0000","<a href=""http://itunes.apple.com/us/app/twitter/id409789998?mt=12"" rel=""nofollow"">Twitter for Mac</a>","I love it too! RT @waxpancake: Loving the new Activity stream, a combined view of favorited tweets: http://t.co/YaLhbwR","https://twitter.com/activity"
"101410859837964289","101409725282914304","235046186","","","2011-08-10 21:53:27 +0000","<a href=""http://itunes.apple.com/us/app/twitter/id409789998?mt=12"" rel=""nofollow"">Twitter for Mac</a>","@LeiliLearning Just downloaded it and will give it a try. Thank you for the rec! RE the virtual meditation circle... how does that work?"
"101410508963463168","","","","","2011-08-10 21:52:04 +0000","<a href=""http://itunes.apple.com/us/app/twitter/id409789998?mt=12"" rel=""nofollow"">Twitter for Mac</a>","Placebos work even when you know they're placebos? Another really interesting post from @nancyhd: http://t.co/SWcg72y","http://themindfulnessblog.blogspot.com/2011/07/placebos-cause-relief-even-when-labeled.html"
"101408364881395712","101406821494956032","235046186","","","2011-08-10 21:43:32 +0000","<a href=""http://itunes.apple.com/us/app/twitter/id409789998?mt=12"" rel=""nofollow"">Twitter for Mac</a>","@LeiliLearning Awesome, what do you love about that one in particular (several others mentioned it too)."
"101406102549303296","","","","","2011-08-10 21:34:33 +0000","<a href=""http://itunes.apple.com/us/app/twitter/id409789998?mt=12"" rel=""nofollow"">Twitter for Mac</a>","Mindfulness Pills! This is so amazing: http://t.co/rJTMJ9k /by @nancyhd /via @ameliagreenhall","http://themindfulnessblog.blogspot.com/2011/07/thanks-you-qs.html"
"101403367754047488","101402384604995584","16337710","","","2011-08-10 21:23:41 +0000","<a href=""http://itunes.apple.com/us/app/twitter/id409789998?mt=12"" rel=""nofollow"">Twitter for Mac</a>","@janstewart I *haven't* seen @meditately before. Looks interesting! Do you use it?"
"101402540968652800","101402402602754049","195863654","","","2011-08-10 21:20:24 +0000","<a href=""http://itunes.apple.com/us/app/twitter/id409789998?mt=12"" rel=""nofollow"">Twitter for Mac</a>","@marihuertas Yes, thank you! I'd love to see it as an example that I can recommend to others."
"101402003254673409","101401620486696960","195863654","","","2011-08-10 21:18:16 +0000","<a href=""http://itunes.apple.com/us/app/twitter/id409789998?mt=12"" rel=""nofollow"">Twitter for Mac</a>","@marihuertas Sounds really nice. Last question! :) Do you keep it as a private record or as a way of sharing your practice?"
"101400150840320000","101397267453452288","195863654","","","2011-08-10 21:10:54 +0000","<a href=""http://itunes.apple.com/us/app/twitter/id409789998?mt=12"" rel=""nofollow"">Twitter for Mac</a>","@marihuertas That sounds interesting! What kind of documentation do you post to your Tumblr?"
"101398834910998528","101398073808404480","128341588","","","2011-08-10 21:05:40 +0000","<a href=""http://itunes.apple.com/us/app/twitter/id409789998?mt=12"" rel=""nofollow"">Twitter for Mac</a>","@detoxalicious Thank's for the tips! Do you have links or titles for these guided meditations? I'll look into it!"
"101395628462063616","101395250328776705","12761252","","","2011-08-10 20:52:56 +0000","<a href=""http://itunes.apple.com/us/app/twitter/id409789998?mt=12"" rel=""nofollow"">Twitter for Mac</a>","@haikugirl I'm more of a ? and !!! kinda guy, I think!?"
"101395453307920384","","","","","2011-08-10 20:52:14 +0000","<a href=""http://itunes.apple.com/us/app/twitter/id409789998?mt=12"" rel=""nofollow"">Twitter for Mac</a>","Have any of you successfully started a new meditation habit with an app, website, or program in the last year or so? What were they?"
"101394890847567872","","","","","2011-08-10 20:50:00 +0000","<a href=""http://itunes.apple.com/us/app/twitter/id409789998?mt=12"" rel=""nofollow"">Twitter for Mac</a>","The ""."" key on my MacBook Pro is broken. Only works when pressing hard. Any tips for solving this?"
"101333323560927233","","","","","2011-08-10 16:45:21 +0000","<a href=""http://itunes.apple.com/us/app/twitter/id409789998?mt=12"" rel=""nofollow"">Twitter for Mac</a>","I just received the pdf of a full 356 page novel that was written by someone primarily on http://t.co/H5yfRqT. That's awesome.","http://750words.com"
"101329526310699008","101294459555291137","12658972","","","2011-08-10 16:30:16 +0000","<a href=""http://itunes.apple.com/us/app/twitter/id409789998?mt=12"" rel=""nofollow"">Twitter for Mac</a>","@tenshiemi It looks great! Nicely done!"
"101324207601885184","101140781116559360","804808","","","2011-08-10 16:09:08 +0000","<a href=""http://itunes.apple.com/us/app/twitter/id409789998?mt=12"" rel=""nofollow"">Twitter for Mac</a>","@daryn He's got a tight schedule but I'm gonna try to bring him to the office to say hi! /cc @superamit"
"101136248705515520","","","","","2011-08-10 03:42:15 +0000","<a href=""http://flickr.com/services/twitter/"" rel=""nofollow"">Flickr</a>","Meeting my hero @superamit! http://flic.kr/p/abFzJ7"
"101067061400309760","","","","","2011-08-09 23:07:19 +0000","<a href=""http://www.fitbit.com"" rel=""nofollow"">Fitbit</a>","My avg. daily fitbit #fitstats for last week: 5,547 steps and 2.7 miles traveled. http://www.fitbit.com/user/229KX2"
"101046671844184065","101025525513981954","12830942","","","2011-08-09 21:46:18 +0000","<a href=""http://itunes.apple.com/us/app/twitter/id409789998?mt=12"" rel=""nofollow"">Twitter for Mac</a>","@DocMara That's why I think it's a strawman. If you only consider the bad parts of gamification in your definition, of course it sucks! :)"
"101020440910233600","","","101013542202904576","14435477","2011-08-09 20:02:04 +0000","<a href=""http://itunes.apple.com/us/app/twitter/id409789998?mt=12"" rel=""nofollow"">Twitter for Mac</a>","RT @dingstweets: Interview w/ Katamary Damacy creator on playground design: http://t.co/Msm2NUa #forthewin","http://killscreendaily.com/articles/everything-game"
"101000124968341505","","","","","2011-08-09 18:41:20 +0000","<a href=""http://itunes.apple.com/us/app/twitter/id409789998?mt=12"" rel=""nofollow"">Twitter for Mac</a>","Though, I do highly recommend reading On Bullshit, by Harry Frankfurt: http://t.co/g0G9y1e","http://www.amazon.com/gp/product/0691122946"
"100999679474548736","","","","","2011-08-09 18:39:34 +0000","<a href=""http://itunes.apple.com/us/app/twitter/id409789998?mt=12"" rel=""nofollow"">Twitter for Mac</a>","I disagree with this: http://t.co/SDFfPo0 

It's a strawman attack on an easy-to-hit simplification. Replace gamification with any buzzword.","http://www.bogost.com/blog/gamification_is_bullshit.shtml"
"100952422775656448","100931324029833216","107132768","","","2011-08-09 15:31:47 +0000","<a href=""http://twitter.com/download/iphone"" rel=""nofollow"">Twitter for iPhone</a>","@peterhussey13 I just figured it out the last couple days! It's awesome, right?"
"100808986521116672","","","100808814579810304","2384071","2011-08-09 06:01:49 +0000","<a href=""http://itunes.apple.com/us/app/twitter/id409789998?mt=12"" rel=""nofollow"">Twitter for Mac</a>","RT @timoreilly: Of course, Amazon is also playing with social. http://bit.ly/oZw9oR"
"100788130596130817","","","","","2011-08-09 04:38:57 +0000","<a href=""http://flickr.com/services/twitter/"" rel=""nofollow"">Flickr</a>","8:36pm Was convincing Niko to sleep. Rather than post darkness, here's us running up and down our building's halls http://flic.kr/p/abkPnc"
"100764084554833920","100763937599000576","16274886","","","2011-08-09 03:03:24 +0000","<a href=""http://itunes.apple.com/us/app/twitter/id409789998?mt=12"" rel=""nofollow"">Twitter for Mac</a>","@courts576 @bencapozzi Thank you! PS. I think it's back now."
"100760861379006464","100760431643205632","14187944","","","2011-08-09 02:50:36 +0000","<a href=""http://twitter.com/download/iphone"" rel=""nofollow"">Twitter for iPhone</a>","@BenCapozzi @courts576 Amazon's servers are down, and half the Internet with it. I'll update with any news."
"100760532994371584","100756010079240192","12761252","","","2011-08-09 02:49:17 +0000","<a href=""http://twitter.com/download/iphone"" rel=""nofollow"">Twitter for iPhone</a>","@haikugirl Maybe you should start by talking directly with one of their representatives? /cc @common_squirrel"
"100743254034759680","","","","","2011-08-09 01:40:38 +0000","<a href=""http://instagr.am"" rel=""nofollow"">Instagram</a>","Secret park behind Harborview #awesomefind http://instagr.am/p/JvMyt/"
"100715754978148352","100698388001079297","10877","","","2011-08-08 23:51:21 +0000","<a href=""http://itunes.apple.com/us/app/twitter/id409789998?mt=12"" rel=""nofollow"">Twitter for Mac</a>","@dkr Such great news! Will definitely make me pick @assistly for a new project with the knowledge that it will be more user-friendly soon!"
"100698335517749248","","","100690889139167233","780991","2011-08-08 22:42:08 +0000","<a href=""http://twitter.com/download/iphone"" rel=""nofollow"">Twitter for iPhone</a>","RT @amyjokim: @dens @ibogost @dingstweets funny, I often use @foursquare as a good example of using badges as ""implicit quests"" for onbo ..."
"100697852094857216","100696691145064448","780991","","","2011-08-08 22:40:13 +0000","<a href=""http://twitter.com/download/iphone"" rel=""nofollow"">Twitter for iPhone</a>","@amyjokim @dens @ibogost @dingstweets I wish I could capture entire tweet threads easily. Very much with y'all on these thoughts. Thanks!"
"100689029971984384","100687627656769537","12613922","","","2011-08-08 22:05:10 +0000","<a href=""http://itunes.apple.com/us/app/twitter/id409789998?mt=12"" rel=""nofollow"">Twitter for Mac</a>","@boptart Awesome. Thank you. What do you like most about that app that other apps/programs didn't have?"
"100669412775952384","","","100667019468357633","18327902","2011-08-08 20:47:13 +0000","<a href=""http://itunes.apple.com/us/app/twitter/id409789998?mt=12"" rel=""nofollow"">Twitter for Mac</a>","RT @alexia: @bryce From the Color funding to the stock market crash, five months. SHORTEST BUBBLE EVAR."
"100665313963675649","100665002989588480","18609085","","","2011-08-08 20:30:55 +0000","<a href=""http://twitter.com/download/iphone"" rel=""nofollow"">Twitter for iPhone</a>","@anewthought Still working on exact details but more software + service, less actual product."
"100664961449197568","","","100664608557248512","13370272","2011-08-08 20:29:31 +0000","<a href=""http://twitter.com/download/iphone"" rel=""nofollow"">Twitter for iPhone</a>","RT @azaaza: If Mario was designed in 2010. http://bit.ly/aQi5Fq"
"100662230005186560","100662063722016768","4132781","","","2011-08-08 20:18:40 +0000","<a href=""http://itunes.apple.com/us/app/twitter/id409789998?mt=12"" rel=""nofollow"">Twitter for Mac</a>","@futileboy Yes, I'd love to get a brain dump from you. Can you email me at buster@habitlabs.com?"
"100661916137037824","100661320910782464","9161482","","","2011-08-08 20:17:25 +0000","<a href=""http://itunes.apple.com/us/app/twitter/id409789998?mt=12"" rel=""nofollow"">Twitter for Mac</a>","@tannerc Oh really? I may take you up on that? give me a bit of time to get organized? what's your email?"
"100661195182321665","100660930261696512","9161482","","","2011-08-08 20:14:33 +0000","<a href=""http://itunes.apple.com/us/app/twitter/id409789998?mt=12"" rel=""nofollow"">Twitter for Mac</a>","@tannerc Which iPhone app did you try using?"
"100661109463326721","100660930261696512","9161482","","","2011-08-08 20:14:13 +0000","<a href=""http://itunes.apple.com/us/app/twitter/id409789998?mt=12"" rel=""nofollow"">Twitter for Mac</a>","@tannerc Noted! If I end up doing this, I'll definitely send you an invite."
"100660739777372162","","","","","2011-08-08 20:12:45 +0000","<a href=""http://itunes.apple.com/us/app/twitter/id409789998?mt=12"" rel=""nofollow"">Twitter for Mac</a>","Quick poll: would you be willing to try a product that helped you start a morning meditation routine in a novel way?"
"100646060644515840","","","","","2011-08-08 19:14:25 +0000","<a href=""http://itunes.apple.com/us/app/twitter/id409789998?mt=12"" rel=""nofollow"">Twitter for Mac</a>","Great summary of how open source can continue to evolve! RT @sarahnovotny Open minds and open source community http://t.co/PC48DnV","http://oreil.ly/rmiais"
"100632097743577088","","","","","2011-08-08 18:18:56 +0000","<a href=""http://itunes.apple.com/us/app/twitter/id409789998?mt=12"" rel=""nofollow"">Twitter for Mac</a>","Steve Yegge (who I was lucky to work with at Amazon briefly) implores us to work on important things: http://t.co/TsSaYUk /thx @sarahnovotny","http://www.youtube.com/watch?v=vKmQW_Nkfk8"
"100626759174729728","100626627293224961","21515310","","","2011-08-08 17:57:43 +0000","<a href=""http://itunes.apple.com/us/app/twitter/id409789998?mt=12"" rel=""nofollow"">Twitter for Mac</a>","@DickTalens Some call it the Singularity. In fact, this site was published by them. :)"
"100625307526103041","","","","","2011-08-08 17:51:57 +0000","<a href=""http://itunes.apple.com/us/app/twitter/id409789998?mt=12"" rel=""nofollow"">Twitter for Mac</a>","""One day, we may design a machine that surpasses human skill at designing artificial intelligences."" http://t.co/NdctKFk","http://intelligenceexplosion.com/"
"100477259365888000","100414152501248000","270587090","","","2011-08-08 08:03:40 +0000","<a href=""http://twitter.com/download/iphone"" rel=""nofollow"">Twitter for iPhone</a>","@companyofclever If that were available on Netflix or iTunes, I totally would've watched that!"
"100439561871704064","","","100437448399659008","8708232","2011-08-08 05:33:52 +0000","<a href=""http://itunes.apple.com/us/app/twitter/id409789998?mt=12"" rel=""nofollow"">Twitter for Mac</a>","RT @brynn: Wow, this is definitely an interesting experiment! RT @kevinweil: I love this. http://t.co/dnsnu2B","http://jonathanstark.com/card/"
"100427032952975361","100383934134755328","272162235","","","2011-08-08 04:44:05 +0000","<a href=""http://twitter.com/download/iphone"" rel=""nofollow"">Twitter for iPhone</a>","@Uber_Seattle Oops sorry about the mistaken name switcheroo there! /cc @potatoesobrien"
"100412541880115200","","","","","2011-08-08 03:46:30 +0000","<a href=""http://flickr.com/services/twitter/"" rel=""nofollow"">Flickr</a>","8:36pm Trying to think of a good romantic comedy to watch while walking down the hall of elephants http://flic.kr/p/ab3fqq"
"100211559929880576","100161482892902400","16470623","","","2011-08-07 14:27:52 +0000","<a href=""http://twitter.com/download/iphone"" rel=""nofollow"">Twitter for iPhone</a>","@potatoesobrien That's terrible! Good thing @uber is launching soon! Do you know about them? /cc @uber_sea"
"100075658213994497","","","","","2011-08-07 05:27:50 +0000","<a href=""http://itunes.apple.com/us/app/twitter/id409789998?mt=12"" rel=""nofollow"">Twitter for Mac</a>","@gwenbell I should re-read it again immediately. I need that stuff *ingrained*. :)"
"100075231506464768","","","","","2011-08-07 05:26:09 +0000","<a href=""http://itunes.apple.com/us/app/twitter/id409789998?mt=12"" rel=""nofollow"">Twitter for Mac</a>","@gwenbell It was SO good. Thank you for the tip. Those 4 steps (observations, feelings, needs, requests) are going to change my life."
"100069140966014976","","","","","2011-08-07 05:01:57 +0000","<a href=""https://kindle.amazon.com"" rel=""nofollow"">Kindle</a>","finished What We Say Matters by Judith Hanson Lasater et al. and gave it 5 stars http://amzn.to/qnMPfu #Kindle"
"100052913107369984","","","","","2011-08-07 03:57:28 +0000","<a href=""http://flickr.com/services/twitter/"" rel=""nofollow"">Flickr</a>","8:36pm Watching this guy poop http://flic.kr/p/aaCUcH"
"99990633002958848","99990417004707840","761628","","","2011-08-06 23:49:59 +0000","<a href=""http://itunes.apple.com/us/app/twitter/id409789998?mt=12"" rel=""nofollow"">Twitter for Mac</a>","@RickWebb Yeah, there should be a way to make all your notes public for all books... can't see how to do that yet though."
"99990220333776896","99989971796099072","761628","","","2011-08-06 23:48:20 +0000","<a href=""http://itunes.apple.com/us/app/twitter/id409789998?mt=12"" rel=""nofollow"">Twitter for Mac</a>","@RickWebb Click on ""Your Books"" in the top nav, I think."
"99989418726785024","99988943499571202","761628","","","2011-08-06 23:45:09 +0000","<a href=""http://itunes.apple.com/us/app/twitter/id409789998?mt=12"" rel=""nofollow"">Twitter for Mac</a>","@RickWebb Yeah, me neither til just now. You need to go in and make your notes public!"
"99982044041449473","99981814151647233","2015","","","2011-08-06 23:15:51 +0000","<a href=""http://itunes.apple.com/us/app/twitter/id409789998?mt=12"" rel=""nofollow"">Twitter for Mac</a>","@joshc I know! Me neither. So cool to be able to find anyone's public notes about a book though, right?"
"99958617448525824","","","","","2011-08-06 21:42:46 +0000","<a href=""http://itunes.apple.com/us/app/twitter/id409789998?mt=12"" rel=""nofollow"">Twitter for Mac</a>","I am so in love with everything about the Kindle. Just realized you can follow people too. Here's me: http://t.co/5Sdy4c0 Where are you?","https://kindle.amazon.com/profile/Buster-Benson/1817837"
"99869075253112833","99840783485644800","722793","","","2011-08-06 15:46:57 +0000","<a href=""http://twitter.com/download/iphone"" rel=""nofollow"">Twitter for iPhone</a>","@jlongtine Would love to. Skype next week?"
"99868603276464128","99817506264461312","14289835","","","2011-08-06 15:45:05 +0000","<a href=""http://twitter.com/download/iphone"" rel=""nofollow"">Twitter for iPhone</a>","@gretchenrubin Yes, thank you @gwenbell! Gretchen, I would love to chat with/meet you one of these days!"
"99776818248294400","99771266659123201","335451187","","","2011-08-06 09:40:21 +0000","<a href=""http://itunes.apple.com/us/app/twitter/id409789998?mt=12"" rel=""nofollow"">Twitter for Mac</a>","@tmiTodd Yes, they have to plea for fruit in order to heal them. You can also give them your life points on their profile page."
"99765132682461184","","","","","2011-08-06 08:53:55 +0000","<a href=""http://itunes.apple.com/us/app/twitter/id409789998?mt=12"" rel=""nofollow"">Twitter for Mac</a>","Realization: I build web apps in order to internalize interesting and important (to me) ideas. I even thought of one for this realization."
"99754069404553216","99695190784217088","4132781","","","2011-08-06 08:09:58 +0000","<a href=""http://itunes.apple.com/us/app/twitter/id409789998?mt=12"" rel=""nofollow"">Twitter for Mac</a>","@futileboy I was thinking the same thing, and noted the similarity between NVC and the studies on praise re: observations vs. judgements."
"99753810360156160","99698183634026497","722793","","","2011-08-06 08:08:56 +0000","<a href=""http://itunes.apple.com/us/app/twitter/id409789998?mt=12"" rel=""nofollow"">Twitter for Mac</a>","@jlongtine Yes, my mind is being blown with the simple and obvious truth of it all. What is your favorite strategy of NVC? /cc @gwenbell"
"99753534890835968","99704849536516096","7482","","","2011-08-06 08:07:50 +0000","<a href=""http://itunes.apple.com/us/app/twitter/id409789998?mt=12"" rel=""nofollow"">Twitter for Mac</a>","@arainert Indeed it was. One of my favorite meals in the city."
"99753423209115648","99742496900382720","17104482","","","2011-08-06 08:07:24 +0000","<a href=""http://itunes.apple.com/us/app/twitter/id409789998?mt=12"" rel=""nofollow"">Twitter for Mac</a>","@csl_ Thank you! How did you find it?"
"99692156037505024","99691787895062528","16366882","","","2011-08-06 04:03:56 +0000","<a href=""http://twitter.com/download/iphone"" rel=""nofollow"">Twitter for iPhone</a>","@octavekitten Yeah. I've learned stuff and feel like I've gotten my money's worth and I'm only 16% of the way through."
"99690545827426305","99690105102548992","16366882","","","2011-08-06 03:57:32 +0000","<a href=""http://twitter.com/download/iphone"" rel=""nofollow"">Twitter for iPhone</a>","@octavekitten It's a book called ""What We Say Matters"". It's a bit buddhisty but good so far! Definitely what I need to read right now."
"99689501722554368","","","","","2011-08-06 03:53:24 +0000","<a href=""http://flickr.com/services/twitter/"" rel=""nofollow"">Flickr</a>","Reading about non-violent communication (thx @gwenbell!) and eating dinner on my solo date http://flic.kr/p/aapoZW"
"99674616842301441","","","","","2011-08-06 02:54:15 +0000","<a href=""http://itunes.apple.com/us/app/twitter/id409789998?mt=12"" rel=""nofollow"">Twitter for Mac</a>","Kellianne and Niko are away for the night celebrating with @OffbeatAriel and Dre on Bainbridge Island. It's weird."
"99598854965575681","","","","","2011-08-05 21:53:12 +0000","<a href=""http://itunes.apple.com/us/app/twitter/id409789998?mt=12"" rel=""nofollow"">Twitter for Mac</a>","@gwenbell I definitely wish I was better at keeping my defense mechanisms down? letting myself absorb the slings and arrows."
"99598362696876032","","","","","2011-08-05 21:51:14 +0000","<a href=""http://itunes.apple.com/us/app/twitter/id409789998?mt=12"" rel=""nofollow"">Twitter for Mac</a>","@gwenbell LOVE this letter on triggers. I've been thinking about it this week in the context of defense mechanisms: http://t.co/XoWXDpb","http://www.flickr.com/photos/erikbenson/6007724718/in/photostream"
"99347974752182272","","","","","2011-08-05 05:16:17 +0000","<a href=""http://itunes.apple.com/us/app/twitter/id409789998?mt=12"" rel=""nofollow"">Twitter for Mac</a>","On my zeitgeist lately: What are my emotional triggers? How do I notice when they've been triggered? http://t.co/vrVCwDX /by @gwenbell","http://www.gwenbell.com/blog/digital-dharma-what-gets-your-goat-when-i-feel-your-finger-o.html"
"99250804548059136","","","99152352304578562","3567281","2011-08-04 22:50:10 +0000","web","RT @ignitesea: New post: Announcing the Ignite Seattle 15 Speaker List http://bit.ly/p1K30Y"
"99218257952784384","","","","","2011-08-04 20:40:50 +0000","<a href=""http://itunes.apple.com/us/app/twitter/id409789998?mt=12"" rel=""nofollow"">Twitter for Mac</a>","Grit: n. to persevere, even in the face of difficulty; pluck. Turns out, difficult to measure! How much do you have? http://t.co/qKSmRMV","http://online.wsj.com/article/SB10001424052748704471904576230931647955902.html?mod=wsj_share_twitter"
"99212277231788032","99184659656740864","286384512","","","2011-08-04 20:17:04 +0000","<a href=""http://itunes.apple.com/us/app/twitter/id409789998?mt=12"" rel=""nofollow"">Twitter for Mac</a>","@budge Thanks, Snail. Was just showing the feature off to a friend. :)"
"99157288748724224","99156423136641025","18178679","","","2011-08-04 16:38:34 +0000","<a href=""http://itunes.apple.com/us/app/twitter/id409789998?mt=12"" rel=""nofollow"">Twitter for Mac</a>","@mandercrosby Ah, didn't realize there was one! Thanks? listening to it on rdio.com now. Perfect morning tunes!"
"99147102155841536","99146910492921856","14435477","","","2011-08-04 15:58:05 +0000","<a href=""http://itunes.apple.com/us/app/twitter/id409789998?mt=12"" rel=""nofollow"">Twitter for Mac</a>","@dingstweets Just thought it would be a fun modern twist on it. :)"
"99145284390625280","","","","","2011-08-04 15:50:52 +0000","<a href=""http://twitter.com/download/iphone"" rel=""nofollow"">Twitter for iPhone</a>","Favorite this tweet if you want to send an electric shock to the person that RT'ed this. Please RT!"
"99125327669895168","99012579334168576","21621047","","","2011-08-04 14:31:34 +0000","<a href=""http://twitter.com/download/iphone"" rel=""nofollow"">Twitter for iPhone</a>","@meetamit True! This way the graph looks crazy. Oops! :)"
"99000267973988352","","","","","2011-08-04 06:14:37 +0000","<a href=""https://kindle.amazon.com"" rel=""nofollow"">Kindle</a>","wow http://amzn.com/k/165AFCMHHXAXH #Kindle"
"98988098368704512","98987784202760192","21513512","","","2011-08-04 05:26:16 +0000","<a href=""http://itunes.apple.com/us/app/twitter/id409789998?mt=12"" rel=""nofollow"">Twitter for Mac</a>","@mikeriddell62 Yes, the attacker has a worse dilemma. But I think most attacks are just proactive defenses."
"98987216658903040","98986977608744960","21513512","","","2011-08-04 05:22:46 +0000","<a href=""http://itunes.apple.com/us/app/twitter/id409789998?mt=12"" rel=""nofollow"">Twitter for Mac</a>","@mikeriddell62 It's confined in the sense that we each choose whether or not we defend ourselves against attack."
"98986467744956416","98986167395024896","21513512","","","2011-08-04 05:19:47 +0000","<a href=""http://itunes.apple.com/us/app/twitter/id409789998?mt=12"" rel=""nofollow"">Twitter for Mac</a>","@mikeriddell62 In the fact that in a state of mutual defense, everyone ends up getting hurt more?"
"98972913046257664","","","","","2011-08-04 04:25:55 +0000","<a href=""http://flickr.com/services/twitter/"" rel=""nofollow"">Flickr</a>","The Defender's Dilemma http://flic.kr/p/a9TafE"
"98966244685922304","","","98966033469157376","13368022","2011-08-04 03:59:26 +0000","<a href=""http://twitter.com/download/iphone"" rel=""nofollow"">Twitter for iPhone</a>","RT @bmatt: @busterbenson that's a good representation. Accepting that many things are outside of our control reduces the effort required :)"
"98965184726581248","","","","","2011-08-04 03:55:13 +0000","<a href=""http://instagr.am"" rel=""nofollow"">Instagram</a>","My current thoughts on the relationship between trying to control your life and the effort required http://instagr.am/p/JSbZf/"
"98960686696243200","","","","","2011-08-04 03:37:20 +0000","<a href=""http://flickr.com/services/twitter/"" rel=""nofollow"">Flickr</a>","8:36pm Mestizo delivers just what I was needing http://flic.kr/p/a9PP3T"
"98895868811411457","98885769258733568","148116960","","","2011-08-03 23:19:47 +0000","<a href=""http://itunes.apple.com/us/app/twitter/id409789998?mt=12"" rel=""nofollow"">Twitter for Mac</a>","@mattsams Hm.. I can't think of an easy way to do that yet. I would have to build up the feature a bit more... which I can do eventually!"
"98884356508090368","98883413750190080","148116960","","","2011-08-03 22:34:02 +0000","<a href=""http://itunes.apple.com/us/app/twitter/id409789998?mt=12"" rel=""nofollow"">Twitter for Mac</a>","@mattsams You can cut and paste them into a Word or Pages document to start. Have you tried that?"
"98831067699613696","98829241700978688","776429","","","2011-08-03 19:02:17 +0000","<a href=""http://itunes.apple.com/us/app/twitter/id409789998?mt=12"" rel=""nofollow"">Twitter for Mac</a>","@spangley Awesome, thank you for supplying the waiting room music. :) I'll start you up soon!"
"98823790628315136","98821714967924736","761628","","","2011-08-03 18:33:22 +0000","<a href=""http://itunes.apple.com/us/app/twitter/id409789998?mt=12"" rel=""nofollow"">Twitter for Mac</a>","@RickWebb Technically, you are, but we now have a new signup form that asks for what you want to change, etc... please to fill it out?"
"98821639134920704","98821500563492865","761628","","","2011-08-03 18:24:49 +0000","<a href=""http://itunes.apple.com/us/app/twitter/id409789998?mt=12"" rel=""nofollow"">Twitter for Mac</a>","@RickWebb If you want to help test @budge and stay on track at the same time, sign up here: http://t.co/dGgAAou","http://bud.ge"
"98820385537130497","98806375072804864","134531474","","","2011-08-03 18:19:50 +0000","<a href=""http://itunes.apple.com/us/app/twitter/id409789998?mt=12"" rel=""nofollow"">Twitter for Mac</a>","@AlexSalinsky That's a valid use... didn't mean to imply that I was only looking for people losing weight. Would reminders/support help?"
"98800119419375616","","","","","2011-08-03 16:59:18 +0000","<a href=""http://itunes.apple.com/us/app/twitter/id409789998?mt=12"" rel=""nofollow"">Twitter for Mac</a>","AWESOME! RT @monstro: Huge thanks to @WendySLea & congrats to the whole @getsatisfaction team on the new funding round! http://t.co/QxgkHbE","http://tcrn.ch/p9FbiI"
"98799928045871104","","","","","2011-08-03 16:58:33 +0000","<a href=""http://itunes.apple.com/us/app/twitter/id409789998?mt=12"" rel=""nofollow"">Twitter for Mac</a>","Is anyone trying 4 Hour Body / Slow Carb and having trouble sticking to it? Need an accountability partner? Let me know!"
"98598948805148672","","","","","2011-08-03 03:39:55 +0000","<a href=""http://flickr.com/services/twitter/"" rel=""nofollow"">Flickr</a>","8:36pm Love a new @github repository http://flic.kr/p/a9zK2m"
"98596561575084032","98586321739710464","2015","","","2011-08-03 03:30:26 +0000","<a href=""http://itunes.apple.com/us/app/twitter/id409789998?mt=12"" rel=""nofollow"">Twitter for Mac</a>","@joshc @carinnatarvin The Skins episode was way better than the Gossip Girl version, at least."
"98587265856569344","98585769068855299","286384512","","","2011-08-03 02:53:30 +0000","<a href=""http://twitter.com/download/iphone"" rel=""nofollow"">Twitter for iPhone</a>","@budge Awesome, can't wait! :)"
"98577264257662976","","","","","2011-08-03 02:13:45 +0000","<a href=""http://instagr.am"" rel=""nofollow"">Instagram</a>","Belly dancers at our table  @ Sun Liquor Distillery http://instagr.am/p/JM4cI/"
"98555336029515776","","","","","2011-08-03 00:46:37 +0000","<a href=""http://itunes.apple.com/us/app/twitter/id409789998?mt=12"" rel=""nofollow"">Twitter for Mac</a>","I did 8 labradoros today, in case you were wondering."
"98530185929957376","","","","","2011-08-02 23:06:41 +0000","<a href=""http://www.fitbit.com"" rel=""nofollow"">Fitbit</a>","My avg. daily fitbit #fitstats for last week: 6,316 steps and 3.2 miles traveled. http://www.fitbit.com/user/229KX2"
"98520738771902464","98055745542684673","15391002","","","2011-08-02 22:29:09 +0000","<a href=""http://itunes.apple.com/us/app/twitter/id409789998?mt=12"" rel=""nofollow"">Twitter for Mac</a>","@askotzko Have you meditated today yet? I have another meditator that's just starting... any tips? Finally, sign up here http://t.co/dGgAAou","http://bud.ge"
"98468322860990465","98468180892205056","17467318","","","2011-08-02 19:00:52 +0000","<a href=""http://itunes.apple.com/us/app/twitter/id409789998?mt=12"" rel=""nofollow"">Twitter for Mac</a>","@drusepth Yes, in fact was just looking into it yesterday!  :)  /cc @rapportive @jensmccabe"
"98460356992704512","","","","","2011-08-02 18:29:13 +0000","<a href=""http://timely.is"" rel=""nofollow"">Timely by Demandforce</a>","Having absolute certainty is a defense mechanism against the fear of being uncertain."
"98448775445610496","98446934783696896","14753638","","","2011-08-02 17:43:11 +0000","<a href=""http://itunes.apple.com/us/app/twitter/id409789998?mt=12"" rel=""nofollow"">Twitter for Mac</a>","@georgewenzel Hmm? strange. It's throwing an error.  I'll inspect and let you know when it's working for you."
"98446594919235584","98446058530676736","14753638","","","2011-08-02 17:34:31 +0000","<a href=""http://itunes.apple.com/us/app/twitter/id409789998?mt=12"" rel=""nofollow"">Twitter for Mac</a>","@georgewenzel Awesome, good luck! Let me know if I can help at all. Or if you have ideas for improvement."
"98445170068037632","98444898482659328","14753638","","","2011-08-02 17:28:52 +0000","<a href=""http://twitter.com/download/iphone"" rel=""nofollow"">Twitter for iPhone</a>","@georgewenzel Strange! I'll check the logs for clues. Thanks for reporting it!"
"98444187376168960","98443373924450304","14753638","","","2011-08-02 17:24:57 +0000","<a href=""http://twitter.com/download/iphone"" rel=""nofollow"">Twitter for iPhone</a>","@georgewenzel One known issue is if you've changed the names of your default Gmail folders for All Mail and Trash. Have you done that?"
"98431763805782016","98431164536197121","7362142","","","2011-08-02 16:35:35 +0000","<a href=""http://twitter.com/download/iphone"" rel=""nofollow"">Twitter for iPhone</a>",".@kellianne Yup, Niko tweets are the new butt dials."
"98430429207605248","","","","","2011-08-02 16:30:17 +0000","<a href=""http://twitter.com/devices"" rel=""nofollow"">txt</a>","Ml"
"98260797934927873","","","","","2011-08-02 05:16:14 +0000","<a href=""http://flickr.com/services/twitter/"" rel=""nofollow"">Flickr</a>","8:36pm Working on @habitlabs stuff http://flic.kr/p/a9hLDq"
"98193338779451394","","","","","2011-08-02 00:48:10 +0000","<a href=""http://twitter.com/download/iphone"" rel=""nofollow"">Twitter for iPhone</a>","@GoalsGamified Good distinction! Does that apply at all to businesses and organizations too?"
"98193067462496257","98181782763094016","14258044","","","2011-08-02 00:47:06 +0000","<a href=""http://twitter.com/download/iphone"" rel=""nofollow"">Twitter for iPhone</a>","@jensmccabe That's easy with @rapportive's plugin API. Might have time for it in next week if you ask nicely. :)"
"98132558335836160","97428168859848704","148116960","","","2011-08-01 20:46:39 +0000","<a href=""http://itunes.apple.com/us/app/twitter/id409789998?mt=12"" rel=""nofollow"">Twitter for Mac</a>","@mattsams Thank you! To help me organize this, can you sign up here and fill it out to the best of your ability? http://t.co/dGgAAou","http://bud.ge"
"98132459035688962","","","","","2011-08-01 20:46:16 +0000","<a href=""http://itunes.apple.com/us/app/twitter/id409789998?mt=12"" rel=""nofollow"">Twitter for Mac</a>","@GoalsGamified Awesome. Check out this link and if it sounds okay, sign up and we'll go from there! http://t.co/dGgAAou","http://bud.ge"
"98132278034706433","97865900715282432","20905374","","","2011-08-01 20:45:32 +0000","<a href=""http://itunes.apple.com/us/app/twitter/id409789998?mt=12"" rel=""nofollow"">Twitter for Mac</a>","@CazMinx Yes, for sure! When you're ready, sign up here and I'll wait til next week to start it up again: http://t.co/dGgAAou","http://bud.ge"
"98132099701276672","98055745542684673","15391002","","","2011-08-01 20:44:50 +0000","<a href=""http://itunes.apple.com/us/app/twitter/id409789998?mt=12"" rel=""nofollow"">Twitter for Mac</a>","@askotzko Thank you! To help me organize this, can you sign up here and fill it out to the best of your ability? http://t.co/dGgAAou","http://bud.ge"
"98120594113052672","","","","","2011-08-01 19:59:07 +0000","<a href=""http://itunes.apple.com/us/app/twitter/id409789998?mt=12"" rel=""nofollow"">Twitter for Mac</a>","""No matter how complicated the problem, you have an absolutely certain belief that you are right."" aka a God Complex http://t.co/xC9WC7i","http://www.ted.com/talks/tim_harford.html"
"98118826734010369","","","","","2011-08-01 19:52:05 +0000","<a href=""http://itunes.apple.com/us/app/twitter/id409789998?mt=12"" rel=""nofollow"">Twitter for Mac</a>","The thing about being watched is that it can be both flattering and threatening, depending on who's doing the watching. http://t.co/kMeXiKb","http://bustr.tumblr.com/post/8350517226/on-being-watched"
"98109384869163008","","","","","2011-08-01 19:14:34 +0000","<a href=""http://itunes.apple.com/us/app/twitter/id409789998?mt=12"" rel=""nofollow"">Twitter for Mac</a>","Check out this great @geekwirenews post listing some of the Intellectual Ventures investors: http://t.co/4OmhBKl The scary plot thickens.","http://www.geekwire.com/2011/intellectual-ventures-responds-american-life-expos-we-fundamentally-disagree"
"98108999962071040","98105128346853376","14326765","","","2011-08-01 19:13:03 +0000","<a href=""http://itunes.apple.com/us/app/twitter/id409789998?mt=12"" rel=""nofollow"">Twitter for Mac</a>","@johnhcook Wow. Scary that Amazon, Microsoft, Apple, etc are all investors. Is the next wave of big companies to rise up in trouble?"
"98087137106341888","","","","","2011-08-01 17:46:10 +0000","<a href=""http://itunes.apple.com/us/app/twitter/id409789998?mt=12"" rel=""nofollow"">Twitter for Mac</a>","This American Life: When Patents Attack! Scary new developments in patent arms race & GREAT episode. http://t.co/GLuXHco Well done, @sacca!","http://www.thisamericanlife.org/radio-archives/episode/441/when-patents-attack"
"98073186117226496","98071643196366848","7362142","","","2011-08-01 16:50:44 +0000","<a href=""http://itunes.apple.com/us/app/twitter/id409789998?mt=12"" rel=""nofollow"">Twitter for Mac</a>","@samantham It was new to me too!  Especially loved @kellianne's traditional closer: ""Oh that poor man named Ted."""
"98065128821489664","","","","","2011-08-01 16:18:43 +0000","<a href=""http://itunes.apple.com/us/app/twitter/id409789998?mt=12"" rel=""nofollow"">Twitter for Mac</a>","1st day of the month! Last chance to start off August with a couple healthy rules! http://t.co/v9n6jJi","http://healthmonth.com"
