"tweet_id","in_reply_to_status_id","in_reply_to_user_id","retweeted_status_id","retweeted_status_user_id","timestamp","source","text","expanded_urls"
"32275515280728064","32273325333938177","9270952","","","2011-02-01 03:14:17 +0000","<a href=""http://itunes.apple.com/us/app/twitter/id409789998?mt=12"" rel=""nofollow"">Twitter for Mac</a>","@Mari18 @arainert @foursquare Super stoked to have you using healthmonth.com this month! Let me know how I can help make it work for you."
"32207029070204929","","","32207005464666114","154236895","2011-01-31 22:42:08 +0000","<a href=""http://itunes.apple.com/us/app/twitter/id409789998?mt=12"" rel=""nofollow"">Twitter for Mac</a>","RT @healthmonth: A new strangely compelling game of #HealthMonth starts tomorrow, Feb 1st! Choose your rules here: http://t.co/tX0bgfp ( ...","http://healthmonth.com"
"32145205113131008","","","32134907719323648","1059951","2011-01-31 18:36:28 +0000","<a href=""http://twitter.com/download/iphone"" rel=""nofollow"">Twitter for iPhone</a>","RT @MichelleBee: Sure, test what's testable. But real victories come when you have the guts to launch the untestable http://bit.ly/i0czz ..."
"31969596995018753","","","31958942040989696","7362142","2011-01-31 06:58:40 +0000","<a href=""http://twitter.com/download/iphone"" rel=""nofollow"">Twitter for iPhone</a>","RT @kellianne: Sneak peek of the new digs... http://flic.kr/p/9ewsjq"
"31968631961161728","31957026984697857","722793","","","2011-01-31 06:54:50 +0000","<a href=""http://twitter.com/download/iphone"" rel=""nofollow"">Twitter for iPhone</a>","@jlongtine Yes, lots of new developments. We need to catch up. Schedule a call for this week sometime?"
"31934646199521280","","","","","2011-01-31 04:39:47 +0000","<a href=""http://flickr.com/services/twitter/"" rel=""nofollow"">Flickr</a>","8:36pm Watching Damages and eating take out on the floor http://flic.kr/p/9esigz"
"31896004227768320","31879213204119553","35402650","","","2011-01-31 02:06:14 +0000","<a href=""http://itunes.apple.com/us/app/twitter/id409789998?mt=12"" rel=""nofollow"">Twitter for Mac</a>","@jeffybrite I saw that! I'll let the people who don't know how awesome they are take that discount. I enjoy paying them. /cc @bedlamcoffee"
"31859260883206144","","","30404647864766464","681813","2011-01-30 23:40:14 +0000","<a href=""http://twitter.com/download/iphone"" rel=""nofollow"">Twitter for iPhone</a>","RT @avantgame: It boils down to: What's the positive impact of your work on other people's lives? I think EVERY industry (not just games ..."
"31808491622506496","31808237665779712","8710082","","","2011-01-30 20:18:30 +0000","<a href=""http://itunes.apple.com/us/app/twitter/id409789998?mt=12"" rel=""nofollow"">Twitter for Mac</a>","@matthickey What about it? There's another unit going for rent soon. Do you know anything else about it?"
"31807538936676354","31807275299512320","8710082","","","2011-01-30 20:14:42 +0000","<a href=""http://itunes.apple.com/us/app/twitter/id409789998?mt=12"" rel=""nofollow"">Twitter for Mac</a>","@matthickey 423 Terry (on Jefferson).  In the Broadmore."
"31801707205754880","","","","","2011-01-30 19:51:32 +0000","<a href=""http://itunes.apple.com/us/app/twitter/id409789998?mt=12"" rel=""nofollow"">Twitter for Mac</a>","Life is too boring, so we decided to move  to a sweet new apartment in First Hill and try to sell this house. Anyone want our studio loft?"
"31776529977446400","31757643282386945","19561949","","","2011-01-30 18:11:29 +0000","<a href=""http://itunes.apple.com/us/app/twitter/id409789998?mt=12"" rel=""nofollow"">Twitter for Mac</a>","@tomhump23 Send me a link and I'll look into it!"
"31574753865105409","31574365040549889","776429","","","2011-01-30 04:49:42 +0000","<a href=""http://itunes.apple.com/us/app/twitter/id409789998?mt=12"" rel=""nofollow"">Twitter for Mac</a>","@spangley Ooh, maybe I do. I seriously spend ~2hrs a day doing CS. /cc @cosupport @sh"
"31573215104995328","","","","","2011-01-30 04:43:35 +0000","<a href=""http://flickr.com/services/twitter/"" rel=""nofollow"">Flickr</a>","8:36pm Working through 100+ @healthmonth customer service queue from Starbucks since @bedlamcoffee's wifi is down http://flic.kr/p/9e9pni"
"31492004361805824","31489528166354944","19561949","","","2011-01-29 23:20:53 +0000","<a href=""http://twitter.com/download/iphone"" rel=""nofollow"">Twitter for iPhone</a>","@tomhump23 Working on it today. More info very soon!"
"31443616303947776","31442286789263360","705953","","","2011-01-29 20:08:36 +0000","<a href=""http://itunes.apple.com/us/app/twitter/id409789998?mt=12"" rel=""nofollow"">Twitter for Mac</a>","@chris24 Good catch. I think it's fixed now."
"31422191182553088","","","","","2011-01-29 18:43:28 +0000","<a href=""http://itunes.apple.com/us/app/twitter/id409789998?mt=12"" rel=""nofollow"">Twitter for Mac</a>","My BIG feature request for @Zeo: allow tracking of awake states too. So much to learn about daytime brainwaves as they relate to happiness."
"31237946313023488","31229038613766145","35141809","","","2011-01-29 06:31:21 +0000","<a href=""http://twitter.com/download/iphone"" rel=""nofollow"">Twitter for iPhone</a>","@JimmyJameson We like it so far! I think your rec was probably better than mine. :)"
"31224915554213888","","","31220795464228864","37570179","2011-01-29 05:39:34 +0000","<a href=""http://twitter.com/download/iphone"" rel=""nofollow"">Twitter for iPhone</a>","RT @arrington: This is so amazingly disruptive to angel investing. http://tcrn.ch/gJ6Twa"
"31214629510193152","31214334805811200","7565162","","","2011-01-29 04:58:42 +0000","<a href=""http://twitter.com/download/iphone"" rel=""nofollow"">Twitter for iPhone</a>","@michaelmcdaniel Bottom of the report page there should be a link to edit the most recent day."
"31209909987053568","","","","","2011-01-29 04:39:57 +0000","<a href=""http://flickr.com/services/twitter/"" rel=""nofollow"">Flickr</a>","8:36pm Watching Damages and eating chili http://flic.kr/p/9dX5nj"
"31125687884582914","31119662557175808","7565162","","","2011-01-28 23:05:16 +0000","<a href=""http://twitter.com/download/iphone"" rel=""nofollow"">Twitter for iPhone</a>","@michaelmcdaniel Mostly just interested in tracking my sleep deprivation so the articles are more relevant to my circumstances. /cc @Zeo"
"31112809819406336","","","","","2011-01-28 22:14:06 +0000","<a href=""http://twitter.com/download/iphone"" rel=""nofollow"">Twitter for iPhone</a>","Got a @Zeo sleep tracker yesterday. My first score: 35. Beat that, sleepers!"
"30874103552417792","","","","","2011-01-28 06:25:34 +0000","<a href=""http://flickr.com/services/twitter/"" rel=""nofollow"">Flickr</a>","8:36pm On plane heading home. Wish I could be zapped there. Great visit to SF and I got a Zeo! http://flic.kr/p/9dGkzK"
"30833410456944641","","","","","2011-01-28 03:43:52 +0000","<a href=""http://flickr.com/services/twitter/"" rel=""nofollow"">Flickr</a>","Highlighting pretty much every other sentence in @avantgame's new book http://flic.kr/p/9dHZxb"
"30487010397396993","","","","","2011-01-27 04:47:24 +0000","<a href=""http://flickr.com/services/twitter/"" rel=""nofollow"">Flickr</a>","8:36pm Preparing for a birthday dinner in SF. http://flic.kr/p/9duRbj"
"30387021495148545","","","","","2011-01-26 22:10:05 +0000","<a href=""http://foursquare.com"" rel=""nofollow"">foursquare</a>","Here in SF for a day! Hi! (@ San Francisco International Airport (SFO) ? w/ 51 others) http://4sq.com/eifhU5"
"30292383270707201","","","29092252462616576","11222","2011-01-26 15:54:01 +0000","<a href=""http://twitter.com/download/iphone"" rel=""nofollow"">Twitter for iPhone</a>","RT @k: ""In my mind, that really encourages the sense of exploration?"", A Nintendo Argument Against Achievements: http://ke.vc/gM24Zg"
"30291036496465920","","","","","2011-01-26 15:48:40 +0000","<a href=""http://twitter.com/download/iphone"" rel=""nofollow"">Twitter for iPhone</a>","Detailed explanation of how @tferriss went from zero to media star. Super interesting, would love to hear more: http://j.mp/hFylnw"
"30151014099193856","","","","","2011-01-26 06:32:16 +0000","<a href=""http://twitter.com/download/iphone"" rel=""nofollow"">Twitter for iPhone</a>","I love long predictions. Wish we followed up on them more. RT @johnbattelle: Remember Googlezon? http://bit.ly/dTIxA6"
"30142405105684480","30128170485153792","769920","","","2011-01-26 05:58:04 +0000","<a href=""http://twitter.com/download/iphone"" rel=""nofollow"">Twitter for iPhone</a>","@livlab Oh yes, I've been following the planning for this from the start! Sadly, can't make the first one though."
"30126878094270464","","","","","2011-01-26 04:56:22 +0000","<a href=""http://flickr.com/services/twitter/"" rel=""nofollow"">Flickr</a>","8:36pm Eating hard boiled eggs and playing 100 Pushups while Niko sets a new crying PR http://flic.kr/p/9dcPPa"
"30083125769932800","","","","","2011-01-26 02:02:30 +0000","<a href=""http://itunes.apple.com/us/app/twitter/id409789998?mt=12"" rel=""nofollow"">Twitter for Mac</a>","@gwenbell I LOVED that book. Hadn't thought about it in a while... time for a re-read!  Thanks :)"
"29951726299652096","","","29947176708743168","14258044","2011-01-25 17:20:22 +0000","<a href=""http://itunes.apple.com/us/app/twitter/id409789998?mt=12"" rel=""nofollow"">Twitter for Mac</a>","RT @jensmccabe: ""I'd invest in consumer-obsessed companies that are doing something for consumers to eat better, be more active..."" http ..."
"29759608121720832","","","","","2011-01-25 04:36:58 +0000","<a href=""http://flickr.com/services/twitter/"" rel=""nofollow"">Flickr</a>","8:36pm Jimmy, Michelle, and Tristan made us dinner! http://flic.kr/p/9d1r2s"
"29679227225772032","29589874340265984","5362","","","2011-01-24 23:17:33 +0000","<a href=""http://itunes.apple.com/us/app/twitter/id409789998?mt=12"" rel=""nofollow"">Twitter for Mac</a>","@britt Not yet, but an API is on our near-term roadmap. We definitely want to give all of this data back to the player."
"29588624806772737","","","","","2011-01-24 17:17:32 +0000","<a href=""http://itunes.apple.com/us/app/twitter/id409789998?mt=12"" rel=""nofollow"">Twitter for Mac</a>","We're looking for a lead on a good 3 BR house/apt in Seattle, help us find leads! http://t.co/MuJAcEp","http://bustr.tumblr.com/post/2910057917/our-house-wish-needs-your-help"
"29573582434603008","","","","","2011-01-24 16:17:46 +0000","<a href=""http://twitter.com/download/iphone"" rel=""nofollow"">Twitter for iPhone</a>","Love that Pike Place was a top 3 food checkin! RT @foursquare: Digging into last year's 381M check-ins [infographic!] http://t.co/jOjFVCz","http://bit.ly/dQIwWk"
"29410092038234112","","","","","2011-01-24 05:28:07 +0000","<a href=""http://twitter.com/download/iphone"" rel=""nofollow"">Twitter for iPhone</a>","""We knowingly go to Facebook or Google now much as we go to the mall or the public square - to see and be seen"" http://j.mp/hh8D6s"
"29406425939705856","","","","","2011-01-24 05:13:32 +0000","<a href=""http://flickr.com/services/twitter/"" rel=""nofollow"">Flickr</a>","8:36pm Great day visit to Vashon to hear reading from Growing A Farmer. Back to cold, foodless house http://flic.kr/p/9cFERD"
"29310583446700032","","","","","2011-01-23 22:52:42 +0000","<a href=""http://itunes.apple.com/us/app/twitter/id409789998?mt=12"" rel=""nofollow"">Twitter for Mac</a>","Shoot, I somehow smashed my @fitbit. Anyone have one they're not using that they want to sell?"
"29279425728086016","29226367048486913","1186","","","2011-01-23 20:48:53 +0000","<a href=""http://itunes.apple.com/us/app/twitter/id409789998?mt=12"" rel=""nofollow"">Twitter for Mac</a>","@chrismessina Ooh, I hadn't seen that. Next to my Alma Mater no less... even more interesting that they didn't realize the connection."
"29060196424749057","","","","","2011-01-23 06:17:45 +0000","<a href=""http://flickr.com/services/twitter/"" rel=""nofollow"">Flickr</a>","8:36pm Post Jimmy, Michelle, and Tristan reunion fun, looking at apartments on Craigslist again http://flic.kr/p/9cr1M1"
"28996808122306560","28986073023520768","8710082","","","2011-01-23 02:05:52 +0000","<a href=""http://twitter.com/download/iphone"" rel=""nofollow"">Twitter for iPhone</a>","@matthickey Yes I like them, you should definitely consider it! I'd be happy to give more detail over email."
"28985581929242624","28980668151111680","8710082","","","2011-01-23 01:21:15 +0000","<a href=""http://twitter.com/download/iphone"" rel=""nofollow"">Twitter for iPhone</a>","@matthickey Yes I do!"
"28691727938232320","","","","","2011-01-22 05:53:35 +0000","<a href=""http://flickr.com/services/twitter/"" rel=""nofollow"">Flickr</a>","8:36pm My brain is fried. What does this say? This weekend, and Jimmy James in town, is just what I need! http://flic.kr/p/9cbcHQ"
"28583679701811200","28582706098995200","14373435","","","2011-01-21 22:44:14 +0000","<a href=""http://twitter.com/download/iphone"" rel=""nofollow"">Twitter for iPhone</a>","@SimpleGeo I'd love to learn more. I'm just about to add location to profiles on healthmonth.com."
"28575613740646400","28575284013830144","14095370","","","2011-01-21 22:12:11 +0000","<a href=""http://twitter.com/download/iphone"" rel=""nofollow"">Twitter for iPhone</a>","@OffbeatAriel I noticed that too! You have mad naked baby photo skillz!"
"28574718353215488","28570480738836480","14095370","","","2011-01-21 22:08:38 +0000","<a href=""http://twitter.com/download/iphone"" rel=""nofollow"">Twitter for iPhone</a>","@OffbeatAriel @kellianne OMG that bath time photo just killed me with its cuteness!"
"28523607533555712","28497998954631168","85396641","","","2011-01-21 18:45:32 +0000","<a href=""http://twitter.com/download/iphone"" rel=""nofollow"">Twitter for iPhone</a>","@formaliving Yay! When do you get in? Any plans in place yet? See you soon!"
"28484706630639617","","","","","2011-01-21 16:10:57 +0000","<a href=""http://www.intent.com/"" rel=""nofollow"">Intent - Dream It, Share It, Achieve It</a>","Catch up on email, quality time with Niko, look at a potential house in Columbia City ? Support me http://tinyurl.com/4jxxsuv"
"28476407692660736","28470574816698370","780991","","","2011-01-21 15:37:59 +0000","<a href=""http://twitter.com/download/iphone"" rel=""nofollow"">Twitter for iPhone</a>","@amyjokim Good luck today! I'm still using ideas that I got from your workshop."
"28371153831591936","28370457451302912","780991","","","2011-01-21 08:39:44 +0000","<a href=""http://twitter.com/download/iphone"" rel=""nofollow"">Twitter for iPhone</a>","@amyjokim It's going sorta bad. But an end is in site maybe. Wanna Skype next week? I just saw your message today and wld love to catch up."
"28368777896787968","","","28366759396376577","780991","2011-01-21 08:30:18 +0000","<a href=""http://twitter.com/download/iphone"" rel=""nofollow"">Twitter for iPhone</a>","RT @amyjokim: @busterbenson it was a fun day -- I heard @healthmonth mentioned several times as a great example of gamification!"
"28368729003786240","28366759396376577","780991","","","2011-01-21 08:30:06 +0000","<a href=""http://twitter.com/download/iphone"" rel=""nofollow"">Twitter for iPhone</a>","@amyjokim That just made my whole week! Thanks for sharing. :)"
"28367502190845952","","","28272309483601922","15937205","2011-01-21 08:25:14 +0000","<a href=""http://twitter.com/download/iphone"" rel=""nofollow"">Twitter for iPhone</a>","RT @erickennedy: How to inspire top engineers to choose your startup over Amazon, Google or Facebook http://goo.gl/fb/NsrU1 via @jheitzeb"
"28364690371383296","","","","","2011-01-21 08:14:03 +0000","<a href=""http://twitter.com/download/iphone"" rel=""nofollow"">Twitter for iPhone</a>","I just got to meet a lot of cool people that I've admired for a while. Great new ideas as well. Thx to @Kellianne for holding down the fort."
"28361301294063616","28315482868158464","780991","","","2011-01-21 08:00:35 +0000","<a href=""http://twitter.com/download/iphone"" rel=""nofollow"">Twitter for iPhone</a>","@amyjokim Oh just sad that I missed #gsummit and playing games with myself. Wish I could be there!"
"28311738331963392","","","","","2011-01-21 04:43:39 +0000","<a href=""http://flickr.com/services/twitter/"" rel=""nofollow"">Flickr</a>","8:36pm The next puzzle piece in the scavenger hunt http://flic.kr/p/9bWLLh"
"28219977861435392","","","","","2011-01-20 22:39:01 +0000","<a href=""http://twitter.com"" rel=""nofollow"">Tweetie for Mac</a>","Congrats, Jane. Very exciting! RT @avantgame: O hai whatz this? I have a new company! http://socialchocolate.com"
"27991166548971520","27989432581754880","947851","","","2011-01-20 07:29:48 +0000","<a href=""http://twitter.com/download/iphone"" rel=""nofollow"">Twitter for iPhone</a>","@dreeves But in a given moment, certain things are important... Right? And what % do you notice?"
"27978647159705600","","","","","2011-01-20 06:40:03 +0000","<a href=""http://twitter.com/download/iphone"" rel=""nofollow"">Twitter for iPhone</a>","Of all the potentially ""important"" things to notice, that you come across, what percent do you actually notice?"
"27976701149450240","","","","","2011-01-20 06:32:19 +0000","<a href=""http://twitter.com/download/iphone"" rel=""nofollow"">Twitter for iPhone</a>","To pitch something you need a big problem and either a) the answer or b) the deeply-ingrained need to find the answer. There is no c."
"27948781584523264","","","","","2011-01-20 04:41:23 +0000","<a href=""http://flickr.com/services/twitter/"" rel=""nofollow"">Flickr</a>","8:36pm This is the next clue in your scavenger hunt http://flic.kr/p/9bH8b7"
"27931119336816640","27930594579062784","764757","","","2011-01-20 03:31:12 +0000","<a href=""http://twitter.com/download/iphone"" rel=""nofollow"">Twitter for iPhone</a>","@mihow Or, you get 3 more eternities. :) Elevator roulette!"
"27930245231284224","","","","","2011-01-20 03:27:44 +0000","<a href=""http://twitter.com/download/iphone"" rel=""nofollow"">Twitter for iPhone</a>","What is it about an accidental button press on the elevator that conjures eternity to mind?"
"27891952569556992","27889713876574208","14435477","","","2011-01-20 00:55:34 +0000","<a href=""http://itunes.apple.com/us/app/twitter/id409789998?mt=12"" rel=""nofollow"">Twitter for Mac</a>","@dingstweets Ooh, thank you. You are too kind."
"27879491653083136","27879141168652288","14435477","","","2011-01-20 00:06:03 +0000","<a href=""http://itunes.apple.com/us/app/twitter/id409789998?mt=12"" rel=""nofollow"">Twitter for Mac</a>","@dingstweets Totally jealous. Have fun and good luck!"
"27869803830050816","27864662062137344","12661782","","","2011-01-19 23:27:33 +0000","<a href=""http://itunes.apple.com/us/app/twitter/id409789998?mt=12"" rel=""nofollow"">Twitter for Mac</a>","@rondiver Nothing. That was a damn auto-tweet that I didn't approve.  :("
"27612604679589889","27612250504167424","12658052","","","2011-01-19 06:25:32 +0000","<a href=""http://itunes.apple.com/us/app/twitter/id409789998?mt=12"" rel=""nofollow"">Twitter for Mac</a>","@mayavenkatraman Ah, I see! I'll fix that right up. Sorry about that, and thanks for reporting."
"27609343230742528","27608706027888640","12658052","","","2011-01-19 06:12:35 +0000","<a href=""http://itunes.apple.com/us/app/twitter/id409789998?mt=12"" rel=""nofollow"">Twitter for Mac</a>","@mayavenkatraman On which site? And how does it seem broken?"
"27603556043325440","27603372831940608","5814","","","2011-01-19 05:49:35 +0000","<a href=""http://itunes.apple.com/us/app/twitter/id409789998?mt=12"" rel=""nofollow"">Twitter for Mac</a>","@tempo How will you be able to resist the temptation to make it a regular thing? :)"
"27601029172301825","","","","","2011-01-19 05:39:32 +0000","<a href=""http://itunes.apple.com/us/app/twitter/id409789998?mt=12"" rel=""nofollow"">Twitter for Mac</a>","Props to @sourjayne for the idea. RT @RickWebb: Love the new ""With Reckless Abandon"" feature on @healthmonth"
"27596587425333248","27594271674605568","21008090","","","2011-01-19 05:21:53 +0000","<a href=""http://itunes.apple.com/us/app/twitter/id409789998?mt=12"" rel=""nofollow"">Twitter for Mac</a>","@bethanystephens Yeah, if you understand what went wrong, please email me at buster@healthmonth.com and I'll try to fix it."
"27591710338981888","27591217734746112","761628","","","2011-01-19 05:02:31 +0000","<a href=""http://twitter.com/download/iphone"" rel=""nofollow"">Twitter for iPhone</a>","@RickWebb I don't think that's one of @Path's approved emotions."
"27586217902084096","","","","","2011-01-19 04:40:41 +0000","<a href=""http://flickr.com/services/twitter/"" rel=""nofollow"">Flickr</a>","8:36pm @RickWebb's face is a perfect platform for testing @Path's new emotional reaction feature http://flic.kr/p/9bsRZU"
"27559548235554816","","","27559128423473152","5901702","2011-01-19 02:54:42 +0000","<a href=""http://itunes.apple.com/us/app/twitter/id409789998?mt=12"" rel=""nofollow"">Twitter for Mac</a>","RT @mikekarnj: From @the99percent, here's a great list of the best articles from 2010 on making your ideas happen http://t.co/AiPDxx3 #m ...","http://the99percent.com/articles/6970/Best-of-2010-Our-Most-Popular-Tips-Interviews-Think-Pieces"
"27528111914483712","27527688935702528","2854761","","","2011-01-19 00:49:47 +0000","<a href=""http://itunes.apple.com/us/app/twitter/id409789998?mt=12"" rel=""nofollow"">Twitter for Mac</a>","@galenward @rondiver Who are you guys and why are you talking on my Twitter?"
"27429167142273024","27425591103852544","5362","","","2011-01-18 18:16:37 +0000","<a href=""http://itunes.apple.com/us/app/twitter/id409789998?mt=12"" rel=""nofollow"">Twitter for Mac</a>","@britt No Cry introduced some helpful tricks we use, but he still wasn't sleeping &gt; 1hr avg. Ferber has him sleeping 5hrs in 4 days."
"27422716525019136","","","","","2011-01-18 17:50:59 +0000","<a href=""http://twitter.com/download/iphone"" rel=""nofollow"">Twitter for iPhone</a>","A very kind review. Thanks! RT @michaeldpollock: How 750Words.com Reinvigorated My Morning Pages Writing Practice http://bit.ly/hOUsHL"
"27417685398654976","27416809388900353","12661782","","","2011-01-18 17:31:00 +0000","<a href=""http://twitter.com/download/iphone"" rel=""nofollow"">Twitter for iPhone</a>","@rondiver Exactly! 3 words &lt; 1 hour of candid video tape. Cube Duel spy camera roulette."
"27416914540109825","27416591276711936","12661782","","","2011-01-18 17:27:56 +0000","<a href=""http://twitter.com/download/iphone"" rel=""nofollow"">Twitter for iPhone</a>","@rondiver Haha. Um, no, I mean you in the ""all of us"" sense."
"27416401371201536","27407851651604480","12661782","","","2011-01-18 17:25:54 +0000","<a href=""http://twitter.com/download/iphone"" rel=""nofollow"">Twitter for iPhone</a>","@rondiver I wish there was a service that would covertly spy on you and objectively report back on how you ""seem"" to others. Great/terrible?"
"27412746345652224","27372931805876224","18739876","","","2011-01-18 17:11:22 +0000","<a href=""http://twitter.com/download/iphone"" rel=""nofollow"">Twitter for iPhone</a>","@kokogiak That's awesome, Alan! Congrats!"
"27398779011334145","","","27398144882900994","7482","2011-01-18 16:15:52 +0000","<a href=""http://twitter.com/download/iphone"" rel=""nofollow"">Twitter for iPhone</a>","RT @arainert: ""We have a strategic plan. It's called doing things."" One of my favorite quotes ever: http://tumblr.com/xoc1aibb3c (ht: @f ..."
"27237440552964096","27230598485508096","21008090","","","2011-01-18 05:34:46 +0000","<a href=""http://twitter.com/download/iphone"" rel=""nofollow"">Twitter for iPhone</a>","@bethanystephens Send me a link and screenshot... I'll investigate soon."
"27237173300301824","27236563142311936","15642728","","","2011-01-18 05:33:42 +0000","<a href=""http://twitter.com/download/iphone"" rel=""nofollow"">Twitter for iPhone</a>","@mcgarty We have that one too. We have them all. They're all pretty much crap as far as I can tell."
"27228782158942208","27226073498394624","21008090","","","2011-01-18 05:00:22 +0000","<a href=""http://twitter.com/download/iphone"" rel=""nofollow"">Twitter for iPhone</a>","@bethanystephens Your book looks MUCH more exciting. And yes, you should pick back up... we'll heal you!"
"27228024172707841","27226793173852160","5362","","","2011-01-18 04:57:21 +0000","<a href=""http://twitter.com/download/iphone"" rel=""nofollow"">Twitter for iPhone</a>","@britt We read that one first!"
"27225667095502849","","","","","2011-01-18 04:47:59 +0000","<a href=""http://twitter.com/download/iphone"" rel=""nofollow"">Twitter for iPhone</a>","@gwenbell Kellianne loves it so far!"
"27223855726596097","","","","","2011-01-18 04:40:47 +0000","<a href=""http://flickr.com/services/twitter/"" rel=""nofollow"">Flickr</a>","8:36pm I bet your books aren't as exciting as our books http://flic.kr/p/9b9oWe"
"27195954645962752","","","27190070628847616","780991","2011-01-18 02:49:55 +0000","<a href=""http://twitter.com/download/iphone"" rel=""nofollow"">Twitter for iPhone</a>","RT @amyjokim: What are key emerging best practices in #gamification? http://b.qr.ae/fto17q #quora"
"27167132743630848","27166556945387522","8466962","","","2011-01-18 00:55:23 +0000","<a href=""http://itunes.apple.com/us/app/twitter/id409789998?mt=12"" rel=""nofollow"">Twitter for Mac</a>","@tdavidson @fitbit @chrismessina Ah, yes. I know that guilt.  Health Month integration will try to address that for sure."
"27162029781422080","27161077494063105","8466962","","","2011-01-18 00:35:07 +0000","<a href=""http://itunes.apple.com/us/app/twitter/id409789998?mt=12"" rel=""nofollow"">Twitter for Mac</a>","@tdavidson @chrismessina @fitbit @brianoberkirch Would love to hear your thoughts on the unused potential. I'm excited to work with it."
"27146102914420737","27145952674455553","1186","","","2011-01-17 23:31:49 +0000","<a href=""http://itunes.apple.com/us/app/twitter/id409789998?mt=12"" rel=""nofollow"">Twitter for Mac</a>","@chrismessina Exactly. :)"
"27145591960117248","27145330281684992","1186","","","2011-01-17 23:29:48 +0000","<a href=""http://itunes.apple.com/us/app/twitter/id409789998?mt=12"" rel=""nofollow"">Twitter for Mac</a>","@chrismessina Working on it! I think I've found a novel way to connect to these kinds of devices... I'll let you know more soon."
"27145090619150336","27144748754010113","1186","","","2011-01-17 23:27:48 +0000","<a href=""http://itunes.apple.com/us/app/twitter/id409789998?mt=12"" rel=""nofollow"">Twitter for Mac</a>","@chrismessina Yeah, I saw it for others. Sorta like the withings auto-tweeter. Might not keep it on forever, though."
"27144578997948416","27140998127685632","1186","","","2011-01-17 23:25:46 +0000","<a href=""http://itunes.apple.com/us/app/twitter/id409789998?mt=12"" rel=""nofollow"">Twitter for Mac</a>","@chrismessina I just found the settings on fitbit.com, and decided to turn them on and see if I liked them or not. http://t.co/fiH4fi0","http://www.fitbit.com/user/profile/share"
"27138987768414208","","","","","2011-01-17 23:03:33 +0000","<a href=""http://www.fitbit.com"" rel=""nofollow"">Fitbit</a>","My avg. daily #fitstats for last week: 5,856 steps, 2.8 miles, 2,529 calories burned via my fitbit http://www.fitbit.com/user/229KX2"
"27105745153560576","27104544538230784","60663","","","2011-01-17 20:51:27 +0000","<a href=""http://itunes.apple.com/us/app/twitter/id409789998?mt=12"" rel=""nofollow"">Twitter for Mac</a>","@MarinaMartin @webwright Ah, that makes sense. I just ran out of my free 500 rows too fast to see long-term value. Will try again!"
"27100175214321665","27077614418001921","786818","","","2011-01-17 20:29:19 +0000","<a href=""http://itunes.apple.com/us/app/twitter/id409789998?mt=12"" rel=""nofollow"">Twitter for Mac</a>","@webwright I might be wrong, but isn't it pretty much the same data you'd get from saved searches on Twitter (minus FB info)?"
"27089413821440001","27089039517556736","4981271","","","2011-01-17 19:46:34 +0000","<a href=""http://itunes.apple.com/us/app/twitter/id409789998?mt=12"" rel=""nofollow"">Twitter for Mac</a>","@sourjayne @spangley @rickwebb Ooh, I'm changing that right now. Thanks, Sarah.  :)"
"27076581969104896","27075956883587073","786818","","","2011-01-17 18:55:34 +0000","<a href=""http://twitter.com/download/iphone"" rel=""nofollow"">Twitter for iPhone</a>","@webwright What do you like about it in particular?"
"27066514263777280","27066081214468096","6453772","","","2011-01-17 18:15:34 +0000","<a href=""http://itunes.apple.com/us/app/twitter/id409789998?mt=12"" rel=""nofollow"">Twitter for Mac</a>",".@nananaina The link must've gotten a bit cut off for some people.  Try this: http://t.co/2gRRfRJ","http://healthmonth.tumblr.com/post/2797280609/calling-all-bloggers"
"27065184350638080","","","27064523122810880","154236895","2011-01-17 18:10:17 +0000","<a href=""http://itunes.apple.com/us/app/twitter/id409789998?mt=12"" rel=""nofollow"">Twitter for Mac</a>","RT @healthmonth: Calling all bloggers who want to become ""official Health Month bloggers"" for February's game... apply here! http://t.co ..."
"27031731236249600","27025570034360320","765","","","2011-01-17 15:57:21 +0000","<a href=""http://twitter.com/download/iphone"" rel=""nofollow"">Twitter for iPhone</a>","@seanbonner Build it!!!"
"26913373677420544","26906847491399680","814261","","","2011-01-17 08:07:02 +0000","<a href=""http://twitter.com/download/iphone"" rel=""nofollow"">Twitter for iPhone</a>","@moritherapy Oh just a little gamification joke. :)"
"26906039727161344","","","","","2011-01-17 07:37:54 +0000","<a href=""http://twitter.com/download/iphone"" rel=""nofollow"">Twitter for iPhone</a>","Just preordered @avantgame's new book ""Reality Is Broken"". CANNOT WAIT to read it on the 20th. Buy now for 5 pts: http://j.mp/g7m4vI"
"26892842622259200","","","","","2011-01-17 06:45:27 +0000","<a href=""http://itunes.apple.com/us/app/twitter/id409789998?mt=12"" rel=""nofollow"">Twitter for Mac</a>","""How much of what we identify as progress is really the undoing of problems inherited from the last round of progress?"" - paraphrased Roszak"
"26861749311377408","","","","","2011-01-17 04:41:54 +0000","<a href=""http://flickr.com/services/twitter/"" rel=""nofollow"">Flickr</a>","8:36pm Storytime. Gearing up for another night of sleep training fun. http://flic.kr/p/9aU7gm"
"26820361915994112","26819879084490752","798542","","","2011-01-17 01:57:27 +0000","<a href=""http://itunes.apple.com/us/app/twitter/id409789998?mt=12"" rel=""nofollow"">Twitter for Mac</a>","@helenjane There's some dynamic related to domain-hunting that has tapped into a very core vulnerability in us all. :)"
"26816138788741121","","","","","2011-01-17 01:40:40 +0000","<a href=""http://twitter.com/download/iphone"" rel=""nofollow"">Twitter for iPhone</a>","Why do I feel like every slightly adequate URL find must be purchased immediately lest it get bought by someone else in the next 5 minutes?"
"26807315822809088","26762175838162945","776429","","","2011-01-17 01:05:36 +0000","<a href=""http://twitter.com/download/iphone"" rel=""nofollow"">Twitter for iPhone</a>","@spangley I would say you have no gusto shortage to worry about."
"26783114260914176","26782501812834304","7482","","","2011-01-16 23:29:26 +0000","<a href=""http://twitter.com/download/iphone"" rel=""nofollow"">Twitter for iPhone</a>","@arainert Ooh, how do I mark him as an employee? :). Also just realized my neighbor is already 7 checkins ahead of me. :/"
"26781910814429184","","","","","2011-01-16 23:24:39 +0000","<a href=""http://foursquare.com"" rel=""nofollow"">foursquare</a>","I love this place already! I'd go for mayor because it's 1 block from my house, but Scottie works here so I have not a chance."
"26760971598954499","26759455030902784","13439","","","2011-01-16 22:01:27 +0000","<a href=""http://twitter.com/download/iphone"" rel=""nofollow"">Twitter for iPhone</a>","@jackbaty Any tips for finding a good one?"
"26760470887145473","26759842781732864","19920027","","","2011-01-16 21:59:28 +0000","<a href=""http://twitter.com/download/iphone"" rel=""nofollow"">Twitter for iPhone</a>","@keithcalder Awesome! Any tips for picking one out?"
"26760335205597184","26759861807087616","761628","","","2011-01-16 21:58:55 +0000","<a href=""http://twitter.com/download/iphone"" rel=""nofollow"">Twitter for iPhone</a>","@RickWebb Where did you get it? What difference do you feel it makes?"
"26758048441700352","","","","","2011-01-16 21:49:50 +0000","<a href=""http://twitter.com/download/iphone"" rel=""nofollow"">Twitter for iPhone</a>","I'm *very* inspired by @ginatrapani's switch to a standing desk. Seriously considering one myself. Read her story: http://j.mp/fxAxUQ"
"26755685333078016","","","","","2011-01-16 21:40:27 +0000","<a href=""http://twitter.com/download/iphone"" rel=""nofollow"">Twitter for iPhone</a>","""Never trust an asymptotic giant branch star. Stick with main sequences and dwarves."" Always wise. http://xkcd.com/847/"
"26740780458582016","","","26714490754048000","681813","2011-01-16 20:41:13 +0000","<a href=""http://twitter.com/download/iphone"" rel=""nofollow"">Twitter for iPhone</a>","RT @avantgame: It's a balance: amplify what tech helps us connect & support in meaningful ways, but see shortcomings too. Ask for MORE f ..."
"26734697644036096","","","","","2011-01-16 20:17:03 +0000","<a href=""http://twitter.com/download/iphone"" rel=""nofollow"">Twitter for iPhone</a>","Insightful review of ""Alone Together"" which sounds like a must-read, even if I might disagree with parts: http://j.mp/h4egSM /via @avantgame"
"26709109520732160","26696592404779009","30693","","","2011-01-16 18:35:22 +0000","<a href=""http://twitter.com/download/iphone"" rel=""nofollow"">Twitter for iPhone</a>","@Boomer Not if you've played turns after it. But I can manually fix things for you if you need anything."
"26581623310913537","26579331274772480","26166039","","","2011-01-16 10:08:47 +0000","<a href=""http://itunes.apple.com/us/app/twitter/id409789998?mt=12"" rel=""nofollow"">Twitter for Mac</a>","@MeganWelling Welcome to our weekend window noise. I find it calming, though, like the ocean."
"26573169389215744","26571815010705409","8273","","","2011-01-16 09:35:11 +0000","<a href=""http://itunes.apple.com/us/app/twitter/id409789998?mt=12"" rel=""nofollow"">Twitter for Mac</a>","@dannynewman Just got the email myself. Would be fun during something like SXSW..."
"26571494515544064","26571363087032320","8273","","","2011-01-16 09:28:32 +0000","<a href=""http://itunes.apple.com/us/app/twitter/id409789998?mt=12"" rel=""nofollow"">Twitter for Mac</a>","@dannynewman iPhone? Is it in the App Store?"
"26570603980918784","26568566937493504","8273","","","2011-01-16 09:25:00 +0000","<a href=""http://itunes.apple.com/us/app/twitter/id409789998?mt=12"" rel=""nofollow"">Twitter for Mac</a>","@dannynewman Me! I want to play.

... what is it?"
"26558555821711360","","","26553085165830144","6629572","2011-01-16 08:37:07 +0000","<a href=""http://itunes.apple.com/us/app/twitter/id409789998?mt=12"" rel=""nofollow"">Twitter for Mac</a>","RT @jheitzeb: Favorite tools for late night startup hackers - http://bit.ly/ijP65C cc/ @olark @thinkfuse @getcloudapp"
"26536806044401664","26534556190380033","6629572","","","2011-01-16 07:10:42 +0000","<a href=""http://itunes.apple.com/us/app/twitter/id409789998?mt=12"" rel=""nofollow"">Twitter for Mac</a>","@jheitzeb Got any spare @thinkfuse invites? Do they even have those? I'd love to check it out."
"26526206576820224","","","","","2011-01-16 06:28:35 +0000","<a href=""http://itunes.apple.com/us/app/twitter/id409789998?mt=12"" rel=""nofollow"">Twitter for Mac</a>","Rain, Mazzy Star, chocolate, sleeping baby, spreadsheets."
"26506194822627328","26505798595117056","780991","","","2011-01-16 05:09:03 +0000","<a href=""http://itunes.apple.com/us/app/twitter/id409789998?mt=12"" rel=""nofollow"">Twitter for Mac</a>","@amyjokim Thanks. Crossing fingers. Would suck to do this and still make no progress. But he's ""sleeping"" right now finally... phew."
"26505504213696512","26504814447820800","160796300","","","2011-01-16 05:06:19 +0000","<a href=""http://itunes.apple.com/us/app/twitter/id409789998?mt=12"" rel=""nofollow"">Twitter for Mac</a>","@eringiglia Yeah, it's tough. We're learning a lot. Lack of sleep is sabotaging our thinking and parenting skills, though."
"26503284621582336","26503013661151233","160796300","","","2011-01-16 04:57:30 +0000","<a href=""http://itunes.apple.com/us/app/twitter/id409789998?mt=12"" rel=""nofollow"">Twitter for Mac</a>","@eringiglia Yup. That was months 1-7. Trying this as a last resort, after having tried everything else. Poor guy!"
"26502551071363072","","","","","2011-01-16 04:54:35 +0000","<a href=""http://flickr.com/services/twitter/"" rel=""nofollow"">Flickr</a>","8:36pm Crying it out day 2. See that darkness above? It's heavy. http://flic.kr/p/9awLcX"
"26496768417988608","26496382193893376","16366882","","","2011-01-16 04:31:36 +0000","<a href=""http://itunes.apple.com/us/app/twitter/id409789998?mt=12"" rel=""nofollow"">Twitter for Mac</a>","@zombielolita @endquote I failed Boy Scouts. Being prepared is a sliding scale... we should probably always carry a gun, too, right?"
"26479428909400064","26477169404284929","1771141","","","2011-01-16 03:22:42 +0000","<a href=""http://twitter.com/download/iphone"" rel=""nofollow"">Twitter for iPhone</a>","@samantham @zombielolita I don't know how either. Even automatics are sorta fading from memory. Taxi!"
"26473333428068352","26366354474934272","7053232","","","2011-01-16 02:58:29 +0000","<a href=""http://twitter.com/download/iphone"" rel=""nofollow"">Twitter for iPhone</a>","@TheCharmQuark @wllmtnnnt Not true! Check Settings -&gt; Search and export to find previous months' writing."
"26441672183250944","26439834641895424","3382","","","2011-01-16 00:52:40 +0000","<a href=""http://itunes.apple.com/us/app/twitter/id409789998?mt=12"" rel=""nofollow"">Twitter for Mac</a>","@robweedn @hnshah Survey filled out... hope it's helpful. Let me know if I can help at all (see @healthmonth)."
"26362646114598912","26362485695057920","50579403","","","2011-01-15 19:38:39 +0000","<a href=""http://itunes.apple.com/us/app/twitter/id409789998?mt=12"" rel=""nofollow"">Twitter for Mac</a>","@RifoItaly How does it block you?  Try saving your rules and it should let you in. If not, send me your username."
"26319092038246401","26318006275543040","2039761","","","2011-01-15 16:45:35 +0000","<a href=""http://twitter.com/download/iphone"" rel=""nofollow"">Twitter for iPhone</a>","@kylebragger I'll hit you up when I'm online."
"26317782031269888","26317373292158976","2039761","","","2011-01-15 16:40:22 +0000","<a href=""http://twitter.com/download/iphone"" rel=""nofollow"">Twitter for iPhone</a>","@kylebragger Lots of great ideas! But decided not to go that route business wise. I'd be happy to share some of the cooler ones."
"26316843354427392","26303928488427520","2039761","","","2011-01-15 16:36:39 +0000","<a href=""http://twitter.com/download/iphone"" rel=""nofollow"">Twitter for iPhone</a>","@kylebragger I love that URL. Nice find. I had a similar idea once and registered thingsicandoforyou.com."
"26219816125730818","","","","","2011-01-15 10:11:05 +0000","<a href=""http://timely.is"" rel=""nofollow"">Timely by Demandforce</a>","This was auto-tweeted at a time that http://bit.ly/ijLPbz thinks you're most likely to read it. Did it work? It's a pretty service for sure."
"26183485387448321","26144638133862400","50167668","","","2011-01-15 07:46:44 +0000","<a href=""http://twitter.com/download/iphone"" rel=""nofollow"">Twitter for iPhone</a>","@kristinshake How do you know @Kellianne?"
"26180960949108736","","","","","2011-01-15 07:36:42 +0000","<a href=""http://itunes.apple.com/us/app/twitter/id409789998?mt=12"" rel=""nofollow"">Twitter for Mac</a>","On the bright side, it only took 25 minutes of us huddled in the bathroom. @nikobenson: Just cried myself to sleep for the first time. :'("
"26159693151862784","","","26077630365171713","171754967","2011-01-15 06:12:11 +0000","web","RT @1charleshuang: Steve Jobs ""My strength is I've viewed tech from a liberal arts perspective, from a human culture perspective. Weakne ..."
"26138119698907136","26137563626475520","5921812","","","2011-01-15 04:46:28 +0000","<a href=""http://itunes.apple.com/us/app/twitter/id409789998?mt=12"" rel=""nofollow"">Twitter for Mac</a>","@jwedgwood Ha, very true. Though, at the moment most of my worries are baby-sleep related. Startup is going crazy great!"
"26137836658884610","26137732635951104","50167668","","","2011-01-15 04:45:20 +0000","<a href=""http://itunes.apple.com/us/app/twitter/id409789998?mt=12"" rel=""nofollow"">Twitter for Mac</a>","@kristinshake I sure am!"
"26137110444515328","","","","","2011-01-15 04:42:27 +0000","<a href=""http://flickr.com/services/twitter/"" rel=""nofollow"">Flickr</a>","8:36pm Working in the dark, excited about some things, worried about others http://flic.kr/p/9agN9r"
"26109978561486848","26101107595935744","804659","","","2011-01-15 02:54:38 +0000","<a href=""http://itunes.apple.com/us/app/twitter/id409789998?mt=12"" rel=""nofollow"">Twitter for Mac</a>","@jshy You too! I may be working in the neighborhood in a bit, would be fun to get lunch some time."
"26052218486525952","26036504841158656","15486015","","","2011-01-14 23:05:07 +0000","<a href=""http://twitter.com/download/iphone"" rel=""nofollow"">Twitter for iPhone</a>","@ScottieYahtzee Sweet! What days do you work? It's literally a block from my house!"
"25787910959661056","25785772174999552","12661782","","","2011-01-14 05:34:51 +0000","<a href=""http://itunes.apple.com/us/app/twitter/id409789998?mt=12"" rel=""nofollow"">Twitter for Mac</a>","@rondiver Yeah, I don't really know what that means, but it sounds... fancy."
"25774701435420672","","","","","2011-01-14 04:42:22 +0000","<a href=""http://flickr.com/services/twitter/"" rel=""nofollow"">Flickr</a>","8:36pm Eating in the dark again, talking about Niko's persistent personality and our chances for survival http://flic.kr/p/9a3QGv"
"25739606523641857","","","","","2011-01-14 02:22:55 +0000","<a href=""http://itunes.apple.com/us/app/twitter/id409789998?mt=12"" rel=""nofollow"">Twitter for Mac</a>","The story is interesting, but the writing is actually awesome. RT @TechCrunch: Ship or Get Off the Pot http://t.co/RpkaeoE","http://tcrn.ch/dRIpBD"
"25683785676750849","","","","","2011-01-13 22:41:06 +0000","<a href=""http://twitter.com/tweetbutton"" rel=""nofollow"">Tweet Button</a>","Rate your previous co-workers by who you'd rather work with on Cube Duel: http://t.co/FQy0UP5 Fun, yet sorta scary! /made by @webwright","http://www.cubeduel.com?t=nscylr&s=t"
"25655897464250368","","","","","2011-01-13 20:50:17 +0000","<a href=""http://itunes.apple.com/us/app/twitter/id409789998?mt=12"" rel=""nofollow"">Twitter for Mac</a>","Announcing: the first Quantified Self Conference, May 28-29, Mountain View California! http://t.co/N9xw09g This is gonna be awesome.","http://quantifiedself.com/conference"
"25439983296839680","25438594797674496","772386","","","2011-01-13 06:32:19 +0000","<a href=""http://itunes.apple.com/us/app/twitter/id409789998?mt=12"" rel=""nofollow"">Twitter for Mac</a>","@willotoons Yes, please don't tell anyone how awesome it's going to be either. #secrettweetshake"
"25436346122244097","25432399013748736","2781","","","2011-01-13 06:17:52 +0000","<a href=""http://itunes.apple.com/us/app/twitter/id409789998?mt=12"" rel=""nofollow"">Twitter for Mac</a>","@Aubs Ha. Well, the good news is I've already started development on such a thing. #shhh #stealthalamode"
"25427972823449600","","","25419190252871681","820661","2011-01-13 05:44:35 +0000","<a href=""http://itunes.apple.com/us/app/twitter/id409789998?mt=12"" rel=""nofollow"">Twitter for Mac</a>","RT @daveschappell: Every decision you make is a bet with yourself, to change your life http://t.co/0g2CE36 via @julien","http://inoveryourhead.net/how-to-waste-your-life/"
"25413924786536448","","","","","2011-01-13 04:48:46 +0000","<a href=""http://flickr.com/services/twitter/"" rel=""nofollow"">Flickr</a>","8:36pm Post-delicious #healthmonth-compliant dinner with Loren and Tyler http://flic.kr/p/99Pwcp"
"25361535236833280","25361106264395776","2781","","","2011-01-13 01:20:35 +0000","<a href=""http://itunes.apple.com/us/app/twitter/id409789998?mt=12"" rel=""nofollow"">Twitter for Mac</a>","@Aubs As a long-time Twitter and blog-follower of yours, I know exactly what your predilections are.  Bring it!"
"25360135916355584","25359826448023552","2781","","","2011-01-13 01:15:02 +0000","<a href=""http://itunes.apple.com/us/app/twitter/id409789998?mt=12"" rel=""nofollow"">Twitter for Mac</a>","@Aubs R-rated rules are coming soon, but they'll be opt-in.  Will love for you to be the first beta tester. /cc @helenjane"
"25349186924838912","25348939926474752","798542","","","2011-01-13 00:31:31 +0000","<a href=""http://itunes.apple.com/us/app/twitter/id409789998?mt=12"" rel=""nofollow"">Twitter for Mac</a>","@helenjane Yes please join the joining. Here's to joining!"
"25347797918162945","25347448100626432","2781","","","2011-01-13 00:26:00 +0000","<a href=""http://itunes.apple.com/us/app/twitter/id409789998?mt=12"" rel=""nofollow"">Twitter for Mac</a>","@Aubs You can join ours!  http://t.co/JdzyYOJ As long as you don't like the man who calls himself Dan.","http://healthmonth.com/teams/show/219"
"25346168070340608","25343635948048384","14435477","","","2011-01-13 00:19:32 +0000","<a href=""http://itunes.apple.com/us/app/twitter/id409789998?mt=12"" rel=""nofollow"">Twitter for Mac</a>","@dingstweets That's a great quote. Well said!"
"25328846534348800","25313057475403776","780991","","","2011-01-12 23:10:42 +0000","<a href=""http://twitter.com/download/iphone"" rel=""nofollow"">Twitter for iPhone</a>","@amyjokim @dakotareese Nice article. Though we shouldn't worry abt the distortion of #gamification ideas. Focus on products/implementation."
"25296120326393856","25294183157727232","14283362","","","2011-01-12 21:00:39 +0000","<a href=""http://twitter.com/download/iphone"" rel=""nofollow"">Twitter for iPhone</a>","@Siepert That's kind of you to say. Thank you!"
"25278696038342656","25278050786607104","14258044","","","2011-01-12 19:51:25 +0000","<a href=""http://twitter.com/download/iphone"" rel=""nofollow"">Twitter for iPhone</a>","@jensmccabe I'm loving the #powerofplay live tweeting. Lots of fascinating things to think about! Keep it up."
"25275719462424577","","","25270386283257856","14620544","2011-01-12 19:39:35 +0000","<a href=""http://twitter.com/download/iphone"" rel=""nofollow"">Twitter for iPhone</a>","RT @iftf: IFTF Announces Partnership with Quantified Self to Build The Complete Guide to Self Tracking - http://bit.ly/i9zENx #QS"
"25233042918350848","25220699811479552","14283362","","","2011-01-12 16:50:00 +0000","<a href=""http://twitter.com/download/iphone"" rel=""nofollow"">Twitter for iPhone</a>","@Siepert Thanks, Siepert! It's not too difficult to build once you have a goal in mind."
"25104964426665984","","","25027735638253569","820661","2011-01-12 08:21:04 +0000","<a href=""http://itunes.apple.com/us/app/twitter/id409789998?mt=12"" rel=""nofollow"">Twitter for Mac</a>","RT @daveschappell: No Snivelling blog: How I've lost 12 pounds in 6 weeks http://bit.ly/hI7hEw"
"25104151683796992","25101565626945537","8245682","","","2011-01-12 08:17:50 +0000","<a href=""http://itunes.apple.com/us/app/twitter/id409789998?mt=12"" rel=""nofollow"">Twitter for Mac</a>","@chinoisfemme We saw that too! Thanks for capturing it... you have a slightly better angle by 20 ft."
"25094477823610880","","","25038267762085888","14120215","2011-01-12 07:39:24 +0000","<a href=""http://twitter.com/download/iphone"" rel=""nofollow"">Twitter for iPhone</a>","RT @kottke: Jenny McCarthy still confused http://kottke.org/x/4pdi"
"25050036752621568","","","","","2011-01-12 04:42:48 +0000","<a href=""http://flickr.com/services/twitter/"" rel=""nofollow"">Flickr</a>","8:36pm Watching a sad movie called Away From Her after a very inspiring day http://flic.kr/p/99yA2r"
"24750139126063104","24726273892810753","761628","","","2011-01-11 08:51:07 +0000","<a href=""http://twitter.com/download/iphone"" rel=""nofollow"">Twitter for iPhone</a>","@RickWebb Just kind of?? :)"
"24688016530345984","","","","","2011-01-11 04:44:16 +0000","<a href=""http://flickr.com/services/twitter/"" rel=""nofollow"">Flickr</a>","8:36pm On my way to an exciting meeting! http://flic.kr/p/99msCG"
"24638693499211779","24629861586833410","12514","","","2011-01-11 01:28:16 +0000","<a href=""http://twitter.com/download/iphone"" rel=""nofollow"">Twitter for iPhone</a>","@tomcoates @fraying @kellan I love this tweet-thread. I wonder if new social networks that try to beat Facebook won't also use FB's APIs."
"24548070800752640","24547058903941120","780991","","","2011-01-10 19:28:10 +0000","<a href=""http://itunes.apple.com/us/app/twitter/id409789998?mt=12"" rel=""nofollow"">Twitter for Mac</a>","@amyjokim Yeah, such a simple idea. Not sure why we're always trying to build forever-lasting book clubs when one-offs are so much simpler."
"24532218336514048","24531884662849536","124335801","","","2011-01-10 18:25:11 +0000","<a href=""http://itunes.apple.com/us/app/twitter/id409789998?mt=12"" rel=""nofollow"">Twitter for Mac</a>","@charityestrella Sorry, I'm a bit behind on the customer service queue... what was the email about?"
"24529840040316929","24529629142323201","765","","","2011-01-10 18:15:44 +0000","<a href=""http://itunes.apple.com/us/app/twitter/id409789998?mt=12"" rel=""nofollow"">Twitter for Mac</a>","@seanbonner Aw shucks."
"24529206561996800","24528341440659456","765","","","2011-01-10 18:13:13 +0000","<a href=""http://itunes.apple.com/us/app/twitter/id409789998?mt=12"" rel=""nofollow"">Twitter for Mac</a>","@tara @seanbonner How long are y'all in town? We'd love to bonk baby heads together."
"24528271051857921","","","","","2011-01-10 18:09:30 +0000","<a href=""http://itunes.apple.com/us/app/twitter/id409789998?mt=12"" rel=""nofollow"">Twitter for Mac</a>","I love this idea of the 1-time book club. 1-time structured meetups in general! http://t.co/J0E5bEz","http://thormuller.com/2011/01/one-time-book-club/"
"24524983136948224","24513082499796992","12376","","","2011-01-10 17:56:26 +0000","<a href=""http://itunes.apple.com/us/app/twitter/id409789998?mt=12"" rel=""nofollow"">Twitter for Mac</a>","@jmk Yes, it's a good question bc at first it seems so obscure, but as you think about it it becomes very obvious what technology wants."
"24523201065263106","","","","","2011-01-10 17:49:21 +0000","<a href=""http://itunes.apple.com/us/app/twitter/id409789998?mt=12"" rel=""nofollow"">Twitter for Mac</a>","Whoops, wrong link before. Here: On being a techno-futuro-optimist: http://t.co/8Xied5M","http://enjoymentland.com/2011/01/10/im-a-technium-futuro-optimist/"
"24498893018370048","24496163864444929","9862092","","","2011-01-10 16:12:45 +0000","<a href=""http://twitter.com/download/iphone"" rel=""nofollow"">Twitter for iPhone</a>","@clairethomey I like that idea! I hope to have something like this by next month."
"24494548658954240","24493841084059650","815996","","","2011-01-10 15:55:30 +0000","<a href=""http://twitter.com/download/iphone"" rel=""nofollow"">Twitter for iPhone</a>","@aharbick Tap the gap and it fills in another 100 tweets. I like that it helps me not feel too far behind. The last 100 is enough."
"24493234189246464","24492606511648768","815996","","","2011-01-10 15:50:16 +0000","<a href=""http://twitter.com/download/iphone"" rel=""nofollow"">Twitter for iPhone</a>","@aharbick I believe it happens whenever it retrieves 100 new tweets and doesn't quite get to the previously top tweet. API limit meets UI."
"24384863838674944","","","","","2011-01-10 08:39:39 +0000","<a href=""http://itunes.apple.com/us/app/twitter/id409789998?mt=12"" rel=""nofollow"">Twitter for Mac</a>","According to mint.com, I had 7,954 non-cash transactions in 2010."
"24376901875269632","24332232848056320","13232092","","","2011-01-10 08:08:00 +0000","<a href=""http://itunes.apple.com/us/app/twitter/id409789998?mt=12"" rel=""nofollow"">Twitter for Mac</a>","@ebuie Good idea! I do want to make sure people know WHICH day they're updating, but there are several ways to do that."
"24324449327120384","","","","","2011-01-10 04:39:35 +0000","<a href=""http://flickr.com/services/twitter/"" rel=""nofollow"">Flickr</a>","8:36pm Sort of having my mind blown by Kevin Kelly's book ""What Technology Wants"" http://flic.kr/p/98ZQeM"
"24306090564919297","","","23929719997071360","681813","2011-01-10 03:26:38 +0000","<a href=""http://itunes.apple.com/us/app/twitter/id409789998?mt=12"" rel=""nofollow"">Twitter for Mac</a>","RT @avantgame: Parents always ask me for practical advice on gaming. Here are the 5 guidelines & 2 rules every gamer should know: http:/ ..."
"23970815909298176","23969948833415168","786818","","","2011-01-09 05:14:22 +0000","<a href=""http://itunes.apple.com/us/app/twitter/id409789998?mt=12"" rel=""nofollow"">Twitter for Mac</a>","@webwright You guessed it! Found a great designer and figured I'd get the best bang for buck here."
"23961980809248768","","","","","2011-01-09 04:39:16 +0000","<a href=""http://flickr.com/services/twitter/"" rel=""nofollow"">Flickr</a>","8:36pm Sketching new ideas http://flic.kr/p/98ECkR"
"23944039325769728","23663117321904129","24859653","","","2011-01-09 03:27:58 +0000","<a href=""http://itunes.apple.com/us/app/twitter/id409789998?mt=12"" rel=""nofollow"">Twitter for Mac</a>","@steven_mcg Thank you! I'm glad you like it!"
"23812033233289216","23811517157740544","21008090","","","2011-01-08 18:43:25 +0000","<a href=""http://itunes.apple.com/us/app/twitter/id409789998?mt=12"" rel=""nofollow"">Twitter for Mac</a>","@bethanystephens I'm a huge @fitbit fan myself! I hadn't considered them a mobile app, but of course they are!"
"23800835024625664","","","","","2011-01-08 17:58:55 +0000","<a href=""http://itunes.apple.com/us/app/twitter/id409789998?mt=12"" rel=""nofollow"">Twitter for Mac</a>","Very good question. RT @bjfogg Quora: Which mobile apps really improve health behavior? Answer: http://t.co/D6MTk4T","http://qr.ae/rQWw"
"23603464902803456","","","","","2011-01-08 04:54:39 +0000","<a href=""http://flickr.com/services/twitter/"" rel=""nofollow"">Flickr</a>","8:36pm Writing in the dark http://flic.kr/p/98rWP3"
"23589140222181376","23572644653703169","52947466","","","2011-01-08 03:57:43 +0000","<a href=""http://itunes.apple.com/us/app/twitter/id409789998?mt=12"" rel=""nofollow"">Twitter for Mac</a>","@Lord3000xx Looks like you started mid-month. To get the badge you need to play from the beginning of the month, all the way through."
"23293222046400512","23258840447328256","34383091","","","2011-01-07 08:21:51 +0000","<a href=""http://twitter.com/download/iphone"" rel=""nofollow"">Twitter for iPhone</a>","@cjlikearockstar I'm in. Can I be the Oort Cloud Pope?"
"23257865682681856","23251883871174656","820661","","","2011-01-07 06:01:21 +0000","<a href=""http://twitter.com/download/iphone"" rel=""nofollow"">Twitter for iPhone</a>","@daveschappell Yeah I came a bit late. Still had fun!"
"23251661434654721","","","","","2011-01-07 05:36:42 +0000","<a href=""http://flickr.com/services/twitter/"" rel=""nofollow"">Flickr</a>","8:36pm Shuffleboard at @hopsandchops! http://flic.kr/p/98a14z"
"23232938401341440","","","","","2011-01-07 04:22:18 +0000","<a href=""http://foursquare.com"" rel=""nofollow"">foursquare</a>","I just unlocked the ""Animal House"" badge on @foursquare! http://4sq.com/g55jyu"
"23216419743211520","23213010826825728","52348443","","","2011-01-07 03:16:40 +0000","<a href=""http://twitter.com/download/iphone"" rel=""nofollow"">Twitter for iPhone</a>","@CByrdine You mean on Twitter? Sure, why not!"
"23186355076993024","23185626178256897","761628","","","2011-01-07 01:17:12 +0000","<a href=""http://itunes.apple.com/us/app/twitter/id409789998?mt=12"" rel=""nofollow"">Twitter for Mac</a>","@RickWebb The place you announce the competition."
"23161844701069312","","","23161743484125185","154236895","2011-01-06 23:39:48 +0000","<a href=""http://itunes.apple.com/us/app/twitter/id409789998?mt=12"" rel=""nofollow"">Twitter for Mac</a>","RT @healthmonth: So who has a Withings account and is willing to test a new #healthmonth feature for me? @-reply me here or email me."
"23113115759542272","","","","","2011-01-06 20:26:10 +0000","<a href=""http://twitter.com/download/iphone"" rel=""nofollow"">Twitter for iPhone</a>","I'm gonna go to @hopsandchops tonight! Who else?"
"22900492879273984","22896195059851264","780991","","","2011-01-06 06:21:17 +0000","<a href=""http://twitter.com/download/iphone"" rel=""nofollow"">Twitter for iPhone</a>","@amyjokim Isn't that the truth!"
"22888391964102658","22878162748702721","160796300","","","2011-01-06 05:33:12 +0000","<a href=""http://twitter.com/download/iphone"" rel=""nofollow"">Twitter for iPhone</a>","@eringiglia Yes, thank you for the recipe! New Benson staple!"
"22874994878976000","","","","","2011-01-06 04:39:58 +0000","<a href=""http://flickr.com/services/twitter/"" rel=""nofollow"">Flickr</a>","8:36pm Romantic dinner at home. Spaghetti squash! Take that health month. http://flic.kr/p/97TkBX"
"22727995458322433","","","","","2011-01-05 18:55:51 +0000","<a href=""http://twitter.com"" rel=""nofollow"">Tweetie for Mac</a>","What are the really amazing devices (like Withings scale) that have APIs these days?  ps. The Withings API is pretty amazing. #nerdseyesonly"
"22516223119990784","","","","","2011-01-05 04:54:20 +0000","<a href=""http://flickr.com/services/twitter/"" rel=""nofollow"">Flickr</a>","8:36pm Finished the dishes after some delicious halibut and broccoli and chickpea salad http://flic.kr/p/97BjFH"
"22375469676503040","22372088329277440","5907582","","","2011-01-04 19:35:02 +0000","<a href=""http://twitter.com"" rel=""nofollow"">Tweetie for Mac</a>","@gzicherm I know it's not the easiest thing to set up, but I bet lots of people would tune in if they could."
"22370872920637440","22369023719112704","5907582","","","2011-01-04 19:16:46 +0000","<a href=""http://twitter.com"" rel=""nofollow"">Tweetie for Mac</a>","@gzicherm My wife's work schedule + baby makes travel impossible except during very specific days, at the moment. Anything streaming online?"
"22360379468292096","","","","","2011-01-04 18:35:04 +0000","<a href=""http://twitter.com"" rel=""nofollow"">Tweetie for Mac</a>","Bummed that I'm not going to be able to attend http://gsummit.com with @amyjokim, @gzicherm, @avantgame, etc. You all should go and report."
"22358044310511616","","","","","2011-01-04 18:25:47 +0000","<a href=""http://twitter.com"" rel=""nofollow"">Tweetie for Mac</a>","Ooh, Withings is launching an Blood Pressure monitor as an iPhone accessory? Must have it! http://aol.it/ev0RVw"
"22341354294083585","","","","","2011-01-04 17:19:28 +0000","<a href=""http://twitter.com"" rel=""nofollow"">Tweetie for Mac</a>","Really enjoyed @dingstweets slides from a while ago on what UX can (and cannot) learn from games. http://slidesha.re/apMnwE #gamification"
"22159008768991233","22156494761885696","60663","","","2011-01-04 05:14:54 +0000","<a href=""http://twitter.com"" rel=""nofollow"">Tweetie for Mac</a>","@MarinaMartin Ah, just saw your previous tweet. Yes, it's a book for people like us."
"22158713829728256","22156655823163393","60663","","","2011-01-04 05:13:43 +0000","<a href=""http://twitter.com"" rel=""nofollow"">Tweetie for Mac</a>","@MarinaMartin Did you read the book? That's half the fun. Also... you should use healthmonth.com to track. :)"
"22152770991685632","","","","","2011-01-04 04:50:06 +0000","<a href=""http://flickr.com/services/twitter/"" rel=""nofollow"">Flickr</a>","8:36pm Finishing another @tferriss-approved dinner. Lamb is tasty. http://flic.kr/p/97n68E"
"22100311782981632","22099484590743552","7482","","","2011-01-04 01:21:39 +0000","<a href=""http://twitter.com/download/iphone"" rel=""nofollow"">Twitter for iPhone</a>","@arainert Yeah it's delicious and filling."
"22081868685910016","","","","","2011-01-04 00:08:22 +0000","<a href=""http://foursquare.com"" rel=""nofollow"">foursquare</a>","Hold the rice, extra beans and guac: very #4hb friendly (@ Chipotle - Downtown w/ 3 others) [pic]: http://4sq.com/enWetP"
"22066808538267648","","","","","2011-01-03 23:08:31 +0000","<a href=""http://twitter.com/download/iphone"" rel=""nofollow"">Twitter for iPhone</a>","@gwenbell I enjoyed getting more of the behind-the-scenes detail! I've really got to make some time to reflect on the year more. This helps."
"22048037626978305","21979764776505344","16572103","","","2011-01-03 21:53:56 +0000","<a href=""http://twitter.com"" rel=""nofollow"">Tweetie for Mac</a>","@thinksomandy Thanks for the shout out, Amanda. :)"
"21976502824345600","","","","","2011-01-03 17:09:41 +0000","<a href=""http://twitter.com/tweetbutton"" rel=""nofollow"">Tweet Button</a>","I just had a lovely chat with the Crane about my December game... and here's what I learned: http://t.co/d7fBT1a via @healthmonth","http://healthmonth.com/learn/16174"
"21787864530423808","","","","","2011-01-03 04:40:06 +0000","<a href=""http://flickr.com/services/twitter/"" rel=""nofollow"">Flickr</a>","8:36pm Working on a late holiday card http://flic.kr/p/96YjWt"
"21768276950388736","21766631147438080","260","","","2011-01-03 03:22:16 +0000","<a href=""http://twitter.com"" rel=""nofollow"">Tweetie for Mac</a>","@sharon Yes, please join ours!  http://bit.ly/akBFln"
"21758870493863936","","","21758796552478721","154236895","2011-01-03 02:44:53 +0000","web","RT @healthmonth: 2.83 new features! Pop quizzes, public reviews, and more!  http://bit.ly/eEIbOD /thx @amyjokim & @k for the ideas"
"21680980053991424","","","","","2011-01-02 21:35:23 +0000","<a href=""http://twitter.com"" rel=""nofollow"">Tweetie for Mac</a>","@Ekoberry It's just a little bit of whimsey. It'll be changing soon though... I know it is a little confusing."
"21673266053644288","","","21673187997655040","154236895","2011-01-02 21:04:43 +0000","web","RT @healthmonth: Did you know it's not too late to set up some #healthmonth rules for Jan? Join the 2,617 others playing this month: htt ..."
"21672315242676224","21647894855548928","25104799","","","2011-01-02 21:00:57 +0000","<a href=""http://twitter.com"" rel=""nofollow"">Tweetie for Mac</a>","@TaraEAnderson Close! It was actually from Vernazza, I believe."
"21661713086554112","21658111647416320","27543313","","","2011-01-02 20:18:49 +0000","<a href=""http://twitter.com/download/iphone"" rel=""nofollow"">Twitter for iPhone</a>","@flypixie Awesome! Join my rocky raccoon's revival team if you want."
"21456393861074944","21451362483048449","761628","","","2011-01-02 06:42:57 +0000","<a href=""http://twitter.com"" rel=""nofollow"">Tweetie for Mac</a>","@rickwebb Yes, you should totally do that! Jan 22-26th, come visit ussss!!! /cc @jimyjameson"
"21440258230980608","21437720354095104","7565162","","","2011-01-02 05:38:50 +0000","<a href=""http://twitter.com"" rel=""nofollow"">Tweetie for Mac</a>","@michaelmcdaniel It's just what the guy at the store recommended. Definitely not taking it again. Gonna try eggs and lentils for a while."
"21427548940402688","21377989891596289","7777252","","","2011-01-02 04:48:20 +0000","<a href=""http://twitter.com"" rel=""nofollow"">Tweetie for Mac</a>","@xenocid Yes, I definitely plan to do that. So how are you getting your 30g of protein in for breakfast?"
"21426480118501377","","","","","2011-01-02 04:44:05 +0000","<a href=""http://flickr.com/services/twitter/"" rel=""nofollow"">Flickr</a>","8:36pm Awarding @foursquare badges for December's @healthmonth winners, and finishing a new year feature http://flic.kr/p/96BvCP"
"21322591436279808","21322088799277056","4389391","","","2011-01-01 21:51:16 +0000","<a href=""http://twitter.com/download/iphone"" rel=""nofollow"">Twitter for iPhone</a>","@fisticuffs With fruit and such? No, I don't have a proper blender."
"21321260436824064","","","","","2011-01-01 21:45:59 +0000","<a href=""http://twitter.com/download/iphone"" rel=""nofollow"">Twitter for iPhone</a>","Take 2 on whey protein powder. This time with almond butter + egg. Still feel pukeriffic. I hate it!"
"21315537896210434","21312213323096064","7777252","","","2011-01-01 21:23:14 +0000","<a href=""http://twitter.com/download/iphone"" rel=""nofollow"">Twitter for iPhone</a>","@xenocid Just let me know your username once you sign up. Some rules don't match up exactly but they're close."
"21311221114347520","21306924544827393","7777252","","","2011-01-01 21:06:05 +0000","<a href=""http://twitter.com/download/iphone"" rel=""nofollow"">Twitter for iPhone</a>","@xenocid I'm doing the same. Just took my own before pics too. Are you using health month? I'll give you a free game."
"21285215997534209","21283629485260800","7482","","","2011-01-01 19:22:45 +0000","<a href=""http://twitter.com"" rel=""nofollow"">Tweetie for Mac</a>","@arainert Got them all at bodybuilding.com, through links @tferriss gave in the book: fourhourbody.com/policosanol, /ala, /garlic, /greentea"
"21134740547436544","21133906967273473","776429","","","2011-01-01 09:24:49 +0000","<a href=""http://twitter.com/download/iphone"" rel=""nofollow"">Twitter for iPhone</a>","@spangley Yes! Let's make 2011/12 a big one. It's the last before zombies attack, right?"
"21134501790879744","","","","","2011-01-01 09:23:52 +0000","<a href=""http://twitter.com/download/iphone"" rel=""nofollow"">Twitter for iPhone</a>","This NYE, @nikobenson sleeps soundly while sick. We sip Mo?t, eat leftovers, and whisper good memories while our neighbors party. Perfect!"
"21133917918597120","","","","","2011-01-01 09:21:33 +0000","<a href=""http://twitter.com/download/iphone"" rel=""nofollow"">Twitter for iPhone</a>","2 NYEs ago: soul night dance party! 1 NYE ago: dance party at Crocodile, some girl knocked out a front tooth. @Kellianne pregnant."
"21132947113381888","","","","","2011-01-01 09:17:41 +0000","<a href=""http://twitter.com/download/iphone"" rel=""nofollow"">Twitter for iPhone</a>","3 NYEs ago we celebrated in San Fran with our favorite SF BFFs as we hauled @Kellianne's worldly possessions across the country."
"21132306374721536","","","","","2011-01-01 09:15:09 +0000","<a href=""http://twitter.com/download/iphone"" rel=""nofollow"">Twitter for iPhone</a>","4 NYEs ago I met @Kellianne at McLeod's opening. As well as many of my now best friends. Cheers to those collisions that ripple over time!"
