"tweet_id","in_reply_to_status_id","in_reply_to_user_id","retweeted_status_id","retweeted_status_user_id","timestamp","source","text","expanded_urls"
"131217759651635200","","","","","2011-11-01 03:55:26 +0000","<a href=""http://instagr.am"" rel=""nofollow"">Instagram</a>","Party at the Benson house!  @ ?Benson Bungalow http://t.co/4n6aAwT4","http://instagr.am/p/SSnaq/"
"131181791917785088","131154177853370370","11822502","","","2011-11-01 01:32:31 +0000","<a href=""http://itunes.apple.com/us/app/twitter/id409789998?mt=12"" rel=""nofollow"">Twitter for Mac</a>","@mko @lauraglu @brynn Is ""data-driven diet"" like the hacker's diet or different? And forcing a healthier you is a noble cause! Good luck!"
"131181533057916928","131156726790635521","62600226","","","2011-11-01 01:31:29 +0000","<a href=""http://itunes.apple.com/us/app/twitter/id409789998?mt=12"" rel=""nofollow"">Twitter for Mac</a>","@talof2cities But persistence IS playing. Whether or not you succeed is secondary. PS. Happy Halloween!"
"131150694152536065","","","","","2011-10-31 23:28:56 +0000","<a href=""http://twitter.com/download/iphone"" rel=""nofollow"">Twitter for iPhone</a>","Me too! RT @evanjacobs: Really excited to see what the 10 Seattle TechStars companies have created over the past 10 weeks. #tsdday"
"131150280065691648","131134378347732992","11222","","","2011-10-31 23:27:18 +0000","<a href=""http://twitter.com/download/iphone"" rel=""nofollow"">Twitter for iPhone</a>","@k What kind of friend stats are you thinking of here? /cc @whitneyhess"
"131147797503283200","131134925184319488","11963132","","","2011-10-31 23:17:26 +0000","<a href=""http://twitter.com/download/iphone"" rel=""nofollow"">Twitter for iPhone</a>","@whitneyhess @k We've been working on just that for months! So excited to show it to y'all soon!"
"131132338292801536","","","","","2011-10-31 22:16:00 +0000","<a href=""http://itunes.apple.com/us/app/twitter/id409789998?mt=12"" rel=""nofollow"">Twitter for Mac</a>","I *dare* you to play healthmonth.com during the holidays. :)"
"131091740626141184","","","","","2011-10-31 19:34:41 +0000","<a href=""http://itunes.apple.com/us/app/twitter/id409789998?mt=12"" rel=""nofollow"">Twitter for Mac</a>","""Self-knowledge is surprisingly useless,"" also by @jonahlehrer: http://t.co/2TbIijpO  

I disagree. Useless, or just moderately useful?","http://www.newyorker.com/online/blogs/books/2011/10/is-self-knowledge-overrated.html"
"131088954786185217","","","","","2011-10-31 19:23:36 +0000","<a href=""http://itunes.apple.com/us/app/twitter/id409789998?mt=12"" rel=""nofollow"">Twitter for Mac</a>","""What does it mean to know something without being able to access it?"" 

The feeling of knowing, by @jonahlehrer
http://t.co/SJEiiQ2V","http://scienceblogs.com/cortex/2010/06/feelings_of_knowing.php"
"130912664456151040","","","","","2011-10-31 07:43:06 +0000","<a href=""http://itunes.apple.com/us/app/twitter/id409789998?mt=12"" rel=""nofollow"">Twitter for Mac</a>","Answer to my question about a macro lens on a computer screen: ?@joshumami: @busterbenson This. http://t.co/1LMo7sd4? Thanks, Josh!","http://twitter.com/joshumami/status/130911624402960385/photo/1"
"130858938118836224","130858643179573248","12985442","","","2011-10-31 04:09:36 +0000","<a href=""http://itunes.apple.com/us/app/twitter/id409789998?mt=12"" rel=""nofollow"">Twitter for Mac</a>","@LisaBL I do! I like that one a lot."
"130858064134934528","","","130857819439239171","14326765","2011-10-31 04:06:08 +0000","<a href=""http://itunes.apple.com/us/app/twitter/id409789998?mt=12"" rel=""nofollow"">Twitter for Mac</a>","RT @johnhcook: Mark Zuckerberg says you don't need to be in Silicon Valley (and engineers in Seattle stick around longer): http://t.co/a ..."
"130853032719167489","","","","","2011-10-31 03:46:08 +0000","<a href=""http://flickr.com/services/twitter/"" rel=""nofollow"">Flickr</a>","8:36pm Close-up of my screen. Wonder what a macro lens would pick up. http://t.co/GfxPk6or","http://flic.kr/p/aAs93c"
"130772914432778240","","","","","2011-10-30 22:27:47 +0000","<a href=""http://itunes.apple.com/us/app/twitter/id409789998?mt=12"" rel=""nofollow"">Twitter for Mac</a>","18 years ago: http://t.co/0mbVvJxD #dad","http://bustr.tumblr.com/post/12134911002/18-years-ago"
"130767343377846273","","","","","2011-10-30 22:05:38 +0000","<a href=""http://itunes.apple.com/us/app/twitter/id409789998?mt=12"" rel=""nofollow"">Twitter for Mac</a>","Potentially interesting way to annoy banks sending you all that pre-approved credit card junk mail: http://t.co/Pu0L5QS5 /via @rickwebb","http://rickwebb.tumblr.com/post/12131722639/keep-wall-street-occupied-by-ransackedroom-well"
"130761886303141888","130761596715798528","7621482","","","2011-10-30 21:43:57 +0000","<a href=""http://itunes.apple.com/us/app/twitter/id409789998?mt=12"" rel=""nofollow"">Twitter for Mac</a>","@mathpunk Health and education are the two that I think are most important to disrupt right now."
"130756988807294976","130756679099887616","12444","","","2011-10-30 21:24:30 +0000","<a href=""http://itunes.apple.com/us/app/twitter/id409789998?mt=12"" rel=""nofollow"">Twitter for Mac</a>","@peroty For sure.  You can see the replies here too: http://t.co/JL9qf3lc","https://twitter.com/#!/search/realtime/%40busterbenson"
"130756258356674561","130755292894998528","16509622","","","2011-10-30 21:21:35 +0000","<a href=""http://itunes.apple.com/us/app/twitter/id409789998?mt=12"" rel=""nofollow"">Twitter for Mac</a>","@ragnarfreyr Thank you! What in particular do you find user on @meditationoasis?"
"130756151766822912","130754650046611457","12669672","","","2011-10-30 21:21:10 +0000","<a href=""http://itunes.apple.com/us/app/twitter/id409789998?mt=12"" rel=""nofollow"">Twitter for Mac</a>","@NathLussier Looks great! I'll check it out, thanks!  /cc @unclerush"
"130755291414396929","130754745148260353","14789168","","","2011-10-30 21:17:45 +0000","<a href=""http://itunes.apple.com/us/app/twitter/id409789998?mt=12"" rel=""nofollow"">Twitter for Mac</a>","@adamdole Downloading the Mayo Clinic Meditation app now. Looks well done. Thanks!"
"130753944459808768","130753746799038465","7315732","","","2011-10-30 21:12:24 +0000","<a href=""http://itunes.apple.com/us/app/twitter/id409789998?mt=12"" rel=""nofollow"">Twitter for Mac</a>","@NicoleLazzaro I will!  Thank you, Nicole."
"130752512629284864","","","","","2011-10-30 21:06:42 +0000","<a href=""http://itunes.apple.com/us/app/twitter/id409789998?mt=12"" rel=""nofollow"">Twitter for Mac</a>","I know I asked this before, but if you have any favorite meditation apps, websites, or programs, please send 'em to me!"
"130502456047190016","","","","","2011-10-30 04:33:04 +0000","<a href=""http://flickr.com/services/twitter/"" rel=""nofollow"">Flickr</a>","8:36pm Another in my series of walking home late http://t.co/r6LoXNRb","http://flic.kr/p/aAayFh"
"130465284833284096","","","130431363601018880","7362142","2011-10-30 02:05:22 +0000","<a href=""http://itunes.apple.com/us/app/twitter/id409789998?mt=12"" rel=""nofollow"">Twitter for Mac</a>","RT @kellianne: Question: What will your kid be for Halloween?  Answer: Ridiculous! http://t.co/3frTJRdf","http://instagr.am/p/R9fyI/"
"130364071668224000","","","","","2011-10-29 19:23:11 +0000","<a href=""http://timely.is"" rel=""nofollow"">Timely by Demandforce</a>","Your (behavior) habits are often guarded by an army of thought habits."
"130138110330810368","","","","","2011-10-29 04:25:18 +0000","<a href=""http://itunes.apple.com/us/app/twitter/id409789998?mt=12"" rel=""nofollow"">Twitter for Mac</a>","6 years later, I'm finally seeing the beauty of @ginatrapani's http://t.co/JRukeR7E, matched with @dropbox public folders.","http://todotxt.com/"
"130127726785994752","130127432232603648","408","","","2011-10-29 03:44:02 +0000","<a href=""http://itunes.apple.com/us/app/twitter/id409789998?mt=12"" rel=""nofollow"">Twitter for Mac</a>","@endquote I'm so philanthropic sometimes."
"130122703356166144","130100205218562048","408","","","2011-10-29 03:24:04 +0000","<a href=""http://itunes.apple.com/us/app/twitter/id409789998?mt=12"" rel=""nofollow"">Twitter for Mac</a>","@endquote Oh wait, I just found this: http://t.co/Oc7J45g3","http://www.43things.com/people/progress/erik/1832452"
"130122469699878912","130100205218562048","408","","","2011-10-29 03:23:08 +0000","<a href=""http://itunes.apple.com/us/app/twitter/id409789998?mt=12"" rel=""nofollow"">Twitter for Mac</a>","@endquote I don't think I've done that publicly, just with mint.com and spreadsheets and letters to the IRS. :)"
"129986526347149312","","","","","2011-10-28 18:22:57 +0000","<a href=""http://twitter.com/tweetbutton"" rel=""nofollow"">Tweet Button</a>","I'm the 78,547,350,170th person to ever live  #whatsyournumber? http://t.co/mTwrSoif /via @trappermarkelz","http://bbc.in/t47BNc"
"129765128647348224","","","","","2011-10-28 03:43:12 +0000","<a href=""http://flickr.com/services/twitter/"" rel=""nofollow"">Flickr</a>","8:36pm Walking home after a productive day despite coming down with a cold http://t.co/JqUA6h29","http://flic.kr/p/azDYAA"
"129618406344372224","","","129618333204090881","250986038","2011-10-27 18:00:10 +0000","<a href=""http://itunes.apple.com/us/app/twitter/id409789998?mt=12"" rel=""nofollow"">Twitter for Mac</a>","RT @habitlabs: 15lbs by 2012: week 3. Weight barely moving so far:  
http://t.co/JkG7vG6e","http://blog.habitlabs.com/post/11996356994/15lbs-by-2012-3-weeks-down-10-to-go"
"129406457576833024","","","","","2011-10-27 03:57:58 +0000","<a href=""http://twitter.com/download/iphone"" rel=""nofollow"">Twitter for iPhone</a>","""I don't have the recipe for happiness, but I don't think it has many ingredients"" - Erik Kennedy at Seattle #quantifiedself meetup"
"129402371410366464","","","","","2011-10-27 03:41:44 +0000","<a href=""http://flickr.com/services/twitter/"" rel=""nofollow"">Flickr</a>","8:36pm Only 1 guy stone cold passed out at our #quantifiedself meetup http://t.co/L5FnE639","http://flic.kr/p/azpDUS"
"129330811697774594","","","","","2011-10-26 22:57:23 +0000","<a href=""http://itunes.apple.com/us/app/twitter/id409789998?mt=12"" rel=""nofollow"">Twitter for Mac</a>","Hey! You should come to our 3rd Seattle #QuantifiedSelf meetup tonight @ 6pm! http://t.co/947WUHDZ","http://www.meetup.com/Quantified-Self-Seattle/events/36589652/"
"129303029626314752","129297570886463488","947851","","","2011-10-26 21:06:59 +0000","<a href=""http://itunes.apple.com/us/app/twitter/id409789998?mt=12"" rel=""nofollow"">Twitter for Mac</a>","@dreeves I really enjoyed the soundtrack! Actually looked for it on @rdio this morning..."
"129267275827122176","","","","","2011-10-26 18:44:54 +0000","<a href=""http://itunes.apple.com/us/app/twitter/id409789998?mt=12"" rel=""nofollow"">Twitter for Mac</a>","Grit: http://t.co/8NdIoiVd (includes results of the survey that you may have participated in)","http://blog.habitlabs.com/post/11956265524/grit"
"129244253607043072","129241928175861761","14976274","","","2011-10-26 17:13:25 +0000","<a href=""http://itunes.apple.com/us/app/twitter/id409789998?mt=12"" rel=""nofollow"">Twitter for Mac</a>","@DobraWorks Not that would affect that intentionally. What kind of behavior are you seeing exactly?"
"129047892383105024","","","","","2011-10-26 04:13:09 +0000","<a href=""http://flickr.com/services/twitter/"" rel=""nofollow"">Flickr</a>","8:36pm Moneyball won the votes but Drive won our moods. Thanks for the help! #fb http://t.co/Pz0V17az","http://flic.kr/p/az6R2t"
"129024006635524096","","","","","2011-10-26 02:38:14 +0000","<a href=""http://twitter.com/download/iphone"" rel=""nofollow"">Twitter for iPhone</a>","Does anyone have a good movie recommendation that's still in the theaters? #fb"
"129011208522182656","","","","","2011-10-26 01:47:23 +0000","<a href=""http://itunes.apple.com/us/app/twitter/id409789998?mt=12"" rel=""nofollow"">Twitter for Mac</a>","I'm going! RT @ameliagreenhall: I'm making a photo-filled presentation for tmrw night's #QuantifiedSelf Seattle meetup: http://t.co/WVakFnq1","http://www.meetup.com/Quantified-Self-Seattle/"
"128857500979183616","128742088958423041","5559292","","","2011-10-25 15:36:36 +0000","<a href=""http://twitter.com/download/iphone"" rel=""nofollow"">Twitter for iPhone</a>","@etucker @vizify You should make a big call to sign up from my data page but since I was sharing my page I felt a little tricked..."
"128719826456821760","","","","","2011-10-25 06:29:32 +0000","<a href=""http://itunes.apple.com/us/app/twitter/id409789998?mt=12"" rel=""nofollow"">Twitter for Mac</a>","Not sure why @vizify links to that page. This is my real #tweetsheet: http://t.co/vnQT8e3v (most-retweeted tweets is pretty interesting)","http://vizify.com/tweetsheet/busterbenson"
"128718761783066624","","","","","2011-10-25 06:25:18 +0000","<a href=""http://twitter.com/tweetbutton"" rel=""nofollow"">Tweet Button</a>","So cool! Angry Birds + your tweets * infographic = #TweetSheet  http://t.co/BS92xY5p via @vizify","http://vizify.com/tweetsheet?c=mb&from=busterbenson"
"128685289538457600","","","","","2011-10-25 04:12:18 +0000","<a href=""http://flickr.com/services/twitter/"" rel=""nofollow"">Flickr</a>","8:36pm Walking to meet Scott. http://t.co/NqL4o8n7","http://flic.kr/p/ayPovF"
"128631505835663361","128631265564950530","246531241","","","2011-10-25 00:38:35 +0000","<a href=""http://itunes.apple.com/us/app/twitter/id409789998?mt=12"" rel=""nofollow"">Twitter for Mac</a>","@ameliagreenhall Nicely done! We should record our personal records at @habitlabs and see who can continually beat them week to week."
"128589329219072002","128588634537476097","18999752","","","2011-10-24 21:50:59 +0000","<a href=""http://itunes.apple.com/us/app/twitter/id409789998?mt=12"" rel=""nofollow"">Twitter for Mac</a>","@ellenthatcher I got them from a psychologist named Angela Lee Duckworth."
"128585105450078209","128584915108372481","18609085","","","2011-10-24 21:34:12 +0000","<a href=""http://itunes.apple.com/us/app/twitter/id409789998?mt=12"" rel=""nofollow"">Twitter for Mac</a>","@anewthought I'm constantly amazed at the level of consistency people have around this. Congrats!"
"128585000865116160","","","128584915108372481","18609085","2011-10-24 21:33:47 +0000","<a href=""http://itunes.apple.com/us/app/twitter/id409789998?mt=12"" rel=""nofollow"">Twitter for Mac</a>","RT @anewthought: @busterbenson Reached the 365 day milestone yesterday, and still going - thank you *so* much for 750Words!"
"128584597658279936","","","","","2011-10-24 21:32:11 +0000","<a href=""http://itunes.apple.com/us/app/twitter/id409789998?mt=12"" rel=""nofollow"">Twitter for Mac</a>","Getting some really interesting results from my grit survey so far. Take it and pass it on for best results: http://t.co/8FGMs9p3","http://healthmonth.wufoo.com/forms/grit-scale/"
"128584086506844160","","","128583482384457728","255784266","2011-10-24 21:30:09 +0000","<a href=""http://itunes.apple.com/us/app/twitter/id409789998?mt=12"" rel=""nofollow"">Twitter for Mac</a>","RT @geekwire: Are you sacrificing happiness and long-term wealth for short term gains? http://t.co/UNP8vGhL","http://goo.gl/fb/LCgcG"
"128565525956665345","128344222171529216","20833838","","","2011-10-24 20:16:24 +0000","<a href=""http://twitter.com/download/iphone"" rel=""nofollow"">Twitter for iPhone</a>","@carinnatarvin So excited that you finally met Jimmy James!"
"128546221060141058","128543487485415424","761975","","","2011-10-24 18:59:42 +0000","<a href=""http://itunes.apple.com/us/app/twitter/id409789998?mt=12"" rel=""nofollow"">Twitter for Mac</a>","@mathowie It's surprisingly difficult. I had no idea."
"128538509328908288","","","128538132974014464","17843236","2011-10-24 18:29:03 +0000","<a href=""http://itunes.apple.com/us/app/twitter/id409789998?mt=12"" rel=""nofollow"">Twitter for Mac</a>","RT @SusannahFox: @busterbenson Done! 30 seconds."
"128538442744344576","128538132974014464","17843236","","","2011-10-24 18:28:47 +0000","<a href=""http://itunes.apple.com/us/app/twitter/id409789998?mt=12"" rel=""nofollow"">Twitter for Mac</a>","@SusannahFox Awesome! I may make this a regular twitter exercise. :) Ow, my stomach hurts."
"128538177362333696","128537368524374016","28838912","","","2011-10-24 18:27:44 +0000","<a href=""http://itunes.apple.com/us/app/twitter/id409789998?mt=12"" rel=""nofollow"">Twitter for Mac</a>","@kavla Yes, need to read up more on how to build up grit. What is it? Identify weaknesses and train? /cc @the99percent"
"128537958629392384","","","","","2011-10-24 18:26:52 +0000","<a href=""http://itunes.apple.com/us/app/twitter/id409789998?mt=12"" rel=""nofollow"">Twitter for Mac</a>","I got 2:23, new PR! #dolphinplank"
"128536745762496512","","","","","2011-10-24 18:22:02 +0000","<a href=""http://itunes.apple.com/us/app/twitter/id409789998?mt=12"" rel=""nofollow"">Twitter for Mac</a>","Everyone, stop what you're doing and do dolphin plank pose for as long as you can right now. And report back. Go! http://t.co/IZwqZZhc","http://yoga.theholisticcare.com/yoga/56-dolphin-plank-pose.html"
"128535340884574210","","","","","2011-10-24 18:16:27 +0000","<a href=""http://itunes.apple.com/us/app/twitter/id409789998?mt=12"" rel=""nofollow"">Twitter for Mac</a>","Some background on the Grit Scale: grit is more important than talent: http://t.co/0ILmKLw6 /by @the99percent","http://the99percent.com/articles/7094/The-Future-of-Self-Improvement-Grit-Is-More-Important-Than-Talent"
"128526076241657856","","","","","2011-10-24 17:39:39 +0000","<a href=""http://itunes.apple.com/us/app/twitter/id409789998?mt=12"" rel=""nofollow"">Twitter for Mac</a>","Duplicated the Grit Scale test for people to try out.  Can you fill it out with honest answers? http://t.co/8FGMs9p3","http://healthmonth.wufoo.com/forms/grit-scale/"
"128506253742841857","","","128503837865676802","10221","2011-10-24 16:20:53 +0000","<a href=""http://twitter.com/download/iphone"" rel=""nofollow"">Twitter for iPhone</a>","RT @thatdrew: try your best to do something awesome this week."
"128347967554985984","128343784806293504","26769877","","","2011-10-24 05:51:54 +0000","<a href=""http://twitter.com/download/iphone"" rel=""nofollow"">Twitter for iPhone</a>","@josablack Thank you! How did you find it?"
"128320724137033728","128318125501460480","24891221","","","2011-10-24 04:03:39 +0000","<a href=""http://itunes.apple.com/us/app/twitter/id409789998?mt=12"" rel=""nofollow"">Twitter for Mac</a>","@SuzieInsight Sure thing! Done. Looks like a great event! Loved her TED talk."
"128320540644614144","","","128318125501460480","24891221","2011-10-24 04:02:55 +0000","<a href=""http://itunes.apple.com/us/app/twitter/id409789998?mt=12"" rel=""nofollow"">Twitter for Mac</a>","RT @SuzieInsight: Hi @busterbenson Please RT & share? Neuroanatomist Dr Jill Bolte Taylor will speaking Benaroya Hall in Seattle Wed.Nov ..."
"128315770869518337","","","","","2011-10-24 03:43:58 +0000","<a href=""http://flickr.com/services/twitter/"" rel=""nofollow"">Flickr</a>","8:36pm Got some Trader Joe's pumpkins! http://t.co/yJoY7mPw","http://flic.kr/p/ayuvKp"
"128265355960389632","","","","","2011-10-24 00:23:38 +0000","<a href=""http://instagr.am"" rel=""nofollow"">Instagram</a>","Just spraypainting @andypixel while wearing a fat suit  @ Pixel Palace Hostel and Petting Zoo http://t.co/chG705tU","http://instagr.am/p/RPZaO/"
"127954409962479617","","","","","2011-10-23 03:48:03 +0000","<a href=""http://flickr.com/services/twitter/"" rel=""nofollow"">Flickr</a>","8:36pm Walking home is so enjoyable after a rain and a fulfilling day of work http://t.co/xhaXfaYg","http://flic.kr/p/ay98LH"
"127829826261364736","","","","","2011-10-22 19:33:00 +0000","web","A great overview of http://t.co/UX1MtnBq from @TheNextWeb: http://t.co/wphfiNlm (free prize inside too, for close readers)","http://healthmonth.com","http://thenextweb.com/apps/2011/10/22/health-month-the-game-that-will-trick-you-into-a-healthier-lifestyle/"
"127623058193260544","127622226873823233","22118364","","","2011-10-22 05:51:22 +0000","<a href=""http://twitter.com/download/iphone"" rel=""nofollow"">Twitter for iPhone</a>","@allenmmurray Deception/inauthenticity is required?"
"127622223937810433","127620957002145792","6160742","","","2011-10-22 05:48:03 +0000","<a href=""http://twitter.com/download/iphone"" rel=""nofollow"">Twitter for iPhone</a>","@bryce I agree but that requires steady hands and a steady mind, and is my night's riddle. PS apologies for the profanity. :)"
"127620839188332544","127620613849358337","14936359","","","2011-10-22 05:42:33 +0000","<a href=""http://twitter.com/download/iphone"" rel=""nofollow"">Twitter for iPhone</a>","@stephdub bingo is your nameo."
"127620617867509760","127620287356342272","11113","","","2011-10-22 05:41:41 +0000","<a href=""http://twitter.com/download/iphone"" rel=""nofollow"">Twitter for iPhone</a>",".@mat That might be the crack to the riddle: to do both at once. #tweetkoan"
"127620017176051712","","","","","2011-10-22 05:39:17 +0000","<a href=""http://twitter.com/download/iphone"" rel=""nofollow"">Twitter for iPhone</a>","Solo bar time question to self: what's a better competitive advantage long term: not giving a shit or caring a fuck ton?"
"127615262873751552","","","127606980826251264","814304","2011-10-22 05:20:24 +0000","<a href=""http://twitter.com/download/iphone"" rel=""nofollow"">Twitter for iPhone</a>","RT @arielwaldman: On this sad, lonely Friday night, @benward and I are launching a new tumblr called Emo Science: http://t.co/29L8WoAA ( ...","http://emoscience.tumblr.com/"
"127599545659047936","","","","","2011-10-22 04:17:57 +0000","<a href=""http://flickr.com/services/twitter/"" rel=""nofollow"">Flickr</a>","8:36pm Going out by myself, hoping the white noise fades away a tiny bit http://t.co/Ae7NbpVo","http://flic.kr/p/axV9eL"
"127586797172695040","","","","","2011-10-22 03:27:17 +0000","<a href=""http://twitter.com/download/iphone"" rel=""nofollow"">Twitter for iPhone</a>","In the battle between parenting and entrepreneuring to exhaust me on a daily basis, the former rarely wins. But today is one of those days."
"127501854337794050","","","","","2011-10-21 21:49:45 +0000","<a href=""http://instagr.am"" rel=""nofollow"">Instagram</a>","Niko opted for watching The Great Punpkin over and over instead of napping today http://t.co/8g8ugrdY","http://instagr.am/p/Q8FJ6/"
"127460977116590081","","","127413852341141504","10760422","2011-10-21 19:07:19 +0000","<a href=""http://twitter.com/download/iphone"" rel=""nofollow"">Twitter for iPhone</a>","RT @daringfireball: Pre-Order ?Steve Jobs? From Amazon: http://t.co/xj6PM8UR","http://df4.us/iif"
"127230099530592256","","","","","2011-10-21 03:49:54 +0000","<a href=""http://flickr.com/services/twitter/"" rel=""nofollow"">Flickr</a>","8:36pm Walking home with my shadow http://t.co/MTCsvtva","http://flic.kr/p/axF4jq"
"127051492489297920","","","127030464899842049","15391002","2011-10-20 16:00:10 +0000","<a href=""http://twitter.com/download/iphone"" rel=""nofollow"">Twitter for iPhone</a>","RT @askotzko: http://t.co/niY7ydGO This is my favorite ""bike for the mind"" If you do it consistently, you'll get deep but subtle value / ...","http://750words.com/"
"126870980298682368","","","","","2011-10-20 04:02:53 +0000","<a href=""http://flickr.com/services/twitter/"" rel=""nofollow"">Flickr</a>","8:36pm Brain all used up. Watching Tenure on our brand new internets. http://t.co/0e2EkU74","http://flic.kr/p/axqz19"
"126828835105816577","","","","","2011-10-20 01:15:25 +0000","<a href=""http://itunes.apple.com/us/app/twitter/id409789998?mt=12"" rel=""nofollow"">Twitter for Mac</a>","Life's complex plane: http://t.co/NFcB8vyn /via @ilovecharts","http://ilovecharts.tumblr.com/post/11673119659/life-complex-plane"
"126796408970940416","","","","","2011-10-19 23:06:34 +0000","<a href=""http://itunes.apple.com/us/app/twitter/id409789998?mt=12"" rel=""nofollow"">Twitter for Mac</a>","Mark your calenders! The 3rd Seattle #QuantifiedSelf Meetup is a week from today! RSVP: http://t.co/947WUHDZ","http://www.meetup.com/Quantified-Self-Seattle/events/36589652/"
"126794556070047744","126792705073360896","11113","","","2011-10-19 22:59:12 +0000","<a href=""http://itunes.apple.com/us/app/twitter/id409789998?mt=12"" rel=""nofollow"">Twitter for Mac</a>","@mat Awesome! Sent you an email.  /cc @aprilini"
"126791858553765888","126727607340367872","875511","","","2011-10-19 22:48:29 +0000","<a href=""http://itunes.apple.com/us/app/twitter/id409789998?mt=12"" rel=""nofollow"">Twitter for Mac</a>","@mat @aprilini Fitmodo looks awesome. Count me in. Let me know if I can help."
"126785573494071297","","","","","2011-10-19 22:23:30 +0000","<a href=""http://itunes.apple.com/us/app/twitter/id409789998?mt=12"" rel=""nofollow"">Twitter for Mac</a>","Hello, Habit City: http://t.co/9kdmvflt","http://blog.habitlabs.com/post/11668222203"
"126508568747839488","","","","","2011-10-19 04:02:47 +0000","<a href=""http://flickr.com/services/twitter/"" rel=""nofollow"">Flickr</a>","8:36pm Singing Joey for extra points http://t.co/eDn34jb5","http://flic.kr/p/ax9V99"
"126171169714995200","","","126083086390804480","1032241","2011-10-18 05:42:05 +0000","<a href=""http://twitter.com/download/iphone"" rel=""nofollow"">Twitter for iPhone</a>","RT @trappermarkelz: Feynman's ""Rules of Chess"" - http://t.co/RK9obici - Brilliance.","http://bit.ly/pzGh79"
"126169801763725312","126130644140048384","11577462","","","2011-10-18 05:36:39 +0000","<a href=""http://twitter.com/download/iphone"" rel=""nofollow"">Twitter for iPhone</a>","@rachelsmiles That would definitely make me cry. But now I have a goal to work towards!"
"126169614131527680","126159185795751937","35402650","","","2011-10-18 05:35:54 +0000","<a href=""http://twitter.com/download/iphone"" rel=""nofollow"">Twitter for iPhone</a>","@jeffybrite Ooh I'll check it out. Does it get into neurotransmitters and such?"
"126146510437105665","","","","","2011-10-18 04:04:06 +0000","<a href=""http://flickr.com/services/twitter/"" rel=""nofollow"">Flickr</a>","8:36pm Amelia and Adam came over to give me cooking lessons! http://t.co/HTPhfzLZ","http://flic.kr/p/awPsXi"
"126082795142524928","","","126053816931065856","26374915","2011-10-17 23:50:55 +0000","<a href=""http://twitter.com/download/iphone"" rel=""nofollow"">Twitter for iPhone</a>","RT @fonetik: Use Fitbit? Have an iPhone? We made an app for that. http://t.co/tLxkOLKy Just a basic v1.0 but the future is wide open!","http://itunes.apple.com/us/app/fitbit-activity-calorie-tracker/id462638897"
"126051225455165441","","","","","2011-10-17 21:45:28 +0000","<a href=""http://twitter.com/download/iphone"" rel=""nofollow"">Twitter for iPhone</a>","What does dopamine feel like? 

Like that ""can't stop my hand"" feeling in between potato chips, chocolate covered almonds, fries..."
"126041217141194752","126038454072127488","6726182","","","2011-10-17 21:05:42 +0000","<a href=""http://twitter.com/download/iphone"" rel=""nofollow"">Twitter for iPhone</a>","@TheCulprit That's what I was thinking too! Surprisingly tough, and quick! Might have to get everyone's baseline next week. :)"
"126040934000508929","126038793127084033","29344406","","","2011-10-17 21:04:35 +0000","<a href=""http://twitter.com/download/iphone"" rel=""nofollow"">Twitter for iPhone</a>","@judidec @rachelsmiles That would be fun. Might be possible if there were daycare options."
"126034296170491904","","","","","2011-10-17 20:38:12 +0000","<a href=""http://twitter.com/download/iphone"" rel=""nofollow"">Twitter for iPhone</a>","Wow, planks are tough! Just tried it and barely got to 2 minutes. How long can you go? http://t.co/oOe43Yhx","http://www.notyouraveragefitnesstips.com/six-pack-abs/how-to-get-washboard-abs-plank-exercises-no-more-crunches"
"126022009758031872","126020479713673216","18166976","","","2011-10-17 19:49:23 +0000","<a href=""http://twitter.com/download/iphone"" rel=""nofollow"">Twitter for iPhone</a>","@atownsend0824 That's awesome! Congratulations!"
"125731702231400448","","","","","2011-10-17 00:35:48 +0000","<a href=""http://itunes.apple.com/us/app/instagram/id389801252?mt=8&uo=4"" rel=""nofollow"">Instagram on iOS</a>","Thank you @kaileenelise for catching this mention of http://t.co/UXCYBb9J in O Magazine: http://t.co/ew6lYcG5","http://750words.com","http://instagr.am/p/QbJOf/"
"125713126883721216","125710928531558401","32439209","","","2011-10-16 23:21:59 +0000","<a href=""http://twitter.com/download/iphone"" rel=""nofollow"">Twitter for iPhone</a>","@kaileenelise Wow that's cool! Which edition? Can you take a picture of it?"
"125703495230828544","","","125700323401678848","652193","2011-10-16 22:43:43 +0000","<a href=""http://twitter.com/download/iphone"" rel=""nofollow"">Twitter for iPhone</a>","RT @parislemon: some bigger picture thoughts on Siri, what it ultimately means, and why we care -- Why So?Siri-ous? http://t.co/O1TtfwPJ","http://techcrunch.com/2011/10/16/iphone-siri/"
"125698829352845312","125671134380310529","81391087","","","2011-10-16 22:25:10 +0000","<a href=""http://twitter.com/download/iphone"" rel=""nofollow"">Twitter for iPhone</a>","@elizaIO @sciam I think they have a different role in the gut, mostly to do with appetite regulation. I may be wrong."
"125661043648245760","","","","","2011-10-16 19:55:02 +0000","<a href=""http://twitter.com/download/iphone"" rel=""nofollow"">Twitter for iPhone</a>","In order to make or break a habit, you need to revolt against your subconscious. In order to keep a habit, you need to give in to it again."
"125641913805189121","125635964243681280","81391087","","","2011-10-16 18:39:01 +0000","<a href=""http://twitter.com/download/iphone"" rel=""nofollow"">Twitter for iPhone</a>","@elizaIO I've heard that digesting seratonin and dopamine don't really have an impact... they don't make it back up to the brain."
"125604716427218944","","","","","2011-10-16 16:11:12 +0000","<a href=""http://twitter.com/download/iphone"" rel=""nofollow"">Twitter for iPhone</a>","Believe it or not, I like this idea! RT @Techmeme: Are Facebook ID Cards In Our Future? (@alexia / TechCrunch) http://t.co/wC2wkwTa","http://tcrn.ch/n3R6Pe"
"125419751714455552","","","","","2011-10-16 03:56:13 +0000","<a href=""http://flickr.com/services/twitter/"" rel=""nofollow"">Flickr</a>","8:36pm Celebrating the birth of the beautiful @Kellianne! http://t.co/vT4kPj48","http://flic.kr/p/awbmRs"
"125395162657603586","125393696039514112","4981271","","","2011-10-16 02:18:31 +0000","<a href=""http://twitter.com/download/iphone"" rel=""nofollow"">Twitter for iPhone</a>","@sourjayne Did the sim get deactivated? That happened to Kellianne's phone and we had to take it to an AT&T store."
"125304609337118721","","","","","2011-10-15 20:18:41 +0000","<a href=""http://itunes.apple.com/us/app/twitter/id409789998?mt=12"" rel=""nofollow"">Twitter for Mac</a>","The look of surprise and fear is pretty consistent in these bros: http://t.co/ClV6KmJe I want to know what's scaring them.","http://www.buzzfeed.com/awesomer/scared-bros-at-a-haunted-house"
"125057385860562944","","","","","2011-10-15 03:56:18 +0000","<a href=""http://flickr.com/services/twitter/"" rel=""nofollow"">Flickr</a>","8:36pm Got @kellianne the new iPhone on my account, but can't switch it to her number after 2hrs of trying http://t.co/XaAp3GsC","http://flic.kr/p/avRnk6"
"124698118817202177","124696991149211648","17905221","","","2011-10-14 04:08:42 +0000","<a href=""http://itunes.apple.com/us/app/twitter/id409789998?mt=12"" rel=""nofollow"">Twitter for Mac</a>","@MyBodyTutor Just me! Part of it is learning about how my brain reacts to change. :)"
"124696063176228864","","","124695878777843712","13134132","2011-10-14 04:00:32 +0000","<a href=""http://itunes.apple.com/us/app/twitter/id409789998?mt=12"" rel=""nofollow"">Twitter for Mac</a>","RT @bahoo: @busterbenson 'Force' is the perfect way to frame it. It's an upstream battle against years of evolutionary 'success.' Dig it."
"124695879281152000","124695367978717184","12761252","","","2011-10-14 03:59:49 +0000","<a href=""http://itunes.apple.com/us/app/twitter/id409789998?mt=12"" rel=""nofollow"">Twitter for Mac</a>","@haikugirl I'm just trying salads out. I always wanted to start a movement to eat salads as meals. Except for the whole revolted part... :)"
"124694507152355328","124694259478695936","12761252","","","2011-10-14 03:54:21 +0000","<a href=""http://itunes.apple.com/us/app/twitter/id409789998?mt=12"" rel=""nofollow"">Twitter for Mac</a>","@haikugirl The salads are delicious, once I'm eating them. It's just the thought of them that's revolting. :) Some goes with running."
"124691512285085697","","","","","2011-10-14 03:42:27 +0000","<a href=""http://itunes.apple.com/us/app/twitter/id409789998?mt=12"" rel=""nofollow"">Twitter for Mac</a>","Tell me what you think of this post, on ""forcing"" new behaviors. http://t.co/rr9yOekc","http://bustr.tumblr.com/post/11424471411/forcing-it"
"124691342449328128","","","","","2011-10-14 03:41:47 +0000","<a href=""http://flickr.com/services/twitter/"" rel=""nofollow"">Flickr</a>","8:36pm Finishing a blog post that got really weird by the end http://t.co/acAGZsm4","http://flic.kr/p/avB2sx"
"124514622807085056","","","124514063412768769","10609","2011-10-13 15:59:34 +0000","<a href=""http://twitter.com/download/iphone"" rel=""nofollow"">Twitter for iPhone</a>","RT @superamit: One big ole bear hug and a shout out to @irondavy and @tagsavage for designing this website for me ? http://t.co/vT7Q4m60","http://amitguptaneedsyou.com/"
"124507612514492416","","","124501388947505152","250986038","2011-10-13 15:31:42 +0000","<a href=""http://twitter.com/download/iphone"" rel=""nofollow"">Twitter for iPhone</a>","RT @habitlabs: Things people are saying about Habit Labs. - The press page. Now with quotations. http://t.co/LOMQkM3Z","http://tumblr.com/Za7pnxAdGG7p"
"124364235106037760","","","","","2011-10-13 06:01:58 +0000","<a href=""http://twitter.com/download/iphone"" rel=""nofollow"">Twitter for iPhone</a>","Siri + Bluetooth 4.0 + smart watches or in ear headsets? I'm not the only one daydreaming: http://t.co/ppFbthWN /cc @joshumami","http://www.gottabemobile.com/2011/10/07/iphone-4s-siri-bluetooth-4-0-awesome-smart-watch/"
"124360595314192384","124359264725774336","11815632","","","2011-10-13 05:47:31 +0000","<a href=""http://twitter.com/download/iphone"" rel=""nofollow"">Twitter for iPhone</a>","@joshumami I definitely will. Siri is the killer feature for me to make the jump."
"124358799413870592","124358145245069314","11815632","","","2011-10-13 05:40:22 +0000","<a href=""http://twitter.com/download/iphone"" rel=""nofollow"">Twitter for iPhone</a>","@joshumami Which Bose headsets do you recommend?"
"124357899727290368","","11815632","","","2011-10-13 05:36:48 +0000","<a href=""http://twitter.com/download/iphone"" rel=""nofollow"">Twitter for iPhone</a>","@joshumami Thanks for the tips. Was there a way to trigger voice control mode from the headset or did it have to be triggered on phone?"
"124350568440414208","124349433918914560","11815632","","","2011-10-13 05:07:40 +0000","<a href=""http://twitter.com/download/iphone"" rel=""nofollow"">Twitter for iPhone</a>","@joshumami Lastly, do you think it'll work smoothly with Siri integration in iPhone 4S? Can you imagine an easy way to speak to Siri?"
"124350159466397698","124349433918914560","11815632","","","2011-10-13 05:06:02 +0000","<a href=""http://twitter.com/download/iphone"" rel=""nofollow"">Twitter for iPhone</a>","@joshumami Thanks! 1) how much does Bluetooth affect battery life? 2) do you like it/use it often? 3) can you talk into it?"
"124328879010746369","","","","","2011-10-13 03:41:29 +0000","<a href=""http://flickr.com/services/twitter/"" rel=""nofollow"">Flickr</a>","8:36pm I'm that guy who comes home too late to say goodnight to his son this week http://t.co/sxDb3yqs","http://flic.kr/p/avoArU"
"124319723616874497","124221350402473985","2038","","","2011-10-13 03:05:06 +0000","<a href=""http://twitter.com/download/iphone"" rel=""nofollow"">Twitter for iPhone</a>","@kstar Yes! I'll dm you our new address!"
"124319403843141632","","","","","2011-10-13 03:03:50 +0000","<a href=""http://twitter.com/download/iphone"" rel=""nofollow"">Twitter for iPhone</a>","Is anyone who has used the Jawbone Bluetooth headset with an iPhone willing to answer some of my naive questions about how it all works?"
"124026678010839040","","","124008915296993280","10760422","2011-10-12 07:40:38 +0000","<a href=""http://twitter.com/download/iphone"" rel=""nofollow"">Twitter for iPhone</a>","RT @daringfireball: ? The iPhone 4S: http://t.co/4sV0PVyN","http://df4.us/ifs"
"124003562199056384","124000257796349952","761628","","","2011-10-12 06:08:47 +0000","<a href=""http://twitter.com/download/iphone"" rel=""nofollow"">Twitter for iPhone</a>","@RickWebb You should've sold it to Apple so they could build the 4SC."
"123992812533448704","","","123987811127926784","14763501","2011-10-12 05:26:04 +0000","<a href=""http://twitter.com/download/iphone"" rel=""nofollow"">Twitter for iPhone</a>","RT @crashdev: Smartphones are the Singularity on little cat feet http://t.co/yItvJq07 cc @romotive @busterbenson @jensmccabe","http://crashdev.blogspot.com/2011/10/are.html"
"123988719702249473","","","","","2011-10-12 05:09:49 +0000","<a href=""http://twitter.com/download/iphone"" rel=""nofollow"">Twitter for iPhone</a>","I'm super excited about the iPhone 4S Siri stuff, but the *real question* is will it be smarter than the Subservient Chicken? /cc @rickwebb"
"123986510780432384","","","123969026627080192","772386","2011-10-12 05:01:02 +0000","<a href=""http://twitter.com/download/iphone"" rel=""nofollow"">Twitter for iPhone</a>","RT @willotoons: @busterbenson Hey, look! 750 Words got a shout out on @marieforleo's Q&A Tuesday! http://t.co/CmIKYPhK /cc @enjoymentland","http://bit.ly/pC8wCZ"
"123986393520291841","","","","","2011-10-12 05:00:34 +0000","<a href=""http://twitter.com/download/iphone"" rel=""nofollow"">Twitter for iPhone</a>","Thank you! 200 days is amazing! RT @derellique: I just completed 200 day's of consecutive writing. @busterbenson your program is incredible!"
"123971892779552769","123969026627080192","772386","","","2011-10-12 04:02:57 +0000","<a href=""http://itunes.apple.com/us/app/twitter/id409789998?mt=12"" rel=""nofollow"">Twitter for Mac</a>","@willotoons That's awesome (and explains the traffic bump). Thx for passing it on. And thank you, @marieforleo, for the mention. #750words"
"123958160175267840","","","","","2011-10-12 03:08:23 +0000","<a href=""http://twitter.com/tweetbutton"" rel=""nofollow"">Tweet Button</a>","Neat way to re-see the @instagram photos you took exactly a year ago: http://t.co/IzmeclDO","http://And7YearsAgram.com"
"123868109269516288","","","","","2011-10-11 21:10:33 +0000","<a href=""http://itunes.apple.com/us/app/twitter/id409789998?mt=12"" rel=""nofollow"">Twitter for Mac</a>","1 week down, 12 to go! http://t.co/VebfoOlw

Down .5lbs since last week...","http://blog.habitlabs.com/post/11328627947/1-week-down-12-to-go"
"123628854760849408","","","","","2011-10-11 05:19:50 +0000","<a href=""http://itunes.apple.com/us/app/twitter/id409789998?mt=12"" rel=""nofollow"">Twitter for Mac</a>","Working with converting between multiple time zones, and doing calculations between them, has once again reduced my brain to mush. #ouch"
"123618839790485504","123618397438226432","4267","","","2011-10-11 04:40:02 +0000","<a href=""http://itunes.apple.com/us/app/twitter/id409789998?mt=12"" rel=""nofollow"">Twitter for Mac</a>","@halfshadows Not yet, but it is planned."
"123604247555211265","","","","","2011-10-11 03:42:03 +0000","<a href=""http://flickr.com/services/twitter/"" rel=""nofollow"">Flickr</a>","8:36pm Working late, in the zone. Here are a few random things on my desk. http://t.co/AJabfJOP","http://flic.kr/p/auPqku"
"123603399865405440","","","","","2011-10-11 03:38:41 +0000","<a href=""http://itunes.apple.com/us/app/twitter/id409789998?mt=12"" rel=""nofollow"">Twitter for Mac</a>","Do you think the mental work of writing code for years decreases or increases the risk of eventually getting Alzheimer's?"
"123569866920828929","123568912305627136","1059951","","","2011-10-11 01:25:26 +0000","<a href=""http://itunes.apple.com/us/app/twitter/id409789998?mt=12"" rel=""nofollow"">Twitter for Mac</a>","@MichelleBee Well I AM a BIG fan of @nickcrocker, and would love to spar over the finer points of behavior change any day. /cc @ignitenyc"
"123566694261194752","123565982584274944","1059951","","","2011-10-11 01:12:50 +0000","<a href=""http://itunes.apple.com/us/app/twitter/id409789998?mt=12"" rel=""nofollow"">Twitter for Mac</a>","@MichelleBee @ignitenyc I strongly disagree w/both. Losing something, framed another way, can be a gift, or it can be freeing. Who's talk?"
"123486462619549697","","","123486009693437952","14258044","2011-10-10 19:54:01 +0000","<a href=""http://itunes.apple.com/us/app/twitter/id409789998?mt=12"" rel=""nofollow"">Twitter for Mac</a>","RT @jensmccabe: come hang with team Habit Labs tomorrow night at Seattle Beta: http://t.co/0NlS8UMj","http://seattlebeta.eventbrite.com/?discount=demoguest"
"123241216912531457","","","","","2011-10-10 03:39:30 +0000","<a href=""http://flickr.com/services/twitter/"" rel=""nofollow"">Flickr</a>","8:36pm Refactoring some thoughts, like a nerd http://t.co/6yrEaBU4","http://flic.kr/p/aupmHK"
"123240137617453058","","","123220551325073408","8708232","2011-10-10 03:35:13 +0000","<a href=""http://twitter.com/download/iphone"" rel=""nofollow"">Twitter for iPhone</a>","RT @brynn: My friends +elle luna and +Brenden Mulligan put together a site in support of our friend +Amit Gupta, who was... http://t.co/ ..."
"123102278323412993","","","","","2011-10-09 18:27:24 +0000","<a href=""http://twitter.com/download/iphone"" rel=""nofollow"">Twitter for iPhone</a>","Insightful post from @chiefdoorman and @GeekWireNews if you're building a web business: What are your golden metrics? http://t.co/GE2maMmQ","http://goo.gl/fb/NhCVm"
"122898729014534144","","","","","2011-10-09 04:58:35 +0000","<a href=""http://flickr.com/services/twitter/"" rel=""nofollow"">Flickr</a>","8:36pm @Kellianne and @Alicetiara didn't let me eat any of this dessert http://t.co/BS0eAcOc","http://flic.kr/p/au5krF"
"122818785211187200","122787065275498496","408","","","2011-10-08 23:40:54 +0000","<a href=""http://twitter.com/download/iphone"" rel=""nofollow"">Twitter for iPhone</a>","@endquote Cool! Whatcha doing there? Roof party?"
"122736863806107648","","","","","2011-10-08 18:15:23 +0000","<a href=""http://twitter.com/download/iphone"" rel=""nofollow"">Twitter for iPhone</a>","After speaking with Adam from @mybodytutor, excited to have his help with losing 15lbs. Check his service out: http://t.co/2MMvPvS3","http://mybodytutor.com"
"122526834435964928","","","122391694015606786","10609","2011-10-08 04:20:48 +0000","<a href=""http://twitter.com/download/iphone"" rel=""nofollow"">Twitter for iPhone</a>","RT @superamit: Seth Godin, my friend & mentor, and now my hero, offers a profile on his blog + $10K to someone who matches & donates htt ..."
"122522693579972608","122517763158847488","6343","","","2011-10-08 04:04:21 +0000","<a href=""http://twitter.com/download/iphone"" rel=""nofollow"">Twitter for iPhone</a>","@amylola I'll let you know what I think! Haven't read the books but heard good things!"
"122516701869903875","","","","","2011-10-08 03:40:32 +0000","<a href=""http://flickr.com/services/twitter/"" rel=""nofollow"">Flickr</a>","8:36pm Watching Golden Compass and thinking about writing something http://t.co/2xq6HmYm","http://flic.kr/p/atMiMc"
"122504353683738625","","","","","2011-10-08 02:51:28 +0000","<a href=""http://twitter.com/download/iphone"" rel=""nofollow"">Twitter for iPhone</a>","Very interesting argument about the future of work by @crashdev, which seems right to me: http://t.co/GTl5FJOL","http://crashdev.blogspot.com/2011/10/future-of-work-what-happens-when-talent.html"
"122502904593645569","","","122486468202610689","816653","2011-10-08 02:45:43 +0000","<a href=""http://twitter.com/download/iphone"" rel=""nofollow"">Twitter for iPhone</a>","RT @TechCrunch: Here's To The Crazy One http://t.co/Xqguvvw2 by @parislemon","http://tcrn.ch/mTAX6m"
"122474513790287872","122466655145177088","15391002","","","2011-10-08 00:52:54 +0000","<a href=""http://twitter.com/download/iphone"" rel=""nofollow"">Twitter for iPhone</a>","@askotzko Yeah, I definitely could, though my thoughts may not be that insightful."
"122466301280129024","122437916453646336","15391002","","","2011-10-08 00:20:16 +0000","<a href=""http://twitter.com/download/iphone"" rel=""nofollow"">Twitter for iPhone</a>","@askotzko Thank you! That was my goal. With writing tools it's important that they not get in the way!"
"122321617169813504","","","","","2011-10-07 14:45:20 +0000","<a href=""http://twitter.com/download/iphone"" rel=""nofollow"">Twitter for iPhone</a>","Is anyone eligible for a new iPhone but going to wait til at least Dec 1st to buy? I'll trade you eligibilities, and be your best friend!"
"122286630852755456","","","","","2011-10-07 12:26:19 +0000","<a href=""http://twitter.com/download/iphone"" rel=""nofollow"">Twitter for iPhone</a>","Got one for @kellianne. I'm not eligible til 12/1 though :( RT @MacRumors: Apple Now Accepting Pre-Orders for iPhone 4S http://t.co/56pF8OYB","http://macrumo.rs/nmPZMV"
"122156567142481920","","","","","2011-10-07 03:49:29 +0000","<a href=""http://flickr.com/services/twitter/"" rel=""nofollow"">Flickr</a>","8:36pm Contemplating my dopamine response to that half empty bottle of wine. 1 glass or no glasses? #15lbstogo http://t.co/ntyTYYO2","http://flic.kr/p/atxmkp"
"122154584163614720","122128682549645313","7210762","","","2011-10-07 03:41:37 +0000","<a href=""http://twitter.com/download/iphone"" rel=""nofollow"">Twitter for iPhone</a>","@jacobyryan I think you may be right! And it turns out that dopamine sharply dips in such situations too."
"122116753168941056","","","","","2011-10-07 01:11:17 +0000","<a href=""http://itunes.apple.com/us/app/twitter/id409789998?mt=12"" rel=""nofollow"">Twitter for Mac</a>","Dopamine encodes the difference between the predicted and experienced reward of an event. So should #gamification. They both help you learn."
"122112234473263104","","","","","2011-10-07 00:53:20 +0000","<a href=""http://itunes.apple.com/us/app/twitter/id409789998?mt=12"" rel=""nofollow"">Twitter for Mac</a>","Dopamine is the hormone that creates a sense of reward in our brains, but what creates that feeling of dread when, say, looking at a salad?"
"122018797422002176","","","","","2011-10-06 18:42:02 +0000","<a href=""http://twitter.com/download/iphone"" rel=""nofollow"">Twitter for iPhone</a>","If you can, please join me in pitching in to help offset testing costs to find a bone marrow match for @superamit: http://t.co/ZC6rggIx","http://brownbones-estw.eventbrite.com/"
"122016785829597185","","","122003399234424832","69149255","2011-10-06 18:34:03 +0000","<a href=""http://twitter.com/download/iphone"" rel=""nofollow"">Twitter for iPhone</a>","RT @cakehealth: ?Do you want to spend the rest of your life selling sugared water or do you want a chance to change the world?"" #stevejobs"
"122012309504786432","","","","","2011-10-06 18:16:16 +0000","<a href=""http://twitter.com/download/iphone"" rel=""nofollow"">Twitter for iPhone</a>","Are you or someone you know from South Asia? Please help @superamit defeat Leukemia by finding a bone marrow match: http://t.co/roaZHOqL","http://happymonster.co/2011/10/06/lets-help-amit-gupta-defeat-leukemia/"
"122010158489534464","","","","","2011-10-06 18:07:43 +0000","<a href=""http://twitter.com/download/iphone"" rel=""nofollow"">Twitter for iPhone</a>","So far, using the MealSnap app to post meals to @busteroverload has been pretty easy. Support me, please? http://t.co/wzdxuysD","http://blog.habitlabs.com/post/11061804386/a-90-day-reverse-new-years-resolution"
"121830439030755328","121803123307188224","23912695","","","2011-10-06 06:13:34 +0000","<a href=""http://twitter.com/download/iphone"" rel=""nofollow"">Twitter for iPhone</a>","@bmorerican Thank you, Rafael!"
"121830316443836416","121613265179652096","792738","","","2011-10-06 06:13:05 +0000","<a href=""http://twitter.com/download/iphone"" rel=""nofollow"">Twitter for iPhone</a>","@Cruftbox Thank you very much, Michael!"
"121792622120538112","","","","","2011-10-06 03:43:18 +0000","<a href=""http://flickr.com/services/twitter/"" rel=""nofollow"">Flickr</a>","8:36pm Relaxing after celebrating @ameliagreenhall's upcoming birthday at our first @habitlabs offsite http://t.co/lEB6cEj5","http://flic.kr/p/athaPF"
"121772104709443584","","","","","2011-10-06 02:21:46 +0000","<a href=""http://twitter.com/devices"" rel=""nofollow"">txt</a>","?"
"121613137752498176","","","121612391409647617","14095370","2011-10-05 15:50:06 +0000","<a href=""http://twitter.com/download/iphone"" rel=""nofollow"">Twitter for iPhone</a>","RT @OffbeatAriel: @busterbenson Andreas and I have found that chanting ""fatty, fatty, fatty"" helps with motivation."
"121607096771944448","","","","","2011-10-05 15:26:05 +0000","<a href=""http://twitter.com/download/iphone"" rel=""nofollow"">Twitter for iPhone</a>","I'm trying to lose 15lbs by New Year's Day! Will you support me by donating $5? Read all about my experiment here: http://t.co/wzdxuysD","http://blog.habitlabs.com/post/11061804386/a-90-day-reverse-new-years-resolution"
"121465733204029440","","","","","2011-10-05 06:04:22 +0000","<a href=""http://instagr.am"" rel=""nofollow"">Instagram</a>","Our anniversary brownie is on fire!  @ Margorie Restaurant http://t.co/wV2vvqT6","http://instagr.am/p/PJbw5/"
"121431029566279680","","","","","2011-10-05 03:46:28 +0000","<a href=""http://instagr.am"" rel=""nofollow"">Instagram</a>","8:36pm 3 years! &lt;3 x infinity to @Kellianne! http://t.co/QzFTUIkV","http://instagr.am/p/PI4Ly/"
"121067003518787584","","","","","2011-10-04 03:39:57 +0000","<a href=""http://flickr.com/services/twitter/"" rel=""nofollow"">Flickr</a>","8:36pm Watching Notes On A Scandal with my headless wife http://t.co/rOTvKw0d","http://flic.kr/p/asL9BS"
"120705047410642944","","","","","2011-10-03 03:41:40 +0000","<a href=""http://flickr.com/services/twitter/"" rel=""nofollow"">Flickr</a>","8:36pm Taking a break from unpacking to watch a rom com http://t.co/5xWiPoBV","http://flic.kr/p/asrK9s"
"120633544518275072","","","","","2011-10-02 22:57:32 +0000","<a href=""http://instagr.am"" rel=""nofollow"">Instagram</a>","What do you think this tiny fenced off tree is all about? http://t.co/7dGiE1Qt","http://instagr.am/p/O7hic/"
"120602397667110913","120524338335203328","78779800","","","2011-10-02 20:53:46 +0000","<a href=""http://twitter.com/download/iphone"" rel=""nofollow"">Twitter for iPhone</a>","@sbfrom Very strange! Which page are you seeing that on?"
"120347135756599296","","","","","2011-10-02 03:59:27 +0000","<a href=""http://flickr.com/services/twitter/"" rel=""nofollow"">Flickr</a>","8:36pm Was working, now walking home http://t.co/rUlOfaiD","http://flic.kr/p/as74Qm"
"120253575220830208","","","120248538662846464","735983","2011-10-01 21:47:41 +0000","<a href=""http://itunes.apple.com/us/app/twitter/id409789998?mt=12"" rel=""nofollow"">Twitter for Mac</a>","RT @gmc: A habit cannot be tossed out the window; it must be coaxed down the stairs a step at a time. ? Mark Twain"
"120238659244007424","","","","","2011-10-01 20:48:24 +0000","<a href=""http://itunes.apple.com/us/app/twitter/id409789998?mt=12"" rel=""nofollow"">Twitter for Mac</a>","I already told @kellianne what I'm getting her for her bday, but you can get one too: http://t.co/cSFVo5Dd ($20 off: http://t.co/vDf41lvH)","http://jawbone.com/speakers/jambox/overview","http://curebit.com/x/W8Z33"
"120214002574966785","","","","","2011-10-01 19:10:26 +0000","<a href=""http://runkeeper.com"" rel=""nofollow"">RunKeeper</a>","Just completed a 2.34 mi walk - First walk to work from our new house! http://t.co/smdEkhDD #RunKeeper","http://rnkpr.com/awgq16"
"120213958010486784","","","","","2011-10-01 19:10:15 +0000","<a href=""http://foursquare.com"" rel=""nofollow"">foursquare</a>","I just unlocked the ""Warm Up"" badge on @foursquare! http://t.co/5XSCHxHs","http://4sq.com/nXxBOu"
"120097669334052864","","","","","2011-10-01 11:28:10 +0000","<a href=""http://twitter.com/download/iphone"" rel=""nofollow"">Twitter for iPhone</a>","Smart answers, Trapper! RT @trappermarkelz: The strategy behind social health games: http://t.co/B2jHUkC1 /by @co_health","http://shar.es/bas9E"
"120093460865875968","","","","","2011-10-01 11:11:26 +0000","<a href=""http://twitter.com/download/iphone"" rel=""nofollow"">Twitter for iPhone</a>","""I ask a hard question. I get 'bullshit, bullshit, polite nonsense bullshit'..."" RT @arrington: Brutal Honesty: http://t.co/wJoeR9oe","http://uncrunched.com/2011/10/01/brutal-honesty/"
"120090625017262080","","","120031639404417024","246531241","2011-10-01 11:00:10 +0000","<a href=""http://twitter.com/download/iphone"" rel=""nofollow"">Twitter for iPhone</a>","RT @ameliagreenhall: Interview, the new issue of the Open Review Quarterly is live: http://t.co/ue3dBlRS","http://openreviewquarterly.com/"
