"tweet_id","in_reply_to_status_id","in_reply_to_user_id","retweeted_status_id","retweeted_status_user_id","timestamp","source","text","expanded_urls"
"142132115763494912","142131772770103296","9973542","","","2011-12-01 06:45:11 +0000","<a href=""http://itunes.apple.com/us/app/twitter/id409789998?mt=12"" rel=""nofollow"">Twitter for Mac</a>","@gregoryheller Once @jawbone UP has an API, I'm sure places like the Health Graph API will aggregate them all together, right?"
"142131528930050048","","","","","2011-12-01 06:42:51 +0000","<a href=""http://itunes.apple.com/us/app/twitter/id409789998?mt=12"" rel=""nofollow"">Twitter for Mac</a>","Totally agree that @jawbone UP + the new @path 2.0 would be pretty dang nifty. http://t.co/VKRi2OtZ /by @alexia","http://techcrunch.com/2011/11/30/path-and-jawbone-up-should-band-together/"
"142104566291369984","","","","","2011-12-01 04:55:43 +0000","<a href=""http://flickr.com/services/twitter/"" rel=""nofollow"">Flickr</a>","8:36pm Walking home, found the mayor of this corner http://t.co/jBUQHTC1","http://flic.kr/p/aNBvbH"
"141946678121988096","141728227881267201","761628","","","2011-11-30 18:28:19 +0000","<a href=""http://itunes.apple.com/us/app/twitter/id409789998?mt=12"" rel=""nofollow"">Twitter for Mac</a>","@RickWebb Yes, I believe so."
"141925408382795776","","","","","2011-11-30 17:03:48 +0000","<a href=""http://path.com/"" rel=""nofollow"">Path 2.0</a>","Testing photos. They really did crib every top app out at the moment. http://t.co/TNSxkeeM","http://path.com/p/46Zl6M"
"141906117553958912","","","","","2011-11-30 15:47:09 +0000","<a href=""http://path.com/"" rel=""nofollow"">Path 2.0</a>","New morning song. http://t.co/n5soOio3","http://path.com/p/1JGBno"
"141905476098064384","","","","","2011-11-30 15:44:36 +0000","<a href=""http://path.com/"" rel=""nofollow"">Path 2.0</a>","I'm gonna hit my Path friend wall pretty soon here. Then things are gonna get ugly! http://t.co/ckC6GEvq","http://path.com/p/2Tfk6E"
"141726443817279488","","","","","2011-11-30 03:53:12 +0000","<a href=""http://foursquare.com"" rel=""nofollow"">foursquare</a>","I just unlocked the ""Bento"" badge on @foursquare! Irasshaimase! http://t.co/yfaLZv6z","http://4sq.com/tL5N1d"
"141676055818805248","","","141639779602280448","10250742","2011-11-30 00:32:58 +0000","<a href=""http://itunes.apple.com/us/app/twitter/id409789998?mt=12"" rel=""nofollow"">Twitter for Mac</a>","RT @mattbinkowski: @busterbenson Nice personal site! Funny how your Google Map in street view has pins scattered all over your yard. :-) ..."
"141655128120893440","141639779602280448","10250742","","","2011-11-29 23:09:49 +0000","<a href=""http://itunes.apple.com/us/app/twitter/id409789998?mt=12"" rel=""nofollow"">Twitter for Mac</a>","@mattbinkowski That's really funny.  Makes it seem like I pace around a lot, tweeting, doesn't it?"
"141543273587159040","","","","","2011-11-29 15:45:20 +0000","<a href=""http://twitter.com/download/iphone"" rel=""nofollow"">Twitter for iPhone</a>","Little Printer is meant to be loved. Watch the video! RT @kottke: Little Printer publishes tiny personal newspapers http://t.co/nbGAfcwV","http://kottke.org/x/4q75"
"141392547686793216","","","","","2011-11-29 05:46:24 +0000","<a href=""http://itunes.apple.com/us/app/twitter/id409789998?mt=12"" rel=""nofollow"">Twitter for Mac</a>","For the record, I follow 1100 and probably only read 5-10% of my tweets. Interesting to think about different breeds of completionists."
"141392290362036224","141391498552950784","776429","","","2011-11-29 05:45:23 +0000","<a href=""http://itunes.apple.com/us/app/twitter/id409789998?mt=12"" rel=""nofollow"">Twitter for Mac</a>","@spangley I do the same thing!"
"141390877993074688","","","","","2011-11-29 05:39:46 +0000","<a href=""http://itunes.apple.com/us/app/twitter/id409789998?mt=12"" rel=""nofollow"">Twitter for Mac</a>","Then again, there's a bias in the answers. People who don't read all their tweets wouldn't have seen the question."
"141390747202105345","","","","","2011-11-29 05:39:15 +0000","<a href=""http://itunes.apple.com/us/app/twitter/id409789998?mt=12"" rel=""nofollow"">Twitter for Mac</a>","Out of 36 replies to this tweet (http://t.co/XzMzvAxs), I'm surprised by how many people read all of their tweets: http://t.co/JVFc5I9y","https://twitter.com/busterbenson/statuses/141218522490601473","http://busterbenson.com/thinkup/post/?t=141218522490601473&n=twitter"
"141379360899866624","","","","","2011-11-29 04:54:00 +0000","<a href=""http://flickr.com/services/twitter/"" rel=""nofollow"">Flickr</a>","8:36pm I wish I had the energy to clean up toys but all I can do is drink a glass of wine http://t.co/kI2qGj8Y","http://flic.kr/p/aMzR4x"
"141279889964793857","141245412047716352","123116307","","","2011-11-28 22:18:45 +0000","<a href=""http://twitter.com/download/iphone"" rel=""nofollow"">Twitter for iPhone</a>","@LilHossler Yup! He opens it for kids Mon and Thurs mornings."
"141279717432111104","141239770876624897","14372614","","","2011-11-28 22:18:04 +0000","<a href=""http://twitter.com/download/iphone"" rel=""nofollow"">Twitter for iPhone</a>","@hsofia It's at this new indoor volleyball court in Georgetown. Mon and Thurs mornings. Is awesome for the kidlets!"
"141239330512437248","","","","","2011-11-28 19:37:35 +0000","<a href=""http://instagr.am"" rel=""nofollow"">Instagram</a>","Seattle beaches are indoors and are turtleneck and overalls appropriate  @ The Sandbox Georgetown http://t.co/VSVidMGv","http://instagr.am/p/WXWC2/"
"141221698279190528","141220539694977024","9525212","","","2011-11-28 18:27:31 +0000","<a href=""http://twitter.com/download/iphone"" rel=""nofollow"">Twitter for iPhone</a>","@dandean Do you just eat them instead?"
"141220009958584321","141218452923887617","17069950","","","2011-11-28 18:20:48 +0000","<a href=""http://twitter.com/download/iphone"" rel=""nofollow"">Twitter for iPhone</a>","@meredithmo Funny. I had the same question about Black Friday! And call me old fashioned but I like the word cyber. :)"
"141218522490601473","","","","","2011-11-28 18:14:54 +0000","<a href=""http://twitter.com/download/iphone"" rel=""nofollow"">Twitter for iPhone</a>","What percentage of tweets in your stream do you think you read? And how many people do you follow?"
"141217625328979968","141205440204771328","7565162","","","2011-11-28 18:11:20 +0000","<a href=""http://twitter.com/download/iphone"" rel=""nofollow"">Twitter for iPhone</a>","@michaelmcdaniel Then why focus on electronics but not books, magazines, sleeping, etc?"
"141192504400809984","","","","","2011-11-28 16:31:30 +0000","<a href=""http://twitter.com/download/iphone"" rel=""nofollow"">Twitter for iPhone</a>","I don't do it. RT @nickbilton: Disruptions: Fliers still must turn off devices before flights, but It's not clear why. http://t.co/gHxZ5k5W","http://nyti.ms/tZSDYN"
"141038924662456320","","","","","2011-11-28 06:21:14 +0000","<a href=""http://flickr.com/services/twitter/"" rel=""nofollow"">Flickr</a>","8:36pm Trying not to eat all of this truffle popcorn http://t.co/CoyD0Lkd","http://flic.kr/p/aM33u4"
"140855469823635456","140778866653401088","9732022","","","2011-11-27 18:12:15 +0000","<a href=""http://twitter.com/download/iphone"" rel=""nofollow"">Twitter for iPhone</a>","@tinjaw Thank you! And please do steal it. :)"
"140651157231124480","","","","","2011-11-27 04:40:23 +0000","<a href=""http://flickr.com/services/twitter/"" rel=""nofollow"">Flickr</a>","8:36pm Walking home. Excited about stuff. http://t.co/bOgB6u4u","http://flic.kr/p/aLnzcv"
"140496527268392961","","","","","2011-11-26 18:25:57 +0000","<a href=""http://www.apple.com"" rel=""nofollow"">Safari on iOS</a>","The rise and fall (or rather dip, in my opinion) of bitcoin: http://t.co/BSW4LVRz","http://m.wired.com/magazine/2011/11/mf_bitcoin/all/1"
"140301188829683713","","","","","2011-11-26 05:29:44 +0000","<a href=""http://flickr.com/services/twitter/"" rel=""nofollow"">Flickr</a>","8:36pm Reading Redirect in bed with Sopor http://t.co/R91AGnGm","http://flic.kr/p/aKS6v8"
"140235087710126080","","","","","2011-11-26 01:07:05 +0000","<a href=""http://foursquare.com"" rel=""nofollow"">foursquare</a>","I just unlocked the Level 2 ""Monkey Bars"" badge on @foursquare! In it to win it! http://t.co/4ibibCuR","http://4sq.com/uUAtuL"
"139927830422233088","","","","","2011-11-25 04:46:09 +0000","<a href=""http://flickr.com/services/twitter/"" rel=""nofollow"">Flickr</a>","8:36pm Talking about contagious diseases post dinner coma http://t.co/wpSTPtJg","http://flic.kr/p/aKo9Xe"
"139866755177775104","","","","","2011-11-25 00:43:27 +0000","<a href=""http://instagr.am"" rel=""nofollow"">Instagram</a>","Turkeygram with guilty-looking dude http://t.co/6jhdnZId","http://instagr.am/p/VsMnL/"
"139797104838184961","","","","","2011-11-24 20:06:41 +0000","<a href=""http://itunes.apple.com/us/app/twitter/id409789998?mt=12"" rel=""nofollow"">Twitter for Mac</a>","Everyone! Mad Men marathon! It's on Netflix Instant. Starting from the beginning?"
"139796079351840768","","","139795913634873344","154236895","2011-11-24 20:02:37 +0000","<a href=""http://itunes.apple.com/us/app/twitter/id409789998?mt=12"" rel=""nofollow"">Twitter for Mac</a>","RT @healthmonth: Happy Thanksgiving from @habitlabs! http://t.co/OVY5im8h","http://healthmonth.tumblr.com/post/13264785569/happy-thanksgiving-from-habit-labs"
"139757584650469376","","","","","2011-11-24 17:29:39 +0000","<a href=""http://itunes.apple.com/us/app/twitter/id409789998?mt=12"" rel=""nofollow"">Twitter for Mac</a>","Does anyone else associate Thanksgiving with Twilight Zone marathons? What's the equivalent in this Hulu age? Flipper?"
"139563924252139521","","","","","2011-11-24 04:40:07 +0000","<a href=""http://flickr.com/services/twitter/"" rel=""nofollow"">Flickr</a>","8:36pm Mom taught us how to make sushi for the Nth time. Might remember this time! http://t.co/W80adgCt","http://flic.kr/p/aJVjKn"
"139502821342064641","","","","","2011-11-24 00:37:19 +0000","<a href=""http://instagr.am"" rel=""nofollow"">Instagram</a>","Remind me to come here more often during winter  @ Tropical Butterfly House http://t.co/92VDT4j8","http://instagr.am/p/VgCMh/"
"139387848540438529","139352278074277888","822858","","","2011-11-23 17:00:27 +0000","<a href=""http://twitter.com/download/iphone"" rel=""nofollow"">Twitter for iPhone</a>","@tedroden @arainert Busted! I was sort of reveling in the fact that nobody could know it was me."
"139323107478478848","","","139312937004314624","14076943","2011-11-23 12:43:11 +0000","<a href=""http://twitter.com/download/iphone"" rel=""nofollow"">Twitter for iPhone</a>","RT @jhagel: In a more rapidly changing world, we will all need coaches http://t.co/NmgGoQMO","http://nyr.kr/utTnjW"
"139319278846488577","","","139302212466786304","22255654","2011-11-23 12:27:59 +0000","<a href=""http://twitter.com/download/iphone"" rel=""nofollow"">Twitter for iPhone</a>","RT @johndoerr: A Serving of Gratitude Brings Healthy Dividends: http://t.co/3gIpZDZy","http://nyti.ms/u3W9CO"
"139317965924466688","","","","","2011-11-23 12:22:46 +0000","<a href=""http://flout.heroku.com"" rel=""nofollow"">My Flout</a>","Wow, My Flout score is 3 on @floutdotme! Get yours at http://t.co/hpG7xmYl","http://flout.me"
"139299559741468672","","","","","2011-11-23 11:09:37 +0000","<a href=""http://www.apple.com"" rel=""nofollow"">Safari on iOS</a>","Know your meme: Casually Pepper Spray Everything Cop.  http://t.co/Hv92WU29","http://knowyourmeme.com/memes/pepper-spray-cop-casually-pepper-spray-everything-cop"
"139204256799522817","","","","","2011-11-23 04:50:55 +0000","<a href=""http://flickr.com/services/twitter/"" rel=""nofollow"">Flickr</a>","8:36pm @kellianne teaching my mom, sister, and niece the infamous cork trick http://t.co/13y9SpsT","http://flic.kr/p/aJqnyX"
"139082774370975744","139082595760738305","17288565","","","2011-11-22 20:48:12 +0000","<a href=""http://itunes.apple.com/us/app/twitter/id409789998?mt=12"" rel=""nofollow"">Twitter for Mac</a>","@smoochbelly You're very welcome! How did you find it, if I may ask?"
"138886519082598401","","","138789476259463168","6320592","2011-11-22 07:48:21 +0000","<a href=""http://twitter.com/download/iphone"" rel=""nofollow"">Twitter for iPhone</a>","RT @estellevw: For those of you visiting relatives for Thanksgiving, can you do all us web developers a favor? Please update their brows ..."
"138839558648365056","","","","","2011-11-22 04:41:44 +0000","<a href=""http://flickr.com/services/twitter/"" rel=""nofollow"">Flickr</a>","8:36pm Coming for seconds of Mexican dinner /cc @ameliagreenhall http://t.co/yxld6icE","http://flic.kr/p/aHT638"
"138770325084176384","138769663151718400","2015","","","2011-11-22 00:06:38 +0000","<a href=""http://itunes.apple.com/us/app/twitter/id409789998?mt=12"" rel=""nofollow"">Twitter for Mac</a>","@joshc And that is why I like it. Especially the iPhone 5 bit."
"138746765536010242","138746452695457794","15257124","","","2011-11-21 22:33:01 +0000","<a href=""http://itunes.apple.com/us/app/twitter/id409789998?mt=12"" rel=""nofollow"">Twitter for Mac</a>","@brianfay Without a ton of exceptions, it would be impossible for me too. If you wanna be more hardcore though, go for it!  :)"
"138741141263761409","","","","","2011-11-21 22:10:40 +0000","<a href=""http://itunes.apple.com/us/app/twitter/id409789998?mt=12"" rel=""nofollow"">Twitter for Mac</a>","This sounds awesome. I might do it too! RT @seanbonner: I'm not buying any stuff in 2012 - http://t.co/TpgxDL7i","http://blog.seanbonner.com/2011/11/21/progression-through-unowning/"
"138693209936240641","138685357511278593","14290242","","","2011-11-21 19:00:12 +0000","<a href=""http://twitter.com/download/iphone"" rel=""nofollow"">Twitter for iPhone</a>","@maggim Same formula. Or maybe it would be better to think of it on a per-meal basis."
"138684538409857025","138684231642644481","14290242","","","2011-11-21 18:25:45 +0000","<a href=""http://itunes.apple.com/us/app/twitter/id409789998?mt=12"" rel=""nofollow"">Twitter for Mac</a>","@maggim That means you'll get most of your food for free! :)"
"138680757823614978","138678183733116928","12761252","","","2011-11-21 18:10:43 +0000","<a href=""http://itunes.apple.com/us/app/twitter/id409789998?mt=12"" rel=""nofollow"">Twitter for Mac</a>","@haikugirl What costs a lot but has no calories?"
"138680633315692545","138680400431165440","14290242","","","2011-11-21 18:10:14 +0000","<a href=""http://itunes.apple.com/us/app/twitter/id409789998?mt=12"" rel=""nofollow"">Twitter for Mac</a>","@maggim I mean that whatever you buy, the price is determined by sugar and bad fat content. To help show what's healthy/not."
"138673266545012737","","","","","2011-11-21 17:40:57 +0000","<a href=""http://itunes.apple.com/us/app/twitter/id409789998?mt=12"" rel=""nofollow"">Twitter for Mac</a>","What if food cost $.01/g of sugar, $.04/g of saturated fat, and $1.00/g of trans fat regardless of weight/calories/etc?"
"138643148485304320","138641227678629891","820129","","","2011-11-21 15:41:17 +0000","<a href=""http://twitter.com/download/iphone"" rel=""nofollow"">Twitter for iPhone</a>","@egrigg9000 This is true!"
"138635855769243648","138538705316102144","4324361","","","2011-11-21 15:12:18 +0000","<a href=""http://twitter.com/download/iphone"" rel=""nofollow"">Twitter for iPhone</a>","@JulieGibbons Thank you! It's due for an update actually."
"138513444566597632","138513242350829569","277245800","","","2011-11-21 07:05:53 +0000","<a href=""http://itunes.apple.com/us/app/twitter/id409789998?mt=12"" rel=""nofollow"">Twitter for Mac</a>","@paulcarr If you're there now, you should meet @jensmccabe and give her some inside scoop."
"138513116806922240","138512286804488192","277245800","","","2011-11-21 07:04:35 +0000","<a href=""http://itunes.apple.com/us/app/twitter/id409789998?mt=12"" rel=""nofollow"">Twitter for Mac</a>","@paulcarr Still loving Vegas? I might be joining you over there?"
"138511807039025152","","","","","2011-11-21 06:59:22 +0000","<a href=""http://itunes.apple.com/us/app/twitter/id409789998?mt=12"" rel=""nofollow"">Twitter for Mac</a>","Where can I sign up to talk about the guilt I have about not being able to answer all of my email?"
"138482471200243712","","","","","2011-11-21 05:02:48 +0000","<a href=""http://flickr.com/services/twitter/"" rel=""nofollow"">Flickr</a>","8:36pm Researching things on the Internet that may or may not change a lot of things eventually http://t.co/9H6hJMxV","http://flic.kr/p/aHi4NK"
"138371631868416000","","","","","2011-11-20 21:42:22 +0000","<a href=""http://itunes.apple.com/us/app/twitter/id409789998?mt=12"" rel=""nofollow"">Twitter for Mac</a>","Time for me to re-read ""What We Say Matters"". HIGHLY recommended for anyone that gets emotionally triggered by words."
"138368257890586624","138367939211563009","12961492","","","2011-11-20 21:28:58 +0000","<a href=""http://itunes.apple.com/us/app/twitter/id409789998?mt=12"" rel=""nofollow"">Twitter for Mac</a>","@lesliedf Great! Let me know what you think of it. We've had a tough couple nights with Niko, but the article you sent is just what we need."
"138367036312129537","138344973941751808","12961492","","","2011-11-20 21:24:06 +0000","<a href=""http://itunes.apple.com/us/app/twitter/id409789998?mt=12"" rel=""nofollow"">Twitter for Mac</a>","@lesliedf That's the one!"
"138261842735796224","","","","","2011-11-20 14:26:06 +0000","<a href=""http://timely.is"" rel=""nofollow"">Timely by Demandforce</a>","The Black Swam Test: if a tragic accident wiped out half of your friends and family tomorrow, which people/things would still matter to you?"
"138145848306573313","","","","","2011-11-20 06:45:11 +0000","<a href=""http://flickr.com/services/twitter/"" rel=""nofollow"">Flickr</a>","8:36pm In the dark with a very sad baby http://t.co/u0yvzwrV","http://flic.kr/p/aGFsA2"
"138074631365070848","","","","","2011-11-20 02:02:12 +0000","<a href=""http://itunes.apple.com/us/app/twitter/id409789998?mt=12"" rel=""nofollow"">Twitter for Mac</a>","Best post about racism in the tech world that I've read in a while. Thanks, @ericries! http://t.co/dgRzHkFE 

Quick pattern-matching = bias.","http://techcrunch.com/2011/11/19/racism-and-meritocracy/"
"137781464908578816","137775080930418688","752553","","","2011-11-19 06:37:15 +0000","<a href=""http://twitter.com/download/iphone"" rel=""nofollow"">Twitter for iPhone</a>","@rgcottrell Awesome. I'm at 9th and Lenora. I'll check in next week!"
"137773989538963456","137773326885076993","752553","","","2011-11-19 06:07:33 +0000","<a href=""http://twitter.com/download/iphone"" rel=""nofollow"">Twitter for iPhone</a>","@rgcottrell Are you in the SLU Amazon buildings? I can come visit next week. And buy you a drink?"
"137771777622425600","137771302030286849","752553","","","2011-11-19 05:58:46 +0000","<a href=""http://twitter.com/download/iphone"" rel=""nofollow"">Twitter for iPhone</a>","@rgcottrell Awesome! My first Kindle! Find it! I will read scrappy self-help books and bad vampire romance on it!"
"137769709415309313","137768058725998592","752553","","","2011-11-19 05:50:33 +0000","<a href=""http://twitter.com/download/iphone"" rel=""nofollow"">Twitter for iPhone</a>","@rgcottrell I do! Are you donating to a good cause (like poor startuppers) or asking money?"
"137762261023465472","","","","","2011-11-19 05:20:57 +0000","<a href=""http://flickr.com/services/twitter/"" rel=""nofollow"">Flickr</a>","8:36pm Feeling a bit exhausted. Comfort food and Hulu to the rescue. http://t.co/ORZNaPBp","http://flic.kr/p/aG9hrr"
"137664596747104256","137664278437183490","12761252","","","2011-11-18 22:52:52 +0000","<a href=""http://itunes.apple.com/us/app/twitter/id409789998?mt=12"" rel=""nofollow"">Twitter for Mac</a>","@haikugirl Exciting! Definitely tell me more!"
"137664146081726465","137661457201508352","16572103","","","2011-11-18 22:51:04 +0000","<a href=""http://itunes.apple.com/us/app/twitter/id409789998?mt=12"" rel=""nofollow"">Twitter for Mac</a>","@thinksomandy Agreed. I needed it too, and am happy to pass it along! @maggie is full of many such magical tidbits."
"137663958969626624","137659834840530944","12761252","","","2011-11-18 22:50:20 +0000","<a href=""http://itunes.apple.com/us/app/twitter/id409789998?mt=12"" rel=""nofollow"">Twitter for Mac</a>","@haikugirl I love it too. I haven't heard of circular motivation, but it seems like a good thing to me! /cc @maggie"
"137656235599212546","","","","","2011-11-18 22:19:38 +0000","<a href=""http://itunes.apple.com/us/app/twitter/id409789998?mt=12"" rel=""nofollow"">Twitter for Mac</a>","One way to start a life list: by listing emotions you'd like to feel right now. http://t.co/O9NYG1dK /by @maggie","http://mightygirl.com/2011/02/28/life-list-how-to-one-way-to-start/"
"137562687247892480","137557030301990913","38674907","","","2011-11-18 16:07:55 +0000","<a href=""http://twitter.com/download/iphone"" rel=""nofollow"">Twitter for iPhone</a>","@TerraSavvy I haven't heard of him before but will be reading up on his stuff too. I like what I've seen so far a lot!"
"137402058293776384","","","","","2011-11-18 05:29:38 +0000","<a href=""http://flickr.com/services/twitter/"" rel=""nofollow"">Flickr</a>","8:36pm Just leaving work http://t.co/Yv9PGC8T","http://flic.kr/p/aFJQjn"
"137267546746404866","","38674907","","","2011-11-17 20:35:08 +0000","<a href=""http://itunes.apple.com/us/app/twitter/id409789998?mt=12"" rel=""nofollow"">Twitter for Mac</a>","@TerraSavvy Hi! I found this article and it made me think of the conversation we had the other day: http://t.co/fwbWHzf9","http://www.brainpickings.org/index.php/2011/09/09/redirect-timothy-wilson/"
"137251455651426304","136996774018678785","15415722","","","2011-11-17 19:31:11 +0000","<a href=""http://itunes.apple.com/us/app/twitter/id409789998?mt=12"" rel=""nofollow"">Twitter for Mac</a>","@geester Awesome. Thank you. A lot of the ideas are still rough in my head, and need more processing. Send your dad my way if you want!"
"137251052167757825","137189348478164992","35152749","","","2011-11-17 19:29:35 +0000","<a href=""http://itunes.apple.com/us/app/twitter/id409789998?mt=12"" rel=""nofollow"">Twitter for Mac</a>","@Amniote Thank you! As for iPad... not at the moment, but 750words.com has been optimized for iPad if you open it in Safari."
"137250519050764288","","","","","2011-11-17 19:27:28 +0000","<a href=""http://itunes.apple.com/us/app/twitter/id409789998?mt=12"" rel=""nofollow"">Twitter for Mac</a>","jQuery Mobile 1.0 is released! http://t.co/uWlBgfRX By far my favorite way to build mobile web apps.","http://jquerymobile.com/blog/2011/11/16/announcing-jquery-mobile-1-0/"
"137035363821686784","","","","","2011-11-17 05:12:31 +0000","<a href=""http://www.apple.com"" rel=""nofollow"">Safari on iOS</a>","The Internet encapsulates a belief system: that there are more good people than bad /via @bryce  http://t.co/hx0rDNqX","http://bradburnham.tumblr.com/post/12739727902/i-believe-in-the-internet-the-content-industry"
"137029477178945536","","","","","2011-11-17 04:49:07 +0000","<a href=""http://flickr.com/services/twitter/"" rel=""nofollow"">Flickr</a>","8:36pm Tryied to convince a friend to join Twitter, and now this is on my mind http://t.co/9xCrM2N6","http://flic.kr/p/aFhGGp"
"136935083587280896","136925954873368576","17822186","","","2011-11-16 22:34:02 +0000","<a href=""http://itunes.apple.com/us/app/twitter/id409789998?mt=12"" rel=""nofollow"">Twitter for Mac</a>","@BrokeAssBride You are too kind! I will keep an eye out, and again, let me know if I can help in any way!"
"136925342353981440","136924914610487297","17822186","","","2011-11-16 21:55:20 +0000","<a href=""http://itunes.apple.com/us/app/twitter/id409789998?mt=12"" rel=""nofollow"">Twitter for Mac</a>","@BrokeAssBride Awesome! Thanks for helping spread the word... and let me know if I can help get you started on either of those sites."
"136909676066512896","","","","","2011-11-16 20:53:05 +0000","<a href=""http://itunes.apple.com/us/app/twitter/id409789998?mt=12"" rel=""nofollow"">Twitter for Mac</a>","Looks interesting! RT @agaricus: Will Wright explains why his new game is partly inspired by #quantifiedself - http://t.co/b2EoRWzG","http://venturebeat.com/2011/11/16/will-wright-hivemind/"
"136893606291181568","","","","","2011-11-16 19:49:13 +0000","<a href=""http://itunes.apple.com/us/app/twitter/id409789998?mt=12"" rel=""nofollow"">Twitter for Mac</a>","My slides on Dopamine and behavior change are getting a lot of love on @slideshare... but do they make any sense? http://t.co/ruedd7nG","http://www.slideshare.net/BusterBenson/dopamine-the-devil-on-our-shoulder"
"136877811842547712","","","","","2011-11-16 18:46:28 +0000","<a href=""http://itunes.apple.com/us/app/twitter/id409789998?mt=12"" rel=""nofollow"">Twitter for Mac</a>","Just upgraded to 1.0 of @thinkupapp, and it's looking better than ever! Congrats  @expertlabs! http://t.co/xnDcOviD","http://busterbenson.com/thinkup/"
"136618230142869504","","","","","2011-11-16 01:34:58 +0000","<a href=""http://itunes.apple.com/us/app/twitter/id409789998?mt=12"" rel=""nofollow"">Twitter for Mac</a>","Come to @robroyseattle between now and 10pm for a free drink, a sticker, and a free good deed: http://t.co/x1601Li9 See you there!","http://www.facebook.com/event.php?eid=174595119298897"
"136595059196952576","","","136594840229134338","57700233","2011-11-16 00:02:54 +0000","<a href=""http://itunes.apple.com/us/app/twitter/id409789998?mt=12"" rel=""nofollow"">Twitter for Mac</a>","RT @devalad: #Seattle get your I SWABBED badge today 6pm @robroyseattle. Bone Marrow Swab Party for @superamit  cc/ @busterbenson http:/ ..."
"136344936315498496","136344119374118912","57700233","","","2011-11-15 07:29:00 +0000","<a href=""http://itunes.apple.com/us/app/twitter/id409789998?mt=12"" rel=""nofollow"">Twitter for Mac</a>","@devalad Video was taken, but not sure when it will be available.  I'll definitely post it when it is..."
"136342950128001024","","","","","2011-11-15 07:21:07 +0000","<a href=""http://timely.is"" rel=""nofollow"">Timely by Demandforce</a>","Here's my recent train of thought about how dopamine relates to behavior change, via my #campmighty slides: http://t.co/XuSrkzJm","http://slidesha.re/rven5S"
"136335338112155649","136328719064252416","8070502","","","2011-11-15 06:50:52 +0000","<a href=""http://itunes.apple.com/us/app/twitter/id409789998?mt=12"" rel=""nofollow"">Twitter for Mac</a>","@danshapiro Powerful story. Can you help spread the word about a bone marrow swabbing party tomorrow night? Info here: http://t.co/x1601Li9","http://www.facebook.com/event.php?eid=174595119298897"
"136318809031180289","136318604877643776","765","","","2011-11-15 05:45:11 +0000","<a href=""http://itunes.apple.com/us/app/twitter/id409789998?mt=12"" rel=""nofollow"">Twitter for Mac</a>","@seanbonner Not for me. I think they're still fiddling. But, I wouldn't be sad if it went away? sorta pointless."
"136306501257142272","136305653877702657","15349922","","","2011-11-15 04:56:17 +0000","<a href=""http://itunes.apple.com/us/app/twitter/id409789998?mt=12"" rel=""nofollow"">Twitter for Mac</a>","@Carriepeters The newest. I've decided I like it. Especially the first song."
"136304049153785857","","","","","2011-11-15 04:46:32 +0000","<a href=""http://flickr.com/services/twitter/"" rel=""nofollow"">Flickr</a>","8:36pm Eating leftover leftovers, listening to Wilco, starting a work shift http://t.co/KNRrYZ08","http://flic.kr/p/aEQvnJ"
"136295953169780736","136290950233329664","283695263","","","2011-11-15 04:14:22 +0000","<a href=""http://twitter.com/download/iphone"" rel=""nofollow"">Twitter for iPhone</a>","@modhomemodbaby @elizhagopian You may eat them if that's one of your 5 goals for the year. Or if you just want to. :)"
"136225829565902848","","","136225667988717570","820661","2011-11-14 23:35:43 +0000","<a href=""http://itunes.apple.com/us/app/twitter/id409789998?mt=12"" rel=""nofollow"">Twitter for Mac</a>","RT @daveschappell: Simply Measured 2.0: Analyze in Excel, Share Online, & Publish to PowerPoint http://t.co/bWgtATV1 via @simplymeasured","http://simplymeasured.com/blog/2011/11/simply-measured-2-0-analyze-in-excel-share-online-publish-to-powerpoint/"
"136221697643778048","","","","","2011-11-14 23:19:18 +0000","<a href=""http://itunes.apple.com/us/app/twitter/id409789998?mt=12"" rel=""nofollow"">Twitter for Mac</a>","Hello Seattle-ites! Please consider coming and/or passing along this bone marrow swap party info. It's tomorrow night! http://t.co/x1601Li9","http://www.facebook.com/event.php?eid=174595119298897"
"136217559564431360","136186255892426752","11491312","","","2011-11-14 23:02:51 +0000","<a href=""http://itunes.apple.com/us/app/twitter/id409789998?mt=12"" rel=""nofollow"">Twitter for Mac</a>","@notmartha Yes, you too! If you're around tomorrow night, I'm hosting a bone marrow drive for a friend: http://t.co/x1601Li9 #campmighty","http://www.facebook.com/event.php?eid=174595119298897"
"135953550370017280","135950287897759745","21135674","","","2011-11-14 05:33:46 +0000","<a href=""http://twitter.com/download/iphone"" rel=""nofollow"">Twitter for iPhone</a>","@e_ramirez @weavrs looks really interesting! Definitely gonna look into that."
"135940642063925248","","","","","2011-11-14 04:42:29 +0000","<a href=""http://flickr.com/services/twitter/"" rel=""nofollow"">Flickr</a>","8:36pm Just finished dinner, listening to Radiolab on machines thinking about interactive journal bots http://t.co/c58MI22E","http://flic.kr/p/aEwRmY"
"135924990133551105","","14127387","","","2011-11-14 03:40:17 +0000","<a href=""http://twitter.com/download/iphone"" rel=""nofollow"">Twitter for iPhone</a>","@dollarshort Thanks for the Backyardigans tip. They're a hit! Love the wikipedia page about them too."
"135879495663108096","135873327427366912","128672136","","","2011-11-14 00:39:30 +0000","<a href=""http://twitter.com/download/iphone"" rel=""nofollow"">Twitter for iPhone</a>","@fourflights Thank you! He had a good time as the center of attention for sure."
"135872608884371456","","","","","2011-11-14 00:12:09 +0000","<a href=""http://instagr.am"" rel=""nofollow"">Instagram</a>","Off-roading http://t.co/sZ5xxb22","http://instagr.am/p/UEc5Q/"
"135821586614849536","","","135820919775043585","21678279","2011-11-13 20:49:24 +0000","<a href=""http://twitter.com/download/iphone"" rel=""nofollow"">Twitter for iPhone</a>","RT @agaricus: @busterbenson - perhaps not age, but unreflective projection; he is ""selling"" the next cheap generational epithet."
"135821516590952448","135820919775043585","21678279","","","2011-11-13 20:49:07 +0000","<a href=""http://twitter.com/download/iphone"" rel=""nofollow"">Twitter for iPhone</a>","@agaricus Ha, true. He's critiquing his own issues by projecting them onto others."
"135817803834994688","135817033928548352","4558","","","2011-11-13 20:34:22 +0000","<a href=""http://twitter.com/download/iphone"" rel=""nofollow"">Twitter for iPhone</a>","@harryh @ryanchris Difficult to say that for sure, given that this is the first generation where everyone can broadcast their every thought."
"135816588220829696","135815441577820160","13349","","","2011-11-13 20:29:32 +0000","<a href=""http://twitter.com/download/iphone"" rel=""nofollow"">Twitter for iPhone</a>","@ryanchris @harryh I think it's wrong. Self-censoring is a remnant of old generations, not a new thing. We're still moving away from it..."
"135815381066596352","","","","","2011-11-13 20:24:44 +0000","<a href=""http://twitter.com/download/iphone"" rel=""nofollow"">Twitter for iPhone</a>","Generation Sell? That's how old people might see it, with old eyes. Selling is incidental, creation is central.  http://t.co/mWPzL6Ir","http://www.nytimes.com/2011/11/13/opinion/sunday/the-entrepreneurial-generation.html"
"135516058894352384","135402736740073473","372602703","","","2011-11-13 00:35:20 +0000","<a href=""http://twitter.com/download/iphone"" rel=""nofollow"">Twitter for iPhone</a>","@_writersbloc Can't wait to get back and check the video. Thank you!"
"135515247514615808","135507021175853056","17292155","","","2011-11-13 00:32:07 +0000","<a href=""http://twitter.com/download/iphone"" rel=""nofollow"">Twitter for iPhone</a>","@imakeshinylove You too! Missing #campmighty already."
"135515069743239168","135451929684881408","17465839","","","2011-11-13 00:31:25 +0000","<a href=""http://twitter.com/download/iphone"" rel=""nofollow"">Twitter for iPhone</a>","@cassieboorn @ashleyv Thank you!"
"135515006346334209","135443358964400131","884911","","","2011-11-13 00:31:09 +0000","<a href=""http://twitter.com/download/iphone"" rel=""nofollow"">Twitter for iPhone</a>","@ashleyv Thank you! Yes, something big to announce with @habitlabs very soon. #campmighty"
"135514691576410113","135178165952851968","22061229","","","2011-11-13 00:29:54 +0000","<a href=""http://twitter.com/download/iphone"" rel=""nofollow"">Twitter for iPhone</a>","@StaciMagnolia You'd be surprised how effective it is as a mood booster. :)"
"135514413917679617","134803387270176768","285138006","","","2011-11-13 00:28:48 +0000","<a href=""http://twitter.com/download/iphone"" rel=""nofollow"">Twitter for iPhone</a>","@EmpowermentExp Thank you, Maira!"
"135514244211949568","135092606240694272","19835106","","","2011-11-13 00:28:08 +0000","<a href=""http://twitter.com/download/iphone"" rel=""nofollow"">Twitter for iPhone</a>","@kristenhowerton Thanks! I'm glad you liked it. #campmighty is awesome."
"135514091904172034","135096375535861760","5810752","","","2011-11-13 00:27:31 +0000","<a href=""http://twitter.com/download/iphone"" rel=""nofollow"">Twitter for iPhone</a>","@whoorl Thank you!"
"135514042822438912","135096828290019328","63302806","","","2011-11-13 00:27:20 +0000","<a href=""http://twitter.com/download/iphone"" rel=""nofollow"">Twitter for iPhone</a>","@BikeWalk Great meeting you! Would love to talk more about thoughts on helping more people walk and bike around."
"135513814673272832","135097492894261248","128672136","","","2011-11-13 00:26:25 +0000","<a href=""http://twitter.com/download/iphone"" rel=""nofollow"">Twitter for iPhone</a>","@fourflights My life and business was changed by his books too!"
"135513701557088258","135097795794305024","37806459","","","2011-11-13 00:25:58 +0000","<a href=""http://twitter.com/download/iphone"" rel=""nofollow"">Twitter for iPhone</a>","@WhatsYourSystem Great meeting you! Looking forward to the interview."
"135513279094194177","135100069576847360","14645531","","","2011-11-13 00:24:18 +0000","<a href=""http://twitter.com/download/iphone"" rel=""nofollow"">Twitter for iPhone</a>","@parenthacks Great meeting you, Asha!"
"135513023396839424","135136479683936257","410305005","","","2011-11-13 00:23:17 +0000","<a href=""http://twitter.com/download/iphone"" rel=""nofollow"">Twitter for iPhone</a>","@TheGreenVintage Thank you for taking this picture! May I use it with attribution?"
"135436883437158400","","","","","2011-11-12 19:20:43 +0000","<a href=""http://flickr.com/services/twitter/"" rel=""nofollow"">Flickr</a>","Sad to be leaving early from #campmighty. Lots of great people met in a short time. http://t.co/Y22cowYh","http://flic.kr/p/aE5RW3"
"135187934574940161","","","135179967171526657","7491582","2011-11-12 02:51:29 +0000","<a href=""http://twitter.com/download/iphone"" rel=""nofollow"">Twitter for iPhone</a>","RT @lmayes: On 11/11/11 @ 11:11 a.m. #campmighty attendees had raised $ ($20K+) to provide water to 1,111 people w/ @charitywater. How c ..."
"135158806018662400","","","","","2011-11-12 00:55:45 +0000","<a href=""http://flickr.com/services/twitter/"" rel=""nofollow"">Flickr</a>","Got my hand painted for #campmighty #giveahand trying to convince Niko to do same. Didn't work. http://t.co/gVhmN8yI","http://flic.kr/p/aDQE1a"
"135157076979748864","135150350209519616","105907649","","","2011-11-12 00:48:52 +0000","<a href=""http://twitter.com/download/iphone"" rel=""nofollow"">Twitter for iPhone</a>","@ithinkUshould Almost everything I track is automated, so doesn't take extra time at all."
"135078036667244544","","","135073360366411776","14232711","2011-11-11 19:34:48 +0000","<a href=""http://twitter.com/download/iphone"" rel=""nofollow"">Twitter for iPhone</a>","RT @calbucci: Feels like the Seattle economy is on the cusp of an expansion http://t.co/yvu2mU9u by @jhludwig","http://j.mp/sQaqNE"
"134856397753040896","","","","","2011-11-11 04:54:05 +0000","<a href=""http://flickr.com/services/twitter/"" rel=""nofollow"">Flickr</a>","8:36pm Watching @thetontons at #campmighty! Check them out they are awesome! http://t.co/8N0uR46Z","http://flic.kr/p/aDD8iv"
"134761655384031232","","","","","2011-11-10 22:37:38 +0000","web","Top answers for how to get out of a bad mood: going on a walk/run, going outside, loud music, taking a nap. Chart: http://t.co/XGPJEE5J","http://twitter.com/busterbenson/status/134761655384031232/photo/1"
"134700984680202241","","26166039","","","2011-11-10 18:36:32 +0000","<a href=""http://twitter.com/download/iphone"" rel=""nofollow"">Twitter for iPhone</a>","@MeganWelling Disturbing news about your car's secret identity: http://t.co/uZhuR8p6","http://www.businessinsider.com/the-mcrib-could-prove-that-mcdonalds-is-more-a-massive-commidies-trader-than-a-restaurant-chain-2011-11"
"134698574922518529","134453798058987520","448","","","2011-11-10 18:26:57 +0000","<a href=""http://twitter.com/download/iphone"" rel=""nofollow"">Twitter for iPhone</a>","@Maggie @helenjane I just arrived at the Camp Mighty! HJ you better get moving!"
"134697674262847488","","","","","2011-11-10 18:23:22 +0000","<a href=""http://foursquare.com"" rel=""nofollow"">foursquare</a>","Can we move in? (@ Ace Hotel & Swim Club w/ @kellianne) http://t.co/Rauk5hxU","http://4sq.com/vPrBdy"
"134631846490288129","","","","","2011-11-10 14:01:48 +0000","<a href=""http://foursquare.com"" rel=""nofollow"">foursquare</a>","Heading to Palm Springs for Camp Mighty! &kb,nb:breakfast (@ Dish D'Lish) http://t.co/16cOW3Yr","http://4sq.com/sIQ2oO"
"134521168647565312","134520305166188544","761628","","","2011-11-10 06:42:00 +0000","<a href=""http://itunes.apple.com/us/app/twitter/id409789998?mt=12"" rel=""nofollow"">Twitter for Mac</a>","@RickWebb Or rather, the old way they did it was just REALLY bad. Glad it's better now though."
"134462689085898753","134455437482393600","231087644","","","2011-11-10 02:49:37 +0000","<a href=""http://itunes.apple.com/us/app/twitter/id409789998?mt=12"" rel=""nofollow"">Twitter for Mac</a>","@crayonlions I didn't find one, but I did build one: http://t.co/nKp1Wz2t","http://howsmyemail.com"
"134433231352238082","134431749919866880","14258044","","","2011-11-10 00:52:34 +0000","<a href=""http://twitter.com/download/iphone"" rel=""nofollow"">Twitter for iPhone</a>","@jensmccabe Another great book but please don't become an Objectivist. :) Are you going off of @ameliagreenhall's read books list?"
"134430362653827072","134429614574546944","14258044","","","2011-11-10 00:41:10 +0000","<a href=""http://twitter.com/download/iphone"" rel=""nofollow"">Twitter for iPhone</a>","@jensmccabe I loved that book! The next 2 get a lot weirder."
"134392728896282624","","","","","2011-11-09 22:11:38 +0000","web","What do you do to help get yourself out of a bad mood? I'll include aggregate answers in a talk I'm giving on Friday."
"134136198066221056","","","","","2011-11-09 05:12:16 +0000","<a href=""http://flickr.com/services/twitter/"" rel=""nofollow"">Flickr</a>","8:36pm Got the slow chicken for date night while I rehearse my http://t.co/ZimxjxYs talk http://t.co/3u8I1AMP","http://campmighty.com","http://flic.kr/p/aD8UAk"
"134003875358310401","133781816606851072","722793","","","2011-11-08 20:26:28 +0000","<a href=""http://itunes.apple.com/us/app/twitter/id409789998?mt=12"" rel=""nofollow"">Twitter for Mac</a>","@jlongtine Here ya go: http://t.co/HxMMyhnY","http://www.youtube.com/watch?feature=player_embedded&v=GnGI76__sSA"
"134002673786695680","","","","","2011-11-08 20:21:41 +0000","<a href=""http://itunes.apple.com/us/app/twitter/id409789998?mt=12"" rel=""nofollow"">Twitter for Mac</a>","My friend @superamit has leukemia, and needs to find a bone marrow match. Get swabbed for free next Tuesday at Rob Roy: http://t.co/x1601Li9","http://www.facebook.com/event.php?eid=174595119298897"
"133766945295171584","","","","","2011-11-08 04:44:59 +0000","<a href=""http://flickr.com/services/twitter/"" rel=""nofollow"">Flickr</a>","8:36pm Watching Jony Ive talk about enjoying the defeat of cynicism, and the pursuit of giving a damn http://t.co/AYbwizJC","http://flic.kr/p/aCVyf7"
"133677198493237249","133613964000104448","11653972","","","2011-11-07 22:48:22 +0000","<a href=""http://twitter.com/download/iphone"" rel=""nofollow"">Twitter for iPhone</a>","@JennyMack Yes! I'm just rather sick with a cold at the moment. Can we do it over email? My brain is fuzzy."
"133676942313533440","","","133676342708404225","10803182","2011-11-07 22:47:21 +0000","<a href=""http://twitter.com/download/iphone"" rel=""nofollow"">Twitter for iPhone</a>","RT @rescuetime: A Quick Look at Seattle's Self Quantified Meetup cc/ @dreeves @busterbenson @habitlabs - http://t.co/ywfEEpr2","http://bit.ly/szvqUl"
"133461957968805888","","","","","2011-11-07 08:33:05 +0000","<a href=""http://flickr.com/services/twitter/"" rel=""nofollow"">Flickr</a>","8:36pm Was in a late work zone, then ran home to stay warm. Now getting tired. http://t.co/BEpXt6gv","http://flic.kr/p/aCAhV8"
"133344943740686338","133336506365513728","60663","","","2011-11-07 00:48:06 +0000","<a href=""http://itunes.apple.com/us/app/twitter/id409789998?mt=12"" rel=""nofollow"">Twitter for Mac</a>","@MarinaMartin @jolly @ggoodale It's not that accurate (not that any calories burned counters are). It's more about relative change."
"133331625294573568","133330494057230336","60663","","","2011-11-06 23:55:11 +0000","<a href=""http://itunes.apple.com/us/app/twitter/id409789998?mt=12"" rel=""nofollow"">Twitter for Mac</a>","@MarinaMartin Yes, I highly recommend the @fitbit. A perfect little gadget."
"133045955024011264","","","","","2011-11-06 05:00:02 +0000","<a href=""http://instagr.am"" rel=""nofollow"">Instagram</a>","Big Dinner!  @ Terra Plata http://t.co/jHhR2Vw0","http://instagr.am/p/S8psG/"
"133025786646114304","","","","","2011-11-06 03:39:53 +0000","<a href=""http://flickr.com/services/twitter/"" rel=""nofollow"">Flickr</a>","8:36pm Ubering it home to relieve Kellianne of our cranky son http://t.co/mc8asAs9","http://flic.kr/p/aCc25R"
"132973661786341376","","","","","2011-11-06 00:12:46 +0000","<a href=""http://itunes.apple.com/us/app/twitter/id409789998?mt=12"" rel=""nofollow"">Twitter for Mac</a>","In which @alfiekohn convinces me that all that talk about grit a while ago was misguided: http://t.co/dSzmg5Ak","http://www.alfiekohn.org/teaching/selfdiscipline.htm"
"132664406675963904","","","","","2011-11-05 03:43:53 +0000","<a href=""http://flickr.com/services/twitter/"" rel=""nofollow"">Flickr</a>","8:36pm Susie and Cory finally meet @rickwebb! http://t.co/HiC6HKk8","http://flic.kr/p/aBUUqF"
"132312504763297792","","","","","2011-11-04 04:25:34 +0000","<a href=""http://flickr.com/services/twitter/"" rel=""nofollow"">Flickr</a>","8:36pm With Rick Webb and Scottie and friends http://t.co/xpvrRsZf","http://flic.kr/p/aBHrwy"
"132245573305765888","","","","","2011-11-03 23:59:36 +0000","<a href=""http://twitter.com/download/iphone"" rel=""nofollow"">Twitter for iPhone</a>","Follow all of today's @TechStars founders & companies from a single place: http://t.co/OAyKF3me #tsdday","http://bit.ly/sDWdjZ"
"132233017853870080","","","","","2011-11-03 23:09:42 +0000","<a href=""http://twitter.com/download/iphone"" rel=""nofollow"">Twitter for iPhone</a>","We've got @everymove on the @techstars stage!"
"132203366716669952","132202837231939585","9428232","","","2011-11-03 21:11:53 +0000","<a href=""http://twitter.com/download/iphone"" rel=""nofollow"">Twitter for iPhone</a>","@LauraGlu If you plea for fruit people will heal you! If only they could heal in real life though."
"132157594935631872","132157326303035392","8497382","","","2011-11-03 18:10:00 +0000","<a href=""http://itunes.apple.com/us/app/twitter/id409789998?mt=12"" rel=""nofollow"">Twitter for Mac</a>","@katherinesmith Thank you! How did you find out about it?"
"132156020964339712","132155748875644928","50938549","","","2011-11-03 18:03:45 +0000","<a href=""http://itunes.apple.com/us/app/twitter/id409789998?mt=12"" rel=""nofollow"">Twitter for Mac</a>","@mbjwork Not at all. What do you worry about?"
"132148333899821057","131988977392685057","294","","","2011-11-03 17:33:12 +0000","<a href=""http://itunes.apple.com/us/app/twitter/id409789998?mt=12"" rel=""nofollow"">Twitter for Mac</a>","@ario Absolutely! /cc @squarewithin"
"132148201833762818","132142638647361536","5500","","","2011-11-03 17:32:41 +0000","<a href=""http://itunes.apple.com/us/app/twitter/id409789998?mt=12"" rel=""nofollow"">Twitter for Mac</a>","@iseff I'm a big fan of Jawbone. Haven't seen actual app though... they seem to do great on hardware and not as great on software..."
"132147929367588864","","","","","2011-11-03 17:31:36 +0000","<a href=""http://itunes.apple.com/us/app/twitter/id409789998?mt=12"" rel=""nofollow"">Twitter for Mac</a>","Bunch of people asking if I'm gonna get a Jawbone UP. Answer: yes! I love Jawbone the company, they make great stuff. http://t.co/cXIJjPSY","http://mashable.com/2011/11/03/jawbone-up-99-wristband-rule-life/"
"131954375164833792","","","","","2011-11-03 04:42:29 +0000","<a href=""http://flickr.com/services/twitter/"" rel=""nofollow"">Flickr</a>","8:36pm Working at home http://t.co/mB1kQVO0","http://flic.kr/p/aBrQ5L"
"131916752211804160","131913931286515713","11653972","","","2011-11-03 02:12:59 +0000","<a href=""http://itunes.apple.com/us/app/twitter/id409789998?mt=12"" rel=""nofollow"">Twitter for Mac</a>","@JennyMack Of course! busterbenson at gmail..."
"131907676585213952","131904680518369282","11653972","","","2011-11-03 01:36:55 +0000","<a href=""http://itunes.apple.com/us/app/twitter/id409789998?mt=12"" rel=""nofollow"">Twitter for Mac</a>","@JennyMack @mmcgovern I'm glad you both like it! Yeah, I'm focusing on @healthmonth and @habitlabs, but always available for chatting."
"131897249297997824","","","131807219653152770","10609","2011-11-03 00:55:29 +0000","<a href=""http://itunes.apple.com/us/app/twitter/id409789998?mt=12"" rel=""nofollow"">Twitter for Mac</a>","RT @superamit: Wired does an *excellent* job explaining the technical and legal aspects of marrow matching: http://t.co/GzYdNviB","http://www.wired.com/epicenter/2011/11/amit-guptas-quest-social-media/2/"
"131873457934835712","","","","","2011-11-02 23:20:57 +0000","<a href=""http://instagr.am"" rel=""nofollow"">Instagram</a>","Office plank contest and Jen wins with 3:15!!   @ Habit Labs HQ (http://t.co/l6PTFvnN) http://t.co/I6HitCwP","http://Healthmonth.com","http://instagr.am/p/SgCJ7/"
"131577197633871874","","","","","2011-11-02 03:43:43 +0000","<a href=""http://flickr.com/services/twitter/"" rel=""nofollow"">Flickr</a>","8:36pm Treating myself to @uber_sea for date night since work is kicking so much ass http://t.co/LqjnjUIa","http://flic.kr/p/aB9Esf"
"131562362938466304","131562055525347329","12514","","","2011-11-02 02:44:46 +0000","<a href=""http://itunes.apple.com/us/app/twitter/id409789998?mt=12"" rel=""nofollow"">Twitter for Mac</a>","@tomcoates Those lucky ducks. I was using MealSnap before this... so this app definitely fulfills a need I have, and it's beautiful too!"
"131560075214073856","131559291504177152","12514","","","2011-11-02 02:35:40 +0000","<a href=""http://itunes.apple.com/us/app/twitter/id409789998?mt=12"" rel=""nofollow"">Twitter for Mac</a>","@tomcoates Ooh, I didn't know you helped with it. Well done! Loving it so far."
"131554099039715329","131452383384436736","15856582","","","2011-11-02 02:11:56 +0000","<a href=""http://itunes.apple.com/us/app/twitter/id409789998?mt=12"" rel=""nofollow"">Twitter for Mac</a>","@mmcgovern It should be possible to sign up until the end of the day!"
"131553996593827840","131454450882715648","11822502","","","2011-11-02 02:11:31 +0000","<a href=""http://itunes.apple.com/us/app/twitter/id409789998?mt=12"" rel=""nofollow"">Twitter for Mac</a>","@mko Definitely do. I'm very interested in anything like that."
"131553321734512640","","","","","2011-11-02 02:08:50 +0000","<a href=""http://itunes.apple.com/us/app/twitter/id409789998?mt=12"" rel=""nofollow"">Twitter for Mac</a>","After a rocky month, I'm back on track to hitting my reverse new year's goal of losing 15 pounds! http://t.co/UBj5bvZx","http://blog.habitlabs.com/post/12224190963/week-4-went-really-well-i-weighed-in-at-170-3"
"131536490915307520","131527631370850305","20750132","","","2011-11-02 01:01:57 +0000","<a href=""http://itunes.apple.com/us/app/twitter/id409789998?mt=12"" rel=""nofollow"">Twitter for Mac</a>","@kateskee Yes! If you write more than 50,000 words in November, you'll get the NaNo badge! /cc @nanowrimo"
"131443273536516096","131440322680074240","11822502","","","2011-11-01 18:51:33 +0000","<a href=""http://itunes.apple.com/us/app/twitter/id409789998?mt=12"" rel=""nofollow"">Twitter for Mac</a>","@mko I'd love to hear more about the details.  Have you written or talked about this somewhere?"
"131407059374714880","","","","","2011-11-01 16:27:39 +0000","<a href=""http://twitter.com/download/iphone"" rel=""nofollow"">Twitter for iPhone</a>","Go @massivehealth! RT @thatdrew : The Eatery's 'Fit or Fat' is as addictive as 'Hot or Not'. AND you'll get healthy http://t.co/DHgc0mPq","http://tnw.to/1Be4R"
"131404635511603200","131402801736724481","13740","","","2011-11-01 16:18:01 +0000","<a href=""http://twitter.com/download/iphone"" rel=""nofollow"">Twitter for iPhone</a>","@danhaugen Let me know if you have any questions I can answer! /thx @mostlymuppet"
