"tweet_id","in_reply_to_status_id","in_reply_to_user_id","retweeted_status_id","retweeted_status_user_id","timestamp","source","text","expanded_urls"
"42448504144150528","42447874642034688","60663","","","2011-03-01 04:58:06 +0000","<a href=""http://itunes.apple.com/us/app/twitter/id409789998?mt=12"" rel=""nofollow"">Twitter for Mac</a>","@MarinaMartin Please copy!  There are 20+ people doing their own versions of it here and there."
"42448315291410432","","","","","2011-03-01 04:57:21 +0000","<a href=""http://itunes.apple.com/us/app/twitter/id409789998?mt=12"" rel=""nofollow"">Twitter for Mac</a>","@gwenbell Just read Frederick, all about the role of the artist. Very relevant to your recent evolutions..."
"42447452711829504","","","","","2011-03-01 04:53:56 +0000","<a href=""http://flickr.com/services/twitter/"" rel=""nofollow"">Flickr</a>","8:36pm Reading bedtime books and sharing stories of the day http://flic.kr/p/9mXXvh"
"42431960924168192","42431691368841217","8708232","","","2011-03-01 03:52:22 +0000","<a href=""http://twitter.com/download/iphone"" rel=""nofollow"">Twitter for iPhone</a>","@brynn Okay, thanks! Will let you know when it's safe to try again."
"42430440681910273","42422570984816640","8708232","","","2011-03-01 03:46:20 +0000","<a href=""http://twitter.com/download/iphone"" rel=""nofollow"">Twitter for iPhone</a>","@brynn Uh oh, what's happening? Which step errors? I'll look into it!"
"42429875365220352","42417708825980928","10877","","","2011-03-01 03:44:05 +0000","<a href=""http://twitter.com/download/iphone"" rel=""nofollow"">Twitter for iPhone</a>","@dkr Just joined your team. What's this all about?"
"42359301322457088","","","","","2011-02-28 23:03:39 +0000","<a href=""http://www.fitbit.com"" rel=""nofollow"">Fitbit</a>","My avg. daily #fitstats for last week: 4,078 steps, 2 miles, 2,544 calories burned via my fitbit http://www.fitbit.com/user/229KX2"
"42297229419085824","","","","","2011-02-28 18:56:59 +0000","<a href=""http://itunes.apple.com/us/app/twitter/id409789998?mt=12"" rel=""nofollow"">Twitter for Mac</a>","Congrats to @offbeatariel on the launch of her 3rd offbeat empire site, @offbeathome! Check it out! http://t.co/IPQ8FYX","http://offbeathome.com/"
"42110193785376768","","","42095711390674944","16346294","2011-02-28 06:33:47 +0000","<a href=""http://twitter.com/download/iphone"" rel=""nofollow"">Twitter for iPhone</a>","RT @kreimero: Twitter is the angry CliffsNotes of everything that happens in the world. #oscars #everything"
"42086355370651648","42083194433961984","19028099","","","2011-02-28 04:59:03 +0000","<a href=""http://twitter.com/download/iphone"" rel=""nofollow"">Twitter for iPhone</a>","@marshallhaas Thanks! And thank you for the invite. It's a fun little service."
"42086173325135872","42077582660870146","17005510","","","2011-02-28 04:58:20 +0000","<a href=""http://twitter.com/download/iphone"" rel=""nofollow"">Twitter for iPhone</a>","@ChristophHewett Would love to hear more thought on what worked/didn't work for you on @healthmonth. I'm still learning!"
"42082109489299456","","","","","2011-02-28 04:42:11 +0000","<a href=""http://flickr.com/services/twitter/"" rel=""nofollow"">Flickr</a>","8:36pm Working on email from the couch. Way behind but ready to jump back in after this hectic weekend http://flic.kr/p/9mEW9d"
"42010192593952768","","","","","2011-02-27 23:56:25 +0000","<a href=""http://itunes.apple.com/us/app/twitter/id409789998?mt=12"" rel=""nofollow"">Twitter for Mac</a>","Need more founder posts like -&gt; RT @tempo: @GetSatisfaction's darkest hours & how we were saved by our early investors: http://t.co/Dxe63zl","http://thormuller.com/2011/02/whos-got-your-back-an-investor-story/"
"41973980856451072","41969907541356544","2067141","","","2011-02-27 21:32:31 +0000","<a href=""http://twitter.com/download/iphone"" rel=""nofollow"">Twitter for iPhone</a>","@jfew We made our movers 1+ hours late to their next job... I bet they'll show up soon. Still, sucks. Hope the rest of the move goes well."
"41898642637983744","","2854761","","","2011-02-27 16:33:09 +0000","<a href=""http://twitter.com/tweetbutton"" rel=""nofollow"">Tweet Button</a>","@galenward go @EightBit yourself! http://t.co/znMCbSY","http://eightbit.me"
"41719918063927296","","","","","2011-02-27 04:42:58 +0000","<a href=""http://flickr.com/services/twitter/"" rel=""nofollow"">Flickr</a>","8:36pm Done moving, now warming the house of Tyler and Loren aka the cutest house ever http://flic.kr/p/9mm5Cy"
"41658648576925696","41652182851911681","64623504","","","2011-02-27 00:39:30 +0000","<a href=""http://twitter.com/download/iphone"" rel=""nofollow"">Twitter for iPhone</a>","@jillcorral @outseide I LOVE @avantgame's new book, and try to put some of the ideas to use on healthmonth.com. Let me know what you think!"
"41649938463072256","41633604245274624","1118691","","","2011-02-27 00:04:53 +0000","<a href=""http://twitter.com/download/iphone"" rel=""nofollow"">Twitter for iPhone</a>","@bjfogg Worked great on my end. Slides, audio, and video all came through no problem. Enjoyed the discussion too. Video Q&A with group chat!"
"41561049153015808","","","","","2011-02-26 18:11:40 +0000","<a href=""http://flickr.com/services/twitter/"" rel=""nofollow"">Flickr</a>","Leave the campsite in the same or better condition that when you arrived http://flic.kr/p/9majCD"
"41550005479149568","41547213108805632","15651426","","","2011-02-26 17:27:47 +0000","<a href=""http://twitter.com/download/iphone"" rel=""nofollow"">Twitter for iPhone</a>","@kirklonghofer You can email me at buster@750words.com or here on Twitter. What's up?"
"41383772725325824","41350908851785728","2082491","","","2011-02-26 06:27:14 +0000","<a href=""http://twitter.com/download/iphone"" rel=""nofollow"">Twitter for iPhone</a>","@rodmitch You're welcome. Let me know if there's anything more I can do!"
"41383646661181440","41359070891868160","804808","","","2011-02-26 06:26:44 +0000","<a href=""http://twitter.com/download/iphone"" rel=""nofollow"">Twitter for iPhone</a>","@daryn Terry and Jefferson! Near Harborview. Where are you?"
"41359403785535488","","","","","2011-02-26 04:50:24 +0000","<a href=""http://flickr.com/services/twitter/"" rel=""nofollow"">Flickr</a>","8:36pm Done for today. More tomorrow! http://flic.kr/p/9m6sS9"
"41294386033737728","","","","","2011-02-26 00:32:03 +0000","<a href=""http://flickr.com/services/twitter/"" rel=""nofollow"">Flickr</a>","I know you're all in suspence about this... but the table fit through the door! http://flic.kr/p/9m4hZ3"
"41283350002020352","41281909988401153","2854761","","","2011-02-25 23:48:12 +0000","<a href=""http://twitter.com/download/iphone"" rel=""nofollow"">Twitter for iPhone</a>","@galenward Having trouble with doing it from my phone. Will try again once I've got Internet set up at the new place!"
"41281765700145152","41275430489178112","2854761","","","2011-02-25 23:41:54 +0000","<a href=""http://twitter.com/download/iphone"" rel=""nofollow"">Twitter for iPhone</a>","@galenward eightbit.me -- want an invite?"
"41271774104649729","","","","","2011-02-25 23:02:12 +0000","<a href=""http://foursquare.com"" rel=""nofollow"">foursquare</a>","Note to self: on moving day don't wait til 3pm for first real meal. (@ Cafe Presse) http://4sq.com/eLbAFt"
"41246407226703872","","","","","2011-02-25 21:21:24 +0000","<a href=""http://flickr.com/services/twitter/"" rel=""nofollow"">Flickr</a>","Moment of truth. Will this table fit into our new apartment? http://flic.kr/p/9kYnik"
"41225734437474304","","","","","2011-02-25 19:59:15 +0000","<a href=""http://twitter.com/download/iphone"" rel=""nofollow"">Twitter for iPhone</a>","@arielist Tonight! Or tomorrow morningish? We are now much more flexible, yay!"
"41225530267148288","41206360079216641","15149425","","","2011-02-25 19:58:27 +0000","<a href=""http://twitter.com/download/iphone"" rel=""nofollow"">Twitter for iPhone</a>","@femelmed Sounds great! My panel is at 2pm on cooperative games. When/what is yours?"
"41223766109458432","","","","","2011-02-25 19:51:26 +0000","<a href=""http://flickr.com/services/twitter/"" rel=""nofollow"">Flickr</a>","Riding in style in the back of our movers' truck http://flic.kr/p/9kXkKV"
"41182481809940480","41181945576689664","59593","","","2011-02-25 17:07:23 +0000","<a href=""http://twitter.com/download/iphone"" rel=""nofollow"">Twitter for iPhone</a>","@jm3 Yes, you're not entirely off base. Who knows where we'll be in a year. :)"
"41181158804963328","41180819871498240","59593","","","2011-02-25 17:02:08 +0000","<a href=""http://twitter.com/download/iphone"" rel=""nofollow"">Twitter for iPhone</a>","@jm3 No just a couple miles away so we can sell my condo. Need to be flexible!"
"41057609209348096","","","","","2011-02-25 08:51:11 +0000","<a href=""http://eightbit.me"" rel=""nofollow"">EightBit</a>","Just made an @EightBit character. Check out my profile http://eightbit.me/busterbenson"
"41030753978425344","","","","","2011-02-25 07:04:28 +0000","<a href=""http://twitter.com/download/iphone"" rel=""nofollow"">Twitter for iPhone</a>","Nirvana genius playlist, incense burning, no baby, everything's in boxes = serious college flashback! Where's the Mt Dew??"
"41007949535129600","","","","","2011-02-25 05:33:51 +0000","<a href=""http://flickr.com/services/twitter/"" rel=""nofollow"">Flickr</a>","8:36pm Dropping Niko off at our doula for moving day http://flic.kr/p/9kPXxe"
"40988896200372224","","","","","2011-02-25 04:18:09 +0000","<a href=""http://flickr.com/services/twitter/"" rel=""nofollow"">Flickr</a>","Niko's last moment at the loft. Started as a bachelor pad with no furniture. Now this guy is king of the hill. http://flic.kr/p/9kSpaA"
"40972569842679810","40969996091785216","19028099","","","2011-02-25 03:13:16 +0000","<a href=""http://twitter.com/download/iphone"" rel=""nofollow"">Twitter for iPhone</a>","@MarshallHaas Me me me! :)"
"40968242759606272","40968081840934912","17352252","","","2011-02-25 02:56:04 +0000","<a href=""http://twitter.com/download/iphone"" rel=""nofollow"">Twitter for iPhone</a>","@adamforslund Okay you first."
"40962582739156992","40962208586407936","17352252","","","2011-02-25 02:33:35 +0000","<a href=""http://twitter.com/download/iphone"" rel=""nofollow"">Twitter for iPhone</a>","@adamforslund Really? Wow. But can men lactate without being sent to the circus?"
"40961872240979968","","","","","2011-02-25 02:30:46 +0000","<a href=""http://twitter.com/download/iphone"" rel=""nofollow"">Twitter for iPhone</a>","If only dads could do this too! Is that weird? RT @offbeatmama: How two lesbian mamas share breastfeeding duties http://bit.ly/eEImWv"
"40956188703195136","40955962055606272","16573363","","","2011-02-25 02:08:10 +0000","<a href=""http://itunes.apple.com/us/app/twitter/id409789998?mt=12"" rel=""nofollow"">Twitter for Mac</a>","@PolarBear60 Interesting idea. Will definitely play with the pricing, once I want to really start growing. :)"
"40955482638266369","40954954587832320","16573363","","","2011-02-25 02:05:22 +0000","<a href=""http://itunes.apple.com/us/app/twitter/id409789998?mt=12"" rel=""nofollow"">Twitter for Mac</a>","@PolarBear60 I haven't really checked very thoroughly, but % of players who pay does go up every month is seems."
"40952149085143040","","","","","2011-02-25 01:52:07 +0000","<a href=""http://itunes.apple.com/us/app/twitter/id409789998?mt=12"" rel=""nofollow"">Twitter for Mac</a>","I wish I could forecast via spreadsheet more kinds of future beyond new user growth and revenue. Those even those are quite fun."
"40937659404783616","","","","","2011-02-25 00:54:33 +0000","<a href=""http://itunes.apple.com/us/app/twitter/id409789998?mt=12"" rel=""nofollow"">Twitter for Mac</a>","Fascinating story with specific details about how Anonymous hacked into HBGary. http://t.co/h0jgCSB","http://arstechnica.com/tech-policy/news/2011/02/anonymous-speaks-the-inside-story-of-the-hbgary-hack.ars"
"40919778893758464","40919503894220800","23","","","2011-02-24 23:43:30 +0000","<a href=""http://itunes.apple.com/us/app/twitter/id409789998?mt=12"" rel=""nofollow"">Twitter for Mac</a>","@timroberts I definitely will! Also, I am launching first Fitbit integration with a new rule in March. I'll email you info."
"40919334264111104","40275548395671552","23","","","2011-02-24 23:41:44 +0000","<a href=""http://itunes.apple.com/us/app/twitter/id409789998?mt=12"" rel=""nofollow"">Twitter for Mac</a>","@timroberts I was just there for 12 hours. I definitely want to come down and visit the Fitbit offices soon though. Maybe next Tues?"
"40906563501690881","","","","","2011-02-24 22:50:59 +0000","<a href=""http://itunes.apple.com/us/app/twitter/id409789998?mt=12"" rel=""nofollow"">Twitter for Mac</a>","Now more #4hb and ""No S Diet"" compliant... check it: RT @healthmonth: Woah! 11 new rules! http://t.co/gJMDU0c","http://healthmonth.tumblr.com/post/3490405739/woah-11-new-rules"
"40875275977760768","","","40875232369573888","154236895","2011-02-24 20:46:39 +0000","<a href=""http://itunes.apple.com/us/app/twitter/id409789998?mt=12"" rel=""nofollow"">Twitter for Mac</a>","RT @healthmonth: I'm gonna add a couple new #healthmonth rules for March. Send me your suggestions!"
"40828206437236736","40820837946753024","56831057","","","2011-02-24 17:39:37 +0000","<a href=""http://itunes.apple.com/us/app/twitter/id409789998?mt=12"" rel=""nofollow"">Twitter for Mac</a>","@tenaciouscb Yes, Brian's work is awesome! We've met and have big plans for working together! :) /cc @greengoose @brynn"
"40632929373786112","","","","","2011-02-24 04:43:39 +0000","<a href=""http://flickr.com/services/twitter/"" rel=""nofollow"">Flickr</a>","8:36pm Baby bathtime preview http://flic.kr/p/9kD675"
"40615447267119105","40595090044878848","10638782","","","2011-02-24 03:34:11 +0000","<a href=""http://twitter.com/download/iphone"" rel=""nofollow"">Twitter for iPhone</a>","@danmartell Love that article! Well done and thanks for sharing."
"40614608020439041","","","","","2011-02-24 03:30:51 +0000","<a href=""http://twitter.com/download/iphone"" rel=""nofollow"">Twitter for iPhone</a>","Super excited to see this get such a great reception. RT @RWW: Green Goose Wows the Crowd & Raises $100K At Launch Conf http://rww.to/eW4wNl"
"40584603311931392","40582778978308096","15358390","","","2011-02-24 01:31:38 +0000","<a href=""http://itunes.apple.com/us/app/twitter/id409789998?mt=12"" rel=""nofollow"">Twitter for Mac</a>","@AaronSeattle Cool. Can't wait!"
"40580392754872320","","","","","2011-02-24 01:14:54 +0000","<a href=""http://itunes.apple.com/us/app/twitter/id409789998?mt=12"" rel=""nofollow"">Twitter for Mac</a>","A virtual pet game with baby celebrities instead of pets? Awesome & crazy. http://t.co/KiDuKEd Nice profile, @giantthinkwell!","http://www.seattlemet.com/arts-and-entertainment/articles/techstars-seattle-giant-thinkwell-raising-uncle-jesse-0311/1/"
"40570621205155841","40570258301390848","15358390","","","2011-02-24 00:36:04 +0000","<a href=""http://itunes.apple.com/us/app/twitter/id409789998?mt=12"" rel=""nofollow"">Twitter for Mac</a>","@LazyMeter How do I get to be one of these illustrious ""beta testers""? :) /cc @AaronSeattle"
"40536160207896576","","","","","2011-02-23 22:19:08 +0000","web","Checking out BJ Fogg's Zipcast: 'Top 10 mistakes in behavior change' at http://www.slideshare.net/bjfogg/meeting. Pretty neat!"
"40311091774885888","40310704795942913","2015","","","2011-02-23 07:24:47 +0000","<a href=""http://twitter.com/download/iphone"" rel=""nofollow"">Twitter for iPhone</a>","@joshc @ingopixel @carinnatarvin In general, I agree. But not for friends we have convinced to watch the show on high recommendation."
"40309525160398848","40309153968820224","7943892","","","2011-02-23 07:18:34 +0000","<a href=""http://twitter.com/download/iphone"" rel=""nofollow"">Twitter for iPhone</a>","@ingopixel Shush it! /cc @carinnatarvin"
"40270160011067392","","","","","2011-02-23 04:42:08 +0000","<a href=""http://flickr.com/services/twitter/"" rel=""nofollow"">Flickr</a>","8:36pm Boarding the party plane, sitting in the fancy seats because I made a mistake when booking. Ce la vie! http://flic.kr/p/9km2Wr"
"40086474267295744","","","40085445291425792","7362142","2011-02-22 16:32:14 +0000","<a href=""http://twitter.com/download/iphone"" rel=""nofollow"">Twitter for iPhone</a>","RT @kellianne: Cuddly morning baby does his newest trick. http://flic.kr/p/9kfwoG"
"40074169601236992","","","","","2011-02-22 15:43:21 +0000","<a href=""http://twitter.com/#!/download/ipad"" rel=""nofollow"">Twitter for iPad</a>","It would be cool if @TripIt told me when my friends were going to be on my flight. SEA-&gt;SFO almost always has someone I know. 2 today!"
"40069667892494336","40068178025529344","3922","","","2011-02-22 15:25:27 +0000","<a href=""http://twitter.com/#!/download/ipad"" rel=""nofollow"">Twitter for iPad</a>","@ceedub @spangley I would love to! This is just a 12hr visit full of meetings but let's make sure to hang out next time. I visit often now."
"40041739704082432","40035113832030208","7482","","","2011-02-22 13:34:29 +0000","<a href=""http://twitter.com/#!/download/ipad"" rel=""nofollow"">Twitter for iPad</a>","@arainert Nothing too surprising: Evernote, Google Docs, Keynote. Trying to find a good drawing app: sorta like Adobe Ideas. You?"
"40033267201605632","","","","","2011-02-22 13:00:49 +0000","<a href=""http://foursquare.com"" rel=""nofollow"">foursquare</a>","Traveling with no luggage or computer except an iPad is sorta fun! SEA-&gt;SFO #newhobo http://4sq.com/egVAba"
"39891987024842752","39891723253587968","1475531","","","2011-02-22 03:39:25 +0000","<a href=""http://itunes.apple.com/us/app/twitter/id409789998?mt=12"" rel=""nofollow"">Twitter for Mac</a>","@mprev Get one! Be my east coast @fitbit pal. Plus, integrating the API into healthmonth.com soon."
"39858528797732865","39852416962662400","62600226","","","2011-02-22 01:26:28 +0000","<a href=""http://itunes.apple.com/us/app/twitter/id409789998?mt=12"" rel=""nofollow"">Twitter for Mac</a>","@talof2cities I love it! There will be #healthmonth integration with @fitbit soon too. Get one and be a beta tester! :)"
"39829803209207808","","","","","2011-02-21 23:32:19 +0000","<a href=""http://itunes.apple.com/us/app/twitter/id409789998?mt=12"" rel=""nofollow"">Twitter for Mac</a>","""Hate me or like me, just don't misunderstand me."" - Joaquin Phoenix"
"39822848893779968","39822493522857984","24047916","","","2011-02-21 23:04:41 +0000","<a href=""http://itunes.apple.com/us/app/twitter/id409789998?mt=12"" rel=""nofollow"">Twitter for Mac</a>","@susanlindsey It's a tricky question, for sure. :)"
"39822532391477248","","","","","2011-02-21 23:03:26 +0000","<a href=""http://www.fitbit.com"" rel=""nofollow"">Fitbit</a>","My avg. daily #fitstats for last week: 7,081 steps, 3.4 miles, 2,528 calories burned via my fitbit http://www.fitbit.com/user/229KX2"
"39817851753873408","","","","","2011-02-21 22:44:50 +0000","<a href=""http://twitter.com/download/iphone"" rel=""nofollow"">Twitter for iPhone</a>","Is there an easy way to find the number of people that follow the people that follow someone?"
"39809382640402432","39808489182330880","9161482","","","2011-02-21 22:11:11 +0000","<a href=""http://twitter.com/download/iphone"" rel=""nofollow"">Twitter for iPhone</a>","@tannerc Yes, full time deal. No lines between work, family, and play."
"39808144997752833","39807265816969216","9161482","","","2011-02-21 22:06:16 +0000","<a href=""http://twitter.com/download/iphone"" rel=""nofollow"">Twitter for iPhone</a>","@tannerc A social life provides rejuvenation! Without that, doubt I'd be able to be as productive. Add a baby for extra perspective pts! :)"
"39782188845240320","39781670123094016","765","","","2011-02-21 20:23:07 +0000","<a href=""http://itunes.apple.com/us/app/twitter/id409789998?mt=12"" rel=""nofollow"">Twitter for Mac</a>","@seanbonner Looking at it again now, just setting up all my channels is pretty fun in itself!  /cc @ifttt"
"39780675624116224","39780324485365760","765","","","2011-02-21 20:17:06 +0000","<a href=""http://itunes.apple.com/us/app/twitter/id409789998?mt=12"" rel=""nofollow"">Twitter for Mac</a>","@seanbonner What are you using it for?"
"39741584669028353","","","","","2011-02-21 17:41:46 +0000","<a href=""http://itunes.apple.com/us/app/twitter/id409789998?mt=12"" rel=""nofollow"">Twitter for Mac</a>","Yup, I drink a lot of coffee and check-in a lot. http://t.co/jJ1MC4l (cool @foursquare Hack Day toy)","http://www.stormpixel.com/infographr/infographr.php?code=FL4ZGFCOPHVKAH1XLA2NGIBJM3SR3W1TOQNRUSOWFXIZQCWC"
"39733039009509376","","","39687284810985472","17636894","2011-02-21 17:07:49 +0000","<a href=""http://twitter.com/download/iphone"" rel=""nofollow"">Twitter for iPhone</a>","RT @the99percent: Imagining a World of Total Connectedness, and Its Consequences: http://cot.ag/e1Gi4S"
"39726730167975936","","","39726086598307840","12661782","2011-02-21 16:42:45 +0000","<a href=""http://itunes.apple.com/us/app/twitter/id409789998?mt=12"" rel=""nofollow"">Twitter for Mac</a>","RT @rondiver: It's not a bubble, ""the fundamental reality is that there is a massive shortage of web software in the world."" http://bit. ..."
"39635981594263552","","","","","2011-02-21 10:42:09 +0000","<a href=""http://timely.is"" rel=""nofollow"">Timely by Demandforce</a>","I would like an app that honestly and objectively makes visible the subtext in any conversation. So many cheap shots go unaddressed."
"39545039063359488","","","","","2011-02-21 04:40:46 +0000","<a href=""http://flickr.com/services/twitter/"" rel=""nofollow"">Flickr</a>","8:36pm Watching Nova show on human evolution while eating burgers http://flic.kr/p/9jR1AY"
"39422462705930240","39422034815488000","2067141","","","2011-02-20 20:33:42 +0000","<a href=""http://twitter.com/download/iphone"" rel=""nofollow"">Twitter for iPhone</a>","@jfew Thanks! I actually found another Goodwiller to piggyback with. Won't be the last trip though!"
"39416892397584384","","","","","2011-02-20 20:11:34 +0000","<a href=""http://twitter.com/download/iphone"" rel=""nofollow"">Twitter for iPhone</a>","Someone should do a study on how much better worrying has made the world."
"39395335923171328","39394618177097728","62600226","","","2011-02-20 18:45:54 +0000","<a href=""http://itunes.apple.com/us/app/twitter/id409789998?mt=12"" rel=""nofollow"">Twitter for Mac</a>","@talof2cities Yes, we'll totally take you up on that offer! I'm home most of today... what time works for you? Thank you!"
"39393707983781888","","","","","2011-02-20 18:39:26 +0000","<a href=""http://itunes.apple.com/us/app/twitter/id409789998?mt=12"" rel=""nofollow"">Twitter for Mac</a>","I was all ready to use @taskrabbit to help take some clothes to Goodwill, but they're not in Seattle yet! What are my other options?"
"39189396326596608","","","","","2011-02-20 05:07:34 +0000","<a href=""http://flickr.com/services/twitter/"" rel=""nofollow"">Flickr</a>","8:36pm Dinner with our doula and friends http://flic.kr/p/9judvZ"
"39098220575461376","39097932959596544","56831057","","","2011-02-19 23:05:16 +0000","<a href=""http://itunes.apple.com/us/app/twitter/id409789998?mt=12"" rel=""nofollow"">Twitter for Mac</a>","@tenaciouscb Oh my! If only I could be a fly on the wall... :)"
"39034362704048128","39032749167747072","15326867","","","2011-02-19 18:51:31 +0000","<a href=""http://itunes.apple.com/us/app/twitter/id409789998?mt=12"" rel=""nofollow"">Twitter for Mac</a>","@MWField Thank you! I used Ruby and a few linguistic analysis tools like Regressive Imagery Dictionary and LIWC to parse words."
"38822280482004992","","","","","2011-02-19 04:48:47 +0000","<a href=""http://flickr.com/services/twitter/"" rel=""nofollow"">Flickr</a>","8:36pm Watching Untitled. Super excited about new apartment. Let's move already! http://flic.kr/p/9jhLHq"
"38807410227421184","","","38473769139830784","234270825","2011-02-19 03:49:42 +0000","<a href=""http://twitter.com/download/iphone"" rel=""nofollow"">Twitter for iPhone</a>","RT @KenJennings: Just got back home to Seattle.  Plan to take out some anti-Watson frustration on my waffle iron.  Quit grinning fax mac ..."
"38669314332557312","38654716086976512","12363302","","","2011-02-18 18:40:57 +0000","<a href=""http://twitter.com/download/iphone"" rel=""nofollow"">Twitter for iPhone</a>","@bobocopy Email me and we'll work something out! busterbenson@gmail.com"
"38632425705836545","38599672494952450","69068084","","","2011-02-18 16:14:22 +0000","<a href=""http://twitter.com/download/iphone"" rel=""nofollow"">Twitter for iPhone</a>","@HealthGaming Depends on how much money you want. People are not adverse to spending money on their own health, I've found. /cc @agaricus"
"38531890566664192","38423450909417472","97830944","","","2011-02-18 09:34:53 +0000","<a href=""http://twitter.com/download/iphone"" rel=""nofollow"">Twitter for iPhone</a>","@GordonWerner Yes, the current rule for you was set at 70 miles a week."
"38457275655913472","","","","","2011-02-18 04:38:23 +0000","<a href=""http://flickr.com/services/twitter/"" rel=""nofollow"">Flickr</a>","8:36pm Drink with Ingo night! http://flic.kr/p/9j5h4L"
"38290105034747904","38289922460749824","5362","","","2011-02-17 17:34:07 +0000","<a href=""http://twitter.com/download/iphone"" rel=""nofollow"">Twitter for iPhone</a>","@britt Still working on it! Should be on your profile page within a couple days."
"38281555826704384","38228865797210112","173048790","","","2011-02-17 17:00:08 +0000","<a href=""http://twitter.com/download/iphone"" rel=""nofollow"">Twitter for iPhone</a>","@Iceworth Yes: busterbenson@gmail.com"
"38103068323086336","","","","","2011-02-17 05:10:54 +0000","<a href=""http://flickr.com/services/twitter/"" rel=""nofollow"">Flickr</a>","8:36pm This half-packed house is a shambles, I'm nap poor, and we ran out of Damages episodes. Early night! http://flic.kr/p/9iRt53"
"37784247271956480","","","","","2011-02-16 08:04:01 +0000","<a href=""http://twitter.com/download/iphone"" rel=""nofollow"">Twitter for iPhone</a>","I agree. RT @agaricus: I think the pharma, advertising, social game nexus will prove toxic. (For context: http://bit.ly/h1lEpC)"
"37747746479808512","","","","","2011-02-16 05:38:58 +0000","<a href=""http://flickr.com/services/twitter/"" rel=""nofollow"">Flickr</a>","8:36pm Was working on new #healthmonth charts, but always confused by this page. So ominous! http://flic.kr/p/9iyURv"
"37646513110777856","","","37639037502234624","17636894","2011-02-15 22:56:42 +0000","<a href=""http://twitter.com/download/iphone"" rel=""nofollow"">Twitter for iPhone</a>","RT @the99percent: Ray Kurzweil and the Singularity; when will our minds meld with the machine? http://cot.ag/ewrU0y via @longformorg"
"37542574625538048","37541386290987009","15586505","","","2011-02-15 16:03:41 +0000","<a href=""http://twitter.com/download/iphone"" rel=""nofollow"">Twitter for iPhone</a>","@JahsonBlack Yes, definitely in the plans!"
"37372463859900416","","","","","2011-02-15 04:47:44 +0000","<a href=""http://flickr.com/services/twitter/"" rel=""nofollow"">Flickr</a>","8:36pm We do Valentine's Day right in the Benson house http://flic.kr/p/9in2GL"
"37355726422671361","","","37344490096304128","749863","2011-02-15 03:41:13 +0000","<a href=""http://twitter.com/download/iphone"" rel=""nofollow"">Twitter for iPhone</a>","RT @hotdogsladies: ""How many things do I need to shed, cancel, defer, drop, shank, or shit-can?to focus on this one thing that I love?""
 ..."
"37285648486375424","","","","","2011-02-14 23:02:45 +0000","<a href=""http://www.fitbit.com"" rel=""nofollow"">Fitbit</a>","My avg. daily #fitstats for last week: 7,149 steps, 3.4 miles, 2,549 calories burned via my fitbit http://www.fitbit.com/user/229KX2"
"37271869841215488","","","","","2011-02-14 22:08:00 +0000","<a href=""http://itunes.apple.com/us/app/twitter/id409789998?mt=12"" rel=""nofollow"">Twitter for Mac</a>","Just pre-ordered my Lean Startup book. I love how you get access to their trends & experiments by buying: http://t.co/gpXo4y2 #meta","http://lean.st/busterbenson"
"37267868299042816","37264467616075776","9161482","","","2011-02-14 21:52:06 +0000","<a href=""http://itunes.apple.com/us/app/twitter/id409789998?mt=12"" rel=""nofollow"">Twitter for Mac</a>","@tannerc Nothing at the moment, but every 6 months or so I do a month of http://t.co/wahl4Vo","http://trackyourhappiness.org"
"37263598182998016","","","","","2011-02-14 21:35:08 +0000","<a href=""http://itunes.apple.com/us/app/twitter/id409789998?mt=12"" rel=""nofollow"">Twitter for Mac</a>","Nice articulation of how difficult it is for us to know what activities actually make us happy: http://t.co/fFKAYMY by @gretchenrubin","http://www.happiness-project.com/happiness_project/2007/04/the_importance_.html"
"37252858202038272","","","","","2011-02-14 20:52:28 +0000","<a href=""http://itunes.apple.com/us/app/twitter/id409789998?mt=12"" rel=""nofollow"">Twitter for Mac</a>","Super excited about this --&gt; RT @enjoymentland: Health Month Recommended Behaviors, version 1 http://t.co/iZTYHFW","http://goo.gl/fb/MP4Qb"
"37228950207860736","","","37202181513814016","2015","2011-02-14 19:17:28 +0000","<a href=""http://twitter.com/download/iphone"" rel=""nofollow"">Twitter for iPhone</a>","RT @joshc: so maybe arcade fire isn't so mainstream? http://t.co/BiHVK6O #brilliantinstatumblrsdotcom","http://whoisarcadefire.tumblr.com/"
"37226519323480064","","","37217249970364416","780991","2011-02-14 19:07:48 +0000","<a href=""http://twitter.com/download/iphone"" rel=""nofollow"">Twitter for iPhone</a>","RT @amyjokim: Data shows that the idea of cooperation is much more effective in social networking games (Bing Gordon) http://bit.ly/gzmAfb"
"37058196388454400","37042672967356417","123116307","","","2011-02-14 07:58:57 +0000","<a href=""http://twitter.com/download/iphone"" rel=""nofollow"">Twitter for iPhone</a>","@knitpurl Welcome to 8:36pm! I love when it spreads. Just checked and I'm on day 998! /cc @lilhossler"
"37056373300662272","","","","","2011-02-14 07:51:42 +0000","<a href=""http://twitter.com/download/iphone"" rel=""nofollow"">Twitter for iPhone</a>","I'm in love with this story. Well told! RT @TechCrunch: Inside the DNA of the Facebook Mafia http://j.mp/dK32CV"
"37055812241199104","37055375039660032","947851","","","2011-02-14 07:49:28 +0000","<a href=""http://twitter.com/download/iphone"" rel=""nofollow"">Twitter for iPhone</a>","@dreeves Thanks! Going with @frogbox, they deliver and pick up boxes when you're done!"
"37008265510391808","","","","","2011-02-14 04:40:32 +0000","<a href=""http://flickr.com/services/twitter/"" rel=""nofollow"">Flickr</a>","8:36pm Our new favorite post-work activity: Damages and take-out http://flic.kr/p/9i6iru"
"36992312462548992","","","","","2011-02-14 03:37:09 +0000","<a href=""http://timely.is"" rel=""nofollow"">Timely by Demandforce</a>","The internet made two-way group action easier, and that's a big deal: http://bit.ly/eQOouq /via @bijan"
"36937220149485568","","","","","2011-02-13 23:58:14 +0000","<a href=""http://instagr.am"" rel=""nofollow"">Instagram</a>","Niko and Vivienne  @ Ballard http://instagr.am/p/BlgQW/"
"36934235004608512","","","","","2011-02-13 23:46:22 +0000","<a href=""http://twitter.com/download/iphone"" rel=""nofollow"">Twitter for iPhone</a>","Nevermind about those boxes (thank to those who offered!). Going with @frogbox which looks pretty great. Has anyone used them?"
"36927225156603905","36923077669421056","10015122","","","2011-02-13 23:18:31 +0000","<a href=""http://twitter.com/download/iphone"" rel=""nofollow"">Twitter for iPhone</a>","@andypixel Just packing for now. Movers come the 25th! Then: neighbortownsville!"
"36916837421817856","","","","","2011-02-13 22:37:14 +0000","<a href=""http://itunes.apple.com/us/app/twitter/id409789998?mt=12"" rel=""nofollow"">Twitter for Mac</a>","Seattle friends! Do any of you have time to bring me 10-15 moving boxes today or tomorrow? #fb #hugefavor"
"36646023044530177","","","","","2011-02-13 04:41:07 +0000","<a href=""http://flickr.com/services/twitter/"" rel=""nofollow"">Flickr</a>","8:36pm Hanging out with our funny Ballard friends http://flic.kr/p/9hMdW1"
"36629933367230464","","","","","2011-02-13 03:37:11 +0000","<a href=""http://timely.is"" rel=""nofollow"">Timely by Demandforce</a>","Brand new @healthmonth feature! The Rule Wizard. http://bit.ly/hQsJDK"
"36553286043566080","35935075593887745","62600226","","","2011-02-12 22:32:37 +0000","<a href=""http://itunes.apple.com/us/app/twitter/id409789998?mt=12"" rel=""nofollow"">Twitter for Mac</a>","@talof2cities @kellianne Hey, just saw this! For what it's worth, I DO usually do the dishes. I just like doing them by hand. It's relaxing!"
"36546162022547456","36545912356478976","15019184","","","2011-02-12 22:04:18 +0000","<a href=""http://itunes.apple.com/us/app/twitter/id409789998?mt=12"" rel=""nofollow"">Twitter for Mac</a>","@heyamberrae @micah 5 extra points if you change your first name to Hey."
"36543552410484736","36543047239991299","15019184","","","2011-02-12 21:53:56 +0000","<a href=""http://itunes.apple.com/us/app/twitter/id409789998?mt=12"" rel=""nofollow"">Twitter for Mac</a>","@heyamberrae First, middle, second middle, suffix, etc. :)

PS. I'm a name-changing evangelist."
"36542557068464128","36542137218637825","15019184","","","2011-02-12 21:49:59 +0000","<a href=""http://itunes.apple.com/us/app/twitter/id409789998?mt=12"" rel=""nofollow"">Twitter for Mac</a>","@heyamberrae Not even to save a few bucks? :) Oh, and you can also change all of your other names at the same time for no extra charge."
"36541799388418048","36541551274369025","15019184","","","2011-02-12 21:46:58 +0000","<a href=""http://itunes.apple.com/us/app/twitter/id409789998?mt=12"" rel=""nofollow"">Twitter for Mac</a>","@heyamberrae It depends state by state, but in Washington State it's about $130. Less if you also get married."
"36309976976723968","36302270140395520","14329453","","","2011-02-12 06:25:47 +0000","web","@musekitsch What's your name/email on 750words? I can fix your streak for you if you want..."
"36288208497147904","","","35888279408607233","820661","2011-02-12 04:59:17 +0000","web","RT @daveschappell: Habits are hard to break. Or, why it?s so difficult to lose weight, stop smoking or exercise more http://bit.ly/f2K3WR"
"36160712950685696","","","","","2011-02-11 20:32:40 +0000","<a href=""http://itunes.apple.com/us/app/twitter/id409789998?mt=12"" rel=""nofollow"">Twitter for Mac</a>","Congrats! Super stoked to use this. RT @fitbit: Announcing the Fitbit Beta API! http://t.co/glNCYQB","http://blog.fitbit.com/?p=325"
"36105620788613120","","","36105018725629953","4641021","2011-02-11 16:53:45 +0000","<a href=""http://itunes.apple.com/us/app/twitter/id409789998?mt=12"" rel=""nofollow"">Twitter for Mac</a>","RT @RWW: http://ismubarakstillpresident.com/ #egypt"
"35961211682172928","35947887548436480","10959642","","","2011-02-11 07:19:55 +0000","<a href=""http://twitter.com/download/iphone"" rel=""nofollow"">Twitter for iPhone</a>","@tara @poshy We're packing up 7yrs of crap right now too! We put Niko in a box surrounded by packed boxes and he seems to love it."
"35929928230768640","35775700111720448","8708232","","","2011-02-11 05:15:37 +0000","<a href=""http://twitter.com/download/iphone"" rel=""nofollow"">Twitter for iPhone</a>","@brynn @gwenbell @helenjane That would be so awesome if the stars aligned!"
"35929025687855104","35922998791770112","4708351","","","2011-02-11 05:12:01 +0000","<a href=""http://twitter.com/download/iphone"" rel=""nofollow"">Twitter for iPhone</a>","@Poshy Someone's gotta keep the cute babies on Twitter quotient up there, right?"
"35922836052774912","","","","","2011-02-11 04:47:26 +0000","<a href=""http://flickr.com/services/twitter/"" rel=""nofollow"">Flickr</a>","8:36pm Niko bathtimes! Found the shower knob! http://flic.kr/p/9hjsJU"
"35840789649162240","35840536824782848","12363302","","","2011-02-10 23:21:24 +0000","<a href=""http://itunes.apple.com/us/app/twitter/id409789998?mt=12"" rel=""nofollow"">Twitter for Mac</a>","@bobocopy She only has 3 rules, therefore it's free to play. No sponsorship needed!"
"35820935651000321","35820584600481792","12363302","","","2011-02-10 22:02:31 +0000","<a href=""http://itunes.apple.com/us/app/twitter/id409789998?mt=12"" rel=""nofollow"">Twitter for Mac</a>","@bobocopy What's her username?"
"35811070606180352","35810870927818752","12363302","","","2011-02-10 21:23:19 +0000","<a href=""http://itunes.apple.com/us/app/twitter/id409789998?mt=12"" rel=""nofollow"">Twitter for Mac</a>","@bobocopy Have your friend apply for sponsorship when they choose their rules, and a ""sponsor me!"" link WILL appear on their profile."
"35600409129127936","35599135197368320","30693","","","2011-02-10 07:26:13 +0000","<a href=""http://twitter.com/download/iphone"" rel=""nofollow"">Twitter for iPhone</a>","@Boomer Thank you! Looks brilliant at first glance."
"35595488405225472","35577580472123392","30693","","","2011-02-10 07:06:40 +0000","<a href=""http://twitter.com/download/iphone"" rel=""nofollow"">Twitter for iPhone</a>","@Boomer Ooh what that @honestlynowinc all about? Got any extra invites?"
"35558513602203648","","","","","2011-02-10 04:39:44 +0000","<a href=""http://flickr.com/services/twitter/"" rel=""nofollow"">Flickr</a>","8:36pm About to take off from SFO in the partyplanemobile. Which romcom should I watch? http://flic.kr/p/9h64wC"
"35557737916141568","35557439663243264","35141809","","","2011-02-10 04:36:40 +0000","<a href=""http://twitter.com/download/iphone"" rel=""nofollow"">Twitter for iPhone</a>","@JimmyJameson Departing... :( Another short but productive visit. Next one in 2 weeks!"
"35555924353482752","35548787342704640","1186","","","2011-02-10 04:29:27 +0000","<a href=""http://twitter.com/download/iphone"" rel=""nofollow"">Twitter for iPhone</a>","@chrismessina Awesome meeting you and @brynnevans as well. Good things will come of this night, I am sure of it!"
"35555585537609728","35555135174213632","7362142","","","2011-02-10 04:28:06 +0000","<a href=""http://twitter.com/download/iphone"" rel=""nofollow"">Twitter for iPhone</a>","@kellianne So great, right? But what did you watch without me???"
"35547302764482560","35536918020104192","8708232","","","2011-02-10 03:55:12 +0000","<a href=""http://twitter.com/download/iphone"" rel=""nofollow"">Twitter for iPhone</a>","@brynn @gwenbell You two should definitely talk and/or meet up. Kindred spirits!"
"35493919705800704","","","35492532326502401","9270952","2011-02-10 00:23:04 +0000","<a href=""http://twitter.com/download/iphone"" rel=""nofollow"">Twitter for iPhone</a>","RT @Mari18: The good thing about having too much on your plate is that if you get stuck on something, you can go eat something else for  ..."
"35391643624415232","","","","","2011-02-09 17:36:40 +0000","<a href=""http://foursquare.com"" rel=""nofollow"">foursquare</a>","I just unlocked the ""Fresh Brew"" badge on @foursquare! http://4sq.com/fd5ADh"
"35197746726047744","","","","","2011-02-09 04:46:11 +0000","<a href=""http://flickr.com/services/twitter/"" rel=""nofollow"">Flickr</a>","8:36pm Arguing about genomics at Radius with Jen and Brian http://flic.kr/p/9gRjcy"
"35067720689000448","","","","","2011-02-08 20:09:30 +0000","<a href=""http://foursquare.com"" rel=""nofollow"">foursquare</a>","I just unlocked the ""Mile High"" badge on @foursquare! http://4sq.com/ftzJc0"
"34835616722059264","","","","","2011-02-08 04:47:12 +0000","<a href=""http://flickr.com/services/twitter/"" rel=""nofollow"">Flickr</a>","8:36pm Totaling up 2010 deductions using mint.com and a spreadsheet. Bleeding from eyes. http://flic.kr/p/9gAz9A"
"34776166246260736","","","","","2011-02-08 00:50:58 +0000","<a href=""http://itunes.apple.com/us/app/twitter/id409789998?mt=12"" rel=""nofollow"">Twitter for Mac</a>","@gwenbell Yeah, the article is all over the place - my favorite kind. I'm very curious about this @letter_ly project... tell me more!"
"34773377008799745","","","","","2011-02-08 00:39:53 +0000","<a href=""http://itunes.apple.com/us/app/twitter/id409789998?mt=12"" rel=""nofollow"">Twitter for Mac</a>","""Our perceptions are fantasies we construct that correlate with reality."" http://t.co/4VLYu9y","http://www.newyorker.com/reporting/2011/01/17/110117fa_fact_brooks#ixzz1DK6yBOWz"
"34772658453217280","34770540648468482","903011","","","2011-02-08 00:37:02 +0000","<a href=""http://itunes.apple.com/us/app/twitter/id409789998?mt=12"" rel=""nofollow"">Twitter for Mac</a>","@sixwing I'll let you know in a couple years.  :)  For the record, I also *changed* my name... might skew the experiment a bit."
"34749071293939712","","","","","2011-02-07 23:03:18 +0000","<a href=""http://www.fitbit.com"" rel=""nofollow"">Fitbit</a>","My avg. daily #fitstats for last week: 2,228 steps, 1.1 miles, 2,528 calories burned via my fitbit http://www.fitbit.com/user/229KX2"
"34727222527004672","","","","","2011-02-07 21:36:29 +0000","<a href=""http://wellbeingtracker.meyouhealth.com"" rel=""nofollow"">MeYou Health Well-Being Tracker</a>","I scored 81 out of 100 on this Well-Being Tracker. Try it out! http://bit.ly/e9iWO1"
"34505309632335872","","","","","2011-02-07 06:54:41 +0000","<a href=""http://flickr.com/services/twitter/"" rel=""nofollow"">Flickr</a>","8:36pm I was playing my new fave game Peggle while waiting for take out after a brief @meganwelling bday drive-by. http://flic.kr/p/9ghA4n"
"34435624861700096","","","","","2011-02-07 02:17:47 +0000","<a href=""http://itunes.apple.com/us/app/twitter/id409789998?mt=12"" rel=""nofollow"">Twitter for Mac</a>","Is there `any way to get a report from Paypal for transaction totals broken down by item using their Website Payments program?"
"34150969948241920","","","","","2011-02-06 07:26:40 +0000","<a href=""http://flickr.com/services/twitter/"" rel=""nofollow"">Flickr</a>","8:36pm Buying plane tickets in the dark. This picture is from earlier today: a baby class reunion http://flic.kr/p/9fYMNM"
"34124817498112000","34118289282039808","17977759","","","2011-02-06 05:42:45 +0000","<a href=""http://itunes.apple.com/us/app/twitter/id409789998?mt=12"" rel=""nofollow"">Twitter for Mac</a>","@iamdonte Crap, no rooms are available anymore. :/"
"34124055569240064","34118289282039808","17977759","","","2011-02-06 05:39:43 +0000","<a href=""http://itunes.apple.com/us/app/twitter/id409789998?mt=12"" rel=""nofollow"">Twitter for Mac</a>","@iamdonte Awesome, thanks for the tip. I'll check it out."
"34123977056059392","34117472009330688","2015","","","2011-02-06 05:39:24 +0000","<a href=""http://itunes.apple.com/us/app/twitter/id409789998?mt=12"" rel=""nofollow"">Twitter for Mac</a>","@joshc Ooh, hadn't thought of that. Did you post, or just search listings?"
"34123843987578880","34114703806566400","7482","","","2011-02-06 05:38:53 +0000","<a href=""http://itunes.apple.com/us/app/twitter/id409789998?mt=12"" rel=""nofollow"">Twitter for Mac</a>","@arainert Attempting to. Procrastination may get the better of us though. What about you?"
"34123742410055680","34113701745270784","14229651","","","2011-02-06 05:38:28 +0000","<a href=""http://itunes.apple.com/us/app/twitter/id409789998?mt=12"" rel=""nofollow"">Twitter for Mac</a>","@elise81 That's what I was hoping too. But it's pretty dismal even there too. Most of the remaining listings are already booked."
"34112302202486784","","","","","2011-02-06 04:53:01 +0000","<a href=""http://itunes.apple.com/us/app/twitter/id409789998?mt=12"" rel=""nofollow"">Twitter for Mac</a>","I'm going to SXSW Interactive this year w/ family, but haven't booked a room yet. We are going to need a miracle here. Help?"
"34068023979544576","33983432329535488","815875","","","2011-02-06 01:57:04 +0000","<a href=""http://twitter.com/download/iphone"" rel=""nofollow"">Twitter for iPhone</a>","@JeffreyKeefer That's Bree! One of my favorites."
"33785849497788416","","","","","2011-02-05 07:15:48 +0000","<a href=""http://twitter.com/download/iphone"" rel=""nofollow"">Twitter for iPhone</a>","@gwenbell @aquicky @jenncash Would love to hear more about this magical conversation!"
"33764876643995648","","","","","2011-02-05 05:52:28 +0000","<a href=""http://flickr.com/services/twitter/"" rel=""nofollow"">Flickr</a>","8:36pm Fun dinner at @ryanmcminn's with Carla http://flic.kr/p/9fH6bi"
"33691532427005952","33592929675120640","16366882","","","2011-02-05 01:01:01 +0000","<a href=""http://twitter.com/download/iphone"" rel=""nofollow"">Twitter for iPhone</a>","@octavekitten Not too late at all!"
"33672823624962049","","","","","2011-02-04 23:46:41 +0000","<a href=""http://itunes.apple.com/us/app/twitter/id409789998?mt=12"" rel=""nofollow"">Twitter for Mac</a>","Video of my @ignitesea talk on how #gamification & badges can improve the quality of your life is now online! http://t.co/PrnmCAj","http://www.igniteseattle.com/2011/02/buster-benson-virtual-goods-can-improve-the-quality-of-your-real-life-experiences/"
"33669010767740928","","","","","2011-02-04 23:31:32 +0000","<a href=""http://itunes.apple.com/us/app/twitter/id409789998?mt=12"" rel=""nofollow"">Twitter for Mac</a>","I admire Peter Theil's ability to take unpopular stances on technology and education: http://t.co/f7ElU9n","http://www.businessweek.com/magazine/content/11_07/b4215072350752.htm"
"33428365830529026","33407408625684480","176632772","","","2011-02-04 07:35:18 +0000","<a href=""http://twitter.com/download/iphone"" rel=""nofollow"">Twitter for iPhone</a>","@BA_Matthews I'm sorry! Can you explain the order of events? The site shouldn't have had any problems like this today."
"33426808678531072","33418680209506305","947851","","","2011-02-04 07:29:06 +0000","<a href=""http://twitter.com/download/iphone"" rel=""nofollow"">Twitter for iPhone</a>","@dreeves Got one, thanks!"
"33417693096845312","32982428544929793","12065472","","","2011-02-04 06:52:53 +0000","<a href=""http://twitter.com/download/iphone"" rel=""nofollow"">Twitter for iPhone</a>","@sgdean @bjfogg @ifttt @dreeves Holy macaroni, I need an invite to this! How do I solve the if X then get an invite equation?"
"33390017732677632","33388803183878144","681813","","","2011-02-04 05:02:55 +0000","<a href=""http://twitter.com/download/iphone"" rel=""nofollow"">Twitter for iPhone</a>","@avantgame And what was the other thing?"
"33389544128651264","33387562907205632","5921812","","","2011-02-04 05:01:02 +0000","<a href=""http://twitter.com/download/iphone"" rel=""nofollow"">Twitter for iPhone</a>","@jwedgwood I like that approach. Heroes in some way despite themselves, maybe? More interesting, in many respects."
"33386673328889856","","","","","2011-02-04 04:49:37 +0000","<a href=""http://twitter.com/download/iphone"" rel=""nofollow"">Twitter for iPhone</a>","Strange question: can heroes exist in a world with 100% transparency? How ""knowable"" are/were your heroes?"
"33383882267037696","","","","","2011-02-04 04:38:32 +0000","<a href=""http://flickr.com/services/twitter/"" rel=""nofollow"">Flickr</a>","8:36pm Getting sick, sort of grumpy, trying to rally with some alone time at Tavolata http://flic.kr/p/9ftcGg"
"33292720004927488","","","","","2011-02-03 22:36:17 +0000","<a href=""http://itunes.apple.com/us/app/twitter/id409789998?mt=12"" rel=""nofollow"">Twitter for Mac</a>","Twitter is great for offering the first clever thought in a long subtle debate over and over and over again."
"33292057892093952","33290120585019392","7362142","","","2011-02-03 22:33:39 +0000","<a href=""http://itunes.apple.com/us/app/twitter/id409789998?mt=12"" rel=""nofollow"">Twitter for Mac</a>","@kellianne Of course you like it. Nice inconspicuous pen name you chose for yourself, too! /cc @offbeatmama"
"33272332562726912","","30693","","","2011-02-03 21:15:16 +0000","<a href=""http://itunes.apple.com/us/app/twitter/id409789998?mt=12"" rel=""nofollow"">Twitter for Mac</a>","@Boomer @TimRoberts Congrats on getting the @fitbit mobile site out there. Looks great!"
"33248488754126848","33245075924328448","16475119","","","2011-02-03 19:40:32 +0000","<a href=""http://itunes.apple.com/us/app/twitter/id409789998?mt=12"" rel=""nofollow"">Twitter for Mac</a>","@theartar Yes, a big update is coming soon!"
"33233422763692032","","","33233381114249216","154236895","2011-02-03 18:40:40 +0000","<a href=""http://itunes.apple.com/us/app/twitter/id409789998?mt=12"" rel=""nofollow"">Twitter for Mac</a>","RT @healthmonth: Most health solutions aren't medical, they're social: http://t.co/qLBC1ov /thx @kottke","http://thefuturewell.com/2011/02/02/most-health-solutions-arent-medical-theyre-social/"
"33216234061299713","33215923016044544","260","","","2011-02-03 17:32:21 +0000","<a href=""http://itunes.apple.com/us/app/twitter/id409789998?mt=12"" rel=""nofollow"">Twitter for Mac</a>","@sharon Woah, thank you! I started looking online but saw lots of scams. I like the first one you sent, thank you!"
"33205731104657408","","","","","2011-02-03 16:50:37 +0000","<a href=""http://itunes.apple.com/us/app/twitter/id409789998?mt=12"" rel=""nofollow"">Twitter for Mac</a>","Does anyone have tips or suggestions for putting together a *very simple* month-to-month rental lease?"
"33024702427435008","33014482481451009","173048790","","","2011-02-03 04:51:17 +0000","<a href=""http://twitter.com/download/iphone"" rel=""nofollow"">Twitter for iPhone</a>","@Iceworth Should be back now but we are working on performance issues for next week or so. Sorry for the slowness!"
"33021746013536256","","","","","2011-02-03 04:39:32 +0000","<a href=""http://flickr.com/services/twitter/"" rel=""nofollow"">Flickr</a>","8:36pm Just got home from dinner on the hill and some nice long walks http://flic.kr/p/9feLQ6"
"32951303730634754","32949237226409986","6160742","","","2011-02-02 23:59:37 +0000","<a href=""http://itunes.apple.com/us/app/twitter/id409789998?mt=12"" rel=""nofollow"">Twitter for Mac</a>","@bryce Game dynamics are tools, just like APIs, tags, app platforms, jQuery, etc. When used correctly, they shine. When not... not as much."
"32918579158458368","","","","","2011-02-02 21:49:35 +0000","<a href=""http://itunes.apple.com/us/app/twitter/id409789998?mt=12"" rel=""nofollow"">Twitter for Mac</a>","The Game Always Wins."
"32675224394661889","32661042223906817","7565162","","","2011-02-02 05:42:35 +0000","<a href=""http://itunes.apple.com/us/app/twitter/id409789998?mt=12"" rel=""nofollow"">Twitter for Mac</a>","@michaelmcdaniel Okay, try it again now... should let you edit again."
"32625604952064000","32625506826326016","56831057","","","2011-02-02 02:25:25 +0000","<a href=""http://itunes.apple.com/us/app/twitter/id409789998?mt=12"" rel=""nofollow"">Twitter for Mac</a>","@tenaciouscb Ha. Best answer yet. :)"
"32624405829914626","","6995452","","","2011-02-02 02:20:39 +0000","<a href=""http://itunes.apple.com/us/app/twitter/id409789998?mt=12"" rel=""nofollow"">Twitter for Mac</a>","@dmv Did you figure it out yet? You can do it from this page: http://t.co/IIMJ91t","http://healthmonth.com/teams/game/8"
"32621076852776960","","","","","2011-02-02 02:07:25 +0000","<a href=""http://itunes.apple.com/us/app/twitter/id409789998?mt=12"" rel=""nofollow"">Twitter for Mac</a>","If someone stole all your passwords and you only had time to protect 1 account before the rest were stolen, which would you save?"
"32616524850143233","32599030915665921","17352252","","","2011-02-02 01:49:20 +0000","<a href=""http://itunes.apple.com/us/app/twitter/id409789998?mt=12"" rel=""nofollow"">Twitter for Mac</a>","@adamforslund Fun is 90% toxing, and 10% detoxing. /cc @theculprit @crisdeal"
"32616319350214656","32607941211197440","1118691","","","2011-02-02 01:48:31 +0000","<a href=""http://itunes.apple.com/us/app/twitter/id409789998?mt=12"" rel=""nofollow"">Twitter for Mac</a>","@bjfogg Woah, just had a minor epiphany thanks to that tweet. Thank you!"
"32578981312077824","32574216427540481","6726182","","","2011-02-01 23:20:09 +0000","<a href=""http://twitter.com/download/iphone"" rel=""nofollow"">Twitter for iPhone</a>","@TheCulprit Wow! Can health month buy some ad space on your back? :)"
"32535098670718976","","","","","2011-02-01 20:25:46 +0000","<a href=""http://foursquare.com"" rel=""nofollow"">foursquare</a>","I just unlocked the ""Healthy Polar Bear"" badge on @foursquare! http://4sq.com/eUweBt"
"32509753716383744","32509589798785024","17688265","","","2011-02-01 18:45:03 +0000","<a href=""http://itunes.apple.com/us/app/twitter/id409789998?mt=12"" rel=""nofollow"">Twitter for Mac</a>","@Lauren0 Yes, go to Settings -&gt; Search and export and click on previous months to your heart's delight!"
"32491539842211840","","","","","2011-02-01 17:32:41 +0000","<a href=""http://cutcopy.heroku.com"" rel=""nofollow"">Zonoscope</a>","Visit http://bit.ly/zonoscope to unlock the full stream of @CutCopy's new record #Zonoscope."
"32459217545723904","","","32393535718162432","14076943","2011-02-01 15:24:15 +0000","<a href=""http://twitter.com/download/iphone"" rel=""nofollow"">Twitter for iPhone</a>","RT @jhagel: Great reflection by @dweinberger - ""we are the medium"" http://bit.ly/fmFr5v"
