"tweet_id","in_reply_to_status_id","in_reply_to_user_id","retweeted_status_id","retweeted_status_user_id","timestamp","source","text","expanded_urls"
"153335451695063040","","","","","2012-01-01 04:43:15 +0000","<a href=""http://flickr.com/services/twitter/"" rel=""nofollow"">Flickr</a>","8:36pm Talking about mathematical approaches to hipster fashion http://t.co/ReA28OJg","http://flic.kr/p/b59Sxt"
"153296487848230913","","","","","2012-01-01 02:08:25 +0000","<a href=""http://instagr.am"" rel=""nofollow"">Instagram</a>","They're actually playing and reading together. A first!  @ ?Benson Bungalow http://t.co/SG5kVQwH","http://instagr.am/p/dXzM5/"
"153246811358896128","","","","","2011-12-31 22:51:01 +0000","<a href=""http://itunes.apple.com/us/app/twitter/id409789998?mt=12"" rel=""nofollow"">Twitter for Mac</a>","I only got 13 out of 20 correct in this ""spot the fake smile"" test: http://t.co/kOk0U10e /via @kellianne","http://www.bbc.co.uk/science/humanbody/mind/surveys/smiles/"
"153244053167808513","153243663911231488","21135674","","","2011-12-31 22:40:04 +0000","<a href=""http://itunes.apple.com/us/app/twitter/id409789998?mt=12"" rel=""nofollow"">Twitter for Mac</a>","@e_ramirez Will do! Thanks. :) Happy new year to you too!"
"153243361921335296","153242918482747392","21135674","","","2011-12-31 22:37:19 +0000","<a href=""http://itunes.apple.com/us/app/twitter/id409789998?mt=12"" rel=""nofollow"">Twitter for Mac</a>","@e_ramirez I also plan on going deeper into the data too and making some charts.  I just ran out of steam today.  :)"
"153243149484032002","153242918482747392","21135674","","","2011-12-31 22:36:28 +0000","<a href=""http://itunes.apple.com/us/app/twitter/id409789998?mt=12"" rel=""nofollow"">Twitter for Mac</a>","@e_ramirez Ah, cool. I'll send you any that I come across for sure!"
"153242662349185024","153242389098659840","21135674","","","2011-12-31 22:34:32 +0000","<a href=""http://itunes.apple.com/us/app/twitter/id409789998?mt=12"" rel=""nofollow"">Twitter for Mac</a>","@e_ramirez I just happened to do one! http://t.co/ASs1ZUlf /cc @quantifiedself","http://bustr.tumblr.com/post/15093924407/numbers-from-my-life-in-2011"
"153235084575637505","153232627980173313","521","","","2011-12-31 22:04:25 +0000","<a href=""http://itunes.apple.com/us/app/twitter/id409789998?mt=12"" rel=""nofollow"">Twitter for Mac</a>","@gerwitz Hmm? I'm not sure.  I've never done prefixes myself."
"153230421025505280","153229635054866433","521","","","2011-12-31 21:45:53 +0000","<a href=""http://itunes.apple.com/us/app/twitter/id409789998?mt=12"" rel=""nofollow"">Twitter for Mac</a>","@gerwitz Ah, yes. The IMAP prefix will break howsmyemail.com. I've been meaning to fix that..."
"153218199104655361","153217859366031360","521","","","2011-12-31 20:57:19 +0000","<a href=""http://itunes.apple.com/us/app/twitter/id409789998?mt=12"" rel=""nofollow"">Twitter for Mac</a>","@gerwitz What's not working for you?  Are you not on gmail?"
"153201632627273728","","","","","2011-12-31 19:51:30 +0000","web","Some numbers from my life in 2011: http://t.co/7vK0vqpN","http://bustr.tumblr.com/post/15093924407/numbers-from-2011"
"153106477559713792","153097344626331648","2781","","","2011-12-31 13:33:23 +0000","<a href=""http://tapbots.com/tweetbot"" rel=""nofollow"">Tweetbot for iOS</a>","@Aubs Health Month is your better bet for now until we make a program specifically for Slow Carb. Won't be too long now, though!"
"152975339113553920","","","","","2011-12-31 04:52:17 +0000","<a href=""http://flickr.com/services/twitter/"" rel=""nofollow"">Flickr</a>","8:36pm Just got home. Think I might go to bed. http://t.co/774DtjdV","http://flic.kr/p/b4CEaZ"
"152957643965726721","152955484889026561","7482","","","2011-12-31 03:41:58 +0000","<a href=""http://itunes.apple.com/us/app/twitter/id409789998?mt=12"" rel=""nofollow"">Twitter for Mac</a>","@arainert Oops, I already invited you to Pushup Animal, but you can use the credits I gave you to get the Meditation one too..."
"152943512919359488","152943370052976640","7482","","","2011-12-31 02:45:49 +0000","<a href=""http://itunes.apple.com/us/app/twitter/id409789998?mt=12"" rel=""nofollow"">Twitter for Mac</a>","@arainert Sure thing! Wanna try Meditation Buddy or Pushup Animal first?"
"152940482350166017","152939960452915201","14471007","","","2011-12-31 02:33:47 +0000","<a href=""http://itunes.apple.com/us/app/twitter/id409789998?mt=12"" rel=""nofollow"">Twitter for Mac</a>","@dianakimball Thanks! :) Writing the content has been one of the most enjoyable parts of the process."
"152938572847128576","","","","","2011-12-31 02:26:11 +0000","<a href=""http://itunes.apple.com/us/app/twitter/id409789998?mt=12"" rel=""nofollow"">Twitter for Mac</a>","@gwenbell Well-rested? That might be a while with Budge and Niko double-teaming me. :) It's basically an attempt to make habits into a game."
"152938329770430465","152936783372500992","14471007","","","2011-12-31 02:25:13 +0000","<a href=""http://itunes.apple.com/us/app/twitter/id409789998?mt=12"" rel=""nofollow"">Twitter for Mac</a>","@dianakimball @msg Emailed invites to both of y'all!"
"152936055828529154","152935857542799362","937961","","","2011-12-31 02:16:11 +0000","<a href=""http://itunes.apple.com/us/app/twitter/id409789998?mt=12"" rel=""nofollow"">Twitter for Mac</a>","@msg I was wondering when you'd ask. What's the best email for you?"
"152935360337412096","","","","","2011-12-31 02:13:25 +0000","<a href=""http://itunes.apple.com/us/app/twitter/id409789998?mt=12"" rel=""nofollow"">Twitter for Mac</a>","Any advice on how I can be more transparent? Love this post http://t.co/qVXqzY6I /via @msg","http://avimuchnick.com/post/15036634386/startup-transparency"
"152934739349737472","","","","","2011-12-31 02:10:57 +0000","<a href=""http://itunes.apple.com/us/app/twitter/id409789998?mt=12"" rel=""nofollow"">Twitter for Mac</a>","I feel like I now know exactly what ""almost burned out"" feels like. And I have no fear of taking breaks at that point."
"152931835909910528","152931651649937408","231087644","","","2011-12-31 01:59:25 +0000","<a href=""http://itunes.apple.com/us/app/twitter/id409789998?mt=12"" rel=""nofollow"">Twitter for Mac</a>","@crayonlions Email support@bud.ge or post it to http://t.co/dcmMEny0 Thanks!","http://support.bud.ge"
"152917461157679104","152916968159199232","16337710","","","2011-12-31 01:02:18 +0000","<a href=""http://itunes.apple.com/us/app/twitter/id409789998?mt=12"" rel=""nofollow"">Twitter for Mac</a>","@janstewart Great! Just reload http://t.co/CTFmlFP8 on your phone to start poking around...","http://bud.ge"
"152916773056942080","152911327554306048","7092172","","","2011-12-31 00:59:34 +0000","<a href=""http://itunes.apple.com/us/app/twitter/id409789998?mt=12"" rel=""nofollow"">Twitter for Mac</a>","@rosshill I'd LOVE @janstewart's help... Jan, let me know your email address if you'd like an invite to try @budge out!"
"152916242703990784","152915729967087616","2803511","","","2011-12-31 00:57:27 +0000","<a href=""http://itunes.apple.com/us/app/twitter/id409789998?mt=12"" rel=""nofollow"">Twitter for Mac</a>","@colinloretz Thanks, Colin. It's still very early and rough, but submit any feedback/ideas/bugs to http://t.co/dcmMEny0","http://support.bud.ge"
"152915503424339968","152914233795936256","5638892","","","2011-12-31 00:54:31 +0000","<a href=""http://itunes.apple.com/us/app/twitter/id409789998?mt=12"" rel=""nofollow"">Twitter for Mac</a>","@arthaey Yup!"
"152915422172282880","152912573963042816","15391002","","","2011-12-31 00:54:12 +0000","<a href=""http://itunes.apple.com/us/app/twitter/id409789998?mt=12"" rel=""nofollow"">Twitter for Mac</a>","@askotzko Awesome. Yeah, we've made some progress since last we talked... would LOVE your feedback on the current version..."
"152913227594989568","152911433846358016","5638892","","","2011-12-31 00:45:29 +0000","<a href=""http://itunes.apple.com/us/app/twitter/id409789998?mt=12"" rel=""nofollow"">Twitter for Mac</a>","@arthaey We also have a ""weigh yourself everyday"" program in there. And we're working on some walking, dieting, and sleeping games."
"152910661347852288","","","","","2011-12-31 00:35:17 +0000","<a href=""http://itunes.apple.com/us/app/twitter/id409789998?mt=12"" rel=""nofollow"">Twitter for Mac</a>","Okay, who wants to try a new meditation program on @budge? Send me your email!"
"152895911285112832","152869501610897408","9381242","","","2011-12-30 23:36:40 +0000","<a href=""http://itunes.apple.com/us/app/twitter/id409789998?mt=12"" rel=""nofollow"">Twitter for Mac</a>","@katrina_ Nope! What's your best email?"
"152895400787972096","152894827774738432","627303","","","2011-12-30 23:34:38 +0000","<a href=""http://itunes.apple.com/us/app/twitter/id409789998?mt=12"" rel=""nofollow"">Twitter for Mac</a>","@kastner For feedback, email me or  support@bud.ge or go to http://t.co/dcmMEny0","http://support.bud.ge"
"152895247783960576","152894827774738432","627303","","","2011-12-30 23:34:02 +0000","<a href=""http://itunes.apple.com/us/app/twitter/id409789998?mt=12"" rel=""nofollow"">Twitter for Mac</a>","@kastner You should be able to return to the current day even after you enter data. Or, sms Budge with ""I did 10 pushups""."
"152892289587482624","152891945163821057","627303","","","2011-12-30 23:22:17 +0000","<a href=""http://itunes.apple.com/us/app/twitter/id409789998?mt=12"" rel=""nofollow"">Twitter for Mac</a>","@kastner Oh, sure. We're also working on several other programs, so send in your ideas! Eventually you'll be able to create your own too..."
"152891676195700736","152888894331953152","627303","","","2011-12-30 23:19:50 +0000","<a href=""http://itunes.apple.com/us/app/twitter/id409789998?mt=12"" rel=""nofollow"">Twitter for Mac</a>","@kastner Awesome. Thanks for giving it a try, and send us lots of feedback? What do you need to change about your game?"
"152883102765690881","152872604938665984","627303","","","2011-12-30 22:45:46 +0000","<a href=""http://itunes.apple.com/us/app/twitter/id409789998?mt=12"" rel=""nofollow"">Twitter for Mac</a>","@kastner Just sent you one... let me know if you don't get into the beta (still ironing out a couple bugs) and I'll add you manually."
"152863075526131712","","","","","2011-12-30 21:26:11 +0000","<a href=""http://itunes.apple.com/us/app/twitter/id409789998?mt=12"" rel=""nofollow"">Twitter for Mac</a>","I'm testing a new way to invite people to @budge. If you want to try a new pushup program, send me your email address in next 15 mins!"
"152634378491670529","","","","","2011-12-30 06:17:26 +0000","<a href=""http://tapbots.com/tweetbot"" rel=""nofollow"">Tweetbot for iOS</a>","Path 2.0 has trained me to say good night.  Good night! ?"
"152632891413770240","","","152612194356428800","681813","2011-12-30 06:11:31 +0000","<a href=""http://tapbots.com/tweetbot"" rel=""nofollow"">Tweetbot for iOS</a>","RT @avantgame: Now out in paperback! Just $10 on Amazon. Reality Is Broken: Why Games Make Us Better and How They Can Change the World h ..."
"152632125307359232","152631830758162432","761628","","","2011-12-30 06:08:29 +0000","<a href=""http://tapbots.com/tweetbot"" rel=""nofollow"">Tweetbot for iOS</a>","@RickWebb @budge Couch 2 5k no problem! What's your favorite stretching resource or app (if there is one)."
"152631378498957312","","761628","","","2011-12-30 06:05:31 +0000","<a href=""http://tapbots.com/tweetbot"" rel=""nofollow"">Tweetbot for iOS</a>","@rickwebb My last @budge-related question for you (for tonight): what programs would you like to see?"
"152610031416782848","","","","","2011-12-30 04:40:41 +0000","<a href=""http://flickr.com/services/twitter/"" rel=""nofollow"">Flickr</a>","8:36pm Talking weddings with @rickwebb http://t.co/y0gZTNH2","http://flic.kr/p/b45riZ"
"152560033673134080","152559166437859328","14272775","","","2011-12-30 01:22:01 +0000","<a href=""http://itunes.apple.com/us/app/twitter/id409789998?mt=12"" rel=""nofollow"">Twitter for Mac</a>","@stunoble You're gonna love them!"
"152543415433830400","","","152542243591434240","14763501","2011-12-30 00:15:59 +0000","<a href=""http://tapbots.com/tweetbot"" rel=""nofollow"">Tweetbot for iOS</a>","RT @crashdev: Insanely cool: M.I.T. Game-Changer: Free Online Education For All - Forbes http://t.co/CU8CmXji","http://shar.es/WvdIp"
"152514865934761984","152511430430687232","16366882","","","2011-12-29 22:22:32 +0000","<a href=""http://tapbots.com/tweetbot"" rel=""nofollow"">Tweetbot for iOS</a>","@octavekitten I hadn't seen that yet. Thanks! And yeah, love @fitocracy too."
"152514495049244672","","","","","2011-12-29 22:21:03 +0000","<a href=""http://www.apple.com"" rel=""nofollow"">Safari on iOS</a>","Enjoy the habits themselves, not their outcomes! /by @zenhabits /via @octavekitten http://t.co/cMY0pipS","http://zenhabits.net/fitguide/"
"152477044809277440","","","","","2011-12-29 19:52:15 +0000","<a href=""http://itunes.apple.com/us/app/twitter/id409789998?mt=12"" rel=""nofollow"">Twitter for Mac</a>","Awesome! Does it work for cats? RT @greengoose: We're finally taking pre-orders for a public beta release. Check out http://t.co/86wwBI3Z","http://greengoose.com"
"152476118706954240","152469284478652416","14136059","","","2011-12-29 19:48:34 +0000","<a href=""http://itunes.apple.com/us/app/twitter/id409789998?mt=12"" rel=""nofollow"">Twitter for Mac</a>","@danielspils Yeah, I think of them more as a nerdy parenthetical aside than as any useful navigational tool, with very few exceptions."
"152475689818394625","152470730783731712","14136059","","","2011-12-29 19:46:51 +0000","<a href=""http://itunes.apple.com/us/app/twitter/id409789998?mt=12"" rel=""nofollow"">Twitter for Mac</a>","@danielspils Twitter app for your Mac, and Tweetbot for your iPhone are my preferred apps."
"152468737621098496","152468374327279616","14136059","","","2011-12-29 19:19:14 +0000","<a href=""http://itunes.apple.com/us/app/twitter/id409789998?mt=12"" rel=""nofollow"">Twitter for Mac</a>","@danielspils I'd say probably more like 90% of the time, but then again I'm sillier and stupider than most. #ifhashtagsarewrong..."
"152446933733097472","152445957232005120","1118691","","","2011-12-29 17:52:35 +0000","<a href=""http://tapbots.com/tweetbot"" rel=""nofollow"">Tweetbot for iOS</a>","@bjfogg Maybe by using objective data to make the claims?"
"152441818565451779","152441525152907265","1118691","","","2011-12-29 17:32:16 +0000","<a href=""http://itunes.apple.com/us/app/twitter/id409789998?mt=12"" rel=""nofollow"">Twitter for Mac</a>","@bjfogg Definitely excited to try it out. Your work is a huge inspiration."
"152441660800905216","152441459608518656","21135674","","","2011-12-29 17:31:38 +0000","<a href=""http://itunes.apple.com/us/app/twitter/id409789998?mt=12"" rel=""nofollow"">Twitter for Mac</a>","@e_ramirez Yes, I'd love to chat more in depth! Which days next week do you have available?"
"152440212134440962","152438769801371648","21135674","","","2011-12-29 17:25:53 +0000","<a href=""http://itunes.apple.com/us/app/twitter/id409789998?mt=12"" rel=""nofollow"">Twitter for Mac</a>","@e_ramirez Yes, but hadn't read through the latest. Thank you! Added my comments in blue. You have a pushup test coming soon, I think."
"152438420797534208","152438121903030274","21135674","","","2011-12-29 17:18:46 +0000","<a href=""http://itunes.apple.com/us/app/twitter/id409789998?mt=12"" rel=""nofollow"">Twitter for Mac</a>","@e_ramirez Would be curious to know if you think @budge has enough choice, or is too rigid. The right level of choice is a fine line."
"152438163938357250","","","","","2011-12-29 17:17:45 +0000","<a href=""http://itunes.apple.com/us/app/twitter/id409789998?mt=12"" rel=""nofollow"">Twitter for Mac</a>","""You will never change your life until you change something you do daily."" - John C. Maxwell /via @growwithstacy"
"152437670423953408","152437332539224064","21135674","","","2011-12-29 17:15:47 +0000","<a href=""http://itunes.apple.com/us/app/twitter/id409789998?mt=12"" rel=""nofollow"">Twitter for Mac</a>","@e_ramirez Not if you 1) first ask them which direction they want to go and 2) give them some freedom to choose steps that work for them."
"152436159283347459","","","","","2011-12-29 17:09:47 +0000","<a href=""http://itunes.apple.com/us/app/twitter/id409789998?mt=12"" rel=""nofollow"">Twitter for Mac</a>","""The web is a customer service medium."" Great post by @ftrain from earlier this year: http://t.co/C0kmlZg0 /via @brianoberkirch","http://www.ftrain.com/wwic.html"
"152433239724797952","","","","","2011-12-29 16:58:11 +0000","<a href=""http://itunes.apple.com/us/app/twitter/id409789998?mt=12"" rel=""nofollow"">Twitter for Mac</a>","Beautiful articulation of how game design and landscape architecture are similar: http://t.co/1EUXoiu6 /by @killscreenmag /via @dingstweets","http://killscreendaily.com/articles/game-design-everyday-things-shape-future"
"152430747439996930","","","","","2011-12-29 16:48:16 +0000","<a href=""http://itunes.apple.com/us/app/twitter/id409789998?mt=12"" rel=""nofollow"">Twitter for Mac</a>","Thinking about how we want to let people invite others to http://t.co/CTFmlFP8. Any favorite invite flows out there?","http://bud.ge"
"152430366249062400","152426467375054848","772386","","","2011-12-29 16:46:45 +0000","<a href=""http://itunes.apple.com/us/app/twitter/id409789998?mt=12"" rel=""nofollow"">Twitter for Mac</a>","@willotoons Wouldn't it have been cool if all of our little drawings from childhood were saved on Instagram?  :)"
"152394887168401408","152316359932522496","772386","","","2011-12-29 14:25:47 +0000","<a href=""http://tapbots.com/tweetbot"" rel=""nofollow"">Tweetbot for iOS</a>","@willotoons Yup! Such a great series of books. Can't wait to teach Niko how to draw with them."
"152299990230908929","152299320073400320","246911146","","","2011-12-29 08:08:41 +0000","<a href=""http://tapbots.com/tweetbot"" rel=""nofollow"">Tweetbot for iOS</a>","@bradmillscan Thank you! Unfortunately not but one day I hope to make them more available."
"152298663182467072","152276000233897985","143543835","","","2011-12-29 08:03:25 +0000","<a href=""http://tapbots.com/tweetbot"" rel=""nofollow"">Tweetbot for iOS</a>","@explorateur3 Ed Emberley's Drawing Book of Animals! http://t.co/ViYWOYnn","http://www.amazon.com/Ed-Emberleys-Drawing-Book-Animals/dp/0316789798"
"152273707895754752","152268952985280512","16644937","","","2011-12-29 06:24:15 +0000","<a href=""http://itunes.apple.com/us/app/twitter/id409789998?mt=12"" rel=""nofollow"">Twitter for Mac</a>","@the_april Yes, it's the same one! http://t.co/ViYWOYnn","http://www.amazon.com/Ed-Emberleys-Drawing-Book-Animals/dp/0316789798"
"152267784473149440","","","","","2011-12-29 06:00:43 +0000","<a href=""http://flickr.com/services/twitter/"" rel=""nofollow"">Flickr</a>","8:36pm Excited to show @nikobenson this book http://t.co/Bqvbqqlp","http://flic.kr/p/b3y6fV"
"152232243048361984","152231999694839808","8497382","","","2011-12-29 03:39:29 +0000","<a href=""http://itunes.apple.com/us/app/twitter/id409789998?mt=12"" rel=""nofollow"">Twitter for Mac</a>","@katherinesmith That's great to know! There's still a lot more we can do to make the web-version better, but this is a start! /cc @budge"
"152231511813398528","152230242235318273","231087644","","","2011-12-29 03:36:35 +0000","<a href=""http://itunes.apple.com/us/app/twitter/id409789998?mt=12"" rel=""nofollow"">Twitter for Mac</a>","@crayonlions Yes, I think you've earned it! Go here on your phone: http://t.co/VSxp2sYJ and send me lots of feedback!","http://bud.ge/store"
"152215710691635200","152213031898714112","231087644","","","2011-12-29 02:33:48 +0000","<a href=""http://itunes.apple.com/us/app/twitter/id409789998?mt=12"" rel=""nofollow"">Twitter for Mac</a>","@crayonlions Ah! Well, that makes sense.  I just had to reset that setting for the same reason. :)"
"152190627331850240","","15192767","","","2011-12-29 00:54:07 +0000","<a href=""http://itunes.apple.com/us/app/twitter/id409789998?mt=12"" rel=""nofollow"">Twitter for Mac</a>","@erikdkennedy Hey Erik... added you to the beta on Budge... go to http://t.co/CTFmlFP8 on your phone to check it out. And send feedback!","http://bud.ge"
"152155513172393984","","","","","2011-12-28 22:34:35 +0000","<a href=""http://bud.ge"" rel=""nofollow"">Budge</a>","My nemesis in the Meditation Buddy program is a scattered brain http://t.co/NiEeXz75","http://bud.ge/n/2mn"
"152095384100028416","","","152093798535667712","11604","2011-12-28 18:35:40 +0000","<a href=""http://itunes.apple.com/us/app/twitter/id409789998?mt=12"" rel=""nofollow"">Twitter for Mac</a>","RT @torrez: @busterbenson I think the record is achieved somewhere in the middle of this: http://t.co/dd5SfQHr","http://www.youtube.com/watch?v=17jymDn0W6U"
"152088727240445953","","","","","2011-12-28 18:09:12 +0000","<a href=""http://tapbots.com/tweetbot"" rel=""nofollow"">Tweetbot for iOS</a>","What's the world record for # of consecutive seconds someone has been aware of their mortality and cosmic insignificance? I just got to 3."
"152022135601233921","","","152020458844323840","29272446","2011-12-28 13:44:36 +0000","<a href=""http://tapbots.com/tweetbot"" rel=""nofollow"">Tweetbot for iOS</a>","RT @SPressfield: Writing Wednesdays: Take What the Defense Will Give You http://t.co/mZ38evDW","http://tinyurl.com/83v53yl"
"151929046584922112","","","","","2011-12-28 07:34:42 +0000","<a href=""http://itunes.apple.com/us/app/twitter/id409789998?mt=12"" rel=""nofollow"">Twitter for Mac</a>","@cirquedumot Thank you! And yes, I do definitely like playing with numbers and charts and things."
"151919091744116736","151918969740201985","19244727","","","2011-12-28 06:55:08 +0000","<a href=""http://itunes.apple.com/us/app/twitter/id409789998?mt=12"" rel=""nofollow"">Twitter for Mac</a>","@dmitri Oh yes, that is definitely coming."
"151917977632124928","","","","","2011-12-28 06:50:43 +0000","<a href=""http://itunes.apple.com/us/app/twitter/id409789998?mt=12"" rel=""nofollow"">Twitter for Mac</a>","The end of the year always makes me want to re-do busterbenson.com? and track some new thing? what should I do?"
"151885771886968832","","","","","2011-12-28 04:42:44 +0000","<a href=""http://flickr.com/services/twitter/"" rel=""nofollow"">Flickr</a>","8:36pm Facebook-congratulating my dear friends @rickwebb and @emmarocks on their engagement! Super excited for them! http://t.co/n2MI6HyD","http://flic.kr/p/b2YQze"
"151528608417062912","151528064902381568","780991","","","2011-12-27 05:03:30 +0000","<a href=""http://itunes.apple.com/us/app/twitter/id409789998?mt=12"" rel=""nofollow"">Twitter for Mac</a>","@amyjokim Yeah. Redoing sign up. :)"
"151526700805664768","","","","","2011-12-27 04:55:55 +0000","<a href=""http://flickr.com/services/twitter/"" rel=""nofollow"">Flickr</a>","8:36pm Drinking camomile tea and drawing page flows http://t.co/88nWs4iU","http://flic.kr/p/b2pPTg"
"151357537596350466","150718005087711234","15358243","","","2011-12-26 17:43:43 +0000","<a href=""http://itunes.apple.com/us/app/twitter/id409789998?mt=12"" rel=""nofollow"">Twitter for Mac</a>","@startuup Alright, you're in! Just go to http://t.co/CTFmlFP8 on a mobile phone and send me any feedback you have! It's still very early...","http://bud.ge"
"151160025405063168","","","","","2011-12-26 04:38:53 +0000","<a href=""http://flickr.com/services/twitter/"" rel=""nofollow"">Flickr</a>","8:36pm Christmas party at our bungalow http://t.co/wmU7x5gY","http://flic.kr/p/b1QdcT"
"151069704046379008","","","","","2011-12-25 22:39:58 +0000","<a href=""http://instagr.am"" rel=""nofollow"">Instagram</a>","Happy War On Festivus Day!  @ ?Benson Bungalow http://t.co/UpauVsxb","http://instagr.am/p/bqi5o/"
"150803531107012608","","","","","2011-12-25 05:02:18 +0000","<a href=""http://instagr.am"" rel=""nofollow"">Instagram</a>","Niko and Lucy  @ City of Sammamish http://t.co/h7RtIWCx","http://instagr.am/p/baR1U/"
"150800406635745280","","","","","2011-12-25 04:49:53 +0000","<a href=""http://flickr.com/services/twitter/"" rel=""nofollow"">Flickr</a>","8:36pm Christmas Eve with the Wurls! http://t.co/xZYGjLbH","http://flic.kr/p/b1kBLp"
"150683155513348097","","","","","2011-12-24 21:03:58 +0000","<a href=""http://tapbots.com/tweetbot"" rel=""nofollow"">Tweetbot for iOS</a>","Gamification sucks (if you use it in order to manipulate your players) http://t.co/gcuEPiYt","http://inessential.com/2011/12/23/gamification_sucks"
"150619443075096576","","","","","2011-12-24 16:50:48 +0000","<a href=""http://twitter.com/tweetbutton"" rel=""nofollow"">Tweet Button</a>","This is perfect for those of us that failed to design real holiday cards http://t.co/BvmAI41f","http://paperless.ly/tMnXw7"
"150465384028454912","","","","","2011-12-24 06:38:37 +0000","<a href=""http://tapbots.com/tweetbot"" rel=""nofollow"">Tweetbot for iOS</a>","I agree. RT @jyri: Well argued @msuster post on why apps have short term advantage but will ultimately lose to the web http://t.co/noHo3JUZ","http://bit.ly/uubafL"
"150458090192515072","","","","","2011-12-24 06:09:38 +0000","<a href=""http://flickr.com/services/twitter/"" rel=""nofollow"">Flickr</a>","8:36pm Totally zonked, reading old blog posts like this one from 2005 about the ""ungameable game"". Ha. http://t.co/1TNd8zgO","http://flic.kr/p/aZWeLe"
"150433581146185728","","","","","2011-12-24 04:32:15 +0000","<a href=""http://tapbots.com/tweetbot"" rel=""nofollow"">Tweetbot for iOS</a>","I barely remember writing this manic post 6 years ago, so got to enjoy its wacky ways: http://t.co/upj858hK /via @dealingwith","http://bit.ly/rJJWJ7"
"150306348544966656","150298382022348800","15358243","","","2011-12-23 20:06:40 +0000","<a href=""http://itunes.apple.com/us/app/twitter/id409789998?mt=12"" rel=""nofollow"">Twitter for Mac</a>","@startuup Great talking with you too! To help beta test our thing, log in to http://t.co/CTFmlFP8 on your phone and I'll approve you!","http://bud.ge"
"150074417576288256","","","","","2011-12-23 04:45:04 +0000","<a href=""http://flickr.com/services/twitter/"" rel=""nofollow"">Flickr</a>","8:36pm I'm grateful for my beautiful (but sick) family, and our Christmas cat. http://t.co/zpSWPZPX","http://flic.kr/p/aZtdAa"
"149944699053023232","","","","","2011-12-22 20:09:36 +0000","<a href=""http://bud.ge"" rel=""nofollow"">Budge</a>","My nemesis in the Weigh Everyday program is being tired of the soup and salad bar at Whole Foods http://t.co/0n1tPckp","http://bud.ge/n/280"
"149937396241281024","149936983190405120","2039761","","","2011-12-22 19:40:35 +0000","<a href=""http://itunes.apple.com/us/app/twitter/id409789998?mt=12"" rel=""nofollow"">Twitter for Mac</a>","@kylebragger Yeah! I added you to the beta - reload http://t.co/CTFmlFP8 on your phone. It's still very early but would love your thoughts.","http://bud.ge"
"149900615001182209","149887720569839616","2067141","","","2011-12-22 17:14:26 +0000","<a href=""http://itunes.apple.com/us/app/twitter/id409789998?mt=12"" rel=""nofollow"">Twitter for Mac</a>","@jfew @octavekitten Thanks for the rec! Making an appointment..."
"149894274421506048","149893615563444224","1032241","","","2011-12-22 16:49:14 +0000","<a href=""http://tapbots.com/tweetbot"" rel=""nofollow"">Tweetbot for iOS</a>","@trappermarkelz Ha. Just tried and she told me to go to http://t.co/5LIR4DQn.","http://apple.com"
"149885636235640833","","","","","2011-12-22 16:14:55 +0000","<a href=""http://tapbots.com/tweetbot"" rel=""nofollow"">Tweetbot for iOS</a>","Who knows a good place in Seattle to get an iPhone screen fixed for cheap?"
"149883993909772288","","4041701","","","2011-12-22 16:08:23 +0000","<a href=""http://tapbots.com/tweetbot"" rel=""nofollow"">Tweetbot for iOS</a>","@bsharpe Nice! Need any beta testers? My Testflight account is all primed!"
"149848751119413248","","","","","2011-12-22 13:48:20 +0000","<a href=""http://tapbots.com/tweetbot"" rel=""nofollow"">Tweetbot for iOS</a>","RT is the new amen. *hint hint*"
"149765846217146368","149727198939578368","14290242","","","2011-12-22 08:18:54 +0000","<a href=""http://itunes.apple.com/us/app/twitter/id409789998?mt=12"" rel=""nofollow"">Twitter for Mac</a>","@maggim Yes, I was there feeding a friend's cat at Site 17! Were you at Local 360?"
"149718044300677120","","135316691","","","2011-12-22 05:08:58 +0000","<a href=""http://tapbots.com/tweetbot"" rel=""nofollow"">Tweetbot for iOS</a>","@JadAbumrad Do you have a list of the music that plays in between Radiolab stories?"
"149715294653399040","","","","","2011-12-22 04:58:02 +0000","<a href=""http://flickr.com/services/twitter/"" rel=""nofollow"">Flickr</a>","8:36pm Just getting home http://t.co/X0fTYtwo","http://flic.kr/p/aZ2kcn"
"149679987614679041","148835728237928448","7675672","","","2011-12-22 02:37:44 +0000","web","Get your own Pro account, cheap! RT @jasongrimes Get productive in the new year with RescueTime Pro for $36/yr http://t.co/qkKZby2z","http://bit.ly/tZtTc8"
"149679500962181120","","","","","2011-12-22 02:35:48 +0000","<a href=""http://itunes.apple.com/us/app/twitter/id409789998?mt=12"" rel=""nofollow"">Twitter for Mac</a>","I &lt;3 @rescuetime RT @agaricus: Self Tracking with Rescue Time by @busterbenson of Habit Labs. http://t.co/5Jlb6JSD #quantifiedself","http://ow.ly/1gj7JX"
"149664980462080001","149621336296259584","14258044","","","2011-12-22 01:38:06 +0000","<a href=""http://itunes.apple.com/us/app/twitter/id409789998?mt=12"" rel=""nofollow"">Twitter for Mac</a>","@jensmccabe @ameliagreenhall @romotive I also accept payment in robots, ya know!"
"149642961804730368","149639405437591553","174538822","","","2011-12-22 00:10:36 +0000","<a href=""http://itunes.apple.com/us/app/twitter/id409789998?mt=12"" rel=""nofollow"">Twitter for Mac</a>","@infamouspastry @kellianne We see Tamara Cullen and team at Naturopathic Family Medicine in Fremont. They're pretty great."
"149588683161473024","","","","","2011-12-21 20:34:55 +0000","<a href=""http://itunes.apple.com/us/app/twitter/id409789998?mt=12"" rel=""nofollow"">Twitter for Mac</a>","Here's a drawing by @ameliagreenhall about our recent work towards simplifying @budge: http://t.co/u1Y5RsXl","http://blog.habitlabs.com/post/14575012491/simplifying"
"149380868593561600","149376893764907008","14258044","","","2011-12-21 06:49:09 +0000","<a href=""http://tapbots.com/tweetbot"" rel=""nofollow"">Tweetbot for iOS</a>","@jensmccabe The site's looking a ton better already!"
"149380534638878721","149371568185815040","13370272","","","2011-12-21 06:47:49 +0000","<a href=""http://tapbots.com/tweetbot"" rel=""nofollow"">Tweetbot for iOS</a>","@azaaza That is brilliant."
"149378094673833985","149372112317063168","195863654","","","2011-12-21 06:38:07 +0000","<a href=""http://tapbots.com/tweetbot"" rel=""nofollow"">Tweetbot for iOS</a>","@marihuertas Thinking about it! A lot of it's personal but also potentially interesting to others. If I do, it'll be at http://t.co/N7qToYlU","http://bustr.tumblr.com"
"149365812938018816","","","","","2011-12-21 05:49:19 +0000","<a href=""http://flickr.com/services/twitter/"" rel=""nofollow"">Flickr</a>","8:36pm First day of non-violent communication counseling and we had a lot to talk about on our date. It will be a rid http://t.co/y51eVEPM","http://flic.kr/p/aYzwLk"
"149333932536639488","","","","","2011-12-21 03:42:38 +0000","<a href=""http://itunes.apple.com/us/app/twitter/id409789998?mt=12"" rel=""nofollow"">Twitter for Mac</a>","@mittelkl You're on the same level as me! I couldn't pass the test after Kangaroo so am back to play again..."
"149332549217431552","149332249354055681","2015","","","2011-12-21 03:37:08 +0000","<a href=""http://itunes.apple.com/us/app/twitter/id409789998?mt=12"" rel=""nofollow"">Twitter for Mac</a>","@joshc True. I signed @kellianne up for it and would probably use it for her 90% of the time, but a @foursquare version would be way better."
"149287956455239683","149286295628296192","16644937","","","2011-12-21 00:39:57 +0000","<a href=""http://itunes.apple.com/us/app/twitter/id409789998?mt=12"" rel=""nofollow"">Twitter for Mac</a>","@the_april But you can't tell @foursquare to ""Remind me to ask April about that thing next time I see her"". That would be awesome, right?"
"149240489688838145","","","","","2011-12-20 21:31:20 +0000","<a href=""http://itunes.apple.com/us/app/twitter/id409789998?mt=12"" rel=""nofollow"">Twitter for Mac</a>","Siri should have a reminder option for when I am near someone. Maybe restricted to people in ""Find My Friends""."
"149234791303217152","149218502362935296","16366882","","","2011-12-20 21:08:41 +0000","<a href=""http://itunes.apple.com/us/app/twitter/id409789998?mt=12"" rel=""nofollow"">Twitter for Mac</a>","@octavekitten And I can make as many of them as you need/want..."
"149234501044813824","149218502362935296","16366882","","","2011-12-20 21:07:32 +0000","<a href=""http://itunes.apple.com/us/app/twitter/id409789998?mt=12"" rel=""nofollow"">Twitter for Mac</a>","@octavekitten Email me at busterbenson at gmail. I just need a ""To"" and an optional message, to look something like: http://t.co/nX2pF0y9","http://healthmonth.com/you_are_special_ticket/one-on-habitlabs"
"149204614997213184","149178139715702785","16366882","","","2011-12-20 19:08:46 +0000","<a href=""http://itunes.apple.com/us/app/twitter/id409789998?mt=12"" rel=""nofollow"">Twitter for Mac</a>","@octavekitten Yes, sorry! Are you okay with sending me info and having me set it up or would you like it to be more private/automated?"
"148999401564672000","","","","","2011-12-20 05:33:20 +0000","<a href=""http://itunes.apple.com/us/app/twitter/id409789998?mt=12"" rel=""nofollow"">Twitter for Mac</a>","I love that @kellianne calls me from shows she goes to (like Prince, tonight) to hear what's playing, even though I can barely make it out."
"148988192178188288","","","","","2011-12-20 04:48:47 +0000","<a href=""http://flickr.com/services/twitter/"" rel=""nofollow"">Flickr</a>","8:36pm @nikobenson invented his first joke today by insisting on wearing these on his hands for an hour http://t.co/cLHKcvGG","http://flic.kr/p/aY5ABX"
"148973267988905985","","","","","2011-12-20 03:49:29 +0000","<a href=""http://tapbots.com/tweetbot"" rel=""nofollow"">Tweetbot for iOS</a>","Recognized, finally! RT @tonysphere: @aboutdotme picks for 2011 Tech Stars - check these hipsters out:  http://t.co/HHzsrya1 /via @sourjayne","http://aol.it/uQr7bt"
"148940003660140544","148927291521646592","19853","","","2011-12-20 01:37:18 +0000","<a href=""http://itunes.apple.com/us/app/twitter/id409789998?mt=12"" rel=""nofollow"">Twitter for Mac</a>","@rk Ah? didn't make the connection that Timehop was a rebranding of the 4square and 7 years ago app..."
"148939561878302720","148939110902542336","804808","","","2011-12-20 01:35:33 +0000","<a href=""http://itunes.apple.com/us/app/twitter/id409789998?mt=12"" rel=""nofollow"">Twitter for Mac</a>","@daryn I definitely did! You should amend the recipe to mention that you have to eat it with a bottle of tequila."
"148938806299598848","148938343596572672","804808","","","2011-12-20 01:32:33 +0000","<a href=""http://itunes.apple.com/us/app/twitter/id409789998?mt=12"" rel=""nofollow"">Twitter for Mac</a>","@daryn @daveschappell I ate the last few bites of your cookie the next day. PS. The skillet is still in our office I think."
"148915535319531520","","","","","2011-12-20 00:00:04 +0000","<a href=""http://tapbots.com/tweetbot"" rel=""nofollow"">Tweetbot for iOS</a>","I like this new trend of year ago apps, but I'd really like a year from now app."
"148915082292764675","","","","","2011-12-19 23:58:16 +0000","<a href=""http://timehop.com/"" rel=""nofollow"">Timehop</a>","I just signed up to find out what I was doing a year ago at http://t.co/zUGf9zUQ What were you doing?","http://timehop.com"
"148889746976944129","","","","","2011-12-19 22:17:36 +0000","<a href=""http://tapbots.com/tweetbot"" rel=""nofollow"">Tweetbot for iOS</a>","What would happen if you just let things happen without your involvement? #4fs"
"148881430645182465","148866353116352512","7680","","","2011-12-19 21:44:33 +0000","<a href=""http://itunes.apple.com/us/app/twitter/id409789998?mt=12"" rel=""nofollow"">Twitter for Mac</a>","@bitdepth Yeah, it works really well. For cooking, too!"
"148881332506857472","148877463102033920","6608642","","","2011-12-19 21:44:10 +0000","<a href=""http://itunes.apple.com/us/app/twitter/id409789998?mt=12"" rel=""nofollow"">Twitter for Mac</a>","@action_jay Hmm? interesting idea!  :)"
"148844280499290112","","","","","2011-12-19 19:16:56 +0000","<a href=""http://bud.ge"" rel=""nofollow"">Budge</a>","My secret ingredient for the Pushup Animal program is playing Radiolab in the background http://t.co/pRe7nuDy","http://bud.ge/n/1sn"
"148655850347696128","","","","","2011-12-19 06:48:11 +0000","<a href=""http://tapbots.com/tweetbot"" rel=""nofollow"">Tweetbot for iOS</a>","Fascinating thoughts from @slavin_fpo about how our love affair with algorithms has a dark side http://t.co/GVIVXwSl /via @dianakimball","http://observatory.designobserver.com/feature/an-interview-with-kevin-slavin/30608/"
"148628990595309569","","","","","2011-12-19 05:01:27 +0000","<a href=""http://flickr.com/services/twitter/"" rel=""nofollow"">Flickr</a>","8:36pm Watching Skins (season 4) and eating tasty leftovers http://t.co/YVEuw6FR","http://flic.kr/p/aXxSEc"
"148575826760318976","","","","","2011-12-19 01:30:12 +0000","<a href=""http://itunes.apple.com/us/app/twitter/id409789998?mt=12"" rel=""nofollow"">Twitter for Mac</a>","Here's a link to all 40 of the talks, in reverse chron order: http://t.co/lThn6C6m /thx to @theculprit for introducing me to these","http://vimeo.com/search/videos/search:Satipatthana%20Sutta/st/e4113b11/sort:oldest/format:thumbnail"
"148575041934721024","","","","","2011-12-19 01:27:05 +0000","<a href=""http://itunes.apple.com/us/app/twitter/id409789998?mt=12"" rel=""nofollow"">Twitter for Mac</a>","To go along with my Radiolab obsession, I've also started watching these Satipatthana Sutta Foundation talks. The 1st: http://t.co/vTxNcTEQ","http://vimeo.com/8872204"
"148261991067295744","","","","","2011-12-18 04:43:07 +0000","<a href=""http://flickr.com/services/twitter/"" rel=""nofollow"">Flickr</a>","8:36pm Talking about the art of @wnycradiolab with Jim and Michelle http://t.co/amyfJX9J","http://flic.kr/p/aWYnBt"
"148252178484695040","","","","","2011-12-18 04:04:08 +0000","<a href=""http://tapbots.com/tweetbot"" rel=""nofollow"">Tweetbot for iOS</a>","Very thankful to count @theculprit amongst my friends. Just had the weirdest conversation about the universe that I've had in a while."
"148251638661001216","148251320682426369","627303","","","2011-12-18 04:01:59 +0000","<a href=""http://tapbots.com/tweetbot"" rel=""nofollow"">Tweetbot for iOS</a>","@kastner How long did you have it on your lock screen? Did you stop at some point? Why?"
"148251214868529152","148214017645740032","627303","","","2011-12-18 04:00:18 +0000","<a href=""http://tapbots.com/tweetbot"" rel=""nofollow"">Tweetbot for iOS</a>","@kastner Wait, that was you! Sorry. :) How did it work out?"
"148251003718864896","148214017645740032","627303","","","2011-12-18 03:59:28 +0000","<a href=""http://tapbots.com/tweetbot"" rel=""nofollow"">Tweetbot for iOS</a>","@kastner That's really cool. Did he ever follow up on that?"
"148198239290662913","","","","","2011-12-18 00:29:48 +0000","<a href=""http://path.com/"" rel=""nofollow"">Path 2.0</a>","Gonna try putting 5 of my goals on my lock screen to see if that has any effect on things. H... (at @habitlabs) [pic] ? http://t.co/tQSirkKk","http://path.com/p/9nIAk"
"148103607512858624","148097280162009088","15856582","","","2011-12-17 18:13:46 +0000","<a href=""http://tapbots.com/tweetbot"" rel=""nofollow"">Tweetbot for iOS</a>","@mmcgovern Twitter seems to be making their app simpler and more about ""discovery""... which is fine, but Tweetbot fits my usage better."
"148094846035443712","","","","","2011-12-17 17:38:57 +0000","<a href=""http://tapbots.com/tweetbot"" rel=""nofollow"">Tweetbot for iOS</a>","I've been using Tweetbot (http://t.co/tIHMNVL4) since @twitter dumbed down their iPhone app last week... it's awesome. /cc @tapbots","http://tapbots.com/software/tweetbot/"
"148054774506455040","","","","","2011-12-17 14:59:43 +0000","<a href=""http://tapbots.com/tweetbot"" rel=""nofollow"">Tweetbot for iOS</a>","?Creativity is allowing yourself to make mistakes. Design is knowing which ones to keep.? /via @dens"
"147944729550651392","147942727890386944","11604","","","2011-12-17 07:42:26 +0000","<a href=""http://tapbots.com/tweetbot"" rel=""nofollow"">Tweetbot for iOS</a>","@torrez I felt a little nostalgic reading that. Thank you!"
"147899524722069504","","","","","2011-12-17 04:42:49 +0000","<a href=""http://flickr.com/services/twitter/"" rel=""nofollow"">Flickr</a>","8:36pm @Kellianne has our house all Christmassy and ready for tonight's book club http://t.co/obCDrFFI","http://flic.kr/p/aWvret"
"147849964750516225","","","147849337676902400","11340982","2011-12-17 01:25:53 +0000","<a href=""http://itunes.apple.com/us/app/twitter/id409789998?mt=12"" rel=""nofollow"">Twitter for Mac</a>","RT @zefrank: what if there were three birds in the bush? #justblewyourfrigginmind"
"147823954462117888","147820604387627008","752413","","","2011-12-16 23:42:31 +0000","<a href=""http://tapbots.com/tweetbot"" rel=""nofollow"">Tweetbot for iOS</a>","@agregov So exciting! Congrats! But... don't you think you might be acting a bit hastily?"
"147767711097827328","147756411319885824","448","","","2011-12-16 19:59:02 +0000","<a href=""http://itunes.apple.com/us/app/twitter/id409789998?mt=12"" rel=""nofollow"">Twitter for Mac</a>","@Maggie Ha! I think you're on to something though. Something that would help us create priorities that match our abilities--that would rock."
"147732209917362176","147731470260248577","448","","","2011-12-16 17:37:58 +0000","<a href=""http://itunes.apple.com/us/app/twitter/id409789998?mt=12"" rel=""nofollow"">Twitter for Mac</a>","@Maggie If there was it might make us all feel like failures! Or maybe we would learn to embrace our intentions and be okay with compromise."
"147730617784737793","147730019723132929","448","","","2011-12-16 17:31:38 +0000","<a href=""http://itunes.apple.com/us/app/twitter/id409789998?mt=12"" rel=""nofollow"">Twitter for Mac</a>","@Maggie Easy! If people use gamification to empower their kids, GREAT! If they use it to control their kids, expect unintended side effects."
"147727591732805632","","","","","2011-12-16 17:19:37 +0000","<a href=""http://bud.ge"" rel=""nofollow"">Budge</a>","My nemesis in the Weigh Everyday program is mulled wine... yum http://t.co/lbMug0Gv","http://bud.ge/n/1hj"
"147724714641592320","","","147712221236047873","10221","2011-12-16 17:08:11 +0000","<a href=""http://tapbots.com/tweetbot"" rel=""nofollow"">Tweetbot for iOS</a>","RT @thatdrew: problem with zynga stock is that it doesn't grow when you water it."
"147568789767208960","147568675275280384","19244727","","","2011-12-16 06:48:35 +0000","<a href=""http://itunes.apple.com/us/app/twitter/id409789998?mt=12"" rel=""nofollow"">Twitter for Mac</a>","@dmitri Awesome. For extra fun, hire me as a coach!"
"147567824284557313","147550704268099584","19244727","","","2011-12-16 06:44:45 +0000","<a href=""http://itunes.apple.com/us/app/twitter/id409789998?mt=12"" rel=""nofollow"">Twitter for Mac</a>","@dmitri Hey there. I added you to the beta! Reload http://t.co/CTFmlFP8 on a mobile browser to have a look around. And send me feedback!","http://bud.ge"
"147558180984066048","147556942762614784","142950119","","","2011-12-16 06:06:26 +0000","<a href=""http://itunes.apple.com/us/app/twitter/id409789998?mt=12"" rel=""nofollow"">Twitter for Mac</a>","@wrmayo You're in! Reload http://t.co/CTFmlFP8 on your mobile phone and have a look around our very early test. And send us feedback!","http://bud.ge"
"147556292473532416","147555667786465280","231087644","","","2011-12-16 05:58:56 +0000","<a href=""http://itunes.apple.com/us/app/twitter/id409789998?mt=12"" rel=""nofollow"">Twitter for Mac</a>","@crayonlions I'm seeing a 401 unauthorized from Twitter? not sure what that's all about but I'll look into it. Sorry!"
"147555294698930176","147554532098965505","231087644","","","2011-12-16 05:54:58 +0000","<a href=""http://itunes.apple.com/us/app/twitter/id409789998?mt=12"" rel=""nofollow"">Twitter for Mac</a>","@crayonlions Can you try again? I'll pay closer attention this time."
"147553626993336320","147553388631035904","231087644","","","2011-12-16 05:48:20 +0000","<a href=""http://itunes.apple.com/us/app/twitter/id409789998?mt=12"" rel=""nofollow"">Twitter for Mac</a>","@crayonlions Uh oh. I'll look into that.  What's the error message and is it on Twitter or bud.ge?"
"147553274676002817","147552429037199360","16644937","","","2011-12-16 05:46:56 +0000","<a href=""http://itunes.apple.com/us/app/twitter/id409789998?mt=12"" rel=""nofollow"">Twitter for Mac</a>","@the_april I bet you can! Go to http://t.co/CTFmlFP8 on your mobile browser and get yourself the pushup animal! And hire me as a coach!","http://bud.ge"
"147552167769817089","147551874432774145","195863654","","","2011-12-16 05:42:32 +0000","<a href=""http://itunes.apple.com/us/app/twitter/id409789998?mt=12"" rel=""nofollow"">Twitter for Mac</a>","@marihuertas Ah, okay. I'll look into that. Might have been too long, maybe? But that's not a good error.  :)"
"147551955181506561","147549492927926272","884911","","","2011-12-16 05:41:42 +0000","<a href=""http://itunes.apple.com/us/app/twitter/id409789998?mt=12"" rel=""nofollow"">Twitter for Mac</a>","@ashleyv Okay, you're in! Reload http://t.co/CTFmlFP8 on a mobile phone and have a look around. Send us feedback too! support@bud.ge","http://bud.ge"
"147551686972547072","147550278995030016","195863654","","","2011-12-16 05:40:38 +0000","<a href=""http://itunes.apple.com/us/app/twitter/id409789998?mt=12"" rel=""nofollow"">Twitter for Mac</a>","@marihuertas Nah, it doesn't work very well. :) How did you try to send thanks that didn't work?"
"147551530009108480","147550309437276160","1853211","","","2011-12-16 05:40:00 +0000","<a href=""http://itunes.apple.com/us/app/twitter/id409789998?mt=12"" rel=""nofollow"">Twitter for Mac</a>","@dhgwilliam You're in! Go to http://t.co/CTFmlFP8 on your phone and have a look around. We'd love feedback too: support@bud.ge","http://bud.ge"
"147550847553908736","147550460860039168","6995452","","","2011-12-16 05:37:18 +0000","<a href=""http://itunes.apple.com/us/app/twitter/id409789998?mt=12"" rel=""nofollow"">Twitter for Mac</a>","@dmv You're in now! Thanks for helping out. Reload http://t.co/CTFmlFP8 and send us lots of feedback on this early early test.","http://bud.ge"
"147550676841545728","147550436189151232","8264","","","2011-12-16 05:36:37 +0000","<a href=""http://itunes.apple.com/us/app/twitter/id409789998?mt=12"" rel=""nofollow"">Twitter for Mac</a>","@alicia Hey Alicia! Reload http://t.co/CTFmlFP8 and send me lots of feedback!","http://bud.ge"
"147550283478745089","147549812919767040","12661782","","","2011-12-16 05:35:03 +0000","<a href=""http://itunes.apple.com/us/app/twitter/id409789998?mt=12"" rel=""nofollow"">Twitter for Mac</a>","@rondiver I was pushing a quick fix to something? but relieved to see Twitter on the hook now.  :)"
"147550177861971969","147549457360240640","326545808","","","2011-12-16 05:34:38 +0000","<a href=""http://itunes.apple.com/us/app/twitter/id409789998?mt=12"" rel=""nofollow"">Twitter for Mac</a>","@dojolabs Ooh, deal. Log in at http://t.co/CTFmlFP8 on your phone and let me know? we need to catch up!","http://bud.ge"
"147548306095091712","147547817760669697","195863654","","","2011-12-16 05:27:12 +0000","<a href=""http://itunes.apple.com/us/app/twitter/id409789998?mt=12"" rel=""nofollow"">Twitter for Mac</a>","@marihuertas Uh oh. Did you reply to the text? That still needs some work..."
"147548187077521408","147547714052304896","12661782","","","2011-12-16 05:26:43 +0000","<a href=""http://itunes.apple.com/us/app/twitter/id409789998?mt=12"" rel=""nofollow"">Twitter for Mac</a>","@rondiver Awesome. Reload http://t.co/CTFmlFP8 on your phone to get in. And send us lots of feedback on our early early steps support@bud.ge","http://bud.ge"
"147547748244267008","147547407146680320","771681","","","2011-12-16 05:24:59 +0000","<a href=""http://itunes.apple.com/us/app/twitter/id409789998?mt=12"" rel=""nofollow"">Twitter for Mac</a>","@elliottcable Added! Reload http://t.co/CTFmlFP8 on your mobile browser and send us lots of feedback! support@bud.ge","http://bud.ge"
"147547618803855360","147547453506330624","4999","","","2011-12-16 05:24:28 +0000","<a href=""http://itunes.apple.com/us/app/twitter/id409789998?mt=12"" rel=""nofollow"">Twitter for Mac</a>","@fraying Uh oh. Now I'm intimidated. :) Okay, let you in and would LOVE your feedback on our early steps? reload http://t.co/CTFmlFP8","http://bud.ge"
"147547431679176705","147546988823584768","5469512","","","2011-12-16 05:23:43 +0000","<a href=""http://itunes.apple.com/us/app/twitter/id409789998?mt=12"" rel=""nofollow"">Twitter for Mac</a>","@micah Added! Reload http://t.co/CTFmlFP8 on your mobile browser and send us lots of feedback support@bud.ge or http://t.co/dcmMEny0","http://bud.ge","http://support.bud.ge"
"147547162488745984","147546924180971521","521","","","2011-12-16 05:22:39 +0000","<a href=""http://itunes.apple.com/us/app/twitter/id409789998?mt=12"" rel=""nofollow"">Twitter for Mac</a>","@gerwitz You're in! Just reload http://t.co/CTFmlFP8 on your mobile browser and send us lots of feedback (support@bud.ge)!","http://bud.ge"
"147546407065239552","147545276356374528","771681","","","2011-12-16 05:19:39 +0000","<a href=""http://itunes.apple.com/us/app/twitter/id409789998?mt=12"" rel=""nofollow"">Twitter for Mac</a>","@elliottcable Log in to http://t.co/CTFmlFP8 on a mobile browser and let me know and I'll flag you in...","http://bud.ge"
"147545889123213313","147545609132445698","195863654","","","2011-12-16 05:17:35 +0000","<a href=""http://itunes.apple.com/us/app/twitter/id409789998?mt=12"" rel=""nofollow"">Twitter for Mac</a>","@marihuertas I dare you to try the Pushup Animal program them? it starts with 1 pushup! :)"
"147545696646610944","","","","","2011-12-16 05:16:50 +0000","<a href=""http://itunes.apple.com/us/app/twitter/id409789998?mt=12"" rel=""nofollow"">Twitter for Mac</a>","For extra points, before you reply, log in to http://t.co/CTFmlFP8 on your mobile browser of choice so I can easily flag you in?","http://bud.ge"
"147545151504515072","","","","","2011-12-16 05:14:40 +0000","<a href=""http://itunes.apple.com/us/app/twitter/id409789998?mt=12"" rel=""nofollow"">Twitter for Mac</a>","If you want to have fun doing pushups, let me know in the next hour and I'll add you to the very early @budge test we're running right now."
"147538506791649282","","","","","2011-12-16 04:48:15 +0000","<a href=""http://flickr.com/services/twitter/"" rel=""nofollow"">Flickr</a>","8:36pm Big push of new stuff to @budge. Working on small tweaks now. http://t.co/cs4L9cwk","http://flic.kr/p/aW5Yh6"
"147475480487010305","","","","","2011-12-16 00:37:49 +0000","<a href=""http://bud.ge"" rel=""nofollow"">Budge</a>","My nemesis in the Meditation Buddy program is Radiolab http://t.co/RdrjD2f5","http://bud.ge/n/1f5"
"147470530923073537","","","","","2011-12-16 00:18:09 +0000","<a href=""http://bud.ge"" rel=""nofollow"">Budge</a>","My secret ingredient for the Pushup Animal program is peppermint party tea http://t.co/kAm18FQU","http://bud.ge/n/1f0"
"147190280792178688","","","","","2011-12-15 05:44:32 +0000","<a href=""http://flickr.com/services/twitter/"" rel=""nofollow"">Flickr</a>","8:36pm Got take out from Skillet http://t.co/ThLdp5mc","http://flic.kr/p/aVEi6c"
"147094271374262272","147088454885453824","16644937","","","2011-12-14 23:23:01 +0000","<a href=""http://itunes.apple.com/us/app/twitter/id409789998?mt=12"" rel=""nofollow"">Twitter for Mac</a>","@the_april Okay, I'll figure out how I can do it without too much work and get back to you and @octavekitten. Thanks for thinking of it!"
"147058369583251456","147056906639384576","16209147","","","2011-12-14 21:00:22 +0000","<a href=""http://itunes.apple.com/us/app/twitter/id409789998?mt=12"" rel=""nofollow"">Twitter for Mac</a>","@stevelambert Yeah... looking into it..."
"147054361099513856","147053916511678465","16366882","","","2011-12-14 20:44:26 +0000","<a href=""http://itunes.apple.com/us/app/twitter/id409789998?mt=12"" rel=""nofollow"">Twitter for Mac</a>","@octavekitten Yeah, and I can make it extra cheap for friends... how about a year for $15?"
"147045524611153921","147003709388369920","16366882","","","2011-12-14 20:09:19 +0000","<a href=""http://itunes.apple.com/us/app/twitter/id409789998?mt=12"" rel=""nofollow"">Twitter for Mac</a>","@octavekitten I have a way to do that, but it's not super usable yet... I can do special orders though..."
"146980608948699136","","","","","2011-12-14 15:51:22 +0000","<a href=""http://tapbots.com/tweetbot"" rel=""nofollow"">Tweetbot for iOS</a>","This is awesome. Portraits of people with their avatars: http://t.co/AacKbDMQ","http://www.brainpickings.org/index.php/2011/12/14/alter-ego-robbie-cooper/"
"146979037867294720","","105895323","","","2011-12-14 15:45:08 +0000","<a href=""http://tapbots.com/tweetbot"" rel=""nofollow"">Tweetbot for iOS</a>","@ricmacnz  Congrats, Richard! http://t.co/MdvjPvwr","http://m.readwriteweb.com/archives/readwriteweb_acquired_by_say_media.php"
"146826640708747264","","","","","2011-12-14 05:39:33 +0000","<a href=""http://flickr.com/services/twitter/"" rel=""nofollow"">Flickr</a>","8:36pm Bathroom break on a co-date night with Emma at Innkeeper http://t.co/9TxbwlLD","http://flic.kr/p/aVcgXV"
"146646392931237888","","","","","2011-12-13 17:43:19 +0000","<a href=""http://foursquare.com"" rel=""nofollow"">foursquare</a>","I'm at Habit Labs HQ (http://t.co/UX1MtnBq) (2101 9th Avenue Suite #205, btwn Lenora & Whole Foods, Seattle) http://t.co/2OVqIjOk","http://healthmonth.com","http://4sq.com/v5sj0X"
"146467042218868736","","","","","2011-12-13 05:50:38 +0000","<a href=""http://flickr.com/services/twitter/"" rel=""nofollow"">Flickr</a>","8:36pm Taking my first set of bronchitis-killing supplements http://t.co/bv351zkw","http://flic.kr/p/aUGTHc"
"146388417700311040","","","","","2011-12-13 00:38:13 +0000","<a href=""http://foursquare.com"" rel=""nofollow"">foursquare</a>","Getting antibiotics (@ Naturopathic Family Medicine) http://t.co/rNwp5mpK","http://4sq.com/siOsJk"
"146356849938153473","","","","","2011-12-12 22:32:46 +0000","<a href=""http://itunes.apple.com/us/app/twitter/id409789998?mt=12"" rel=""nofollow"">Twitter for Mac</a>","@gwenbell Me too. I've been thinking about the cognitive biases that we'd like to keep, like avoiding thoughts of death and meaninglessness."
"146353353675386880","146352760554668032","21135674","","","2011-12-12 22:18:53 +0000","<a href=""http://itunes.apple.com/us/app/twitter/id409789998?mt=12"" rel=""nofollow"">Twitter for Mac</a>","@e_ramirez Thanks! It seems to me like @wnycradiolab was designed specifically for me to listen to every episode in reverse order right now."
"146351416158588928","","","","","2011-12-12 22:11:11 +0000","<a href=""http://itunes.apple.com/us/app/twitter/id409789998?mt=12"" rel=""nofollow"">Twitter for Mac</a>","Here's a morbid @wnycradiolab-inspired thought: what year do you think will be the last year someone says or remembers your name?"
"146090595973206016","","","","","2011-12-12 04:54:46 +0000","<a href=""http://flickr.com/services/twitter/"" rel=""nofollow"">Flickr</a>","8:36pm Cat-sitting @jensmccabe's shy kitty http://t.co/khhBw9nJ","http://flic.kr/p/aU9c98"
"146021285540020224","146015996556214273","627303","","","2011-12-12 00:19:22 +0000","<a href=""http://tapbots.com/tweetbot"" rel=""nofollow"">Tweetbot for iOS</a>","@kastner They don't need to describe feelings, just name them. Actually naming them means we don't have to describe them to talk about them."
"145996815542648832","","","","","2011-12-11 22:42:07 +0000","<a href=""http://itunes.apple.com/us/app/twitter/id409789998?mt=12"" rel=""nofollow"">Twitter for Mac</a>","How does our subconscious talk to our consciousness? Quick thoughts during @nikobenson's nap: http://t.co/DZNcxRve","http://bustr.tumblr.com/post/14086571118/the-interface-to-our-subconscious"
"145925608877207553","145622287792607232","9903932","","","2011-12-11 17:59:10 +0000","<a href=""http://twitter.com/download/iphone"" rel=""nofollow"">Twitter for iPhone</a>","@adamtait I'll make sure you're in the next batch!"
"145925458817581056","145647689617518593","4958621","","","2011-12-11 17:58:35 +0000","<a href=""http://twitter.com/download/iphone"" rel=""nofollow"">Twitter for iPhone</a>","@kdaigle I'll make sure you get added in the next batch of testers!"
"145792373207744512","","","","","2011-12-11 09:09:45 +0000","<a href=""http://flickr.com/services/twitter/"" rel=""nofollow"">Flickr</a>","8:36pm Just left @samantham's celebratory celebration! http://t.co/2dFSd3re","http://flic.kr/p/aTC67R"
"145660193546575872","145659833486544896","12061042","","","2011-12-11 00:24:31 +0000","<a href=""http://itunes.apple.com/us/app/twitter/id409789998?mt=12"" rel=""nofollow"">Twitter for Mac</a>","@ryanmcminn Awesome! Submit feedback/bugs to support@bud.ge or http://t.co/dcmMEny0 It's still very early and we need lots of help!","http://support.bud.ge"
"145656191484305409","145609583677812736","12061042","","","2011-12-11 00:08:36 +0000","<a href=""http://itunes.apple.com/us/app/twitter/id409789998?mt=12"" rel=""nofollow"">Twitter for Mac</a>","@ryanmcminn If you reload http://t.co/CTFmlFP8 on your phone, you should be in the beta now...","http://bud.ge"
"145643268678496256","","","","","2011-12-10 23:17:15 +0000","<a href=""http://bud.ge"" rel=""nofollow"">Budge</a>","Eggnog season is reversing all of the effects of weighing myself every day. http://t.co/7wm63vst","http://bud.ge/n/13m"
"145611224460177408","145609583677812736","12061042","","","2011-12-10 21:09:55 +0000","<a href=""http://itunes.apple.com/us/app/twitter/id409789998?mt=12"" rel=""nofollow"">Twitter for Mac</a>","@ryanmcminn Oh, go to http://t.co/CTFmlFP8 on a mobile phone and log in via Twitter. No need to fill out survey... I'll flag you for beta.","http://bud.ge"
"145574349456424960","145571902973427712","12061042","","","2011-12-10 18:43:24 +0000","<a href=""http://itunes.apple.com/us/app/twitter/id409789998?mt=12"" rel=""nofollow"">Twitter for Mac</a>","@ryanmcminn If you're okay with testing a very early product, and giving lots of feedback, I'll let you in! Login at http://t.co/CTFmlFP8","http://bud.ge"
"145571074782924800","","","","","2011-12-10 18:30:23 +0000","<a href=""http://itunes.apple.com/us/app/twitter/id409789998?mt=12"" rel=""nofollow"">Twitter for Mac</a>","Working on a product post launch (even micro-launches of ~30 people) is so much more fulfilling than pre-launch work. /re @budge"
"145568903563706368","","","","","2011-12-10 18:21:45 +0000","<a href=""http://itunes.apple.com/us/app/twitter/id409789998?mt=12"" rel=""nofollow"">Twitter for Mac</a>","Neat drawing and summary of my #campmighty talk on Dopamine and behavior change: http://t.co/kur9iW5g /thx @lesliedf","http://www.lightsandletters.com/writing/2011/12/5/camp-mighty-talks-buster-benson.html"
"145568125734232064","144277319115223043","12961492","","","2011-12-10 18:18:40 +0000","<a href=""http://itunes.apple.com/us/app/twitter/id409789998?mt=12"" rel=""nofollow"">Twitter for Mac</a>","@lesliedf I finally caught up on email and mentions and saw your infographic for my talk.  It's amazing! Thank you! Retweeting it now..."
"145364294438109184","145363582635356160","653333","","","2011-12-10 04:48:43 +0000","<a href=""http://itunes.apple.com/us/app/twitter/id409789998?mt=12"" rel=""nofollow"">Twitter for Mac</a>","@Loobylu Added Starter to my queue! Unfortunately, not available on instant at the moment..."
"145363886936309760","145149844258947072","22679682","","","2011-12-10 04:47:06 +0000","<a href=""http://itunes.apple.com/us/app/twitter/id409789998?mt=12"" rel=""nofollow"">Twitter for Mac</a>","@CodyDaigle Thank you!"
"145363799057248256","145163760582144000","16275525","","","2011-12-10 04:46:45 +0000","<a href=""http://itunes.apple.com/us/app/twitter/id409789998?mt=12"" rel=""nofollow"">Twitter for Mac</a>","@cay_anchor Yes! I've done it twice? once at the first Ignite ever (2008ish?) and once last summer (both in Seattle)."
"145362953904984064","145362413334695936","21135674","","","2011-12-10 04:43:23 +0000","<a href=""http://itunes.apple.com/us/app/twitter/id409789998?mt=12"" rel=""nofollow"">Twitter for Mac</a>","@e_ramirez Wow, impressive! What makes them the best?"
"145361837624541185","","","","","2011-12-10 04:38:57 +0000","<a href=""http://flickr.com/services/twitter/"" rel=""nofollow"">Flickr</a>","8:36pm Searching for a good romantic comedy on Netflix Instant. Any recommendations? http://t.co/UWUrgKLx","http://flic.kr/p/aT4EYx"
"145356915873026048","","","145342471302414336","14986129","2011-12-10 04:19:24 +0000","<a href=""http://itunes.apple.com/us/app/twitter/id409789998?mt=12"" rel=""nofollow"">Twitter for Mac</a>","RT @irondavy: Most useful way to deal with a redesign: assume the designers got it right, and try to figure out good reasons for the dec ..."
"145209921351323652","","","","","2011-12-09 18:35:17 +0000","<a href=""http://foursquare.com"" rel=""nofollow"">foursquare</a>","I just unlocked the ""Jobs"" badge on @foursquare! http://t.co/zPz3fQgY","http://4sq.com/sx7ksc"
"145199096800608257","","","145198583073869824","122774170","2011-12-09 17:52:17 +0000","<a href=""http://itunes.apple.com/us/app/twitter/id409789998?mt=12"" rel=""nofollow"">Twitter for Mac</a>","RT @ChiefDoorman: All the world?s a game | The Economist http://t.co/q529Z5S7 #gamification","http://econ.st/vmNj15"
"144985701065306112","","","","","2011-12-09 03:44:19 +0000","<a href=""http://flickr.com/services/twitter/"" rel=""nofollow"">Flickr</a>","8:36pm Salt Lake City airport is the opposite of Las Vegas airport http://t.co/VaoZiQjv","http://flic.kr/p/aSC75T"
"144920867955154945","","","","","2011-12-08 23:26:42 +0000","<a href=""http://instagr.am"" rel=""nofollow"">Instagram</a>","Won $2 at slots. Now this mudslide is making my tongue numb  @ La Bayou http://t.co/mJ6DNBaj","http://instagr.am/p/YCBV9/"
"144851805036220416","","","","","2011-12-08 18:52:16 +0000","<a href=""http://bud.ge"" rel=""nofollow"">Budge</a>","Me + coffee + Vegas sunshine = 20 pushups http://t.co/nSFdNXjJ","http://bud.ge/n/un"
"144816249220771841","144812919752896512","14803483","","","2011-12-08 16:30:59 +0000","<a href=""http://twitter.com/download/iphone"" rel=""nofollow"">Twitter for iPhone</a>","@evanjacobs Awesome post! Congrats on the first year!"
"144779849679122432","","","144778385749585920","255784266","2011-12-08 14:06:20 +0000","<a href=""http://twitter.com/download/iphone"" rel=""nofollow"">Twitter for iPhone</a>","RT @geekwire: Planking, Pepper Spray Cop and other top Internet memes of 2011 http://t.co/U2Z99LTI","http://goo.gl/fb/N4WWc"
"144616179284197376","144531953041940480","123116307","","","2011-12-08 03:15:58 +0000","<a href=""http://twitter.com/download/iphone"" rel=""nofollow"">Twitter for iPhone</a>","@LilHossler It's true. The place is finally legal. I'll be checking it out soon. If you go soon, report back!"
"144614622199160832","144588370385960960","7565162","","","2011-12-08 03:09:47 +0000","<a href=""http://twitter.com/download/iphone"" rel=""nofollow"">Twitter for iPhone</a>","@michaelmcdaniel I think something weird is happening due to lack of SMS functions. I'll look into it... you should be getting reminders."
"144614302572220416","144609414836523009","17655771","","","2011-12-08 03:08:31 +0000","<a href=""http://twitter.com/download/iphone"" rel=""nofollow"">Twitter for iPhone</a>","@knitpurl I had to run to the Central Cinema, sorry about the disappearance! We need a @habitlabs + @Uber_SEA reunion!"
"144517196486426625","","","","","2011-12-07 20:42:39 +0000","<a href=""http://path.com/"" rel=""nofollow"">Path 2.0</a>","View from the Ogden of the future Downtown Project. http://t.co/hYb4sg16","https://path.com/p/2rCPE6"
"144333532481863680","144280529078984704","16036987","","","2011-12-07 08:32:50 +0000","<a href=""http://twitter.com/download/iphone"" rel=""nofollow"">Twitter for iPhone</a>","@heyryanleys @iresq Thanks, I'll check them out."
"144276587376939008","","","","","2011-12-07 04:46:33 +0000","<a href=""http://flickr.com/services/twitter/"" rel=""nofollow"">Flickr</a>","8:36pm Welcome to Joust. Meet thy enemies. http://t.co/BsPm67AX","http://flic.kr/p/aRHGs2"
"144272633016496129","","","","","2011-12-07 04:30:50 +0000","<a href=""http://twitter.com/download/iphone"" rel=""nofollow"">Twitter for iPhone</a>","Luckily I qualified for an upgrade just this week. But was hoping to wait til 5 came out."
"144270756254195712","","","","","2011-12-07 04:23:23 +0000","<a href=""http://twitter.com/download/iphone"" rel=""nofollow"">Twitter for iPhone</a>","Shitballs. Cracked my phone."
"144226545119145984","","","","","2011-12-07 01:27:42 +0000","<a href=""http://itunes.apple.com/us/app/twitter/id409789998?mt=12"" rel=""nofollow"">Twitter for Mac</a>","A great read: On the impracticality of a cheeseburger: http://t.co/5GfgDPVL /via @daringfireball","http://waldo.jaquith.org/blog/2011/12/impractical-cheeseburger/"
"144220252732010496","144219905015824384","4958621","","","2011-12-07 01:02:42 +0000","<a href=""http://itunes.apple.com/us/app/twitter/id409789998?mt=12"" rel=""nofollow"">Twitter for Mac</a>","@kdaigle Sure thing!  Done."
"144219529017425921","144218593368870913","4958621","","","2011-12-07 00:59:49 +0000","<a href=""http://itunes.apple.com/us/app/twitter/id409789998?mt=12"" rel=""nofollow"">Twitter for Mac</a>","@kdaigle I can do it for you. What's your username and which rule do you want to remove?"
"144183903178080257","144137565795135488","8497382","","","2011-12-06 22:38:15 +0000","<a href=""http://itunes.apple.com/us/app/twitter/id409789998?mt=12"" rel=""nofollow"">Twitter for Mac</a>","@katherinesmith It should, depending on how good the browser is on it... can you email support@bud.ge with more info?"
"144178553620140034","","","","","2011-12-06 22:17:00 +0000","<a href=""http://itunes.apple.com/us/app/twitter/id409789998?mt=12"" rel=""nofollow"">Twitter for Mac</a>","LOVE this post by @crashdev about ""software with soul"". He articulates well our vision for @budge: http://t.co/XvKVawfY","http://www.crashdev.com/2011/11/software-with-soul.html"
"144134436185837568","144122638921510912","820129","","","2011-12-06 19:21:42 +0000","<a href=""http://itunes.apple.com/us/app/twitter/id409789998?mt=12"" rel=""nofollow"">Twitter for Mac</a>","@egrigg9000 Come to @habitbabs! We're at 2101 9th Ave, ""Suite"" 205. Around noonish?"
"144120365038317568","144116444869828608","820129","","","2011-12-06 18:25:47 +0000","<a href=""http://itunes.apple.com/us/app/twitter/id409789998?mt=12"" rel=""nofollow"">Twitter for Mac</a>","@egrigg9000 Yes, let's do this!  How about this Saturday afternoon? Are weekends okay?"
"144093212204732416","","","","","2011-12-06 16:37:53 +0000","<a href=""http://instagr.am"" rel=""nofollow"">Instagram</a>","Niko contemplates his 1st day of daycare http://t.co/1sb21aGt","http://instagr.am/p/Xq7_D/"
"144079134170165249","144078986870403073","9428232","","","2011-12-06 15:41:57 +0000","<a href=""http://itunes.apple.com/us/app/twitter/id409789998?mt=12"" rel=""nofollow"">Twitter for Mac</a>","@LauraGlu Yes! In fact, @budge is just an extension of trying to solve the same problem."
"143968338383618049","143636417795457024","11222","","","2011-12-06 08:21:41 +0000","<a href=""http://itunes.apple.com/us/app/twitter/id409789998?mt=12"" rel=""nofollow"">Twitter for Mac</a>","@k We need our 31st! Especially if it's you. Log in at http://t.co/CTFmlFP8 on a mobile browser and let me know so I can approve you?","http://bud.ge"
"143957115252391936","","","","","2011-12-06 07:37:05 +0000","<a href=""http://bud.ge"" rel=""nofollow"">Budge</a>","Can't seem to stay under 170 pounds (as I stare at my empty pumpkin pie plate). http://t.co/ENZ5Y5v7","http://bud.ge/n/o6"
"143925460479381504","143924750023004161","786818","","","2011-12-06 05:31:18 +0000","<a href=""http://itunes.apple.com/us/app/twitter/id409789998?mt=12"" rel=""nofollow"">Twitter for Mac</a>","@webwright But yeah, those apps don't seem like 0s. They just aren't big enough numbers to enter our limited home screen real estate. Scary."
"143924293162647552","143857338334457856","786818","","","2011-12-06 05:26:40 +0000","<a href=""http://itunes.apple.com/us/app/twitter/id409789998?mt=12"" rel=""nofollow"">Twitter for Mac</a>","@webwright And even a marketing strategy isn't a useful and engaging product!"
"143915086111711232","","","","","2011-12-06 04:50:05 +0000","<a href=""http://flickr.com/services/twitter/"" rel=""nofollow"">Flickr</a>","8:36pm Listened to a ton of Radiolab today. I'm addicted! http://t.co/OsoHhNJV","http://flic.kr/p/aRd9ER"
"143885496362348544","","","143882890135076864","772386","2011-12-06 02:52:30 +0000","<a href=""http://twitter.com/download/iphone"" rel=""nofollow"">Twitter for iPhone</a>","RT @willotoons: You guys: http://t.co/lX4KW5xo Seriously. Use it. Write your hearts out. It's cathartic.","https://750words.com/"
"143866761312342016","143864696519393280","195863654","","","2011-12-06 01:38:03 +0000","<a href=""http://itunes.apple.com/us/app/twitter/id409789998?mt=12"" rel=""nofollow"">Twitter for Mac</a>","@marihuertas Wow! Thank you for that! I've forwarded to the team and will reply with details soon!"
"143866599861006336","143865245289553920","7565162","","","2011-12-06 01:37:24 +0000","<a href=""http://itunes.apple.com/us/app/twitter/id409789998?mt=12"" rel=""nofollow"">Twitter for Mac</a>","@michaelmcdaniel @janakphoto Awesome! First friend coach in action! Also, Michael, I added you to the beta? send lots of feedback!"
"143849763312373760","143849526724263936","195863654","","","2011-12-06 00:30:30 +0000","<a href=""http://itunes.apple.com/us/app/twitter/id409789998?mt=12"" rel=""nofollow"">Twitter for Mac</a>","@marihuertas Oooh? that's music to my ears! Looking forward to reading your feedback..."
"143712729318957057","143664644920311808","24047916","","","2011-12-05 15:25:59 +0000","<a href=""http://twitter.com/download/iphone"" rel=""nofollow"">Twitter for iPhone</a>","@susanlindsey Thank you! :)"
"143634187189100544","","","","","2011-12-05 10:13:53 +0000","<a href=""http://path.com/"" rel=""nofollow"">Path 2.0</a>","Opened http://t.co/CTFmlFP8 up to the first 30 testers today... I am super stoked (and sleepless)! http://t.co/IAkq9TuM","http://bud.ge","https://path.com/p/4AfysY"
"143607559507550208","","","","","2011-12-05 08:28:04 +0000","<a href=""http://flickr.com/services/twitter/"" rel=""nofollow"">Flickr</a>","8:36pm Was sleeping with Niko. Now up and working again with Sopor http://t.co/qOubAJE9","http://flic.kr/p/aQHzrH"
"143589856243748864","143586835761864704","11815632","","","2011-12-05 07:17:44 +0000","<a href=""http://itunes.apple.com/us/app/twitter/id409789998?mt=12"" rel=""nofollow"">Twitter for Mac</a>","@joshumami Reload http://t.co/CTFmlFP8 on a mobile browser and you should be in! Send me any and all feedback that you have!","http://bud.ge"
"143586160567009280","143584447789408256","11815632","","","2011-12-05 07:03:03 +0000","<a href=""http://itunes.apple.com/us/app/twitter/id409789998?mt=12"" rel=""nofollow"">Twitter for Mac</a>","@joshumami If you sign up on http://t.co/CTFmlFP8, I'll add you to the very limited beta!","http://bud.ge"
"143582195427180545","","","","","2011-12-05 06:47:17 +0000","<a href=""http://bud.ge"" rel=""nofollow"">Budge</a>","Passed the first test on Pushup Animal with 21 pushups (and testing @budge in the wild!) http://t.co/o5KrMIAJ","http://bud.ge/n/k8"
"143528650308988929","143528135558836224","27112594","","","2011-12-05 03:14:31 +0000","<a href=""http://twitter.com/download/iphone"" rel=""nofollow"">Twitter for iPhone</a>","@robbymet Okay, shoot. I'll take a look in the next couple hours and figure it out. Apologies for the trouble!"
"143514805486104576","143513185956282368","27112594","","","2011-12-05 02:19:30 +0000","<a href=""http://itunes.apple.com/us/app/twitter/id409789998?mt=12"" rel=""nofollow"">Twitter for Mac</a>","@robbymet I am fixing a bug right now? can you try again and see if it's fixed?"
"143497829208436737","143497600627245056","60663","","","2011-12-05 01:12:03 +0000","<a href=""http://itunes.apple.com/us/app/twitter/id409789998?mt=12"" rel=""nofollow"">Twitter for Mac</a>","@MarinaMartin I'll check it out!"
"143497095247171584","","","","","2011-12-05 01:09:08 +0000","<a href=""http://itunes.apple.com/us/app/twitter/id409789998?mt=12"" rel=""nofollow"">Twitter for Mac</a>","Listening to the entire Radiolab podcast history in reverse order for the last few weeks while walking home or cooking. I'm back to 2/2008."
"143469957911547904","143468769585528832","2029651","","","2011-12-04 23:21:18 +0000","<a href=""http://itunes.apple.com/us/app/twitter/id409789998?mt=12"" rel=""nofollow"">Twitter for Mac</a>","@bostonsteamer Yup! You can read the tour to get a quick explanation of what the test's about. Or go straight to store and get a program..."
"143465731416268800","143465456701935616","2029651","","","2011-12-04 23:04:30 +0000","<a href=""http://itunes.apple.com/us/app/twitter/id409789998?mt=12"" rel=""nofollow"">Twitter for Mac</a>","@bostonsteamer Hey Joe! I added you to the beta. To get in, log in to http://t.co/CTFmlFP8 on your phone? and send me any feedback you have!","http://bud.ge"
"143464744244875264","143448202354495488","8497382","","","2011-12-04 23:00:35 +0000","<a href=""http://itunes.apple.com/us/app/twitter/id409789998?mt=12"" rel=""nofollow"">Twitter for Mac</a>","@katherinesmith Oops, I forgot to flip the beta flag for you. Try re-loading http://t.co/CTFmlFP8 to see the actual app.  :)","http://bud.ge"
"143462484265811968","143462144556544000","16366882","","","2011-12-04 22:51:36 +0000","<a href=""http://itunes.apple.com/us/app/twitter/id409789998?mt=12"" rel=""nofollow"">Twitter for Mac</a>","@octavekitten Yay, thanks!  To check it out, go to http://t.co/CTFmlFP8 on your phone? it should let you in. It's very early still...","http://bud.ge"
"143455565224488961","143453937901641729","43913","","","2011-12-04 22:24:06 +0000","<a href=""http://itunes.apple.com/us/app/twitter/id409789998?mt=12"" rel=""nofollow"">Twitter for Mac</a>","@joebez Mostly big picture feedback on whether you find the app compelling. But also page flow, requests, etc. How to make it work for you."
"143452434692444160","143451926527344640","195863654","","","2011-12-04 22:11:40 +0000","<a href=""http://itunes.apple.com/us/app/twitter/id409789998?mt=12"" rel=""nofollow"">Twitter for Mac</a>","@marihuertas Great, thank you!"
"143448711077433345","143426813547397120","16818880","","","2011-12-04 21:56:52 +0000","<a href=""http://itunes.apple.com/us/app/twitter/id409789998?mt=12"" rel=""nofollow"">Twitter for Mac</a>","@jeremymeyers Awesome! Thanks! You should be able to get in by logging in to http://t.co/CTFmlFP8 on a mobile phone. It's still v. early.","http://bud.ge"
"143448651199557634","143448202354495488","8497382","","","2011-12-04 21:56:38 +0000","<a href=""http://itunes.apple.com/us/app/twitter/id409789998?mt=12"" rel=""nofollow"">Twitter for Mac</a>","@katherinesmith Awesome! Thanks! You should be able to get in by logging in to http://t.co/CTFmlFP8 on a mobile phone. It's still v. early.","http://bud.ge"
"143428350579453952","143423089517137920","43913","","","2011-12-04 20:35:58 +0000","<a href=""http://itunes.apple.com/us/app/twitter/id409789998?mt=12"" rel=""nofollow"">Twitter for Mac</a>","@joebez Awesome! Thank you! You should be able to get in by logging in to http://t.co/CTFmlFP8 on a mobile phone. It's still VERY early...","http://bud.ge"
"143427628882333696","143421895256182785","195863654","","","2011-12-04 20:33:06 +0000","<a href=""http://itunes.apple.com/us/app/twitter/id409789998?mt=12"" rel=""nofollow"">Twitter for Mac</a>","@marihuertas Okay! Should be back to the more normal permissions now..."
"143427451014488064","143420354067578880","14986129","","","2011-12-04 20:32:23 +0000","<a href=""http://itunes.apple.com/us/app/twitter/id409789998?mt=12"" rel=""nofollow"">Twitter for Mac</a>","@irondavy Sure thing! You should be able to get in if you open http://t.co/CTFmlFP8 on a mobile browser and log in! Caution: still v. early!","http://bud.ge"
"143420739314384896","143420487765213184","195863654","","","2011-12-04 20:05:43 +0000","<a href=""http://itunes.apple.com/us/app/twitter/id409789998?mt=12"" rel=""nofollow"">Twitter for Mac</a>","@marihuertas We are going to take that out? we don't actually use it unless you're a coach for someone.  Sorry for the scare."
"143416428115148801","","","","","2011-12-04 19:48:35 +0000","<a href=""http://itunes.apple.com/us/app/twitter/id409789998?mt=12"" rel=""nofollow"">Twitter for Mac</a>","@senecando Awesome! Thank you! You should be able to get in by logging in to http://t.co/CTFmlFP8 on a mobile phone. It's still v. early...","http://bud.ge"
"143416296657272832","143416164880617473","195863654","","","2011-12-04 19:48:04 +0000","<a href=""http://itunes.apple.com/us/app/twitter/id409789998?mt=12"" rel=""nofollow"">Twitter for Mac</a>","@marihuertas You can email me? my twitter username at gmail.  Thanks for helping out!"
"143416040334950401","143409952659222528","17543864","","","2011-12-04 19:47:03 +0000","<a href=""http://twitter.com/download/iphone"" rel=""nofollow"">Twitter for iPhone</a>","@FullContactTMcG Thanks! If email is easier, send to my twitter username at gmail."
"143409446498992128","143406461387677696","17543864","","","2011-12-04 19:20:51 +0000","<a href=""http://itunes.apple.com/us/app/twitter/id409789998?mt=12"" rel=""nofollow"">Twitter for Mac</a>","@FullContactTMcG Once you're in, check out the tour for details on this limited test. And let me know if you have questions!"
"143409146136510465","143406461387677696","17543864","","","2011-12-04 19:19:39 +0000","<a href=""http://itunes.apple.com/us/app/twitter/id409789998?mt=12"" rel=""nofollow"">Twitter for Mac</a>","@FullContactTMcG Awesome! Thanks! You should be able to get in by logging in to http://t.co/CTFmlFP8 on a mobile phone. It's still v. early.","http://bud.ge"
"143409084966772736","143405233916223488","146703","","","2011-12-04 19:19:24 +0000","<a href=""http://itunes.apple.com/us/app/twitter/id409789998?mt=12"" rel=""nofollow"">Twitter for Mac</a>","@jackcheng Right here! :) I added you to the beta? just log in to http://t.co/CTFmlFP8 on a mobile phone to try it out? thanks!","http://bud.ge"
"143408809082236928","143399277874515969","64623504","","","2011-12-04 19:18:19 +0000","<a href=""http://itunes.apple.com/us/app/twitter/id409789998?mt=12"" rel=""nofollow"">Twitter for Mac</a>","@jillcorral Awesome! Thank you! You should be able to get in by logging in to http://t.co/CTFmlFP8 on a mobile phone. It's still v. early...","http://bud.ge"
"143408738219470849","143397082361901058","12613922","","","2011-12-04 19:18:02 +0000","<a href=""http://itunes.apple.com/us/app/twitter/id409789998?mt=12"" rel=""nofollow"">Twitter for Mac</a>","@boptart Awesome! Thank you! You should be able to get in by logging in to http://t.co/CTFmlFP8 on a mobile phone. It's still v. early...","http://bud.ge"
"143408338015748097","143396770888687616","195863654","","","2011-12-04 19:16:26 +0000","<a href=""http://itunes.apple.com/us/app/twitter/id409789998?mt=12"" rel=""nofollow"">Twitter for Mac</a>","@marihuertas Awesome! Thank you! You should be able to get in by logging in to http://t.co/CTFmlFP8 on a mobile phone. It's still v. early.","http://bud.ge"
"143406941639671808","143398595067002880","9161482","","","2011-12-04 19:10:53 +0000","<a href=""http://itunes.apple.com/us/app/twitter/id409789998?mt=12"" rel=""nofollow"">Twitter for Mac</a>","@tannerc Awesome! Thank you! You should be able to get in by logging in to http://t.co/CTFmlFP8 on a mobile phone. It's still v. early...","http://bud.ge"
"143406919753809920","143396501287215104","27112594","","","2011-12-04 19:10:48 +0000","<a href=""http://itunes.apple.com/us/app/twitter/id409789998?mt=12"" rel=""nofollow"">Twitter for Mac</a>","@robbymet Awesome! Thank you! You should be able to get in by logging in to http://t.co/CTFmlFP8 on a mobile phone. It's still v. early...","http://bud.ge"
"143405233979146240","143401917874311169","4132781","","","2011-12-04 19:04:06 +0000","<a href=""http://twitter.com/download/iphone"" rel=""nofollow"">Twitter for iPhone</a>","@futileboy Yes, API work is in progress. Both data in and data out. What's your windows phone app like?"
"143404989308604416","143396206037573632","12761252","","","2011-12-04 19:03:08 +0000","<a href=""http://twitter.com/download/iphone"" rel=""nofollow"">Twitter for iPhone</a>","@haikugirl Haha yes! Coaching is my favorite part of the app."
"143395681502113792","143395430011645952","18609085","","","2011-12-04 18:26:09 +0000","<a href=""http://itunes.apple.com/us/app/twitter/id409789998?mt=12"" rel=""nofollow"">Twitter for Mac</a>","@anewthought Awesome! Thank you! You should be able to get in by logging in to http://t.co/CTFmlFP8 on a mobile phone. It's still v. early.","http://bud.ge"
"143395551881330688","143395205654134785","12761252","","","2011-12-04 18:25:38 +0000","<a href=""http://itunes.apple.com/us/app/twitter/id409789998?mt=12"" rel=""nofollow"">Twitter for Mac</a>","@haikugirl Yay!  Well this is one I've been working on for a while now? it's gonna be awesome!"
"143395375435358208","","","","","2011-12-04 18:24:56 +0000","<a href=""http://twitter.com/tweetbutton"" rel=""nofollow"">Tweet Button</a>","@senecando Hey there, still interested in helping us test that new meditation app from a while ago? I'm inviting a couple people today."
"143395195789131776","100665002989588480","18609085","","","2011-12-04 18:24:13 +0000","<a href=""http://twitter.com/tweetbutton"" rel=""nofollow"">Tweet Button</a>","@anewthought Hey Sam, still interested in helping us test that new meditation app from a while ago? I'm inviting a couple ppl today."
"143395083583102976","100718949188112385","27112594","","","2011-12-04 18:23:46 +0000","<a href=""http://twitter.com/tweetbutton"" rel=""nofollow"">Tweet Button</a>","@robbymet Hey Robert, still interested in helping us test that new meditation app from a while ago? I'm inviting a couple ppl today."
"143394932961460224","100661590751322112","8497382","","","2011-12-04 18:23:10 +0000","<a href=""http://twitter.com/tweetbutton"" rel=""nofollow"">Tweet Button</a>","@katherinesmith Hey Katherine, still interested in helping us test that new meditation app from a while ago? I'm inviting some ppl today."
"143394788115361793","100668614918672384","64623504","","","2011-12-04 18:22:36 +0000","<a href=""http://twitter.com/tweetbutton"" rel=""nofollow"">Tweet Button</a>","@jillcorral Hey Jill, still interested in helping us test that new meditation app from a while ago? I'm inviting a couple people today..."
"143394680833454080","100667634428817408","43913","","","2011-12-04 18:22:10 +0000","<a href=""http://twitter.com/tweetbutton"" rel=""nofollow"">Tweet Button</a>","@joebez Hey Joe, still interested in helping us test that new meditation app from a while ago? I'm inviting a couple people today..."
"143393292137148416","143393162075967488","17106747","","","2011-12-04 18:16:39 +0000","<a href=""http://itunes.apple.com/us/app/twitter/id409789998?mt=12"" rel=""nofollow"">Twitter for Mac</a>","@erinmcgovney Awesome! Thank you! You should be able to get in by logging in to http://t.co/CTFmlFP8 on a mobile phone. It's still v. early.","http://bud.ge"
"143393071483195393","100666445955989504","195863654","","","2011-12-04 18:15:47 +0000","<a href=""http://twitter.com/tweetbutton"" rel=""nofollow"">Tweet Button</a>","@marihuertas Hey Mari, still interested in helping us test that new meditation app from a while ago? I'm inviting a couple ppl today."
"143393021965250560","100661656274743296","17106747","","","2011-12-04 18:15:35 +0000","<a href=""http://twitter.com/tweetbutton"" rel=""nofollow"">Tweet Button</a>","@erinmcgovney Hey Erin, still interested in helping us test that new meditation app from a while ago? I'm inviting a couple ppl today."
"143392522373312512","143392064627945472","4132781","","","2011-12-04 18:13:36 +0000","<a href=""http://itunes.apple.com/us/app/twitter/id409789998?mt=12"" rel=""nofollow"">Twitter for Mac</a>","@futileboy Awesome! Thank you! You should be able to get in by logging in to http://t.co/CTFmlFP8 on a mobile phone. It's still v. early...","http://bud.ge"
"143392352441090048","100666472136851456","17543864","","","2011-12-04 18:12:55 +0000","<a href=""http://twitter.com/tweetbutton"" rel=""nofollow"">Tweet Button</a>","@FullContactTMcG Hey Tanya, still interested in helping us test that new meditation app from a while ago? I'm inviting a couple ppl today."
"143391935976058880","100662063722016768","4132781","","","2011-12-04 18:11:16 +0000","<a href=""http://twitter.com/tweetbutton"" rel=""nofollow"">Tweet Button</a>","@futileboy Hey Ryan, still interested in helping us test that new meditation app from a while ago? I'm inviting a couple people today."
"143391788965695490","100660930261696512","9161482","","","2011-12-04 18:10:41 +0000","<a href=""http://twitter.com/tweetbutton"" rel=""nofollow"">Tweet Button</a>","@tannerc Hey Tanner, still interested in helping us test that new meditation app from a while ago? I'm inviting a couple people today."
"143390476756725763","100662510335700994","16818880","","","2011-12-04 18:05:28 +0000","<a href=""http://twitter.com/tweetbutton"" rel=""nofollow"">Tweet Button</a>","@jeremymeyers Hey Jeremy, still interested in helping us test that new meditation app from a while ago? I'm inviting a couple people today."
"143390265187643392","100666959682732032","12613922","","","2011-12-04 18:04:37 +0000","<a href=""http://twitter.com/tweetbutton"" rel=""nofollow"">Tweet Button</a>","@boptart Hey Lindsey, still interested in helping us test that new meditation app from a while ago? I'm inviting a couple people today..."
"143389931958579200","143389688823156737","12761252","","","2011-12-04 18:03:18 +0000","<a href=""http://itunes.apple.com/us/app/twitter/id409789998?mt=12"" rel=""nofollow"">Twitter for Mac</a>","@haikugirl Awesome! If you log in to http://t.co/CTFmlFP8 on a mobile phone, you should be able to get in! Lots of feedback, please!","http://bud.ge"
"143389565762277378","100673048964890625","12761252","","","2011-12-04 18:01:51 +0000","<a href=""http://twitter.com/tweetbutton"" rel=""nofollow"">Tweet Button</a>","@haikugirl Hey Heather, still interested in helping us test that new meditation app from a while ago? I'm inviting a couple people today..."
"143389440520359937","100665830265729025","16366882","","","2011-12-04 18:01:21 +0000","<a href=""http://twitter.com/tweetbutton"" rel=""nofollow"">Tweet Button</a>","@octavekitten Hey Jo, still interested in helping us test that new meditation app from a while ago? I'm inviting a couple people..."
"143225526495100929","","","","","2011-12-04 07:10:01 +0000","<a href=""http://flickr.com/services/twitter/"" rel=""nofollow"">Flickr</a>","8:36pm @kellianne is cutting @harryh's epic hair. Has he lost his powers? Will @foursquare go under as a result? Who  http://t.co/jiGrc9zz","http://flic.kr/p/aQ4RqM"
"142880450195632128","142878130414157824","7565162","","","2011-12-03 08:18:48 +0000","<a href=""http://itunes.apple.com/us/app/twitter/id409789998?mt=12"" rel=""nofollow"">Twitter for Mac</a>","@michaelmcdaniel I love it. But mostly because it looks cool. And the sound isn't bad. Pairing with bluetooth is sort of a pain though..."
"142869856503603200","142868295660482560","15486015","","","2011-12-03 07:36:42 +0000","<a href=""http://itunes.apple.com/us/app/twitter/id409789998?mt=12"" rel=""nofollow"">Twitter for Mac</a>","@ScottieYahtzee The ground. They're always getting into tussles."
"142859580450422784","142859413823307776","17655771","","","2011-12-03 06:55:52 +0000","<a href=""http://itunes.apple.com/us/app/twitter/id409789998?mt=12"" rel=""nofollow"">Twitter for Mac</a>","@knitpurl I'm relatively new to it but am working my way back and back and back. Not a dud in the bunch!"
"142858468292952064","","","","","2011-12-03 06:51:27 +0000","<a href=""http://flickr.com/services/twitter/"" rel=""nofollow"">Flickr</a>","8:36pm Listening to radiolab on my Jambox while bathing Niko http://t.co/C0itjUDS","http://flic.kr/p/aPyk1M"
"142799255231410176","","","","","2011-12-03 02:56:10 +0000","<a href=""http://instagr.am"" rel=""nofollow"">Instagram</a>","Bruiser http://t.co/005MRw0J","http://instagr.am/p/XBoY0/"
"142752857748291584","","","","","2011-12-02 23:51:48 +0000","<a href=""http://path.com/"" rel=""nofollow"">Path 2.0</a>","Nori monster http://t.co/ayeAJR39","https://path.com/p/2nudFB"
"142751205851017216","","","","","2011-12-02 23:45:14 +0000","<a href=""http://path.com/"" rel=""nofollow"">Path 2.0</a>","Eating nori and working. http://t.co/wi5emz4I","https://path.com/p/2XtqBz"
"142661832061095936","","","","","2011-12-02 17:50:05 +0000","<a href=""http://path.com/"" rel=""nofollow"">Path 2.0</a>","I wish I could wake up without falling asleep first. #thingsthatonlymakesenseonpath http://t.co/5nyZ331R","https://path.com/p/1M24tD"
"142632491218509824","","","142631997767036928","820661","2011-12-02 15:53:30 +0000","<a href=""http://itunes.apple.com/us/app/twitter/id409789998?mt=12"" rel=""nofollow"">Twitter for Mac</a>","RT @daveschappell: Yo Seattle - mark calendars!  Ignite Seattle is 7pm, next Wed Dec 7 at KingCat - $5 at door http://t.co/2N4qk4Nc #fb","http://bit.ly/uztbAe"
"142466471031881728","","","","","2011-12-02 04:53:48 +0000","<a href=""http://flickr.com/services/twitter/"" rel=""nofollow"">Flickr</a>","8:36pm Swirling around in my head http://t.co/NJPchvW5","http://flic.kr/p/aP5uPz"
"142401964859326464","142398798885421057","103258230","","","2011-12-02 00:37:28 +0000","<a href=""http://itunes.apple.com/us/app/twitter/id409789998?mt=12"" rel=""nofollow"">Twitter for Mac</a>","@QP_Present What's your username?  It sometimes takes a couple hours to show up..."
"142361395416141824","","","","","2011-12-01 21:56:16 +0000","<a href=""http://itunes.apple.com/us/app/twitter/id409789998?mt=12"" rel=""nofollow"">Twitter for Mac</a>","David Brooks asked his readers who were over 70 years old to write a life report (things they did well and poorly): http://t.co/fY3d2SIj","http://brooks.blogs.nytimes.com/tag/life-report/"
