"tweet_id","in_reply_to_status_id","in_reply_to_user_id","retweeted_status_id","retweeted_status_user_id","timestamp","source","text","expanded_urls"
"119994690429923328","119989748092776449","22135588","","","2011-10-01 04:38:58 +0000","<a href=""http://twitter.com/download/iphone"" rel=""nofollow"">Twitter for iPhone</a>","@sarajensen Niko has a date with our old neighbor after his nap but you should come over after 4!"
"119980128741769217","","","","","2011-10-01 03:41:06 +0000","<a href=""http://flickr.com/services/twitter/"" rel=""nofollow"">Flickr</a>","8:36pm A day of unpacking and we're beginning to see some progress! Yes, this is progress. http://t.co/N8UUzL02","http://flic.kr/p/arNSCn"
"119650938691665920","","","","","2011-09-30 05:53:01 +0000","<a href=""http://flickr.com/services/twitter/"" rel=""nofollow"">Flickr</a>","8:36pm First house warming in the back yard http://t.co/GBRFHbl6","http://flic.kr/p/arCFjQ"
"119599377995153408","119472453914329089","776429","","","2011-09-30 02:28:08 +0000","<a href=""http://twitter.com/download/iphone"" rel=""nofollow"">Twitter for iPhone</a>","@spangley Why thank you! We love it so far."
"119469572846919680","","","119469400133877760","154236895","2011-09-29 17:52:20 +0000","<a href=""http://twitter.com/download/iphone"" rel=""nofollow"">Twitter for iPhone</a>","RT @healthmonth: Get yr October healthy habit change here! http://t.co/4kcv5BBN Set up today, start playing Oct 1st! Pass it on!","http://healthmonth.com"
"119467442945794048","","","","","2011-09-29 17:43:52 +0000","<a href=""http://foursquare.com"" rel=""nofollow"">foursquare</a>","Moving in today! (@ ?Benson Bungalow) [pic]: http://t.co/2w0LULr2","http://4sq.com/p0JcCy"
"119292849324953600","","","119277747376893952","105895323","2011-09-29 06:10:06 +0000","<a href=""http://twitter.com/download/iphone"" rel=""nofollow"">Twitter for iPhone</a>","RT @ricmacnz: The Pros & Cons of Frictionless Sharing http://t.co/tTJwD4Ma","http://rww.to/pYX1OP"
"119291534200930305","","","119288073329709056","13461","2011-09-29 06:04:52 +0000","<a href=""http://twitter.com/download/iphone"" rel=""nofollow"">Twitter for iPhone</a>","RT @waxpancake: The very talented @superamit, creator of Photojojo and Jelly, was diagnosed with leukemia. Send him hugs: http://t.co/qb ..."
"119254801723826176","","","","","2011-09-29 03:38:55 +0000","<a href=""http://flickr.com/services/twitter/"" rel=""nofollow"">Flickr</a>","8:36pm This place is a shambles. No wonder we decided to move! http://t.co/bhOjfYwd","http://flic.kr/p/armJA1"
"119221890870022144","","","","","2011-09-29 01:28:08 +0000","<a href=""http://itunes.apple.com/us/app/twitter/id409789998?mt=12"" rel=""nofollow"">Twitter for Mac</a>","What is the best tiny bluetooth headphone with good sound that is mostly invisible, comfy, and only in one ear?"
"119220666988892160","","","","","2011-09-29 01:23:16 +0000","<a href=""http://itunes.apple.com/us/app/twitter/id409789998?mt=12"" rel=""nofollow"">Twitter for Mac</a>","Thoughts on Twitter for secret agents and telepaths, in no particular order: http://t.co/tWWW5PdI #inpo","http://bustr.tumblr.com/post/10789315851/twitter-for-secret-agents-and-telepaths"
"119217625753600001","","","119217018112180225","5017","2011-09-29 01:11:11 +0000","<a href=""http://itunes.apple.com/us/app/twitter/id409789998?mt=12"" rel=""nofollow"">Twitter for Mac</a>","RT @joshu: @rstevens dood, here's a startup idea: zipcar for condiments. you aren't using that mayonnaise all the time, are you?"
"119216199656669184","119192323027509248","151530748","","","2011-09-29 01:05:31 +0000","<a href=""http://itunes.apple.com/us/app/twitter/id409789998?mt=12"" rel=""nofollow"">Twitter for Mac</a>","@SimpleGeoAPI Not really. I'm getting an empty response with the error message I sent before. Wasn't getting it until recently though."
"119189949898702848","","","","","2011-09-28 23:21:13 +0000","<a href=""http://instagr.am"" rel=""nofollow"">Instagram</a>","Our CEO featuring bike lock necklace and Golazo energy drink weights  @ Habit Labs HQ (Healthmonth.com) http://t.co/pxIclOrR","http://instagr.am/p/OfhMQ/"
"119186666110992384","","14373435","","","2011-09-28 23:08:10 +0000","<a href=""http://itunes.apple.com/us/app/twitter/id409789998?mt=12"" rel=""nofollow"">Twitter for Mac</a>","@simplegeo I'm using the simplegeo gem and started getting ""You must supply ACS table IDs"". Any ideas?"
"119183867809763329","","","","","2011-09-28 22:57:03 +0000","<a href=""http://itunes.apple.com/us/app/twitter/id409789998?mt=12"" rel=""nofollow"">Twitter for Mac</a>","Amazon's new Silk browser sounds pretty amazing: http://t.co/U3ddWnSd","http://amazonsilk.wordpress.com/2011/09/28/introducing-amazon-silk/"
"119115478277951489","","","119100046556925952","11547582","2011-09-28 18:25:17 +0000","web","RT @sarahnovotny: Join me at  ""Seattle Beta :: Launch Event"" http://t.co/rgmbMXcq!  See Seattle startups geek about their products and p ...","http://seattlebeta-estw.eventbrite.com"
"119114990081937409","","","","","2011-09-28 18:23:21 +0000","<a href=""http://itunes.apple.com/us/app/twitter/id409789998?mt=12"" rel=""nofollow"">Twitter for Mac</a>","Help a friend? He gets lonely sometimes. RT @daveschappell: 3999 Twitter followers... just sayin..."
"119079621420531713","","","","","2011-09-28 16:02:48 +0000","<a href=""http://itunes.apple.com/us/app/twitter/id409789998?mt=12"" rel=""nofollow"">Twitter for Mac</a>","Nice review of 750words.com from @JJWeatherman: http://t.co/U50vN7LK You should try it out!","http://deck.ly/~CDaMI"
"118950907550511104","","","","","2011-09-28 07:31:21 +0000","<a href=""http://instagr.am"" rel=""nofollow"">Instagram</a>","Good luck daddy long legs http://t.co/1dHGRLLG","http://instagr.am/p/Obuam/"
"118896026257076224","","","","","2011-09-28 03:53:16 +0000","<a href=""http://flickr.com/services/twitter/"" rel=""nofollow"">Flickr</a>","8:36pm Trying to get into this Zipcar truck next to us for late night double-moving power http://t.co/nyV2WvpJ","http://flic.kr/p/ar6o6d"
"118886909022961665","","","","","2011-09-28 03:17:02 +0000","<a href=""http://twitter.com/download/iphone"" rel=""nofollow"">Twitter for iPhone</a>","Objective reality is slippery enough to begin with, but completely missed in these simplified debates. How to give up exaggeration?"
"118886452271652864","","","","","2011-09-28 03:15:13 +0000","<a href=""http://twitter.com/download/iphone"" rel=""nofollow"">Twitter for iPhone</a>","Exaggerations (always, never, best, worst) feel necessary give our judgments substance. Then we battle to defend those exaggerated points."
"118795947898707968","118795576581177344","786818","","","2011-09-27 21:15:35 +0000","<a href=""http://itunes.apple.com/us/app/twitter/id409789998?mt=12"" rel=""nofollow"">Twitter for Mac</a>","@webwright Ha, that's how organized my brain is right now.  Thursday is official move day... but maybe it'll end early!"
"118791368427569152","118781509338537985","786818","","","2011-09-27 20:57:23 +0000","<a href=""http://itunes.apple.com/us/app/twitter/id409789998?mt=12"" rel=""nofollow"">Twitter for Mac</a>","@webwright I'm moving this week, with much packing left to do, so sadly a #no on @hopsandchops tonight. /cc @jensmccabe @jwedgwood"
"118785103336980480","","69149255","","","2011-09-27 20:32:30 +0000","web","@cakehealth Stoked that  you added Regence in Washington! It's importing for me now and can't wait to see how it all works..."
"118783822434271233","118783645904420864","14306066","","","2011-09-27 20:27:24 +0000","<a href=""http://itunes.apple.com/us/app/twitter/id409789998?mt=12"" rel=""nofollow"">Twitter for Mac</a>","@jwithy I'll keep an eye out for it!"
"118783279611658240","118783030205747200","14306066","","","2011-09-27 20:25:15 +0000","<a href=""http://itunes.apple.com/us/app/twitter/id409789998?mt=12"" rel=""nofollow"">Twitter for Mac</a>","@jwithy Tough is good! But, if you do fall below 0, a good ol' plea for fruit might be in order. I'd be happy to heal!"
"118680645617713153","","","","","2011-09-27 13:37:25 +0000","<a href=""http://twitter.com/download/iphone"" rel=""nofollow"">Twitter for iPhone</a>","All the obscured t.co links in my @twitter stream are looking mighty ugly. Not to mention often using more chars than the original link."
"118679826851835904","","","","","2011-09-27 13:34:10 +0000","<a href=""http://twitter.com/download/iphone"" rel=""nofollow"">Twitter for iPhone</a>","Congrats @mindbloom! Looking good! http://t.co/bhoAtSKp","http://www.geekwire.com/2011/mindbloom-mobile-app-improve-life"
"118676997802168320","118649060277231616","56687868","","","2011-09-27 13:22:55 +0000","<a href=""http://twitter.com/download/iphone"" rel=""nofollow"">Twitter for iPhone</a>","@aquicky You're welcome! I'm finding the ""in no particular order"" list of thoughts a rather liberating form of blogging. Try it!"
"118573318638014465","118571062609973248","246531241","","","2011-09-27 06:30:56 +0000","<a href=""http://itunes.apple.com/us/app/twitter/id409789998?mt=12"" rel=""nofollow"">Twitter for Mac</a>","@ameliagreenhall Mine too! Maybe we can call it Habit City."
"118565579773853696","","","","","2011-09-27 06:00:11 +0000","<a href=""http://timely.is"" rel=""nofollow"">Timely by Demandforce</a>","Thoughts on Tony Hsieh/@zappo's Downtown Project, in no particular order: http://t.co/i6FL2Vab #inpo","http://bit.ly/rhG8f8"
"118530141688307712","","","","","2011-09-27 03:39:22 +0000","<a href=""http://flickr.com/services/twitter/"" rel=""nofollow"">Flickr</a>","8:36pm Working, but briefly distracted by this lioness saving her cub from a steep cliff /via @peretti http://t.co/SJfYx99w","http://flic.kr/p/aqNkRJ"
"118525278300553217","","","90818053880811520","7040932","2011-09-27 03:20:03 +0000","web","RT @zappos: Scientific study on how to get kids to eat more vegetables (perceived control): http://t.co/yyhHT7Y","http://bit.ly/qMre38"
"118524546910396417","","761628","","","2011-09-27 03:17:08 +0000","<a href=""http://itunes.apple.com/us/app/twitter/id409789998?mt=12"" rel=""nofollow"">Twitter for Mac</a>","@rickwebb Our retirement community should be in downtown Vegas, Hsieh is already doing the hard work: http://t.co/38FBsAOn","http://uncrunched.com/2011/09/26/delivering-happiness-on-a-jet-plane/"
"118523001154187264","","","","","2011-09-27 03:11:00 +0000","<a href=""http://itunes.apple.com/us/app/twitter/id409789998?mt=12"" rel=""nofollow"">Twitter for Mac</a>","Woah. Tony Hsieh/@zappos is my new hero. I've never considered a move to Las Vegas until this very second. http://t.co/38FBsAOn","http://uncrunched.com/2011/09/26/delivering-happiness-on-a-jet-plane/"
"118488396938227712","118487792933289984","15207331","","","2011-09-27 00:53:29 +0000","<a href=""http://itunes.apple.com/us/app/twitter/id409789998?mt=12"" rel=""nofollow"">Twitter for Mac</a>","@fanfa Definitely a fan of that movie too. I liked the way Bees zoomed in on this particular issue. Everyone loves bees."
"118487256838324224","","","","","2011-09-27 00:48:58 +0000","<a href=""http://itunes.apple.com/us/app/twitter/id409789998?mt=12"" rel=""nofollow"">Twitter for Mac</a>","Richard Dawkins's ""The Magic of Reality"" iPad app let's you discover what's really true about the world: http://t.co/aOAlavyb #awesome","http://boingboing.net/2011/09/26/richard-dawkins-ipad-app-for-the-magic-of-reality.html"
"118484888004468736","","","","","2011-09-27 00:39:33 +0000","<a href=""http://itunes.apple.com/us/app/twitter/id409789998?mt=12"" rel=""nofollow"">Twitter for Mac</a>","Have you watched ""Vanishing of the Bees"" yet? It's on Netflix Instant: http://t.co/pz1tn4ba Well done doc. Boo on systemic pesticides!","http://movies.netflix.com/WiMovie/Vanishing_of_the_Bees/70166291"
"118458967495147521","118456759093444608","10508","","","2011-09-26 22:56:33 +0000","<a href=""http://twitter.com/download/iphone"" rel=""nofollow"">Twitter for iPhone</a>","@bookchiq Yes! Reality is Broken by @avantgame & Theory of Fun by @raphkoster are great to start. Also: @amyjokim, @dingstweets, @jesseshell"
"118400804389531648","","14306066","","","2011-09-26 19:05:26 +0000","<a href=""http://bud.ge"" rel=""nofollow"">Budge</a>","@jwithy You're continuing to do great with the month. How are you feeling now that the month is almost over?"
"118341761360867328","","","","","2011-09-26 15:10:49 +0000","<a href=""http://twitter.com/download/iphone"" rel=""nofollow"">Twitter for iPhone</a>","GPS's story, well-told by a new blog about how our government has done some good things in its day RT @GovGood: GPS http://t.co/LOKQ31JR","http://tumblr.com/xkx4wqlfg2"
"118340291265691648","","","118196354962030592","6726182","2011-09-26 15:04:58 +0000","<a href=""http://twitter.com/download/iphone"" rel=""nofollow"">Twitter for iPhone</a>","RT @TheCulprit: My stolen bike is currently outside Lunchbox Laboratory in South Lake Union. (http://t.co/wRnV7vxg) Gonna try to recover ...","http://yfrog.com/nv2mesnj"
"118175380988370944","","","","","2011-09-26 04:09:41 +0000","<a href=""http://flickr.com/services/twitter/"" rel=""nofollow"">Flickr</a>","8:36pm In bed already, so I'll send you this awesome crazy scene from yesterday. http://t.co/ETYEQrWb","http://flic.kr/p/aqtBQG"
"118163939883352064","","","","","2011-09-26 03:24:13 +0000","<a href=""http://itunes.apple.com/us/app/twitter/id409789998?mt=12"" rel=""nofollow"">Twitter for Mac</a>","Thoughts on Facebook's Timeline, in no particular order: http://t.co/qfwG7S6b #inpo","http://bustr.tumblr.com/post/10674960976/thoughts-on-facebooks-timeline"
"118127941422026752","","","118111064272551937","37570179","2011-09-26 01:01:10 +0000","<a href=""http://twitter.com/download/iphone"" rel=""nofollow"">Twitter for iPhone</a>","RT @arrington: What Exactly Am I Doing Here At Uncrunched?: http://t.co/EB7eXboE","http://wp.me/p1RmvN-r"
"118065532187586560","","947851","","","2011-09-25 20:53:11 +0000","<a href=""http://itunes.apple.com/us/app/twitter/id409789998?mt=12"" rel=""nofollow"">Twitter for Mac</a>","@dreeves @calbucci ? on the other hand he mentioned ""Lifestyle"" as coming right after ""Media"". That's where we all live, I think."
"118065186191060992","118064350287237122","947851","","","2011-09-25 20:51:48 +0000","<a href=""http://itunes.apple.com/us/app/twitter/id409789998?mt=12"" rel=""nofollow"">Twitter for Mac</a>","@dreeves @calbucci I heard that too and think he mentioned it in context of things some like to keep private: illness and debt. Still..."
"118007570773450752","","","117989923411337218","14435477","2011-09-25 17:02:52 +0000","<a href=""http://twitter.com/download/iphone"" rel=""nofollow"">Twitter for iPhone</a>","RT @dingstweets: Notes on loyalty by @ibogost: http://t.co/3uYsNcUc","http://bogo.st/zq"
"117832087989534720","","","","","2011-09-25 05:25:33 +0000","<a href=""http://instagr.am"" rel=""nofollow"">Instagram</a>","Next time you feel like @Kellianne is 1-upping your fashion, remember this! http://t.co/ohLPJJyN","http://instagr.am/p/OHZVm/"
"117809446293475328","","","","","2011-09-25 03:55:35 +0000","<a href=""http://flickr.com/services/twitter/"" rel=""nofollow"">Flickr</a>","8:36pm OH ""Is Tyler Jewish?"" http://t.co/iefmfHew","http://flic.kr/p/aq7PUb"
"117781016394989569","","","","","2011-09-25 02:02:37 +0000","<a href=""http://instagr.am"" rel=""nofollow"">Instagram</a>","A magical wedding moment. So beautiful, Loren and Tyler! http://t.co/68nhc5wA","http://instagr.am/p/OGHUI/"
"117643656923582464","","","","","2011-09-24 16:56:48 +0000","<a href=""http://instagr.am"" rel=""nofollow"">Instagram</a>","At Camp Loren and Tyler Get Hitched!  @ Olympic Park Institute http://t.co/trJtJjxu","http://instagr.am/p/OCj35/"
"117481200406364160","117471177139687424","7390862","","","2011-09-24 06:11:15 +0000","<a href=""http://twitter.com/download/iphone"" rel=""nofollow"">Twitter for iPhone</a>","@daisy That was the point!"
"117470869059678208","","","","","2011-09-24 05:30:12 +0000","<a href=""http://flickr.com/services/twitter/"" rel=""nofollow"">Flickr</a>","8:36pm Watching Princess Bride while camping! http://t.co/flRwg44E","http://flic.kr/p/apP9Jr"
"117101232107171840","","","","","2011-09-23 05:01:24 +0000","<a href=""http://flickr.com/services/twitter/"" rel=""nofollow"">Flickr</a>","8:36pm Was having good talks with @jensmccabe but now laundering, packing for weekend wedding! http://t.co/fmjNWcEH","http://flic.kr/p/apBwAJ"
"116893377852743680","","","","","2011-09-22 15:15:27 +0000","<a href=""http://twitter.com/download/iphone"" rel=""nofollow"">Twitter for iPhone</a>","Help Scott find his amazing bike RT @TheCulprit: My listing on #StolenBikeRegistry: http://t.co/ZokR45ip Help get the word out. Thx.","http://bit.ly/nSzKcK"
"116754547451494400","116753943584968704","16644937","","","2011-09-22 06:03:47 +0000","<a href=""http://itunes.apple.com/us/app/twitter/id409789998?mt=12"" rel=""nofollow"">Twitter for Mac</a>","@the_april He's already terrified of chickens, why not add sheep to the phobia list?"
"116748108586684416","116747748908343296","14803483","","","2011-09-22 05:38:12 +0000","<a href=""http://itunes.apple.com/us/app/twitter/id409789998?mt=12"" rel=""nofollow"">Twitter for Mac</a>","@evanjacobs I've looked into it a bit? what did you like most about it? What are you trying to do with it?"
"116739503644872704","","","","","2011-09-22 05:04:01 +0000","<a href=""http://itunes.apple.com/us/app/twitter/id409789998?mt=12"" rel=""nofollow"">Twitter for Mac</a>","I've been building websites for 11 years, but graphics has always intimidated me. Now with canvas, svg, and d3, I might make the plunge!"
"116732017743380480","","","116731320108990465","586","2011-09-22 04:34:16 +0000","<a href=""http://itunes.apple.com/us/app/twitter/id409789998?mt=12"" rel=""nofollow"">Twitter for Mac</a>","RT @sacca: List of death row inmates later proven innocent: http://t.co/7zg0MPPy (via @digijeff @shervin)","http://en.wikipedia.org/wiki/List_of_exonerated_death_row_inmates#United_States"
"116730465930579969","116730177911930880","1771141","","","2011-09-22 04:28:06 +0000","<a href=""http://itunes.apple.com/us/app/twitter/id409789998?mt=12"" rel=""nofollow"">Twitter for Mac</a>","@samantham I think your ants need their own photo Tumblr, at the very least, right?"
"116718977643855872","","","","","2011-09-22 03:42:27 +0000","<a href=""http://flickr.com/services/twitter/"" rel=""nofollow"">Flickr</a>","8:36pm Learning about d3.js. Anyone using it? http://t.co/anQuF5rl","http://flic.kr/p/apihhX"
"116715541288333312","116715031302901762","7362142","","","2011-09-22 03:28:48 +0000","<a href=""http://itunes.apple.com/us/app/twitter/id409789998?mt=12"" rel=""nofollow"">Twitter for Mac</a>","@kellianne @the_april We're both out of the loop. Just looked it up, tho? it involves children racing on sheep? http://t.co/vzfE3cW2","http://en.wikipedia.org/wiki/Mutton_busting"
"116714329415491585","116703847166115840","7777252","","","2011-09-22 03:23:59 +0000","<a href=""http://twitter.com/download/iphone"" rel=""nofollow"">Twitter for iPhone</a>","@xenocid Meeee toooo."
"116681260063137793","","","","","2011-09-22 01:12:34 +0000","<a href=""http://itunes.apple.com/us/app/twitter/id409789998?mt=12"" rel=""nofollow"">Twitter for Mac</a>","Holy guacamole! @banksimple looks amazing! http://t.co/bwObV0SA","http://banksimple.com/blog/BankSimple/a-first-look-at-BankSimple/"
"116614003077292032","","","","","2011-09-21 20:45:19 +0000","<a href=""http://itunes.apple.com/us/app/twitter/id409789998?mt=12"" rel=""nofollow"">Twitter for Mac</a>","My response to the debate surrounding ""Gamification by Design"" between @gzicherm and @dingstweets http://t.co/ecSIlONx","http://blog.habitlabs.com/post/10490680475/gamification-by-design"
"116358419778256896","","","","","2011-09-21 03:49:43 +0000","<a href=""http://flickr.com/services/twitter/"" rel=""nofollow"">Flickr</a>","8:36pm Charlotte and her lovely parents! http://t.co/blxeB5u3","http://flic.kr/p/ap3bCk"
"116205115601453056","116204574112628736","12279","","","2011-09-20 17:40:33 +0000","<a href=""http://itunes.apple.com/us/app/twitter/id409789998?mt=12"" rel=""nofollow"">Twitter for Mac</a>","@leelefever Not quite, but not too far off either.  Terry and Cherry, across from the Frye Museum."
"116200275894747136","","","","","2011-09-20 17:21:19 +0000","<a href=""http://instagr.am"" rel=""nofollow"">Instagram</a>","Intstagram's new put a pigeon on it filter http://t.co/Tj6TEBAs","http://instagr.am/p/NomXj/"
"116009508886683648","","","","","2011-09-20 04:43:16 +0000","<a href=""http://flickr.com/services/twitter/"" rel=""nofollow"">Flickr</a>","8:36pm Talking terrible dates, terrible spouses, and crying babies http://t.co/CWX7GB8g","http://flic.kr/p/aoNXwm"
"115942951498166272","","","115942499259908096","761628","2011-09-20 00:18:48 +0000","<a href=""http://itunes.apple.com/us/app/twitter/id409789998?mt=12"" rel=""nofollow"">Twitter for Mac</a>","RT @RickWebb: I am live blogging Bianca's How Bout We date with @busterbenson and @nikobenson helping out. http://t.co/1YDXFWLI","http://www.howaboutwe.com/date-report/1787-date-cam-bianca-and-james"
"115914125061799937","","","","","2011-09-19 22:24:15 +0000","<a href=""http://instagr.am"" rel=""nofollow"">Instagram</a>","Even cooler than tractors http://t.co/bKe3iiBj","http://instagr.am/p/Nkhu0/"
"115635765291126784","","","","","2011-09-19 03:58:09 +0000","<a href=""http://flickr.com/services/twitter/"" rel=""nofollow"">Flickr</a>","8:36pm At the dark Capitol Club with @rickwebb http://t.co/x9L8k23K","http://flic.kr/p/aotUeW"
"115469395517640704","","","","","2011-09-18 16:57:03 +0000","<a href=""http://twitter.com/download/iphone"" rel=""nofollow"">Twitter for iPhone</a>","Well said. #teamding RT @dingstweets: My reaction to @timoreilly's response to my review of Gamification by Design: http://t.co/sSY6zVHg","http://j.mp/nUwXAA"
"115268782137679872","","","","","2011-09-18 03:39:53 +0000","<a href=""http://flickr.com/services/twitter/"" rel=""nofollow"">Flickr</a>","8:36pm Tater tot casserole with David, Ingo, and Kellianne http://t.co/dYD7HtrO","http://flic.kr/p/ao9a3f"
"115196674237939712","115194862080499712","20833838","","","2011-09-17 22:53:22 +0000","<a href=""http://itunes.apple.com/us/app/twitter/id409789998?mt=12"" rel=""nofollow"">Twitter for Mac</a>","@carinnatarvin That all sounds very cheery to me! Except for maybe the football..."
"115129025789304833","115127939435208704","5362","","","2011-09-17 18:24:33 +0000","<a href=""http://itunes.apple.com/us/app/twitter/id409789998?mt=12"" rel=""nofollow"">Twitter for Mac</a>","@britt You're right, it's running a bit slow this morning. I'll take a look."
"114906385375961088","","","","","2011-09-17 03:39:51 +0000","<a href=""http://flickr.com/services/twitter/"" rel=""nofollow"">Flickr</a>","8:36pm Reading Lean Startup but sadly missed @ericries's talk tonight http://t.co/rzRtdfJD","http://flic.kr/p/anQ8eK"
"114882872149684225","","","","","2011-09-17 02:06:25 +0000","<a href=""http://twitter.com/download/iphone"" rel=""nofollow"">Twitter for iPhone</a>","And @nikobenson finally figures out this block/pole thing. Love how happy he is at his accomplishment: http://t.co/spkXgqmU","http://www.youtube.com/watch?v=zNZv5lqAZd0&feature=youtube_gdata_player"
"114778905419841538","","14435477","","","2011-09-16 19:13:18 +0000","<a href=""http://itunes.apple.com/us/app/twitter/id409789998?mt=12"" rel=""nofollow"">Twitter for Mac</a>","@dingstweets Your review of Gamification by Design was AWESOME. Just read the whole thing and I agree with every word. Thank you."
"114744943406350337","","","","","2011-09-16 16:58:21 +0000","<a href=""http://itunes.apple.com/us/app/twitter/id409789998?mt=12"" rel=""nofollow"">Twitter for Mac</a>","Want to be scared into caring about the genomic revolution? http://t.co/GmIC5ctn #TEDTalk","http://www.ted.com/talks/richard_resnick_welcome_to_the_genomic_revolution.html"
"114546039675043840","","","","","2011-09-16 03:47:58 +0000","<a href=""http://flickr.com/services/twitter/"" rel=""nofollow"">Flickr</a>","8:36pm Wanted to work a bit longer but brain stopped collaborating. Best week yet, though! http://t.co/RNP0bMkj","http://flic.kr/p/anAhsc"
"114475232240209920","","14306066","","","2011-09-15 23:06:36 +0000","<a href=""http://bud.ge"" rel=""nofollow"">Budge</a>","@jwithy What's one small thing you can do to improve your career today, or this weekend?"
"114474173073592323","114473258614661120","761628","","","2011-09-15 23:02:24 +0000","<a href=""http://itunes.apple.com/us/app/twitter/id409789998?mt=12"" rel=""nofollow"">Twitter for Mac</a>","@RickWebb Yes, and you have to know the enemy without turning into the enemy. Or letting it scare you into inaction before you get started."
"114472681289687042","114472115595517952","761628","","","2011-09-15 22:56:28 +0000","<a href=""http://itunes.apple.com/us/app/twitter/id409789998?mt=12"" rel=""nofollow"">Twitter for Mac</a>","@RickWebb That depends on the strategy. A bigger problem is that some startups think too much like the industry they're disrupting."
"114471853862551552","114471217502765056","761628","","","2011-09-15 22:53:11 +0000","<a href=""http://itunes.apple.com/us/app/twitter/id409789998?mt=12"" rel=""nofollow"">Twitter for Mac</a>","@RickWebb True. So you may be saying: MVPs to replace health care are much larger than to promote health-improvement? /cc @jayparkinson"
"114470696213676032","","","","","2011-09-15 22:48:35 +0000","<a href=""http://itunes.apple.com/us/app/twitter/id409789998?mt=12"" rel=""nofollow"">Twitter for Mac</a>","Agreed with all but this: http://t.co/yG1KHCv5 RT @RickWebb: My first real writing on tech since I left my job: http://t.co/n2Zd67jV","http://bustr.tumblr.com/post/10254357990/disrupt-disruption-and-the-nobility-of-the-tech-scene","http://rickwebb.tumblr.com/post/10253111653/disrupt-disruption-and-the-nobility-of-the-tech-scene"
"114385908106665984","","","113655852057112580","786818","2011-09-15 17:11:40 +0000","web","RT @webwright: Wow-- cool/simple health insurance comparison tool (great for the self-employed): http://t.co/n1IQl5i","http://www.pickhealthinsurance.com/"
"114201056744976385","","","","","2011-09-15 04:57:08 +0000","<a href=""http://twitter.com/download/iphone"" rel=""nofollow"">Twitter for iPhone</a>","At 9:56pm I'm the first person to leave the @habitlabs office. Do I win or lose 10 points?"
"114182282625036289","","","","","2011-09-15 03:42:32 +0000","<a href=""http://flickr.com/services/twitter/"" rel=""nofollow"">Flickr</a>","8:36pm Habit Labs night shift posse (Scott not pictured but present too) http://t.co/wP9slCGu","http://flic.kr/p/anopzA"
"114149768078442497","114121017739313153","9938952","","","2011-09-15 01:33:20 +0000","<a href=""http://itunes.apple.com/us/app/twitter/id409789998?mt=12"" rel=""nofollow"">Twitter for Mac</a>","@mdbraber @jensmccabe Wow, yes, here you go! 011000110110111101101111011010110110100101100101"
"114029086392844288","114027580851621888","205398097","","","2011-09-14 17:33:47 +0000","<a href=""http://itunes.apple.com/us/app/twitter/id409789998?mt=12"" rel=""nofollow"">Twitter for Mac</a>","@Allija95 No need to apologize! I'm just here to help, and hope you got enough of a taste of Health Month to give it another try later!"
"114024327627800576","114023329635115008","15662533","","","2011-09-14 17:14:52 +0000","<a href=""http://itunes.apple.com/us/app/twitter/id409789998?mt=12"" rel=""nofollow"">Twitter for Mac</a>","@benguthrie That's awesome!  Guess I should check up on my about.me stats then.  :)"
"113833149817040897","113832858065453056","14306066","","","2011-09-14 04:35:12 +0000","<a href=""http://itunes.apple.com/us/app/twitter/id409789998?mt=12"" rel=""nofollow"">Twitter for Mac</a>","@jwithy I think that's a good strategy for mid-month Health Month fatigue. Which few are most important to you now? Also, I can heal!"
"113819895145299969","","","","","2011-09-14 03:42:32 +0000","<a href=""http://flickr.com/services/twitter/"" rel=""nofollow"">Flickr</a>","8:36pm 2nd shift! With Deval from @uber_sea http://t.co/GxJNe5m","http://flic.kr/p/an81T7"
"113781228703977472","113718180500873218","7777252","","","2011-09-14 01:08:53 +0000","<a href=""http://itunes.apple.com/us/app/twitter/id409789998?mt=12"" rel=""nofollow"">Twitter for Mac</a>","@xenocid That was sort of what I was trying to say. All that is true is that you observed/thought what you think you did/do."
"113696467948019712","","","","","2011-09-13 19:32:04 +0000","<a href=""http://timely.is"" rel=""nofollow"">Timely by Demandforce</a>","It all comes down to words. Name one thing that doesn't. So we can argue semantics."
"113683284050976768","113682599305682947","7777252","","","2011-09-13 18:39:41 +0000","<a href=""http://itunes.apple.com/us/app/twitter/id409789998?mt=12"" rel=""nofollow"">Twitter for Mac</a>","@xenocid Had the same problem with my insurance company, Regence. But love the idea!"
"113658001935712256","","","113657800135163904","521","2011-09-13 16:59:13 +0000","<a href=""http://itunes.apple.com/us/app/twitter/id409789998?mt=12"" rel=""nofollow"">Twitter for Mac</a>","RT @gerwitz: @busterbenson I tweet that reminders of our perception's subjectivity are healthy for discourse, but that's only my belief."
"113657324782100482","113656719330123778","521","","","2011-09-13 16:56:32 +0000","<a href=""http://itunes.apple.com/us/app/twitter/id409789998?mt=12"" rel=""nofollow"">Twitter for Mac</a>","@gerwitz I write, ""Ha, okay I concede that it's a bit of an overkill."""
"113656573905211393","113656201933373440","521","","","2011-09-13 16:53:33 +0000","<a href=""http://itunes.apple.com/us/app/twitter/id409789998?mt=12"" rel=""nofollow"">Twitter for Mac</a>","@gerwitz That's what I was trying to say, I think.  The only thing that's true is that you currently observed/believe that statement."
"113655868435869697","113650651959017472","521","","","2011-09-13 16:50:45 +0000","<a href=""http://itunes.apple.com/us/app/twitter/id409789998?mt=12"" rel=""nofollow"">Twitter for Mac</a>","@gerwitz Are you saying that you don't think it's true that we have observations and beliefs?"
"113655708028903424","113652800105349121","18032208","","","2011-09-13 16:50:07 +0000","<a href=""http://itunes.apple.com/us/app/twitter/id409789998?mt=12"" rel=""nofollow"">Twitter for Mac</a>","@Strabd True, but I feel like most debates are not about observations and beliefs, but about the objects of those observations/beliefs."
"113648591708499968","","","","","2011-09-13 16:21:50 +0000","<a href=""http://twitter.com/download/iphone"" rel=""nofollow"">Twitter for iPhone</a>","I believe that the only true statements are those that start with ""I observed..."" or ""I believe..."". The remaining is up for debate."
"113637677378699264","","","","","2011-09-13 15:38:28 +0000","<a href=""http://itunes.apple.com/us/app/twitter/id409789998?mt=12"" rel=""nofollow"">Twitter for Mac</a>","This is rad. Basically, your personal MTV based, built in 24 hours using VHX, Last.fm, and YouTube: http://t.co/YtJ7K0V /via @tedroden","http://caseypugh.com/post/10164711081/music-video-genome"
"113634324296908800","113543267420872704","5622042","","","2011-09-13 15:25:08 +0000","<a href=""http://itunes.apple.com/us/app/twitter/id409789998?mt=12"" rel=""nofollow"">Twitter for Mac</a>","@ironfroggy Just valid as far as being a core need that needs to be directly addressed, instead of looking deeper."
"113499305058373632","113499006579118081","2781","","","2011-09-13 06:28:37 +0000","<a href=""http://twitter.com/download/iphone"" rel=""nofollow"">Twitter for iPhone</a>","@Aubs Awesome! Can you send me a link? /cc @stephdub @spangley @oprah"
"113484195136942080","113483112381562880","20833838","","","2011-09-13 05:28:35 +0000","<a href=""http://itunes.apple.com/us/app/twitter/id409789998?mt=12"" rel=""nofollow"">Twitter for Mac</a>","@carinnatarvin It's not about bigger, it's about which one causes the other. Is fear of unknown 1 manifestation of our fear of lost control?"
"113482643944898561","113482002325454848","7943892","","","2011-09-13 05:22:25 +0000","<a href=""http://itunes.apple.com/us/app/twitter/id409789998?mt=12"" rel=""nofollow"">Twitter for Mac</a>","@ingopixel Because it's at the bottom."
"113482027478679552","113481758384721920","20833838","","","2011-09-13 05:19:58 +0000","<a href=""http://itunes.apple.com/us/app/twitter/id409789998?mt=12"" rel=""nofollow"">Twitter for Mac</a>","@carinnatarvin What came first, teachers or students?"
"113481752181354496","113481516633427968","7943892","","","2011-09-13 05:18:52 +0000","<a href=""http://itunes.apple.com/us/app/twitter/id409789998?mt=12"" rel=""nofollow"">Twitter for Mac</a>","@ingopixel Indefinite is scary because? you can't define it, it's unpredictable, it's out of your control!"
"113481247631736832","113480934795395072","7943892","","","2011-09-13 05:16:52 +0000","<a href=""http://itunes.apple.com/us/app/twitter/id409789998?mt=12"" rel=""nofollow"">Twitter for Mac</a>","@ingopixel But why is the unknown scary in the first place?"
"113481108280197121","113475775130378240","14803483","","","2011-09-13 05:16:19 +0000","<a href=""http://itunes.apple.com/us/app/twitter/id409789998?mt=12"" rel=""nofollow"">Twitter for Mac</a>","@evanjacobs Totally love @cakehealth, and the pitch was amazing. Well done, @rebeccawoodcock!"
"113476160792432640","113474078240813058","20833838","","","2011-09-13 04:56:39 +0000","<a href=""http://itunes.apple.com/us/app/twitter/id409789998?mt=12"" rel=""nofollow"">Twitter for Mac</a>","@carinnatarvin Or is it the other way around? The unknown is scary *because* we lack control over it. All fears spring from THAT unmet need."
"113468044474454016","","","","","2011-09-13 04:24:24 +0000","<a href=""http://itunes.apple.com/us/app/twitter/id409789998?mt=12"" rel=""nofollow"">Twitter for Mac</a>","Can't wait for it to show up! RT @ericries: Amazon is releasing the Kindle edition of #LeanStartup to people who pre-ordered... right now."
"113461923625975809","113461237609807874","776429","","","2011-09-13 04:00:05 +0000","<a href=""http://itunes.apple.com/us/app/twitter/id409789998?mt=12"" rel=""nofollow"">Twitter for Mac</a>","@spangley That makes sense. I think of these needs as having layers. One on top of another til we feel stable. /cc @stephdub"
"113461386411118592","","","113461118143434753","15019184","2011-09-13 03:57:57 +0000","<a href=""http://itunes.apple.com/us/app/twitter/id409789998?mt=12"" rel=""nofollow"">Twitter for Mac</a>","RT @heyamberrae: If you want something you've never had, you have to do something you've never done."
"113459530817474560","113459293264687104","14936359","","","2011-09-13 03:50:34 +0000","<a href=""http://itunes.apple.com/us/app/twitter/id409789998?mt=12"" rel=""nofollow"">Twitter for Mac</a>","@stephdub I think I agree. So what's the more basic need? Security? Acceptance? Respect?"
"113458458002599936","","","","","2011-09-13 03:46:19 +0000","<a href=""http://itunes.apple.com/us/app/twitter/id409789998?mt=12"" rel=""nofollow"">Twitter for Mac</a>","Give a smile, get a smile. http://t.co/Zy7WnWx","http://2uv.us/"
"113457058728255488","","","","","2011-09-13 03:40:45 +0000","<a href=""http://itunes.apple.com/us/app/twitter/id409789998?mt=12"" rel=""nofollow"">Twitter for Mac</a>","Is the need for control a valid basic need, or is it a mask for a more valid, more basic need?"
"113456895121039360","","","","","2011-09-13 03:40:06 +0000","<a href=""http://flickr.com/services/twitter/"" rel=""nofollow"">Flickr</a>","8:36pm Signing up for my own personal iPhone robot from @romotive http://t.co/tVbxRoG","http://flic.kr/p/amM93z"
"113450993907281921","","","","","2011-09-13 03:16:39 +0000","<a href=""http://twitter.com/tweetbutton"" rel=""nofollow"">Tweet Button</a>","Finally catching up on @willotoons' awesome new video series. Loved the first episode with @helenjane, who I &lt;3 http://t.co/MZ3gfzk","http://willotoons.com/video/helen-jane-hearn/"
"113437170534055936","113420205060919296","128375612","","","2011-09-13 02:21:43 +0000","<a href=""http://twitter.com/download/iphone"" rel=""nofollow"">Twitter for iPhone</a>","@CMaberly I'm not going to click that link because I prefer to imagine what it is instead."
"113346131102138368","113343893185101824","17069950","","","2011-09-12 20:19:58 +0000","<a href=""http://itunes.apple.com/us/app/twitter/id409789998?mt=12"" rel=""nofollow"">Twitter for Mac</a>","@meredithmo I think they're great if you go about it with the right mindset. You can also do something simpler/easier in same mindset?"
"113343305781215232","113342996770074624","17069950","","","2011-09-12 20:08:44 +0000","<a href=""http://itunes.apple.com/us/app/twitter/id409789998?mt=12"" rel=""nofollow"">Twitter for Mac</a>","@meredithmo Vision quest in the forest! Find your spirit animal! They have lots of those over here in the Pacific Northwest. :)"
"113342265107283970","113341075816587265","17069950","","","2011-09-12 20:04:36 +0000","<a href=""http://twitter.com/download/iphone"" rel=""nofollow"">Twitter for iPhone</a>","@meredithmo The future is always uncertain, and possibilities increasingly narrow. Go with your gut! What is that whispering to you?"
"113340556922462208","113333064997933057","17069950","","","2011-09-12 19:57:49 +0000","<a href=""http://twitter.com/download/iphone"" rel=""nofollow"">Twitter for iPhone</a>","@meredithmo Just be yourself! Want the things you want, not what others want, right?"
"113332210349772800","113331946444165121","22118364","","","2011-09-12 19:24:39 +0000","<a href=""http://itunes.apple.com/us/app/twitter/id409789998?mt=12"" rel=""nofollow"">Twitter for Mac</a>","@allenmmurray @GreenGoose! http://t.co/bQf1ad9","http://greengoose.com"
"113330794994470912","","205398097","","","2011-09-12 19:19:01 +0000","<a href=""http://bud.ge"" rel=""nofollow"">Budge</a>","@Allija95 Anything I can do to help get you back on the Health Month track?  I'm here to serve!"
"113330533081153537","","14306066","","","2011-09-12 19:17:59 +0000","<a href=""http://bud.ge"" rel=""nofollow"">Budge</a>","@jwithy How are things going with your Health Month? Did you survive the weekend?"
"113143372260184064","","","","","2011-09-12 06:54:16 +0000","<a href=""http://twitter.com/download/iphone"" rel=""nofollow"">Twitter for iPhone</a>","Someone just told me that what I'm drawing looks like a school of fish and that I deserve a raise. #winning #whousesthathashtaganymore?"
"113120453857525760","","","113119349430173696","5921812","2011-09-12 05:23:12 +0000","<a href=""http://twitter.com/download/iphone"" rel=""nofollow"">Twitter for iPhone</a>","RT @jwedgwood: Another in a series of great posts from @danshapiro, this one on asking for investor intros. http://t.co/7Hdhay2","http://www.danshapiro.com/blog/2011/09/dont-ask-for-introductions-to-investors/"
"113119642934976512","113119321366069250","65583256","","","2011-09-12 05:19:59 +0000","<a href=""http://twitter.com/download/iphone"" rel=""nofollow"">Twitter for iPhone</a>","@idychan Okay. What's your username?"
"113116784655208448","","","","","2011-09-12 05:08:37 +0000","<a href=""http://flickr.com/services/twitter/"" rel=""nofollow"">Flickr</a>","8:36pm Sketching some big ideas out with @theculprit http://t.co/bpFiKkh","http://flic.kr/p/amtuRc"
"112775705623937024","","","112740209766043648","879521","2011-09-11 06:33:18 +0000","<a href=""http://twitter.com/download/iphone"" rel=""nofollow"">Twitter for iPhone</a>","RT @peretti: ""Ideas per minute"" the same in all languages -&gt; http://t.co/MwGpvVt","http://kottke.org/11/09/the-speed-and-density-of-language"
"112731857216487424","","","","","2011-09-11 03:39:03 +0000","<a href=""http://flickr.com/services/twitter/"" rel=""nofollow"">Flickr</a>","8:36pm Charlotte and her celery http://t.co/DrwGGrb","http://flic.kr/p/am6MBa"
"112682985928667137","","","","","2011-09-11 00:24:52 +0000","<a href=""http://instagr.am"" rel=""nofollow"">Instagram</a>","We love Charlotte and are going to miss her so much!  @ Volunteer Park http://t.co/9uFHv3f","http://instagr.am/p/MvDlF/"
"112380659846225920","","","","","2011-09-10 04:23:31 +0000","<a href=""http://flickr.com/services/twitter/"" rel=""nofollow"">Flickr</a>","8:36pm Seattle feed and read meeting for Visit from the Goon Squad http://t.co/nMr8Ne6","http://flic.kr/p/akSXjQ"
"112338389482741760","112333164696969216","10015122","","","2011-09-10 01:35:33 +0000","<a href=""http://itunes.apple.com/us/app/twitter/id409789998?mt=12"" rel=""nofollow"">Twitter for Mac</a>","@andypixel Hey that's in my new neighborhood too! Sweet!"
"112235922346614785","","","","","2011-09-09 18:48:23 +0000","<a href=""http://itunes.apple.com/us/app/twitter/id409789998?mt=12"" rel=""nofollow"">Twitter for Mac</a>","I just meditated really fast for 3 seconds. Beat that."
"112007146522165248","","","","","2011-09-09 03:39:19 +0000","<a href=""http://flickr.com/services/twitter/"" rel=""nofollow"">Flickr</a>","8:36pm Reunited with wifey, discussing how crazy this month will be, and how to survive it http://t.co/UnnppDV","http://flic.kr/p/akC9Xq"
"111935273822191616","","205398097","","","2011-09-08 22:53:43 +0000","<a href=""http://bud.ge"" rel=""nofollow"">Budge</a>","@Allija95 You've made it a full week and are only down 1 life point! Now the week starts over, and you have full quotas to play with."
"111934984012574720","","14306066","","","2011-09-08 22:52:34 +0000","<a href=""http://bud.ge"" rel=""nofollow"">Budge</a>","@jwithy Punk rock night sounds like an awesome reason to stretch a few rules. Your writing is on a streak!  Did you make it the full week?"
"111927310285946881","","","","","2011-09-08 22:22:04 +0000","<a href=""https://steps.mightybell.com"" rel=""nofollow"">Steps by Mightybell</a>","Big news. I just finished Mightybell's Become a Creator of Mightybell Experiences for $1 on Mightybell. T... http://t.co/WJDWMYg #mightybell","http://mg.ht/3e69e4"
"111917261853433856","111908061689544704","29089844","","","2011-09-08 21:42:09 +0000","<a href=""http://itunes.apple.com/us/app/twitter/id409789998?mt=12"" rel=""nofollow"">Twitter for Mac</a>","@timfalls Nicely done! I think there's a lot that can be done in this general direction. Love the [whenever] tag... /cc @galenward"
"111851580944420864","111851318116753408","15265271","","","2011-09-08 17:21:09 +0000","<a href=""http://itunes.apple.com/us/app/twitter/id409789998?mt=12"" rel=""nofollow"">Twitter for Mac</a>","@folktrash @nickcrocker Are you sure? How about this link: http://t.co/nukegme","https://www.youtube.com/watch?v=kgI0Xyepzik&feature=player_embedded"
"111850979539955712","","","","","2011-09-08 17:18:46 +0000","<a href=""http://itunes.apple.com/us/app/twitter/id409789998?mt=12"" rel=""nofollow"">Twitter for Mac</a>","Absolutely LOVE everything about this Ted Talk by @nickcrocker that asks, ""How do you change yourself?"" http://t.co/iAgTJ9W","https://www.youtube.com/watch?v=kgI0Xyepzik"
"111812310426857472","111806747328516096","7362142","","","2011-09-08 14:45:06 +0000","<a href=""http://twitter.com/download/iphone"" rel=""nofollow"">Twitter for iPhone</a>","@kellianne Whoops! No need to worry! I was just testing an app and that message was auto-generated. I'm very happy."
"111726919489298432","","","","","2011-09-08 09:05:48 +0000","<a href=""http://www.peer-pressure.com"" rel=""nofollow"">PeerPressure</a>","busterbenson did not make any progress on the goal ""Be happier"". Send a cheerful note of encouragement. Details: http://t.co/4huY72Q","http://goal.cx/5434"
"111645502935810048","","","","","2011-09-08 03:42:16 +0000","<a href=""http://flickr.com/services/twitter/"" rel=""nofollow"">Flickr</a>","8:36pm Walking by this magical miracle, thinking about work stuff http://t.co/SE5fklT","http://flic.kr/p/akizqv"
"111638141865181184","111637471145623552","761628","","","2011-09-08 03:13:01 +0000","<a href=""http://twitter.com/download/iphone"" rel=""nofollow"">Twitter for iPhone</a>","@RickWebb Woo indeed! Your road trip has been epic. So fun to watch!"
"111636920727117826","111636569890357248","761628","","","2011-09-08 03:08:10 +0000","<a href=""http://twitter.com/download/iphone"" rel=""nofollow"">Twitter for iPhone</a>","@RickWebb We'll be here!"
"111636317787525120","111635825254608897","761628","","","2011-09-08 03:05:46 +0000","<a href=""http://twitter.com/download/iphone"" rel=""nofollow"">Twitter for iPhone</a>","@RickWebb Okay now *that* would be awesome. PS. When will you be in Seattle?"
"111550199570247680","","287508962","","","2011-09-07 21:23:34 +0000","<a href=""http://beta.getbudged.com"" rel=""nofollow"">Budge Beta</a>","@busterbudge Check out this blog post: http://t.co/UxwuuoC","http://beta.getbudged.com/n/eu"
"111482154470477824","","","111467542165454848","4711","2011-09-07 16:53:11 +0000","<a href=""http://itunes.apple.com/us/app/twitter/id409789998?mt=12"" rel=""nofollow"">Twitter for Mac</a>","RT @sippey: ""There's this idea that it's all natural, but everything's been staged to look natural."" http://t.co/4Gqc8YK #evenifitsfakei ...","http://gothamist.com/2011/09/07/just_in_time_for_halloween_lady_gag.php"
"111468872086982656","111468500295491586","205398097","","","2011-09-07 16:00:24 +0000","<a href=""http://itunes.apple.com/us/app/twitter/id409789998?mt=12"" rel=""nofollow"">Twitter for Mac</a>","@Allija95 That's great news! 2 points is no biggie. If you ever need healing, just post a plea for fruit on the Game Wall and let me know."
"111467355476992002","","","","","2011-09-07 15:54:23 +0000","<a href=""http://itunes.apple.com/us/app/twitter/id409789998?mt=12"" rel=""nofollow"">Twitter for Mac</a>","Woah, guys! A version of the US Constitution with like buttons: http://t.co/HZnBSwA Yes!","http://thelikeableconstitution.com"
"111462599480184832","","","","","2011-09-07 15:35:29 +0000","<a href=""http://www.quora.com/"" rel=""nofollow"">Quora</a>","Great post on @Quora from @jensmccabe: Should you do a ""hard"" press launch or a ""soft"" press launch? http://qr.ae/7AGGR"
"111449322146643968","111448253962260480","15391002","","","2011-09-07 14:42:43 +0000","<a href=""http://twitter.com/download/iphone"" rel=""nofollow"">Twitter for iPhone</a>","@askotzko I do like Bree! PS congrats on all the success chill.com is having! That came outta nowhere. :)"
"111447929453154304","111447259413102592","15391002","","","2011-09-07 14:37:11 +0000","<a href=""http://twitter.com/download/iphone"" rel=""nofollow"">Twitter for iPhone</a>","@askotzko There are a couple. Which one are you referring to? Bree? Prater Web?"
"111424291505049600","","205398097","","","2011-09-07 13:03:15 +0000","<a href=""http://bud.ge"" rel=""nofollow"">Budge</a>","@Allija95 How's your energy level this morning?  Still need a bit more of a break from Health Month? Just say the word... we're flexible!"
"111301446414245888","","","","","2011-09-07 04:55:07 +0000","<a href=""http://flickr.com/services/twitter/"" rel=""nofollow"">Flickr</a>","8:36pm A friend for life (not pictured here due to drinking all the tea in the world) http://t.co/6blmcth","http://flic.kr/p/ak2gdt"
"111191815016808449","","","","","2011-09-06 21:39:29 +0000","<a href=""http://itunes.apple.com/us/app/twitter/id409789998?mt=12"" rel=""nofollow"">Twitter for Mac</a>","Nice exploration of what the right mix of ext. vs int. focus an early stage startup should have, from @jensmccabe: http://t.co/EgMDtKW","http://blog.habitlabs.com/post/9882029284/what-the-health-is-happening-part-ii-how-not-to-waste"
"111189886186434560","","14306066","","","2011-09-06 21:31:49 +0000","<a href=""http://bud.ge"" rel=""nofollow"">Budge</a>","@jwithy I see that you have exceeded your alcohol limit for the week. Did you do something fun for Labor Day weekend? Definitely excusable."
"111189044939071488","","14306066","","","2011-09-06 21:28:28 +0000","<a href=""http://bud.ge"" rel=""nofollow"">Budge</a>","@jwithy Ah, allure of internet surfing. Do you have less temptation to do this at other times of day? What happens when you write at night?"
"111101645789732864","111093552590766080","205398097","","","2011-09-06 15:41:11 +0000","<a href=""http://twitter.com/download/iphone"" rel=""nofollow"">Twitter for iPhone</a>","@Allija95 Maybe ignore all but 1 or 2 rules that you think are important?"
"111101385231175680","111093552590766080","205398097","","","2011-09-06 15:40:09 +0000","<a href=""http://twitter.com/download/iphone"" rel=""nofollow"">Twitter for iPhone</a>","@Allija95 You do have a lot of rules! Take a break! Life points are just there to help... nothing bad happens if you lose them."
"111057353985626112","111056009535029249","48203749","","","2011-09-06 12:45:11 +0000","<a href=""http://twitter.com/download/iphone"" rel=""nofollow"">Twitter for iPhone</a>","@alfiekohn Do you have a link to that study? Would love to read it!"
"110954964351852544","","","","","2011-09-06 05:58:19 +0000","<a href=""http://twitter.com/download/iphone"" rel=""nofollow"">Twitter for iPhone</a>","The world turns as new rising powers destroy old struggling powers. Pick your side accordingly."
"110942659639640064","","","","","2011-09-06 05:09:25 +0000","<a href=""http://twitter.com/download/iphone"" rel=""nofollow"">Twitter for iPhone</a>","I am 100% on @TechCrunch's side on this. Well said, @parislemon: It's Not A Mirror, It's A Crystal Ball http://t.co/t1q5y5i","http://bit.ly/pQnckK"
"110938195646095361","","","","","2011-09-06 04:51:41 +0000","<a href=""http://flickr.com/services/twitter/"" rel=""nofollow"">Flickr</a>","8:36pm We are one tired family. In bed before 10pm! http://t.co/rK3gbbQ","http://flic.kr/p/ajKrvA"
"110919782949330944","110918943727824896","103258230","","","2011-09-06 03:38:31 +0000","<a href=""http://itunes.apple.com/us/app/twitter/id409789998?mt=12"" rel=""nofollow"">Twitter for Mac</a>","@QP_Present Try again. Should be doing a bit better now."
"110888313430343680","","","","","2011-09-06 01:33:28 +0000","<a href=""http://flickr.com/services/twitter/"" rel=""nofollow"">Flickr</a>","He has 3 yoga moves. This is mostly just 1 but almost got upward facing dog http://t.co/EP1F3tN","http://flic.kr/p/ajGpN9"
"110814509823823872","","","","","2011-09-05 20:40:12 +0000","<a href=""http://flickr.com/services/twitter/"" rel=""nofollow"">Flickr</a>","Niko's new shrug http://t.co/8CfafVI","http://flic.kr/p/ajBiGq"
"110778338112581632","","14306066","","","2011-09-05 18:16:28 +0000","<a href=""http://bud.ge"" rel=""nofollow"">Budge</a>","@jwithy Happy Labor Day! A great day to mull the fruits of labor. What makes work and career meaningful for you?"
"110777637810614273","","205398097","","","2011-09-05 18:13:41 +0000","<a href=""http://bud.ge"" rel=""nofollow"">Budge</a>","@Allija95 You are doing so well! Keep up the good work and let me know if you need any extra encouragement with your rules today."
"110776694390001664","110776521840533504","7777252","","","2011-09-05 18:09:56 +0000","<a href=""http://itunes.apple.com/us/app/twitter/id409789998?mt=12"" rel=""nofollow"">Twitter for Mac</a>","@xenocid Just renting. I own a condo that I can't sell right now, so are looking to rent for a while..."
"110746865590468608","110740745727643648","2029651","","","2011-09-05 16:11:24 +0000","<a href=""http://itunes.apple.com/us/app/twitter/id409789998?mt=12"" rel=""nofollow"">Twitter for Mac</a>","@bostonsteamer 20th and Columbia!"
"110558384620699648","","","","","2011-09-05 03:42:27 +0000","<a href=""http://flickr.com/services/twitter/"" rel=""nofollow"">Flickr</a>","8:36pm Just got Niko to sleep. Here's a drawing of our new place's floorplan http://t.co/9TM2s7Z","http://flic.kr/p/ajjxu2"
"110432617429606400","110431516487729152","9525212","","","2011-09-04 19:22:42 +0000","<a href=""http://itunes.apple.com/us/app/twitter/id409789998?mt=12"" rel=""nofollow"">Twitter for Mac</a>","@dandean It's a $300 futon from Shigo Imports in the U District. They deliver! It was one of my fave stores in college."
"110430647419551744","110430461137924097","10015122","","","2011-09-04 19:14:52 +0000","<a href=""http://itunes.apple.com/us/app/twitter/id409789998?mt=12"" rel=""nofollow"">Twitter for Mac</a>","@andypixel October! We'll be 2 blocks from you guys! /cc @ingopixel @kellianne"
"110430233198460928","110429565976981506","14095370","","","2011-09-04 19:13:13 +0000","<a href=""http://itunes.apple.com/us/app/twitter/id409789998?mt=12"" rel=""nofollow"">Twitter for Mac</a>","@OffbeatAriel Yeah, it's pretty rad! Lots of awesome little details. Just need to install a fence in backyard? which will require research!"
"110427895578624000","","","","","2011-09-04 19:03:56 +0000","<a href=""http://itunes.apple.com/us/app/twitter/id409789998?mt=12"" rel=""nofollow"">Twitter for Mac</a>","We're moving to 20th and Columbia in October! Found a great house! http://t.co/Nl6wA1z (fun fact: owner used to be a McLeod member!)","http://seattle.craigslist.org/see/apa/2572481776.html"
"110425171642417152","110413044479311872","14095370","","","2011-09-04 18:53:07 +0000","<a href=""http://itunes.apple.com/us/app/twitter/id409789998?mt=12"" rel=""nofollow"">Twitter for Mac</a>","@OffbeatAriel Here's the listing, it's pretty amazing: http://t.co/Nl6wA1z /cc @kellianne","http://seattle.craigslist.org/see/apa/2572481776.html"
"110412640794324992","","14306066","","","2011-09-04 18:03:19 +0000","<a href=""http://bud.ge"" rel=""nofollow"">Budge</a>","@jwithy Writing a few pages in the morning might be just the thing to get your brain all sorted right for the day. Give it a try?"
"110322023451983872","","205398097","","","2011-09-04 12:03:14 +0000","<a href=""http://bud.ge"" rel=""nofollow"">Budge</a>","@Allija95 Day 4 of September's Health Month coming up! You've come out of the gates strong! Any chance of getting on the bike today?"
"110195389054980097","","","","","2011-09-04 03:40:02 +0000","<a href=""http://flickr.com/services/twitter/"" rel=""nofollow"">Flickr</a>","8:36pm Samantha's birthday! http://t.co/rdi9IAp","http://flic.kr/p/aj2Pky"
"110185560697606144","","","","","2011-09-04 03:00:59 +0000","<a href=""http://twitter.com/download/iphone"" rel=""nofollow"">Twitter for iPhone</a>","Being sleep-deprived and in the middle of a manic productivity surge requires very delicate balancings of caffeine doses."
"110182910484692992","","14306066","","","2011-09-04 02:50:27 +0000","<a href=""http://bud.ge"" rel=""nofollow"">Budge</a>","@jwithy Congrats on finding the job so quickly! What's the next challenge for you career-wise? Ramping up quickly? Doing your best work?"
"110165947972726784","110164658484285440","780991","","","2011-09-04 01:43:03 +0000","<a href=""http://twitter.com/download/iphone"" rel=""nofollow"">Twitter for iPhone</a>","@amyjokim That's great! Congrats! Would love to see pictures when you're settled in."
"110027767680208896","","","","","2011-09-03 16:33:58 +0000","<a href=""http://instagr.am"" rel=""nofollow"">Instagram</a>","He pulled these out and put them on himself. http://t.co/WhPb5AA","http://instagr.am/p/MCfZX/"
"110022509176426496","","","110013900728176640","21515310","2011-09-03 16:13:04 +0000","<a href=""http://twitter.com/download/iphone"" rel=""nofollow"">Twitter for iPhone</a>","RT @DickTalens: In case you missed my guest post on ""How to Get Fit While Working 80-Hour Weeks On Your Startup"" http://t.co/QTOdm5a","http://www.betabeat.com/2011/09/02/founder-fifteen-fuggedaboutit-heres-how-to-get-fit-while-working-80-hour-weeks-on-your-startup/"
"110020776903720960","","","","","2011-09-03 16:06:11 +0000","<a href=""http://twitter.com/download/iphone"" rel=""nofollow"">Twitter for iPhone</a>","This is how even you can start a tech company in 6 weeks: http://t.co/KjPxxMK /via @daveschappell","http://bit.ly/qGEKiP"
"109969554343600128","109819917339078656","6133852","","","2011-09-03 12:42:39 +0000","<a href=""http://twitter.com/download/iphone"" rel=""nofollow"">Twitter for iPhone</a>","@LarryD Thank you!"
"109968235776065536","","","","","2011-09-03 12:37:25 +0000","<a href=""http://twitter.com/download/iphone"" rel=""nofollow"">Twitter for iPhone</a>","Thanks for always being inspiring, @Caterina: Make things. http://t.co/SW9ruoN","http://caterina.net/wp-archives/98"
"109944595139411968","","205398097","","","2011-09-03 11:03:28 +0000","<a href=""http://bud.ge"" rel=""nofollow"">Budge</a>","@Allija95 Since you have a lot of rules this month, it may be difficult to have a ""perfect"" day. Remember, each action is progress!"
"109944589108002816","","205398097","","","2011-09-03 11:03:27 +0000","<a href=""http://bud.ge"" rel=""nofollow"">Budge</a>","@Allija95 If you haven't gone running yet, would you be willing to make an extra effort to go running today?"
"109854362590912513","","14306066","","","2011-09-03 05:04:55 +0000","<a href=""http://bud.ge"" rel=""nofollow"">Budge</a>","@jwithy For extra points, focus part of your daily writing on ways to brainstorm significant steps towards finding new work!"
"109854078275829760","","14306066","","","2011-09-03 05:03:47 +0000","<a href=""http://bud.ge"" rel=""nofollow"">Budge</a>","@jwithy Choose something in your day to act as a trigger for writing 750words. Like, right after breakfast. Or right after getting home."
"109839571839234049","","","","","2011-09-03 04:06:09 +0000","<a href=""http://flickr.com/services/twitter/"" rel=""nofollow"">Flickr</a>","8:36pm Fell asleep while waiting for Niko to fall asleep. Now trying to wake back up. http://t.co/ihiCxPZ","http://flic.kr/p/aiKUAU"
"109838549578289152","","","109808374752874496","20542737","2011-09-03 04:02:05 +0000","<a href=""http://twitter.com/download/iphone"" rel=""nofollow"">Twitter for iPhone</a>","RT @vaughanbell: Richard 'Nudge' Thaler is just on Twitter as @r_thaler"
"109792540005376001","","","","","2011-09-03 00:59:16 +0000","<a href=""http://instagr.am"" rel=""nofollow"">Instagram</a>","Precious beach moment!  @ Golden Gardens Park http://t.co/T7gyo7X","http://instagr.am/p/L-cNs/"
"109781251346530304","","","","","2011-09-03 00:14:24 +0000","<a href=""http://foursquare.com"" rel=""nofollow"">foursquare</a>","Pretty impressive! &kb,nb:playground (@ New Pirate Playground at Golden Gardens) [pic]: http://t.co/wkkdrbC","http://4sq.com/rcfJD1"
"109715370587336705","","","","","2011-09-02 19:52:37 +0000","<a href=""http://twitter.com/download/iphone"" rel=""nofollow"">Twitter for iPhone</a>","That's awesome! Thanks! RT @aboutdotme: @busterbenson Heya! We featured your profile on about.me - check it out! http://t.co/EG7GK87","http://about.me"
"109699901469888512","","205398097","","","2011-09-02 18:51:09 +0000","<a href=""http://bud.ge"" rel=""nofollow"">Budge</a>","@Allija95 Welcome to day 2 of Health Month! So, your running rule is gonna be a tough one! What time in the morning do you want to run?"
"109672128206475264","109650249907310592","87823613","","","2011-09-02 17:00:47 +0000","<a href=""http://itunes.apple.com/us/app/twitter/id409789998?mt=12"" rel=""nofollow"">Twitter for Mac</a>","@nomorebacon Why thank you! If you want to track your inbox and you use gmail, I also released http://t.co/qO3oVSt","http://howsmyemail.com"
"109489217238859776","","","","","2011-09-02 04:53:58 +0000","<a href=""http://flickr.com/services/twitter/"" rel=""nofollow"">Flickr</a>","8:36pm Great day, now home for a great night with a great friend http://t.co/TWpagh6","http://flic.kr/p/aivzJm"
"109406597998067713","","","","","2011-09-01 23:25:40 +0000","<a href=""http://twitter.com/download/iphone"" rel=""nofollow"">Twitter for iPhone</a>","This Startup Genome stuff is fascinating. http://t.co/RUbyq9r","http://tcrn.ch/nwU9Rp"
"109392001769803776","","14306066","","","2011-09-01 22:27:40 +0000","<a href=""http://bud.ge"" rel=""nofollow"">Budge</a>","@jwithy What time of day do you want to try to do your 750 words this week? And what time is best for you to focus on career-improvement?"
"109383336006385664","109383208080125952","16366882","","","2011-09-01 21:53:14 +0000","<a href=""http://itunes.apple.com/us/app/twitter/id409789998?mt=12"" rel=""nofollow"">Twitter for Mac</a>","@octavekitten If he ""applies for sponsorship"" then you can sponsor him from his profile page, or by him giving you the link."
"109382847353192449","109381583378726912","16366882","","","2011-09-01 21:51:17 +0000","<a href=""http://itunes.apple.com/us/app/twitter/id409789998?mt=12"" rel=""nofollow"">Twitter for Mac</a>","@octavekitten Done! Welcome to the team, @deacon87!"
"109377116323319808","109316846049689600","12613922","","","2011-09-01 21:28:31 +0000","<a href=""http://itunes.apple.com/us/app/twitter/id409789998?mt=12"" rel=""nofollow"">Twitter for Mac</a>","@boptart Join our team here and I'll approve you: http://t.co/vOCUGrD /cc @octavekitten","http://healthmonth.com/teams/show/219"
"109373697055408128","","14306066","","","2011-09-01 21:14:56 +0000","<a href=""http://bud.ge"" rel=""nofollow"">Budge</a>","@jwithy Ready to rock Sept's #healthmonth as my 1st buddy system volunteer? This week, I'll remind you to report in every day, is that ok?"
"109345168389455872","","","","","2011-09-01 19:21:34 +0000","<a href=""http://twitter.com/download/iphone"" rel=""nofollow"">Twitter for iPhone</a>","I would totally do that! RT @TheCulprit: @busterbenson Nice! Betcha can't wait for the HabitLabs shrink wrap on that puppy."
"109342331727122432","","","","","2011-09-01 19:10:18 +0000","<a href=""http://flickr.com/services/twitter/"" rel=""nofollow"">Flickr</a>","Our shiny new used car! The possibilities seem endless. http://t.co/Y1LggVI","http://flic.kr/p/aioUWU"
"109298100203565056","","","109296169041145856","154236895","2011-09-01 16:14:32 +0000","<a href=""http://itunes.apple.com/us/app/twitter/id409789998?mt=12"" rel=""nofollow"">Twitter for Mac</a>","RT @healthmonth: Welcome to September 1st, everyone! Time to finalize your rules and start playing! http://t.co/KRY8PfR","http://healthmonth.com"
"109283435792699393","109280782928986112","16366882","","","2011-09-01 15:16:16 +0000","<a href=""http://twitter.com/download/iphone"" rel=""nofollow"">Twitter for iPhone</a>","@octavekitten Hell no! You're the spirit of the team! If there are any more people you want to invite, I can give you some invites."
"109280405529702401","109279652236886016","16366882","","","2011-09-01 15:04:13 +0000","<a href=""http://twitter.com/download/iphone"" rel=""nofollow"">Twitter for iPhone</a>","@octavekitten Oops you're right! Just sent it out right now!"
"109277818290061312","","","109272311009525760","128375612","2011-09-01 14:53:56 +0000","<a href=""http://twitter.com/download/iphone"" rel=""nofollow"">Twitter for iPhone</a>","RT @CMaberly: Pinch (ow!) and a punch (hey!) for the first of the month, and no returns!"
"109273695075319808","","","","","2011-09-01 14:37:33 +0000","<a href=""http://www.tumblr.com/"" rel=""nofollow"">Tumblr</a>","Image there is a bank account that credits your account with $86,400... http://t.co/cCAE4Xr","http://tumblr.com/xry4fv8ue0"
