"tweet_id","in_reply_to_status_id","in_reply_to_user_id","retweeted_status_id","retweeted_status_user_id","timestamp","source","text","expanded_urls"
"53705541721145344","53703714472599552","6822","","","2011-04-01 06:29:33 +0000","<a href=""http://twitter.com/download/iphone"" rel=""nofollow"">Twitter for iPhone</a>","@blipsandclicks What percentage of questions have definitive answers?"
"53704518726189056","53703181443665920","947851","","","2011-04-01 06:25:29 +0000","<a href=""http://twitter.com/download/iphone"" rel=""nofollow"">Twitter for iPhone</a>","@dreeves True, though we have a tangible representation of information. So it feels like we should be able to compare them."
"53703293507088384","53702963293720576","6822","","","2011-04-01 06:20:37 +0000","<a href=""http://twitter.com/download/iphone"" rel=""nofollow"">Twitter for iPhone</a>","@blipsandclicks So which has more information? :)"
"53703100594274304","53702120012124160","12514","","","2011-04-01 06:19:51 +0000","<a href=""http://twitter.com/download/iphone"" rel=""nofollow"">Twitter for iPhone</a>","@tomcoates Exactly. I wish you could count data processed in our brains as well as data sent. Which fires more neurons overall?"
"53701957096976384","","","","","2011-04-01 06:15:18 +0000","<a href=""http://twitter.com/download/iphone"" rel=""nofollow"">Twitter for iPhone</a>","Do you think a movie has more or less information than a book? Aka what's your definition of information?"
"53695028203233280","","","","","2011-04-01 05:47:46 +0000","<a href=""http://flickr.com/services/twitter/"" rel=""nofollow"">Flickr</a>","8:36pm Watching Social Network as the plane leaves the gate. Incidentally, exactly as long as SEA -&gt; SFO http://flic.kr/p/9uZNyW"
"53586186035400704","53585517979250688","16366882","","","2011-03-31 22:35:16 +0000","<a href=""http://twitter.com/download/iphone"" rel=""nofollow"">Twitter for iPhone</a>","@octavekitten Highly recommended. For a similarly titled/equally awesome book about my favorite philosopher, read The Duty of Genius."
"53584805715132416","53583775724081153","16366882","","","2011-03-31 22:29:47 +0000","<a href=""http://twitter.com/download/iphone"" rel=""nofollow"">Twitter for iPhone</a>","@octavekitten Agreed! Coolest physicist ever! Have you read Genius?"
"53554869977628672","","","53530784543412224","22162677","2011-03-31 20:30:50 +0000","<a href=""http://twitter.com/download/iphone"" rel=""nofollow"">Twitter for iPhone</a>","RT @erinchristinenp: @busterbenson - gamification preso at #w2e was not at all what I expected but so thought provoking! I'd give u an A ..."
"53539209226633216","53530784543412224","22162677","","","2011-03-31 19:28:36 +0000","<a href=""http://twitter.com/download/iphone"" rel=""nofollow"">Twitter for iPhone</a>","@erinchristinenp Thank you!"
"53508789319639041","","","","","2011-03-31 17:27:44 +0000","<a href=""http://foursquare.com"" rel=""nofollow"">foursquare</a>","My talk is at 11am in room 2009. Sneak in! (@ Web 2.0 Expo 2011 San Francisco #w2e w/ 43 others) http://4sq.com/ejFIFX"
"53501895947456513","","","","","2011-03-31 17:00:20 +0000","<a href=""http://itunes.apple.com/us/app/twitter/id409789998?mt=12"" rel=""nofollow"">Twitter for Mac</a>","Yes, I'll post my slides after the talk, or maybe even try to post the talk itself if I'm feeling ambitious."
"53498686835130368","","","","","2011-03-31 16:47:35 +0000","<a href=""http://itunes.apple.com/us/app/twitter/id409789998?mt=12"" rel=""nofollow"">Twitter for Mac</a>","In an hour, I'm going to find out if my crazy slides will actually work as a talk. The suspense! http://t.co/TWOyUN8","http://www.web2expo.com/webexsf2011/public/schedule/detail/18646"
"53351002996355072","","","","","2011-03-31 07:00:44 +0000","<a href=""http://twitter.com/download/iphone"" rel=""nofollow"">Twitter for iPhone</a>","Hi! If you're in SF you should be scheming about how to get into my talk tomorrow. It'll have zombies, pirates, ninjas, and squid."
"53334096453181440","53319314723438592","780991","","","2011-03-31 05:53:34 +0000","<a href=""http://itunes.apple.com/us/app/twitter/id409789998?mt=12"" rel=""nofollow"">Twitter for Mac</a>","@amyjokim I feel like we're all on some interlinked mission, and it's a good one. /cc @tempo"
"53333843163365376","","","53319314723438592","780991","2011-03-31 05:52:33 +0000","<a href=""http://itunes.apple.com/us/app/twitter/id409789998?mt=12"" rel=""nofollow"">Twitter for Mac</a>","RT @amyjokim: great convo over drinks with @tempo and @busterbenson, talking about progressive education and startup life"
"53333754944565249","53323656096522240","14149937","","","2011-03-31 05:52:12 +0000","<a href=""http://itunes.apple.com/us/app/twitter/id409789998?mt=12"" rel=""nofollow"">Twitter for Mac</a>","@NathanBowers Why thank you. I'm glad you like it!"
"53306020365221888","","","","","2011-03-31 04:02:00 +0000","<a href=""http://flickr.com/services/twitter/"" rel=""nofollow"">Flickr</a>","8:36pm Day In The Life being sung at karaoke, with Thor and Amy and their friends http://flic.kr/p/9uGk5V"
"53297771737923584","53256877559119872","14149937","","","2011-03-31 03:29:13 +0000","<a href=""http://twitter.com/download/iphone"" rel=""nofollow"">Twitter for iPhone</a>","@NathanBowers Thank you! That's my one pet peeve of open id... It's a bit difficult to explain up front without lots of ui."
"53229346697125888","","","","","2011-03-30 22:57:19 +0000","<a href=""http://foursquare.com"" rel=""nofollow"">foursquare</a>","Keynotes! Looking forward to seeing @amyjokim! (@ Web 2.0 Expo 2011 San Francisco #w2e w/ 70 others) http://4sq.com/go3zLs"
"53226795377491968","","","53224803909373952","809641","2011-03-30 22:47:11 +0000","<a href=""http://twitter.com/download/iphone"" rel=""nofollow"">Twitter for iPhone</a>","RT @adamloving: To turn on Google +1, go here: http://bit.ly/i5CTIl (thanks @shobe)"
"53204190805229568","","","","","2011-03-30 21:17:22 +0000","<a href=""http://foursquare.com"" rel=""nofollow"">foursquare</a>","Room 2001: creating mobile apps based on behavioral patterns and specialized platforms, aaron patzer @ mint http://4sq.com/fKx9mZ"
"53190676929720320","","","","","2011-03-30 20:23:40 +0000","<a href=""http://foursquare.com"" rel=""nofollow"">foursquare</a>","Room 2009: It's time to grow! (@ Web 2.0 Expo 2011 San Francisco #w2e w/ 59 others) http://4sq.com/hIX6RY"
"53175462733680640","","","","","2011-03-30 19:23:12 +0000","<a href=""http://foursquare.com"" rel=""nofollow"">foursquare</a>","Woohoo! (@ Fitbit) http://4sq.com/gQBmH4"
"53170957426241536","53162136104468480","356663","","","2011-03-30 19:05:18 +0000","<a href=""http://twitter.com/download/iphone"" rel=""nofollow"">Twitter for iPhone</a>","@stephenanderson Love it! Gonna go visit their offices later to finally say hi."
"53159411472019457","53157961715027968","356663","","","2011-03-30 18:19:26 +0000","<a href=""http://twitter.com/download/iphone"" rel=""nofollow"">Twitter for iPhone</a>","@stephenanderson Just got here a couple hours ago. My panel is tomorrow. We keep missing each other!"
"53156108411469825","","","","","2011-03-30 18:06:18 +0000","<a href=""http://foursquare.com"" rel=""nofollow"">foursquare</a>","Room 2006: Browser Wars! (@ Moscone West w/ 21 others) http://4sq.com/fuEEzw"
"53154486302162944","","","53133630310072320","116498184","2011-03-30 17:59:51 +0000","<a href=""http://twitter.com/download/iphone"" rel=""nofollow"">Twitter for iPhone</a>","RT @ilovecharts: Today's @Forbes post: I chat with the one and only @busterbenson, internet entrepreneur. http://bit.ly/f7ucPI"
"53154165798612993","","5041821","","","2011-03-30 17:58:35 +0000","<a href=""http://twitter.com/download/iphone"" rel=""nofollow"">Twitter for iPhone</a>","@kendramarkle Really loved your talk! Gonna be putting a lot of these ideas into practice very soon!"
"53140756667449344","53127236869566465","215032245","","","2011-03-30 17:05:18 +0000","<a href=""http://twitter.com/download/iphone"" rel=""nofollow"">Twitter for iPhone</a>","@RDStacyB Thanks! I'm glad you liked it! How did you stumble upon it, if I may ask?"
"53139587014459392","","","","","2011-03-30 17:00:39 +0000","<a href=""http://foursquare.com"" rel=""nofollow"">foursquare</a>","Room 2001: Mobile Persuasion! (@ Moscone West w/ 11 others) http://4sq.com/gZGt56"
"53128367536476160","","","","","2011-03-30 16:16:04 +0000","<a href=""http://twitter.com/download/iphone"" rel=""nofollow"">Twitter for iPhone</a>","What are the incentives for the people/games/business to offer YOU incentives? Free insight into their minds."
"53067346230784000","51508528359288832","5814","","","2011-03-30 12:13:35 +0000","<a href=""http://twitter.com/download/iphone"" rel=""nofollow"">Twitter for iPhone</a>","@tempo @amyjokim Had my days wrong. I'll be there today and tomorrow. Is dinner still on? If so I'm 100% in!"
"53064256203132928","53061375299293184","14435477","","","2011-03-30 12:01:19 +0000","<a href=""http://twitter.com/download/iphone"" rel=""nofollow"">Twitter for iPhone</a>","@dingstweets I'm giving my first gamification talk tomorrow... would love to compare notes with your keynote beforehand. Is anything posted?"
"52938998280224768","","","","","2011-03-30 03:43:35 +0000","<a href=""http://flickr.com/services/twitter/"" rel=""nofollow"">Flickr</a>","8:36pm Walking to buy some wine to go with dinner. http://flic.kr/p/9uuWYA"
"52906985275928576","52901590524362752","7792362","","","2011-03-30 01:36:22 +0000","<a href=""http://twitter.com/download/iphone"" rel=""nofollow"">Twitter for iPhone</a>","@chashmish Maybe! Any in particular that you're interested in?"
"52900230806503424","52892723555995649","9774972","","","2011-03-30 01:09:32 +0000","<a href=""http://twitter.com/download/iphone"" rel=""nofollow"">Twitter for iPhone</a>","@pamarama Not weird... rather awesome! :) Good luck!"
"52879674715549696","","","","","2011-03-29 23:47:51 +0000","<a href=""http://itunes.apple.com/us/app/twitter/id409789998?mt=12"" rel=""nofollow"">Twitter for Mac</a>","?Creativity is a renewable resource.? - @ev http://t.co/1lgJi1t

Good luck on the next thing. Third time's a charm, right?","http://evhead.com/2011/03/obvious-next-step.html"
"52870634149130240","52870411658084352","12583982","","","2011-03-29 23:11:56 +0000","<a href=""http://itunes.apple.com/us/app/twitter/id409789998?mt=12"" rel=""nofollow"">Twitter for Mac</a>","@webology Yes, get one! Helps to have other people using them at the same time."
"52868550750248960","","","","","2011-03-29 23:03:39 +0000","<a href=""http://www.fitbit.com"" rel=""nofollow"">Fitbit</a>","My avg. daily fitbit #fitstats for last week: 6,395 steps and 3.1 miles traveled. http://www.fitbit.com/user/229KX2"
"52856607096320001","52856270037856257","798542","","","2011-03-29 22:16:11 +0000","<a href=""http://itunes.apple.com/us/app/twitter/id409789998?mt=12"" rel=""nofollow"">Twitter for Mac</a>","@helenjane @gwenbell It may have been more than ""a"" box of wine by the looks of that picture! :)"
"52854214912778240","52853891167039489","798542","","","2011-03-29 22:06:41 +0000","<a href=""http://itunes.apple.com/us/app/twitter/id409789998?mt=12"" rel=""nofollow"">Twitter for Mac</a>","@helenjane ... said the queen optimistress-izer /cc @gwenbell"
"52849853386076160","","","","","2011-03-29 21:49:21 +0000","<a href=""http://itunes.apple.com/us/app/twitter/id409789998?mt=12"" rel=""nofollow"">Twitter for Mac</a>","@gwenbell Thanks, Gwen. We optimists have to stick together, don't we. ;)"
"52848327389220864","52839281433120768","681813","","","2011-03-29 21:43:17 +0000","<a href=""http://itunes.apple.com/us/app/twitter/id409789998?mt=12"" rel=""nofollow"">Twitter for Mac</a>","@avantgame Well said. Just remember that your optimism is as contagious as her pessimism. May the stronger voice (yours) win."
"52805701277454336","","","52805630062362624","154236895","2011-03-29 18:53:54 +0000","<a href=""http://itunes.apple.com/us/app/twitter/id409789998?mt=12"" rel=""nofollow"">Twitter for Mac</a>","RT @healthmonth: Announcement! We now pull in your Fitbit data if you have a walking rule. Add it for April's game now! http://t.co/0ndIGY2","http://healthmonth.tumblr.com/post/4188626014/health-month-hearts-fitbit"
"52803252705701888","52802833241735169","13134132","","","2011-03-29 18:44:11 +0000","<a href=""http://itunes.apple.com/us/app/twitter/id409789998?mt=12"" rel=""nofollow"">Twitter for Mac</a>","@bahoo Ha, I was just looking into a spike of new users, wondering where they were coming from! What did they say?"
"52801660908605440","52777717434814464","9870952","","","2011-03-29 18:37:51 +0000","<a href=""http://itunes.apple.com/us/app/twitter/id409789998?mt=12"" rel=""nofollow"">Twitter for Mac</a>","@tobyjoe I would, but I can't figure out how to invite people... maybe I don't have any invites yet."
"52778704753016832","52777774603182081","1054551","","","2011-03-29 17:06:38 +0000","<a href=""http://twitter.com/download/iphone"" rel=""nofollow"">Twitter for iPhone</a>","@tikkers That's awesome! Thanks @alicetiara. Would love to hear more about the talk!"
"52763908192219137","","","","","2011-03-29 16:07:50 +0000","<a href=""http://twitter.com/download/iphone"" rel=""nofollow"">Twitter for iPhone</a>","Quick appreciation of @yo_stellar's potential to fave-follow someone. Only get their best hits! Higher signal-to-noise followship."
"52756996943908864","52725180514058240","2015","","","2011-03-29 15:40:22 +0000","<a href=""http://twitter.com/download/iphone"" rel=""nofollow"">Twitter for iPhone</a>","@joshc I would say it's not truly useful until it can hold all our music for really cheap. This is the first step."
"52752939630067713","","","","","2011-03-29 15:24:15 +0000","<a href=""http://twitter.com/download/iphone"" rel=""nofollow"">Twitter for iPhone</a>","Got my @yo_stellar invite. LOVING it so far! Thanks @tangentialism and everyone who offered!"
"52750358132432896","52749953109467136","774842","","","2011-03-29 15:14:00 +0000","<a href=""http://twitter.com/download/iphone"" rel=""nofollow"">Twitter for iPhone</a>","@djacobs I think one's already on the way. But curious about the email thread! What was it about?"
"52747734486220802","","","","","2011-03-29 15:03:34 +0000","<a href=""http://twitter.com/download/iphone"" rel=""nofollow"">Twitter for iPhone</a>","Can't wait to try @yo_stellar! Anyone have an invite? http://t.co/EXo0zAY /cc @arainert","http://www.fastcodesign.com/1663500/with-apps-first-impressions-are-king-heres-3-keys-to-getting-them-right"
"52659939491065856","","","","","2011-03-29 09:14:42 +0000","<a href=""http://twitter.com/download/iphone"" rel=""nofollow"">Twitter for iPhone</a>","Well played, 'zon. RT @mashable: Amazon Cloud Player: First Impressions - http://t.co/V4vYCbK","http://on.mash.to/gsxTYN"
"52657937826594816","","","","","2011-03-29 09:06:45 +0000","<a href=""http://twitter.com/download/iphone"" rel=""nofollow"">Twitter for iPhone</a>","He has a very creepy fake smile. @BillNguyen explains why we love/hate @color now, but may all be using it someday http://t.co/5IpYOQf","http://bloom.bg/go22DU"
"52655108831449090","52617455838826497","11660732","","","2011-03-29 08:55:30 +0000","<a href=""http://twitter.com/download/iphone"" rel=""nofollow"">Twitter for iPhone</a>","@OrinRezwana Ha, I refrained from my second trilogy shortly afterwards. Thanks for the encouragement!"
"52605586059169792","","","","","2011-03-29 05:38:43 +0000","<a href=""http://twitter.com/download/iphone"" rel=""nofollow"">Twitter for iPhone</a>","#thusendsmytrilogyofdeeptweets"
"52605377409335296","","","","","2011-03-29 05:37:53 +0000","<a href=""http://twitter.com/download/iphone"" rel=""nofollow"">Twitter for iPhone</a>","Loss of privacy without decentralization of power = abuse. Together = cooperation. Convivial technology moves it all forward in jerky steps."
"52603502358315008","","","","","2011-03-29 05:30:26 +0000","<a href=""http://twitter.com/download/iphone"" rel=""nofollow"">Twitter for iPhone</a>","Decentralization of power requires a network, cooperation, transparency, and reputation. Privacy, not so much."
"52600896114270208","","","","","2011-03-29 05:20:05 +0000","<a href=""http://twitter.com/download/iphone"" rel=""nofollow"">Twitter for iPhone</a>","Decentralization is, somewhat unintuitively, an increase of order in the system. Equality is an increase in order too."
"52586673262956544","","","","","2011-03-29 04:23:34 +0000","<a href=""http://flickr.com/services/twitter/"" rel=""nofollow"">Flickr</a>","8:36pm Headed to Vito's with paper and pen for some more brainstorming http://flic.kr/p/9uc8ra"
"52564141130526720","52562476847472642","5362","","","2011-03-29 02:54:02 +0000","<a href=""http://itunes.apple.com/us/app/twitter/id409789998?mt=12"" rel=""nofollow"">Twitter for Mac</a>","@britt Ooh, I get it now. Yes, could be a slightly more paranoid and scheming scenario. :)"
"52560027164217344","52558980446298113","15265271","","","2011-03-29 02:37:41 +0000","<a href=""http://twitter.com/download/iphone"" rel=""nofollow"">Twitter for iPhone</a>","@folktrash No... am I missing something?"
"52552566415949824","52548355909365760","10959642","","","2011-03-29 02:08:02 +0000","<a href=""http://itunes.apple.com/us/app/twitter/id409789998?mt=12"" rel=""nofollow"">Twitter for Mac</a>","@tara If there was a helpful way of measuring objectives without losing site of the true goal, believe me, I would be doing it. /cc @ginab"
"52545219824062464","52544503545999360","72403","","","2011-03-29 01:38:51 +0000","web","@ginab Yes, true for many things, but I find that my real ""work"" is mostly unmeasurable, creative, and long-term. Fruit isn't everything."
"52544294774509569","52539949962117120","5901702","","","2011-03-29 01:35:10 +0000","<a href=""http://itunes.apple.com/us/app/twitter/id409789998?mt=12"" rel=""nofollow"">Twitter for Mac</a>","@mikekarnj Nice video! Have you worked with thecultivatedword.com before?"
"52541971465633792","52540109907697665","72403","","","2011-03-29 01:25:56 +0000","<a href=""http://itunes.apple.com/us/app/twitter/id409789998?mt=12"" rel=""nofollow"">Twitter for Mac</a>","@ginab The idea seems great, but two problems. 1) How do you measure effectiveness? 2) Rewarding intrinsic motivation can backfire."
"52501712514187264","52500323687858176","5017","","","2011-03-28 22:45:58 +0000","<a href=""http://itunes.apple.com/us/app/twitter/id409789998?mt=12"" rel=""nofollow"">Twitter for Mac</a>","@joshu Have you considered pivoting to band names?"
"52497690155683840","52496136438677504","5362","","","2011-03-28 22:29:59 +0000","<a href=""http://itunes.apple.com/us/app/twitter/id409789998?mt=12"" rel=""nofollow"">Twitter for Mac</a>","@britt I assume they would be consistent with one another. The voting record should be public, and current vote is also public for future."
"52459857013514240","","","","","2011-03-28 19:59:39 +0000","<a href=""http://itunes.apple.com/us/app/twitter/id409789998?mt=12"" rel=""nofollow"">Twitter for Mac</a>","Another twist on Prisoner's Dilemma: what if you knew someone's voting reputation prior to being questioned? Social networks =&gt; cooperation."
"52458242013536256","","","","","2011-03-28 19:53:14 +0000","<a href=""http://itunes.apple.com/us/app/twitter/id409789998?mt=12"" rel=""nofollow"">Twitter for Mac</a>","Why isn't there an option to admit guilt and take the hit in the Prisoner's Dilemma? When reputation is involved, incentives appear."
"52435157516431360","52434941950173184","10959642","","","2011-03-28 18:21:30 +0000","<a href=""http://itunes.apple.com/us/app/twitter/id409789998?mt=12"" rel=""nofollow"">Twitter for Mac</a>","@tara Not sure what coles notes are but yes, probably. Just the notes left by users, and highlighted snippets, rather than the full text."
"52434620297383936","","","","","2011-03-28 18:19:22 +0000","<a href=""http://itunes.apple.com/us/app/twitter/id409789998?mt=12"" rel=""nofollow"">Twitter for Mac</a>","Another idea for Kindle! Buy only the crowdsourced popular highlights and notes so you can skim a book that you don't have time to read."
"52427093958602752","52425167342813184","5814","","","2011-03-28 17:49:27 +0000","<a href=""http://itunes.apple.com/us/app/twitter/id409789998?mt=12"" rel=""nofollow"">Twitter for Mac</a>","@tempo We're planning to crash his office at Harvard. Yes, I sure do owe you an intro! Maybe this Thursday at @w2e? /cc @jensmccabe"
"52424649555972097","52419472019030016","5814","","","2011-03-28 17:39:45 +0000","<a href=""http://itunes.apple.com/us/app/twitter/id409789998?mt=12"" rel=""nofollow"">Twitter for Mac</a>","@tempo, @jensmccabe and I have been stalking him all weekend looking for exact mathematical models, like here: B/C&gt;K. http://t.co/8T1GgCM","http://www.nytimes.com/2007/07/31/science/31prof.html?_r=1&pagewanted=all"
"52419392780247042","","","","","2011-03-28 17:18:51 +0000","<a href=""http://itunes.apple.com/us/app/twitter/id409789998?mt=12"" rel=""nofollow"">Twitter for Mac</a>","A description of the massive cooperative game @tempo and I did at our #sxsw panel a couple weeks ago: http://t.co/3HHZV4e (w/ video!)","http://thormuller.com/2011/03/running-a-sxsw-session-as-a-cooperative-game/"
"52418421782089728","52410566957998081","226372284","","","2011-03-28 17:15:00 +0000","<a href=""http://itunes.apple.com/us/app/twitter/id409789998?mt=12"" rel=""nofollow"">Twitter for Mac</a>","@LLSocial You're welcome! Thanks for writing it up... it's still a relatively unknown little service."
"52287734047449089","","","","","2011-03-28 08:35:41 +0000","<a href=""http://itunes.apple.com/us/app/twitter/id409789998?mt=12"" rel=""nofollow"">Twitter for Mac</a>","We should all stop blogging/tweeting/etc and instead do video keynote presentations like this: http://t.co/TV8Qxqn Way cool.","http://a.wholelottanothing.org/2011/03/apple-keynote-feature-request-easy-recording-of-your-talks.html"
"52241124496117760","","","52240798980382720","20","2011-03-28 05:30:29 +0000","<a href=""http://itunes.apple.com/us/app/twitter/id409789998?mt=12"" rel=""nofollow"">Twitter for Mac</a>","RT @ev: Is the Internet inevitable? http://t.co/Xgmhj1p","http://pulsene.ws/17PAD"
"52235015177781248","52234815784759296","780991","","","2011-03-28 05:06:12 +0000","<a href=""http://itunes.apple.com/us/app/twitter/id409789998?mt=12"" rel=""nofollow"">Twitter for Mac</a>","@amyjokim That would be GREAT! I'll let you know more about our plans as the date nears."
"52225184354140160","52222532576755712","780991","","","2011-03-28 04:27:08 +0000","<a href=""http://itunes.apple.com/us/app/twitter/id409789998?mt=12"" rel=""nofollow"">Twitter for Mac</a>","@amyjokim I certainly will! Wish he could come to SF with me this week. We'll be there first week of May though..."
"52214024959561728","","","","","2011-03-28 03:42:48 +0000","<a href=""http://flickr.com/services/twitter/"" rel=""nofollow"">Flickr</a>","8:36pm Niko started waving at birds, cars, the computer today. But not on command here. http://flic.kr/p/9tWbCo"
"52065970801483776","52045139304132608","782757","","","2011-03-27 17:54:29 +0000","<a href=""http://itunes.apple.com/us/app/twitter/id409789998?mt=12"" rel=""nofollow"">Twitter for Mac</a>","@Elinesca Thank you! I hadn't seen that review before. Love it."
"52065137007398912","","","","","2011-03-27 17:51:10 +0000","<a href=""http://itunes.apple.com/us/app/twitter/id409789998?mt=12"" rel=""nofollow"">Twitter for Mac</a>","750words.com is FAST now and ready for more people to start using it again. Read this nice review to get an idea: http://t.co/WEs7Cmo","http://vickyteinaki.com/blog/my-love-affair-750wordscom"
"51904361755979776","51904083778473984","12514","","","2011-03-27 07:12:18 +0000","<a href=""http://twitter.com/download/iphone"" rel=""nofollow"">Twitter for iPhone</a>","@tomcoates Anything is possible for me on Tuesday!"
"51903787551555584","51902865186361344","12514","","","2011-03-27 07:10:01 +0000","<a href=""http://twitter.com/download/iphone"" rel=""nofollow"">Twitter for iPhone</a>","@tomcoates Awesome! How about happy hour Tuesday, post-panel?"
"51895788938338304","51894831181594624","12514","","","2011-03-27 06:38:14 +0000","<a href=""http://itunes.apple.com/us/app/twitter/id409789998?mt=12"" rel=""nofollow"">Twitter for Mac</a>","@tomcoates Or in the evening after 9pm sans baby. :)"
"51895595845160960","51894831181594624","12514","","","2011-03-27 06:37:28 +0000","<a href=""http://itunes.apple.com/us/app/twitter/id409789998?mt=12"" rel=""nofollow"">Twitter for Mac</a>","@tomcoates I do have free time, though a 10mo-old strapped to me these next two days. Could meet somewhere near the conference tomorrow..."
"51894518290718720","51893021976956928","12514","","","2011-03-27 06:33:11 +0000","<a href=""http://itunes.apple.com/us/app/twitter/id409789998?mt=12"" rel=""nofollow"">Twitter for Mac</a>","@tomcoates You're in Seattle! Gonna have any spare time while you're here? Need any recs?"
"51862999568363521","","","51860984532447232","2384071","2011-03-27 04:27:57 +0000","<a href=""http://itunes.apple.com/us/app/twitter/id409789998?mt=12"" rel=""nofollow"">Twitter for Mac</a>","RT @timoreilly: Not my usual twitter fare, but worth sharing: Mark Bittman's 101 incredibly easy summer recipes http://nyti.ms/gQLP9H"
"51851776546193408","","","","","2011-03-27 03:43:21 +0000","<a href=""http://flickr.com/services/twitter/"" rel=""nofollow"">Flickr</a>","8:36pm A bit exhausted after a productive thinking day. Sopor keeps me company while I rally for dinner. http://flic.kr/p/9tygtD"
"51826447593111552","","","","","2011-03-27 02:02:42 +0000","<a href=""http://flickr.com/services/twitter/"" rel=""nofollow"">Flickr</a>","#Gamification is a convivial technology (slide #38 in my deck-in-progress) http://flic.kr/p/9tA7j7"
"51822003522506752","51821903622578176","1032241","","","2011-03-27 01:45:03 +0000","<a href=""http://itunes.apple.com/us/app/twitter/id409789998?mt=12"" rel=""nofollow"">Twitter for Mac</a>","@trappermarkelz Glad I could help. It's a great blog post for sure, and I reference it often."
"51821543159906304","51820997812305920","1032241","","","2011-03-27 01:43:13 +0000","<a href=""http://itunes.apple.com/us/app/twitter/id409789998?mt=12"" rel=""nofollow"">Twitter for Mac</a>","@trappermarkelz Was it this one? http://t.co/YM8TVQ4","http://www.google.com/url?sa=t&source=web&cd=1&ved=0CBcQFjAA&url=http%3A%2F%2Fthefuturewell.com%2F2011%2F02%2F02%2Fmost-health-solutions-arent-medical-theyre-social%2F&rct=j&q=future%20well%20the%20future%20of%20medical%20is%20social&ei=45WOTc2jJdLpgAfSxtDADQ&usg=AFQjCNGYQsUCsSot9Y2mwToa0_5ltT5ECw&sig2=HWYq-t4L21jjtOlcMdopPw&cad=rja"
"51783549535260672","","","","","2011-03-26 23:12:14 +0000","<a href=""http://itunes.apple.com/us/app/twitter/id409789998?mt=12"" rel=""nofollow"">Twitter for Mac</a>","I love that they threw a fake launch party and used @color at it. The #colorxx timeline: http://t.co/t4LkK19","http://sfy.co/3Ua"
"51765191586746368","","","","","2011-03-26 21:59:18 +0000","<a href=""http://timely.is"" rel=""nofollow"">Timely by Demandforce</a>","Working on the diff ways to ""win"" a game for my panel (http://bit.ly/i5ktuI) & think tranquility is of my faves. See: http://bit.ly/g4JXGd"
"51687558463225856","","","51682469694554112","1293","2011-03-26 16:50:48 +0000","<a href=""http://itunes.apple.com/us/app/twitter/id409789998?mt=12"" rel=""nofollow"">Twitter for Mac</a>","RT @brianoberkirch: Morning after app.  (via @waxpancake) http://lastnightapp.com/"
"51653838050045952","51628634775101441","782757","","","2011-03-26 14:36:49 +0000","<a href=""http://twitter.com/download/iphone"" rel=""nofollow"">Twitter for iPhone</a>","@Elinesca Thank you! How did you find it?"
"51534844353716224","51508528359288832","5814","","","2011-03-26 06:43:59 +0000","<a href=""http://twitter.com/#!/download/ipad"" rel=""nofollow"">Twitter for iPad</a>","@tempo @amyjokim I don't get there til Thurs morning but would love to see either of you any chance I can get!"
"51496273357971456","","","","","2011-03-26 04:10:42 +0000","<a href=""http://flickr.com/services/twitter/"" rel=""nofollow"">Flickr</a>","8:36pm Last minute baby-sitting means I get to go to book club (1 person finished Midnight's Children) http://flic.kr/p/9tmAUL"
"51459594488254466","","","","","2011-03-26 01:44:58 +0000","<a href=""http://www.google.com/"" rel=""nofollow"">Google</a>","I favorited a YouTube video -- ????tsunami japan ????? http://youtu.be/Ct9GEaWAmJg?a"
"51408785473933312","51400792032284673","153855396","","","2011-03-25 22:23:04 +0000","<a href=""http://twitter.com/download/iphone"" rel=""nofollow"">Twitter for iPhone</a>","@EGBreder Thank you!"
"51391195615739904","","","","","2011-03-25 21:13:10 +0000","<a href=""http://timely.is"" rel=""nofollow"">Timely by Demandforce</a>","Want to do the Ze Frank Weekly Question Challenge with me? http://bit.ly/dIr1GY /cc @thinkupapp for helping me out"
"51383180346916865","","","","","2011-03-25 20:41:19 +0000","<a href=""http://twitter.com/download/iphone"" rel=""nofollow"">Twitter for iPhone</a>","Congrats Noah! You and your mom truly deserve it. RT @AppSumo: @AppSumo Raises Huge Angel Round, http://t.co/iSBZkWY -- Please RT","http://bit.ly/hZzu7W"
"51354487603994624","","","","","2011-03-25 18:47:18 +0000","<a href=""http://timely.is"" rel=""nofollow"">Timely by Demandforce</a>","Who's going to @w2e next week? My panel next Fri will move the #gamification conversation forward by 1 big idea http://bit.ly/i5ktuI"
"51341329401253888","","","","","2011-03-25 17:55:01 +0000","<a href=""http://itunes.apple.com/us/app/twitter/id409789998?mt=12"" rel=""nofollow"">Twitter for Mac</a>","I'm user 1,880 on linkedin.com yet have never used it to make a connection. I keep wanting to, tho... maybe this year? http://t.co/QwgB1NG","http://www.linkedin.com/profile/view?id=1880"
"51340104437997569","51339813261021184","780991","","","2011-03-25 17:50:09 +0000","<a href=""http://itunes.apple.com/us/app/twitter/id409789998?mt=12"" rel=""nofollow"">Twitter for Mac</a>","@amyjokim Likewise! I have some news to share with you too... good stuff is happening."
"51335846435094528","51335337213042688","780991","","","2011-03-25 17:33:14 +0000","<a href=""http://itunes.apple.com/us/app/twitter/id409789998?mt=12"" rel=""nofollow"">Twitter for Mac</a>","@amyjokim I'll definitely be there! I'm giving a talk at 11am the next morn. Might have to make some last minute edits after your talk! :)"
"51334807740878848","","","","","2011-03-25 17:29:06 +0000","<a href=""http://itunes.apple.com/us/app/twitter/id409789998?mt=12"" rel=""nofollow"">Twitter for Mac</a>","Thank you @thinkupapp for making it easy for me to send out all the answers to yesterday's gaming the system question: http://t.co/jJqtZyl","http://busterbenson.com/thinkup/post/?t=51044120482942976&n=twitter"
"51232950674657280","","","","","2011-03-25 10:44:21 +0000","<a href=""http://timely.is"" rel=""nofollow"">Timely by Demandforce</a>","If you have life figured out and think it sucks / is boring, check out fellow halfie Sarah Kay's beautiful poetry: http://bit.ly/gJel8V"
"51157368205094912","","","51156199630057472","780991","2011-03-25 05:44:01 +0000","<a href=""http://itunes.apple.com/us/app/twitter/id409789998?mt=12"" rel=""nofollow"">Twitter for Mac</a>","RT @amyjokim: Why Your Customer Loyalty Program May Be a Huge Failure http://bit.ly/eYZaG5"
"51144573820473344","","","","","2011-03-25 04:53:11 +0000","<a href=""http://www.google.com/"" rel=""nofollow"">Google</a>","I favorited a YouTube video -- TMB Panyee FC short film http://youtu.be/jU4oA3kkAWU?a"
"51139618254503936","","","","","2011-03-25 04:33:29 +0000","<a href=""http://twitter.com/download/iphone"" rel=""nofollow"">Twitter for iPhone</a>","Interesting as a case study of pitching tech to investors and press RT @RWW: Color CEO: The Tech Justifies the $41M http://t.co/WIDY0Ye","http://rww.to/etFtuz"
"51129667628974080","","","","","2011-03-25 03:53:57 +0000","<a href=""http://flickr.com/services/twitter/"" rel=""nofollow"">Flickr</a>","8:36pm Shushed Niko to sleep after a fun #hopsandchops. Glad @jensmccabe got to meet some of Seattle's finest! http://flic.kr/p/9t8jFj"
"51080152792313857","","","51079842799681536","14258044","2011-03-25 00:37:12 +0000","<a href=""http://itunes.apple.com/us/app/twitter/id409789998?mt=12"" rel=""nofollow"">Twitter for Mac</a>","RT @jensmccabe: me to team: ""What's that thing we have tonight? Hogs and Dogs?"" (laughter) - ""it's Hops and Chops!"" #hopsandchops"
"51050644110442496","51049379137728512","20833838","","","2011-03-24 22:39:56 +0000","<a href=""http://itunes.apple.com/us/app/twitter/id409789998?mt=12"" rel=""nofollow"">Twitter for Mac</a>","@carinnatarvin Nerds (including myself and Jen) are arriving to Auto Battery around 6-7... it'll be nerds vs jocks!"
"51050210998235136","51044649313386496","18995147","","","2011-03-24 22:38:13 +0000","<a href=""http://itunes.apple.com/us/app/twitter/id409789998?mt=12"" rel=""nofollow"">Twitter for Mac</a>","@Ali_Davis Oh man, that's sorta sick! I used a bereavement flight once, for its intended purpose. Saved my college butt a lot of money!"
"51049978549911552","51045253351878657","22118364","","","2011-03-24 22:37:18 +0000","<a href=""http://itunes.apple.com/us/app/twitter/id409789998?mt=12"" rel=""nofollow"">Twitter for Mac</a>","@allenmmurray Woah, that's really interesting! Hadn't read about that before."
"51047812808450049","","","","","2011-03-24 22:28:41 +0000","<a href=""http://itunes.apple.com/us/app/twitter/id409789998?mt=12"" rel=""nofollow"">Twitter for Mac</a>","Just got 30+ examples in 10 mins: Tumblarity, spammers, SEO, the financial system, Twitter trends, Sims Virtual Mafia, Technorati 100..."
"51045020584787968","51044871384989696","528","","","2011-03-24 22:17:35 +0000","<a href=""http://itunes.apple.com/us/app/twitter/id409789998?mt=12"" rel=""nofollow"">Twitter for Mac</a>","@buzz Oh yeah, that one definitely qualifies. :)"
"51044772944683009","51044548142579712","1054551","","","2011-03-24 22:16:36 +0000","<a href=""http://itunes.apple.com/us/app/twitter/id409789998?mt=12"" rel=""nofollow"">Twitter for Mac</a>","@tikkers Ooh, actually, the whole Tumblarity debacle is a perfect example here too."
"51044633765085184","51044314662453248","872461","","","2011-03-24 22:16:03 +0000","<a href=""http://itunes.apple.com/us/app/twitter/id409789998?mt=12"" rel=""nofollow"">Twitter for Mac</a>","@sstrudeau In either way. Just making the people who designed said system have to rethink their system a bit."
"51044120482942976","","","","","2011-03-24 22:14:01 +0000","<a href=""http://itunes.apple.com/us/app/twitter/id409789998?mt=12"" rel=""nofollow"">Twitter for Mac</a>","Does anyone have good examples of people ""gaming the system"" and sort of ruining the system's original purpose in the process?"
"50766557386776576","","","","","2011-03-24 03:51:05 +0000","<a href=""http://flickr.com/services/twitter/"" rel=""nofollow"">Flickr</a>","8:36pm Just finished bedtime ritual with @nikobenson, now being lazy with Sopor http://flic.kr/p/9sTdo3"
"50753838277345280","50748875560071168","11577462","","","2011-03-24 03:00:32 +0000","<a href=""http://twitter.com/download/iphone"" rel=""nofollow"">Twitter for iPhone</a>","@rachelsmiles You mean a handstanding desk?"
"50735519574921216","","","","","2011-03-24 01:47:45 +0000","<a href=""http://twitter.com/download/iphone"" rel=""nofollow"">Twitter for iPhone</a>","Day 1 of standing desk use: feet and legs hurt but work was productive and energy was high."
"50735213894049792","50734894208397312","60663","","","2011-03-24 01:46:32 +0000","<a href=""http://twitter.com/download/iphone"" rel=""nofollow"">Twitter for iPhone</a>","@MarinaMartin You must not really want them! #ifophrahiswrongidontwanttoberight"
"50734999405731840","","","","","2011-03-24 01:45:41 +0000","<a href=""http://twitter.com/download/iphone"" rel=""nofollow"">Twitter for iPhone</a>","I've been dazzled by the winky frown mystery for years. What does it mean? RT @laurenleto: Let's bring the winky frown into style ;("
"50734626121072640","50670327260397568","60663","","","2011-03-24 01:44:12 +0000","<a href=""http://twitter.com/download/iphone"" rel=""nofollow"">Twitter for iPhone</a>","@MarinaMartin Maybe Oprah was right and we can just wishful think it into existence?"
"50650977786802176","","","","","2011-03-23 20:11:48 +0000","<a href=""http://itunes.apple.com/us/app/twitter/id409789998?mt=12"" rel=""nofollow"">Twitter for Mac</a>","I'm using a standing desk at @officenomads today. Definitely increases the amount of hopping around I do while working."
"50648226507927553","50642612054528000","2854761","","","2011-03-23 20:00:52 +0000","<a href=""http://itunes.apple.com/us/app/twitter/id409789998?mt=12"" rel=""nofollow"">Twitter for Mac</a>","@galenward The more I think about it, the more I REALLY want access to that data. Crazy how much you can do with reader behavior data..."
"50638607882530816","50638110572298240","1059951","","","2011-03-23 19:22:39 +0000","<a href=""http://itunes.apple.com/us/app/twitter/id409789998?mt=12"" rel=""nofollow"">Twitter for Mac</a>",".@MichelleBee True! I'd love to know the world average, the average for books I read, and the average for each book sold on Kindle."
"50625647831289857","50625202412994560","10609","","","2011-03-23 18:31:09 +0000","<a href=""http://itunes.apple.com/us/app/twitter/id409789998?mt=12"" rel=""nofollow"">Twitter for Mac</a>","@superamit Right? I almost think that the reason they haven't opened their API up more is to prevent that from actually being shown."
"50619029781626880","","","","","2011-03-23 18:04:51 +0000","<a href=""http://itunes.apple.com/us/app/twitter/id409789998?mt=12"" rel=""nofollow"">Twitter for Mac</a>","How would book buying and book writing patterns change if @AmazonKindle published charts showing how far readers got in their books?"
"50409583109353472","50398867245637632","681813","","","2011-03-23 04:12:35 +0000","<a href=""http://twitter.com/download/iphone"" rel=""nofollow"">Twitter for iPhone</a>","@avantgame I need to learn more about this! Very curious about your thoughts re health care, optimism, markets, and games /cc @tempo"
"50409153943961601","","","50398094759702528","786818","2011-03-23 04:10:53 +0000","<a href=""http://twitter.com/download/iphone"" rel=""nofollow"">Twitter for iPhone</a>","RT @webwright: Moar startups, plz!  Seattle TechStars applications are open http://bit.ly/h8q1sH"
"50403868722475008","","","","","2011-03-23 03:49:53 +0000","<a href=""http://flickr.com/services/twitter/"" rel=""nofollow"">Flickr</a>","8:36pm Got home late and talking about the fun-filled day with wifey http://flic.kr/p/9szGKc"
"50392629296373761","","","","","2011-03-23 03:05:13 +0000","<a href=""http://timely.is"" rel=""nofollow"">Timely by Demandforce</a>","Today, are you a SPRING, a SPONGE, or a STONE? http://bit.ly/ely1lC"
"50332196480884737","","","","","2011-03-22 23:05:05 +0000","<a href=""http://www.fitbit.com"" rel=""nofollow"">Fitbit</a>","My avg. daily fitbit #fitstats for last week: 3,743 steps and 3 miles traveled. http://www.fitbit.com/user/229KX2"
"50254165896724480","","","","","2011-03-22 17:55:01 +0000","<a href=""http://itunes.apple.com/us/app/twitter/id409789998?mt=12"" rel=""nofollow"">Twitter for Mac</a>","What do you think are the *best* examples of #gamification done right? And wrong?"
"50199142919716864","50183894422659072","12363302","","","2011-03-22 14:16:22 +0000","<a href=""http://twitter.com/download/iphone"" rel=""nofollow"">Twitter for iPhone</a>","@bobocopy You're welcome! I still see it as a 10% completed thing. So much more to improve before I'm truly happy with it. Big year coming."
"50067918083469312","50066716608315392","11740902","","","2011-03-22 05:34:56 +0000","<a href=""http://twitter.com/download/iphone"" rel=""nofollow"">Twitter for iPhone</a>","@tferriss Longitudinal studies of successful health experimenters. How are they 1-3-years after big change? Who are long-term winners & why?"
"49949148501381120","49948870196740096","14095370","","","2011-03-21 21:42:59 +0000","<a href=""http://itunes.apple.com/us/app/twitter/id409789998?mt=12"" rel=""nofollow"">Twitter for Mac</a>","@OffbeatAriel Yay!"
"49923356769792000","49919845004873728","761975","","","2011-03-21 20:00:30 +0000","<a href=""http://itunes.apple.com/us/app/twitter/id409789998?mt=12"" rel=""nofollow"">Twitter for Mac</a>","@tomcoates @mathowie Okay, thanks! I'll just go stalk you both on @slideshare for some more inspiration.  :)"
"49921136003268608","49920617515986944","14095370","","","2011-03-21 19:51:40 +0000","<a href=""http://itunes.apple.com/us/app/twitter/id409789998?mt=12"" rel=""nofollow"">Twitter for Mac</a>","@OffbeatAriel Yes! I'm there Tue-Thurs, due to @kellianne's schedule. If they had officenomad daycare... Monday's would be a sure thing! :)"
"49918460217659393","49918100484796417","12514","","","2011-03-21 19:41:03 +0000","<a href=""http://itunes.apple.com/us/app/twitter/id409789998?mt=12"" rel=""nofollow"">Twitter for Mac</a>","@tomcoates Okay, quick tip then since I haven't given a solo talk in a while. How many slides for an hour panel?"
"49917851628339200","49917307874578432","12514","","","2011-03-21 19:38:37 +0000","<a href=""http://itunes.apple.com/us/app/twitter/id409789998?mt=12"" rel=""nofollow"">Twitter for Mac</a>","@tomcoates Well, sir, you are a gd pro! I'm just not in my element in it yet... have any decks you'd be willing to share for inspiration?"
"49917081898070017","","","","","2011-03-21 19:35:34 +0000","<a href=""http://itunes.apple.com/us/app/twitter/id409789998?mt=12"" rel=""nofollow"">Twitter for Mac</a>","I break out in hives whenever I have to work in Keynote. Anyone know of great Keynote templates / tips? #fb"
"49908240875667456","","","","","2011-03-21 19:00:26 +0000","<a href=""http://itunes.apple.com/us/app/twitter/id409789998?mt=12"" rel=""nofollow"">Twitter for Mac</a>","I love a good list of manifestos. RT @scottbelsky: 5 Manifestos for Work, Art, & Life (You need one too!) :: http://t.co/8ddy3me","http://bit.ly/eCGeEG"
"49889493989339136","49858043231477760","407","","","2011-03-21 17:45:56 +0000","<a href=""http://itunes.apple.com/us/app/twitter/id409789998?mt=12"" rel=""nofollow"">Twitter for Mac</a>","@asa You are indeed correct. #twypo"
"49881751404818432","","","","","2011-03-21 17:15:10 +0000","<a href=""http://twitter.com/download/iphone"" rel=""nofollow"">Twitter for iPhone</a>","We should all be doing this RT @parislemon: Everyday: An App To Turn Your Face Into A Poignant Work Of Art http://t.co/mEJ4iBc","http://tcrn.ch/hqmd8n"
"49680579976888320","","","","","2011-03-21 03:55:47 +0000","<a href=""http://flickr.com/services/twitter/"" rel=""nofollow"">Flickr</a>","8:36pm The Mamapazzi (sorry) found us reading bedtime stories http://flic.kr/p/9s1rm6"
"49583445583736833","","","49525620488667136","9207632","2011-03-20 21:29:49 +0000","<a href=""http://twitter.com/download/iphone"" rel=""nofollow"">Twitter for iPhone</a>","RT @brainpicker: The most sober breakdown yet of what Japan's nuclear reactor means for you. Yes, you. http://j.mp/gY4m0n"
"49343426784796672","","","","","2011-03-20 05:36:04 +0000","<a href=""http://flickr.com/services/twitter/"" rel=""nofollow"">Flickr</a>","8:36pm Haggard. http://flic.kr/p/9rKmuh"
"49292478624444416","","","49291342593011713","1586501","2011-03-20 02:13:37 +0000","<a href=""http://itunes.apple.com/us/app/twitter/id409789998?mt=12"" rel=""nofollow"">Twitter for Mac</a>","RT @nickbilton: Brilliant piece: ""The death of a nuclear reactor has a beginning; but it doesn't have an end."" http://t.co/lTO3FUP","http://j.mp/eDmfmq"
"49274115093311488","","","","","2011-03-20 01:00:39 +0000","<a href=""http://twitter.com/download/iphone"" rel=""nofollow"">Twitter for iPhone</a>","I was just wishing for this! I must be magic. RT @danmartell: Awesome site listing all top TED videos by @postrank http://t.co/yoGzIXC","http://awe.sm/5HEpP"
"49219703146676224","48992364097830912","13461","","","2011-03-19 21:24:26 +0000","<a href=""http://itunes.apple.com/us/app/twitter/id409789998?mt=12"" rel=""nofollow"">Twitter for Mac</a>","@waxpancake Via RSS. Tried update via web and saw 5 Twitter errors (502) and then it quit. Could that be the problem?"
"49215270983708672","49214580890677248","6726182","","","2011-03-19 21:06:49 +0000","<a href=""http://itunes.apple.com/us/app/twitter/id409789998?mt=12"" rel=""nofollow"">Twitter for Mac</a>","@TheCulprit Nice 46 second correct answer, including the time to travel to Twitterland and back. :)"
"49214389647196160","","","","","2011-03-19 21:03:19 +0000","<a href=""http://itunes.apple.com/us/app/twitter/id409789998?mt=12"" rel=""nofollow"">Twitter for Mac</a>","What do the lottery, Vegas, and airline miles have in common?"
"49212992134451200","49191905719881728","14850356","","","2011-03-19 20:57:46 +0000","<a href=""http://itunes.apple.com/us/app/twitter/id409789998?mt=12"" rel=""nofollow"">Twitter for Mac</a>","@jjacobs22 If you need an early beta tester for it, let me know. Lots of healthmonth.com users love @runkeeper! /cc @daveschappell"
"49212675896524800","","","49205991333576704","19028099","2011-03-19 20:56:30 +0000","<a href=""http://itunes.apple.com/us/app/twitter/id409789998?mt=12"" rel=""nofollow"">Twitter for Mac</a>","RT @MarshallHaas: I own the Libyan domain Human.ly, if you can do something interesting w/ it to help Libyan people, happy to donate it. ..."
"49153501040869378","49150873716277248","820661","","","2011-03-19 17:01:22 +0000","<a href=""http://twitter.com/download/iphone"" rel=""nofollow"">Twitter for iPhone</a>","@daveschappell Woah, impressive! Also, I need to get my hands on that @runkeeper API..."
"49000813250613248","","","","","2011-03-19 06:54:38 +0000","<a href=""http://itunes.apple.com/us/app/twitter/id409789998?mt=12"" rel=""nofollow"">Twitter for Mac</a>","""Un concombre est vraiment meilleure que la spontaneite"" - written on my panel notes by a stranger."
"48995174709329921","","","","","2011-03-19 06:32:14 +0000","<a href=""http://twitter.com/download/iphone"" rel=""nofollow"">Twitter for iPhone</a>","Okay, work productivity took a hit when French couple started writing in my book and drawing drunkie faces. And the dance party started."
"48970109603168256","48958113419755520","13461","","","2011-03-19 04:52:38 +0000","<a href=""http://twitter.com/download/iphone"" rel=""nofollow"">Twitter for iPhone</a>","@waxpancake No, they are all empty pages. I'll send you details tomorrow if it would help. Think part of update is broken for me."
"48969840484036608","","","","","2011-03-19 04:51:34 +0000","<a href=""http://twitter.com/download/iphone"" rel=""nofollow"">Twitter for iPhone</a>","I'm not sure why, but my ideal thinking environment is a dark, noisy, bar with lots of people watching and a good band."
"48954544029310976","","","","","2011-03-19 03:50:47 +0000","<a href=""http://flickr.com/services/twitter/"" rel=""nofollow"">Flickr</a>","8:36pm Working on my Web 2.0 Expo talk from Vito's. http://flic.kr/p/9rtneU"
"48842874460184576","","100127476","","","2011-03-18 20:27:03 +0000","web","@thinkupapp I love the app! One problem I've had (and continue to have with 0.9) is that it never shows any tweets but my own. Known bug?"
"48638495140478976","","","48625537735860224","11768582","2011-03-18 06:54:55 +0000","<a href=""http://twitter.com/download/iphone"" rel=""nofollow"">Twitter for iPhone</a>","RT @garrytan: Youngest Y Combinator Founders Launch MinoMonsters, The Pokemon Of Social?Games http://t.co/GznjNN7 via @techcrunch","http://tcrn.ch/hgilMA"
"48599433163714560","","","","","2011-03-18 04:19:42 +0000","<a href=""http://flickr.com/services/twitter/"" rel=""nofollow"">Flickr</a>","8:36pm Hanging with April and Asa after a good productive day http://flic.kr/p/9rcHgF"
"48471713452789761","48470506759925761","18143096","","","2011-03-17 19:52:11 +0000","<a href=""http://itunes.apple.com/us/app/twitter/id409789998?mt=12"" rel=""nofollow"">Twitter for Mac</a>","@harscoat Ooh, that's cool! Definitely add pretty charts to that page. One thing... I have to re-authenticate Twitter each time I visit."
"48469764628164608","48468800089227264","18143096","","","2011-03-17 19:44:27 +0000","<a href=""http://itunes.apple.com/us/app/twitter/id409789998?mt=12"" rel=""nofollow"">Twitter for Mac</a>","@harscoat I love the simplicity so far. Looking forward to trying it out, and will send you feedback for sure!"
"48464210119766016","","","","","2011-03-17 19:22:22 +0000","<a href=""http://itunes.apple.com/us/app/twitter/id409789998?mt=12"" rel=""nofollow"">Twitter for Mac</a>","For anyone who wants to send an email and get the contents posted to a URL, looks like sendgrid.com and mailhooks.com are your guys!"
"48464001419579392","48462041261932544","2803511","","","2011-03-17 19:21:33 +0000","<a href=""http://itunes.apple.com/us/app/twitter/id409789998?mt=12"" rel=""nofollow"">Twitter for Mac</a>","@colinloretz Awesome, thanks."
"48457819422330880","48457521823883264","5921812","","","2011-03-17 18:56:59 +0000","<a href=""http://itunes.apple.com/us/app/twitter/id409789998?mt=12"" rel=""nofollow"">Twitter for Mac</a>","@jwedgwood Ooh, I love @sendgrid! Didn't know they did this. I'll look into it."
"48457407898193920","","","","","2011-03-17 18:55:20 +0000","<a href=""http://itunes.apple.com/us/app/twitter/id409789998?mt=12"" rel=""nofollow"">Twitter for Mac</a>","I know I've seen this before. I need a service that I can email, they parse it, and post the contents to a URL of my choosing. Help?"
"48282162876788736","48280784997584896","1771141","","","2011-03-17 07:18:59 +0000","<a href=""http://twitter.com/download/iphone"" rel=""nofollow"">Twitter for iPhone</a>","@samantham @octavekitten I *love* overanalyzing! Can I help? Send me a locket of hair/toenail clipping and I'll do some tarot or something!"
"48236595660333056","","","","","2011-03-17 04:17:55 +0000","<a href=""http://itunes.apple.com/us/app/twitter/id409789998?mt=12"" rel=""nofollow"">Twitter for Mac</a>","This guy learned to interpret signals sent BACK from a chip. ie. How far away an object was while blindfolded! http://t.co/EXdL9yS","http://www.time.com/time/magazine/article/0,9171,2050030,00.html#ixzz1GpJgOFj5"
"48207552802062336","","","48200827474673664","15275073","2011-03-17 02:22:30 +0000","<a href=""http://twitter.com/download/iphone"" rel=""nofollow"">Twitter for iPhone</a>","RT @tberman: @busterbenson i've wondered that, i dunno if its like that though. it seems to be zero-sum, so sustained interest requires  ..."
"48197600066813952","","","","","2011-03-17 01:42:57 +0000","<a href=""http://twitter.com/download/iphone"" rel=""nofollow"">Twitter for iPhone</a>","Who studies patterns of interest waning? Is it linear, stepped, asymptotic, cyclic, squirrel-shaped? I need the answer!"
"48145052412821505","48084653051084801","15019184","","","2011-03-16 22:14:09 +0000","<a href=""http://itunes.apple.com/us/app/twitter/id409789998?mt=12"" rel=""nofollow"">Twitter for Mac</a>","@heyamberrae Soon! How about this evening or tomorrow? Are you fully recovered?"
"48108089995558913","","","","","2011-03-16 19:47:17 +0000","<a href=""http://itunes.apple.com/us/app/twitter/id409789998?mt=12"" rel=""nofollow"">Twitter for Mac</a>","Why cooperative games are better than competitive games + info about my #SXSW panel w/ @tempo: http://t.co/6kTC9HU","http://enjoymentland.com/2011/03/16/why-cooperative-games-are-better-than-competitive-games/"
"47864272700706816","","","","","2011-03-16 03:38:26 +0000","<a href=""http://flickr.com/services/twitter/"" rel=""nofollow"">Flickr</a>","8:36pm Unloading the Amazon Fresh delivery, talking about nuclear fallout http://flic.kr/p/9qM5pU"
"47814115414118400","47808489023746048","786818","","","2011-03-16 00:19:08 +0000","<a href=""http://itunes.apple.com/us/app/twitter/id409789998?mt=12"" rel=""nofollow"">Twitter for Mac</a>","@webwright Ooh, thanks for the link and for mocking it up. Actually looks pretty good."
"47802767552675840","47790879058042880","786818","","","2011-03-15 23:34:02 +0000","<a href=""http://itunes.apple.com/us/app/twitter/id409789998?mt=12"" rel=""nofollow"">Twitter for Mac</a>","@webwright Okay, what should I use? I need to switch chart libraries anyway, might as well improve them the chart type too. Bar charts?"
"47795385170796544","","","","","2011-03-15 23:04:42 +0000","<a href=""http://www.fitbit.com"" rel=""nofollow"">Fitbit</a>","My avg. daily fitbit #fitstats for last week: 4,209 steps and 2.8 miles traveled. http://www.fitbit.com/user/229KX2"
"47747722081599488","","","","","2011-03-15 19:55:18 +0000","<a href=""http://itunes.apple.com/us/app/twitter/id409789998?mt=12"" rel=""nofollow"">Twitter for Mac</a>","FOMO: Fear of Missing Out, is what makes us seek out eternal discontent. From the wise @caterina http://t.co/fg2wCdW /via @tempo","http://caterina.net/wp-archives/71"
"47742028326506496","47741647932493824","8708232","","","2011-03-15 19:32:41 +0000","<a href=""http://itunes.apple.com/us/app/twitter/id409789998?mt=12"" rel=""nofollow"">Twitter for Mac</a>","@brynn Use it and abuse it!  :)"
"47741439299420160","47740996028600320","8708232","","","2011-03-15 19:30:20 +0000","<a href=""http://itunes.apple.com/us/app/twitter/id409789998?mt=12"" rel=""nofollow"">Twitter for Mac</a>","@brynn Good luck on your panel! I REALLY wish I could be there!"
"47737835461148672","","","","","2011-03-15 19:16:01 +0000","<a href=""http://itunes.apple.com/us/app/twitter/id409789998?mt=12"" rel=""nofollow"">Twitter for Mac</a>","@arielist I'm trying to find someone to build a service that does this... surely someone has extra time and needs a good idea?"
"47730597124259840","47730410658082816","10959642","","","2011-03-15 18:47:15 +0000","<a href=""http://itunes.apple.com/us/app/twitter/id409789998?mt=12"" rel=""nofollow"">Twitter for Mac</a>","@tara Hahah, oops! Did I mention I haven't had much time to update it?  :)"
"47729392801161216","47715378721341441","2015","","","2011-03-15 18:42:28 +0000","<a href=""http://itunes.apple.com/us/app/twitter/id409789998?mt=12"" rel=""nofollow"">Twitter for Mac</a>","@joshc I don't think enough people would actually pay for it. Maybe they would, though."
"47729204074254336","47719172305731584","4981271","","","2011-03-15 18:41:43 +0000","<a href=""http://itunes.apple.com/us/app/twitter/id409789998?mt=12"" rel=""nofollow"">Twitter for Mac</a>","@sourjayne I have thought about it. I don't think the market for it would be that big, though. I'd rather someone else do it.  :)"
"47729011463426048","47722513790271488","776429","","","2011-03-15 18:40:57 +0000","<a href=""http://itunes.apple.com/us/app/twitter/id409789998?mt=12"" rel=""nofollow"">Twitter for Mac</a>","@spangley And I'M digging your wedding invitation. So awesome!"
"47728904085045248","47727020104368128","15265271","","","2011-03-15 18:40:32 +0000","<a href=""http://itunes.apple.com/us/app/twitter/id409789998?mt=12"" rel=""nofollow"">Twitter for Mac</a>","@folktrash It's all yours. I'd love to share how it all works. /cc @dandean"
"47728815614607361","47727701703929856","99723","","","2011-03-15 18:40:11 +0000","<a href=""http://itunes.apple.com/us/app/twitter/id409789998?mt=12"" rel=""nofollow"">Twitter for Mac</a>","@dacort Each piece of data comes from a different source. But the top pie charts are largely linguistic analysis on my blog posts."
"47728247445786624","47726687437332480","786818","","","2011-03-15 18:37:55 +0000","<a href=""http://itunes.apple.com/us/app/twitter/id409789998?mt=12"" rel=""nofollow"">Twitter for Mac</a>","@webwright I can see your point. This is more about info candy and than cold hard data. And perhaps that's why you loathe it. :)"
"47725607768961024","","","","","2011-03-15 18:27:26 +0000","<a href=""http://itunes.apple.com/us/app/twitter/id409789998?mt=12"" rel=""nofollow"">Twitter for Mac</a>","Lots of interest in the service that powers busterbenson.com -- anyone out there want to take the idea? /cc @ryanchris @aboutdotme"
"47714247949553664","","","","","2011-03-15 17:42:17 +0000","<a href=""http://itunes.apple.com/us/app/twitter/id409789998?mt=12"" rel=""nofollow"">Twitter for Mac</a>","Have you checked out http://t.co/YDmZJbP lately? Wish I had more time to improve it, but more people should be doing this!","http://busterbenson.com"
"47509713444798464","47508731583401984","19028099","","","2011-03-15 04:09:33 +0000","<a href=""http://itunes.apple.com/us/app/twitter/id409789998?mt=12"" rel=""nofollow"">Twitter for Mac</a>","@MarshallHaas Yes, that was great! Are you still at #sxsw or are you back as well?"
"47506582686285825","","","","","2011-03-15 03:57:06 +0000","<a href=""http://flickr.com/services/twitter/"" rel=""nofollow"">Flickr</a>","8:36pm Happy to be back home. Lots of work to do though! http://flic.kr/p/9qtJbz"
"47308634945888257","47193375694270464","7224792","","","2011-03-14 14:50:32 +0000","<a href=""http://twitter.com/download/iphone"" rel=""nofollow"">Twitter for iPhone</a>","@RahulDesai Can you give me more info? Is the error before or after you attempt to log in? Is it still happening?"
"47154622825103362","47153477700427776","60663","","","2011-03-14 04:38:32 +0000","<a href=""http://twitter.com/download/iphone"" rel=""nofollow"">Twitter for iPhone</a>","@MarinaMartin @dacort We didn't try those but everything we did try was delicious!"
"47150960417574912","","","","","2011-03-14 04:23:59 +0000","<a href=""http://flickr.com/services/twitter/"" rel=""nofollow"">Flickr</a>","8:36pm Romantic dinner at La B?te with the one I love http://flic.kr/p/9qcPeg"
"47070723323334656","","","47026183744925696","1118691","2011-03-13 23:05:09 +0000","<a href=""http://twitter.com/download/iphone"" rel=""nofollow"">Twitter for iPhone</a>","RT @bjfogg: So much talent here in Austin #sxsw. I'm hoping people apply it to critical needs, like improving health. My role: inspire,  ..."
"47003789584121857","","","","","2011-03-13 18:39:11 +0000","<a href=""http://twitter.com/download/iphone"" rel=""nofollow"">Twitter for iPhone</a>","Back from Austin, catching up on news, the full impact of the Japan earthquake and tsunami is hitting me."
"46983124374134784","46847812708732928","1059951","","","2011-03-13 17:17:04 +0000","<a href=""http://twitter.com/download/iphone"" rel=""nofollow"">Twitter for iPhone</a>","@MichelleBee Yeah, short visit this year due to work schedules and babies! But glad I ran into you on the street! :) Enjoy sxsw!"
"46782132504363008","","","","","2011-03-13 03:58:24 +0000","<a href=""http://flickr.com/services/twitter/"" rel=""nofollow"">Flickr</a>","8:36pm Just landed in Salt Lake City for a short connection http://flic.kr/p/9pTp8r"
"46723749940174848","","","46698123325734912","766566","2011-03-13 00:06:24 +0000","<a href=""http://twitter.com/download/iphone"" rel=""nofollow"">Twitter for iPhone</a>","RT @emmawelles: ""Being happy makes us more successful,  not the other way around. "" #gameful #sxsw"
"46404141517512704","","","","","2011-03-12 02:56:24 +0000","<a href=""http://flickr.com/services/twitter/"" rel=""nofollow"">Flickr</a>","8:36pm That's @tferriss's head as we watch @zefrank on stage. I'm too shy to introduce myself. http://flic.kr/p/9pGeew"
"46352317146083329","","","","","2011-03-11 23:30:28 +0000","<a href=""http://flickr.com/services/twitter/"" rel=""nofollow"">Flickr</a>","Room 12b: Gamechanging! With @tempo and lots of people! #sxsw http://flic.kr/p/9pEsUG"
"46265628943847424","","","","","2011-03-11 17:46:00 +0000","<a href=""http://foursquare.com"" rel=""nofollow"">foursquare</a>","I just unlocked the ""4sq SXSW Virgin"" badge on @foursquare! http://4sq.com/eH1KKN"
"46264706759000064","","","","","2011-03-11 17:42:20 +0000","<a href=""http://twitter.com/download/iphone"" rel=""nofollow"">Twitter for iPhone</a>","At #sxsw? Come to the panel @tempo and I are doing @ 2pm called Gamechanging, all about co-op games! It'll be awesome! http://t.co/lshwvJi","http://lanyrd.com/2011/sxsw/scprr/"
"46120446671863808","46018487331733504","20833838","","","2011-03-11 08:09:06 +0000","<a href=""http://twitter.com/download/iphone"" rel=""nofollow"">Twitter for iPhone</a>","@carinnatarvin I want to help! But how?"
"46118538456469504","46077667501551616","56831057","","","2011-03-11 08:01:31 +0000","<a href=""http://twitter.com/download/iphone"" rel=""nofollow"">Twitter for iPhone</a>","@tenaciouscb So happy to get to meet you in person finally!"
"46068740416225281","","","","","2011-03-11 04:43:38 +0000","<a href=""http://flickr.com/services/twitter/"" rel=""nofollow"">Flickr</a>","8:36pm Found Rick and Emma. The madness begins. http://flic.kr/p/9ps3AR"
"46025508084920320","","","","","2011-03-11 01:51:50 +0000","<a href=""http://flickr.com/services/twitter/"" rel=""nofollow"">Flickr</a>","Taking my first pedicab of the trip. Gonna visit the Muller's! http://flic.kr/p/9ptt8h"
"45960015655354368","","","45956641425858560","780991","2011-03-10 21:31:36 +0000","<a href=""http://twitter.com/download/iphone"" rel=""nofollow"">Twitter for iPhone</a>","RT @amyjokim: @raphkoster totally agree about diff. states ppl get from games - learning, productivity, relaxation...games deliver diff. ..."
"45959975117393920","","","","","2011-03-10 21:31:26 +0000","<a href=""http://twitter.com/download/iphone"" rel=""nofollow"">Twitter for iPhone</a>","I love this. I actually seek out games that are relaxing on first play too. RT @raphkoster: Replay as meditation http://t.co/Kco8OHI","http://www.raphkoster.com/2011/03/10/replay-as-meditation/"
"45955036118925312","","","","","2011-03-10 21:11:49 +0000","<a href=""http://twitter.com/download/iphone"" rel=""nofollow"">Twitter for iPhone</a>","There sure are a lot of scruffy dudes that look like me on this SuperShuttle."
"45954264639602688","","","","","2011-03-10 21:08:45 +0000","<a href=""http://twitter.com/download/iphone"" rel=""nofollow"">Twitter for iPhone</a>","I'm in Austin! Add me to your crazy group messaging apps! #GroupMe #Beluga #uhoh"
"45827016800481280","","","","","2011-03-10 12:43:06 +0000","<a href=""http://foursquare.com"" rel=""nofollow"">foursquare</a>","SEA -&gt; AUS. SXSWi! Til Saturday! &100:travel (@ Seattle?Tacoma International Airport (SEA) ? w/ 2 others) http://4sq.com/fZCtf1"
"45827016565604352","","","","","2011-03-10 12:43:06 +0000","<a href=""http://foursquare.com"" rel=""nofollow"">foursquare</a>","I just unlocked the ""School Night"" badge on @foursquare! http://4sq.com/fvKd5g"
"45706389586325504","","","","","2011-03-10 04:43:47 +0000","<a href=""http://flickr.com/services/twitter/"" rel=""nofollow"">Flickr</a>","8:36pm Wow, a real dinner in our new place. Feels good! http://flic.kr/p/9pdxhk"
"45673806223773696","","","","","2011-03-10 02:34:18 +0000","<a href=""http://twitter.com/download/iphone"" rel=""nofollow"">Twitter for iPhone</a>","The desire to understand something is directly related to how far you are from it (physically and psychically). T or F?"
"45672568761495552","45671616990027776","20833838","","","2011-03-10 02:29:23 +0000","<a href=""http://twitter.com/download/iphone"" rel=""nofollow"">Twitter for iPhone</a>","@carinnatarvin Woah, it's my #1 checked in spot in the last 6mos. Headed there at 4am tomorrow too!"
"45564964211130368","","","","","2011-03-09 19:21:48 +0000","<a href=""http://itunes.apple.com/us/app/twitter/id409789998?mt=12"" rel=""nofollow"">Twitter for Mac</a>","Systems should get smarter as more people use them. YES! http://t.co/HGECYdJ","http://bit.ly/dMEvMJ"
"45396697093902336","45394655113789440","10959642","","","2011-03-09 08:13:10 +0000","<a href=""http://twitter.com/download/iphone"" rel=""nofollow"">Twitter for iPhone</a>","@tara Ooh, can you forward it to me?"
"45372708594262016","45369564099379200","2015","","","2011-03-09 06:37:51 +0000","<a href=""http://itunes.apple.com/us/app/twitter/id409789998?mt=12"" rel=""nofollow"">Twitter for Mac</a>","@joshc Oh man, that was a fun night! Did you get to hug them this time too?"
"45371329863618561","45368588953075713","14435477","","","2011-03-09 06:32:22 +0000","<a href=""http://itunes.apple.com/us/app/twitter/id409789998?mt=12"" rel=""nofollow"">Twitter for Mac</a>","@dingstweets So say we all.

PS. Are you going to SXSW?  I'll be there Friday and Saturday."
"45362422290190337","45362168740319232","19028099","","","2011-03-09 05:56:58 +0000","<a href=""http://itunes.apple.com/us/app/twitter/id409789998?mt=12"" rel=""nofollow"">Twitter for Mac</a>","@MarshallHaas Let's make it happen!"
"45362332267847680","45361816704008192","8537782","","","2011-03-09 05:56:37 +0000","<a href=""http://itunes.apple.com/us/app/twitter/id409789998?mt=12"" rel=""nofollow"">Twitter for Mac</a>","@keo8128 Yes, that's definitely part of it, though some people take it too easy. The 2nd month is always much smarter than the first."
"45361932491960320","45361789139034113","19028099","","","2011-03-09 05:55:02 +0000","<a href=""http://itunes.apple.com/us/app/twitter/id409789998?mt=12"" rel=""nofollow"">Twitter for Mac</a>","@MarshallHaas Yes, for a bit!  I have a panel on Friday, and am staying til Saturday afternoon. You?"
"45355262139301888","","","","","2011-03-09 05:28:31 +0000","<a href=""http://itunes.apple.com/us/app/twitter/id409789998?mt=12"" rel=""nofollow"">Twitter for Mac</a>","SUPER excited to test out @foursquare's new 3.0 release tomorrow morning. Well done @dens, @arainert, @harryh etc! http://t.co/q3dJ99w","http://blog.foursquare.com/2011/03/08/foursquare-3/"
"45354475287875584","45350887610265600","418","","","2011-03-09 05:25:24 +0000","web","@dens Oh man! If the API allowed @healthmonth to influence #4sq recs in slight ways... the HEAVENS WOULD OPEN with a zillion possibilities!"
"45343377885118465","","","","","2011-03-09 04:41:18 +0000","<a href=""http://flickr.com/services/twitter/"" rel=""nofollow"">Flickr</a>","8:36pm Wireframing up some ideas on how to drastically simplify #healthmonth for 1st time users. Feels good! http://flic.kr/p/9p2ncy"
"45189514074918912","","","","","2011-03-08 18:29:54 +0000","<a href=""http://itunes.apple.com/us/app/twitter/id409789998?mt=12"" rel=""nofollow"">Twitter for Mac</a>","Are there any services that lock you out of gmail for certain hours of the day? Maybe even changing your password?"
"44980966493667328","","","","","2011-03-08 04:41:12 +0000","<a href=""http://flickr.com/services/twitter/"" rel=""nofollow"">Flickr</a>","8:36pm Sick wife. Busy days. Hungry! Some relief via new Tiny Wings game http://flic.kr/p/9oHkKZ"
"44967514245042176","44956234318753792","2015","","","2011-03-08 03:47:45 +0000","<a href=""http://twitter.com/download/iphone"" rel=""nofollow"">Twitter for iPhone</a>","@joshc @ellenthatcher Of all things, why Latitude?"
"44966023744585728","44964245317758978","128247466","","","2011-03-08 03:41:50 +0000","<a href=""http://twitter.com/download/iphone"" rel=""nofollow"">Twitter for iPhone</a>","@billilg You're welcome! I'm glad you like it. How did you find it?"
"44899255814594560","44888353446965248","8770452","","","2011-03-07 23:16:31 +0000","<a href=""http://twitter.com/download/iphone"" rel=""nofollow"">Twitter for iPhone</a>","@gaski Sorry, try busterbenson@gmail.com"
"44895824592912384","","","","","2011-03-07 23:02:53 +0000","<a href=""http://www.fitbit.com"" rel=""nofollow"">Fitbit</a>","My avg. daily fitbit #fitstats for last week: 7,336 steps and 3.7 miles traveled. http://www.fitbit.com/user/229KX2"
"44799404783316992","","","44652026675732480","13348","2011-03-07 16:39:45 +0000","<a href=""http://twitter.com/download/iphone"" rel=""nofollow"">Twitter for iPhone</a>","RT @Scobleizer: The Real ?Authenticity Killer? (and an aside about how bad the Yahoo brand has gotten). http://tinyurl.com/6fxwrbp TECHC ..."
"44669335645597696","44668445438124032","77165220","","","2011-03-07 08:02:54 +0000","<a href=""http://itunes.apple.com/us/app/twitter/id409789998?mt=12"" rel=""nofollow"">Twitter for Mac</a>","@drjavafox Ha, no problem. And thank you for the kind words!"
"44669267907592192","44669171774128128","16274886","","","2011-03-07 08:02:38 +0000","<a href=""http://itunes.apple.com/us/app/twitter/id409789998?mt=12"" rel=""nofollow"">Twitter for Mac</a>","@courts576 Yes, within 24 hours!"
"44668422545604608","44665574940360705","16274886","","","2011-03-07 07:59:16 +0000","<a href=""http://itunes.apple.com/us/app/twitter/id409789998?mt=12"" rel=""nofollow"">Twitter for Mac</a>","@courts576 Should be fixed now. Sorry for the trouble!"
"44668258548334592","44668100355952640","77165220","","","2011-03-07 07:58:37 +0000","<a href=""http://itunes.apple.com/us/app/twitter/id409789998?mt=12"" rel=""nofollow"">Twitter for Mac</a>","@drjavafox Yeah, it's a known problem with our new email configuration. Apparently there's a limit on # I can send/day for first 10 days. :("
"44662886995472384","44662571684478976","16274886","","","2011-03-07 07:37:16 +0000","<a href=""http://itunes.apple.com/us/app/twitter/id409789998?mt=12"" rel=""nofollow"">Twitter for Mac</a>","@courts576 What's your name on the site?  I'll look into it."
"44652880254345216","44652686699806720","12501","","","2011-03-07 06:57:30 +0000","<a href=""http://itunes.apple.com/us/app/twitter/id409789998?mt=12"" rel=""nofollow"">Twitter for Mac</a>","@mathie Sure thing: busterbenson@gmail.com"
"44637627663650816","44635411452137472","60663","","","2011-03-07 05:56:54 +0000","<a href=""http://itunes.apple.com/us/app/twitter/id409789998?mt=12"" rel=""nofollow"">Twitter for Mac</a>","@MarinaMartin Once he starts talking, we will definitely start the tradition!"
"44634877076832256","44634060018032640","60663","","","2011-03-07 05:45:58 +0000","<a href=""http://itunes.apple.com/us/app/twitter/id409789998?mt=12"" rel=""nofollow"">Twitter for Mac</a>","@MarinaMartin Yeah, still cracking up reading through all the answers myself. Every kid should do this."
"44632679823577088","","","","","2011-03-07 05:37:14 +0000","<a href=""http://itunes.apple.com/us/app/twitter/id409789998?mt=12"" rel=""nofollow"">Twitter for Mac</a>","""I'm 4 years old. Ask me almost anything."" http://t.co/AIrOcvd /via @tedroden (awesome way to celebrate a birthday)","http://www.reddit.com/r/IAmA/comments/fxhsu/im_4_years_old_amaa/"
"44632247382450176","","","","","2011-03-07 05:35:31 +0000","<a href=""http://itunes.apple.com/us/app/twitter/id409789998?mt=12"" rel=""nofollow"">Twitter for Mac</a>","""I have 51 hours left to live. Ask me anything."" http://t.co/ouHUtoy /via @tedroden (thank you)","http://www.reddit.com/r/IAmA/comments/fy6yz/51_hours_left_to_live/"
"44619549630406656","","","","","2011-03-07 04:45:04 +0000","<a href=""http://flickr.com/services/twitter/"" rel=""nofollow"">Flickr</a>","8:36pm Testing out a dueling desks setup http://flic.kr/p/9oqQ2p"
"44575059880316928","44573702108622848","21077317","","","2011-03-07 01:48:17 +0000","<a href=""http://itunes.apple.com/us/app/twitter/id409789998?mt=12"" rel=""nofollow"">Twitter for Mac</a>","@BenjaminHamley Not really, at the moment. But you can use RID ruby gem to power something like that."
"44537673079197697","","","","","2011-03-06 23:19:43 +0000","<a href=""http://twitter.com/download/iphone"" rel=""nofollow"">Twitter for iPhone</a>","Cal you are awesome. RT @tempo: Lego meets Carcassonne (one of my fave board games), thanks to @iamcal: http://t.co/J2qfAWo","http://www.iamcal.com/lego-carcassonne/"
"44282747631583232","","","","","2011-03-06 06:26:44 +0000","<a href=""http://flickr.com/services/twitter/"" rel=""nofollow"">Flickr</a>","8:36pm Dinner at Copper Gate. I had pickled herring and aquavit! http://flic.kr/p/9o7WLv"
"43893333071888384","","","","","2011-03-05 04:39:20 +0000","<a href=""http://flickr.com/services/twitter/"" rel=""nofollow"">Flickr</a>","8:36pm Unpacking. Debating what to do with old love letters. Then Kellianne pulls this out. http://flic.kr/p/9nUBDw"
"43558196748623872","43557929395290112","176632772","","","2011-03-04 06:27:38 +0000","<a href=""http://twitter.com/download/iphone"" rel=""nofollow"">Twitter for iPhone</a>","@BA_Matthews Yes. I'm working on it. Moving to a new bigger server tomorrow! Sorry. :("
"43558043727826944","","","","","2011-03-04 06:27:01 +0000","<a href=""http://twitter.com/download/iphone"" rel=""nofollow"">Twitter for iPhone</a>","I think my wife is stuck in the 80s."
"43530881549348864","","","","","2011-03-04 04:39:05 +0000","<a href=""http://flickr.com/services/twitter/"" rel=""nofollow"">Flickr</a>","8:36pm Put Niko down for the night for the first time. No prob limo! Staring at the unpacking I need to do tomorrow. http://flic.kr/p/9nFSkb"
"43507031390429184","43506859059060736","9938952","","","2011-03-04 03:04:19 +0000","<a href=""http://twitter.com/download/iphone"" rel=""nofollow"">Twitter for iPhone</a>","@mdbraber Ah I see what you mean. I'll fix that!"
"43500033894653952","43498016765784065","9938952","","","2011-03-04 02:36:30 +0000","<a href=""http://twitter.com/download/iphone"" rel=""nofollow"">Twitter for iPhone</a>","@mdbraber But why? I like to respond personally to anyone who hits reply. The days of that may not last a whole lot longer though. :("
"43483707620851712","43480638657007616","9938952","","","2011-03-04 01:31:38 +0000","<a href=""http://itunes.apple.com/us/app/twitter/id409789998?mt=12"" rel=""nofollow"">Twitter for Mac</a>","@mdbraber If OhLife had an API I would strongly consider integrating it!  :)

PS. Any plans for that, @teamohlife?"
"43475296057425920","","","43475085700509696","113963","2011-03-04 00:58:12 +0000","<a href=""http://itunes.apple.com/us/app/twitter/id409789998?mt=12"" rel=""nofollow"">Twitter for Mac</a>","RT @Werner: Each day #AWS adds enough computing muscle to power one whole Amazon.com circa 2000,when it was a $2.8 billion business http ..."
"43466257269395456","","","","","2011-03-04 00:22:17 +0000","<a href=""http://itunes.apple.com/us/app/twitter/id409789998?mt=12"" rel=""nofollow"">Twitter for Mac</a>","I love Fitbit! RT @timroberts: @busterbenson is doing some cool stuff connecting Fitbit and Healthmonth using our API."
"43394294853279744","43393783043325952","15019184","","","2011-03-03 19:36:20 +0000","<a href=""http://itunes.apple.com/us/app/twitter/id409789998?mt=12"" rel=""nofollow"">Twitter for Mac</a>","@heyamberrae Wait, I had that wrong. Leaving the 12th! :) I'll definitely be around on Friday evening... let's meet up at least for a hi-5!"
"43393583847440384","43392974012416000","15019184","","","2011-03-03 19:33:31 +0000","<a href=""http://itunes.apple.com/us/app/twitter/id409789998?mt=12"" rel=""nofollow"">Twitter for Mac</a>","@heyamberrae I'm going! Speaking at a panel on 3/10 on cooperative games, and leaving on the 11th. But would love to meet up."
"43382586076180480","","","43381620463509504","5814","2011-03-03 18:49:49 +0000","<a href=""http://itunes.apple.com/us/app/twitter/id409789998?mt=12"" rel=""nofollow"">Twitter for Mac</a>","RT @tempo: On the subject of cooperative games, here's the Plancast page for the talk I'm doing with @busterbenson at sxsw: http://t.co/ ..."
"43365290737803264","43355925783904257","16366882","","","2011-03-03 17:41:05 +0000","<a href=""http://itunes.apple.com/us/app/twitter/id409789998?mt=12"" rel=""nofollow"">Twitter for Mac</a>","@octavekitten Yes, I've met him... definitely working with his new stickers on @healthmonth once they launch."
"43226054655086592","43127673073049600","10959642","","","2011-03-03 08:27:49 +0000","<a href=""http://twitter.com/download/iphone"" rel=""nofollow"">Twitter for iPhone</a>","@tara And we remember how excitedly we watched for every labor tweet!"
"43189398229106688","43176472260771840","91272933","","","2011-03-03 06:02:09 +0000","<a href=""http://twitter.com/download/iphone"" rel=""nofollow"">Twitter for iPhone</a>","@absentbird Thank you! What is your Twitter username all about? I like it!"
"43174461691789312","","","","","2011-03-03 05:02:48 +0000","<a href=""http://flickr.com/services/twitter/"" rel=""nofollow"">Flickr</a>","8:36pm This guy had a fun bathtime but pajamas are another thing altogether (not that he realizes this yet) http://flic.kr/p/9npKik"
"42987708817219584","","","42949133727834112","9857922","2011-03-02 16:40:43 +0000","<a href=""http://twitter.com/download/iphone"" rel=""nofollow"">Twitter for iPhone</a>","RT @Brethren: NYTimes: Research Urges Going Easy on Yourself http://nyti.ms/foOHha"
"42856542357295104","42826624852430848","20228743","","","2011-03-02 07:59:30 +0000","<a href=""http://twitter.com/download/iphone"" rel=""nofollow"">Twitter for iPhone</a>","@s_adelheid Which URL is giving you the error?"
"42796768664096768","42770260054642688","6121912","","","2011-03-02 04:01:59 +0000","<a href=""http://twitter.com/#!/download/ipad"" rel=""nofollow"">Twitter for iPad</a>","@visnup Dang, sorry I missed you! Hi!"
"42766836781166592","42743800011038720","116498184","","","2011-03-02 02:03:03 +0000","<a href=""http://twitter.com/download/iphone"" rel=""nofollow"">Twitter for iPhone</a>","@ilovecharts Hell yeah! Email me at busterbenson@gmail."
"42746431186022400","","","","","2011-03-02 00:41:58 +0000","<a href=""http://twitter.com/download/iphone"" rel=""nofollow"">Twitter for iPhone</a>","Just saw a flock of parrots fly by. Is that a good omen?"
"42647156116557825","","","","","2011-03-01 18:07:29 +0000","<a href=""http://flickr.com/services/twitter/"" rel=""nofollow"">Flickr</a>","This installation near gate A10 at SeaTac will always remind me of red eye flights to visit @Kellianne in NYC http://flic.kr/p/9n3Dbe"
"42608274884919296","42510606485557248","19561949","","","2011-03-01 15:32:59 +0000","<a href=""http://twitter.com/download/iphone"" rel=""nofollow"">Twitter for iPhone</a>","@tomhump23 Yes, I will make sure you're an official blogger for march. Should take effect soon!"
"42499818458849280","","","","","2011-03-01 08:22:00 +0000","<a href=""http://twitter.com/tweetbutton"" rel=""nofollow"">Tweet Button</a>","I just had a lovely chat with the Crane about my February game... and here's what I learned: http://t.co/cYlH61k via @healthmonth","http://healthmonth.com/learn/27336"
