"tweet_id","in_reply_to_status_id","in_reply_to_user_id","retweeted_status_id","retweeted_status_user_id","timestamp","source","text","expanded_urls"
"86653209426395136","","","","","2011-07-01 04:31:49 +0000","<a href=""http://flickr.com/services/twitter/"" rel=""nofollow"">Flickr</a>","8:36pm Talking about education, games, houses, sleep. http://flic.kr/p/9Yu6Cd"
"86591112306884608","","","","","2011-07-01 00:25:04 +0000","<a href=""http://itunes.apple.com/us/app/twitter/id409789998?mt=12"" rel=""nofollow"">Twitter for Mac</a>","Seattle-ites: @Uber is coming to Seattle! Follow @Uber_Seattle. We're sharing an office and I know all their dirt... yet I still like them."
"86568739851612160","","","","","2011-06-30 22:56:10 +0000","<a href=""http://foursquare.com"" rel=""nofollow"">foursquare</a>","I just unlocked the ""Ten Hundred"" badge on @foursquare! http://4sq.com/muxsnb"
"86320472710590464","86320060628606976","11222","","","2011-06-30 06:29:39 +0000","<a href=""http://itunes.apple.com/us/app/twitter/id409789998?mt=12"" rel=""nofollow"">Twitter for Mac</a>","@k Totally. I want that feedback widget on all of my sites now."
"86305977548275713","86305774535589888","20833838","","","2011-06-30 05:32:03 +0000","<a href=""http://twitter.com/download/iphone"" rel=""nofollow"">Twitter for iPhone</a>","@carinnatarvin At LEAST 11. Easy."
"86293539964727297","","","","","2011-06-30 04:42:37 +0000","<a href=""http://itunes.apple.com/us/app/twitter/id409789998?mt=12"" rel=""nofollow"">Twitter for Mac</a>","No more @googleplus invites tonight... they turned it off. Will send something out tomorrow again if they turn it back on."
"86293082739453952","86292941332688897","15325565","","","2011-06-30 04:40:48 +0000","<a href=""http://itunes.apple.com/us/app/twitter/id409789998?mt=12"" rel=""nofollow"">Twitter for Mac</a>","@juliaogris Looks like they turned them off for the night... will try again tomorrow!"
"86285450704203777","","","","","2011-06-30 04:10:29 +0000","<a href=""http://itunes.apple.com/us/app/twitter/id409789998?mt=12"" rel=""nofollow"">Twitter for Mac</a>","Welcome to the future of hanging out http://t.co/FWjoNkQ /via @googleplus","http://www.youtube.com/watch?v=LyUVQOYamF8"
"86277444247633920","","","","","2011-06-30 03:38:40 +0000","<a href=""http://flickr.com/services/twitter/"" rel=""nofollow"">Flickr</a>","8:36pm Watching @Kellianne find all of her @googleplus friends http://flic.kr/p/9Y9osP"
"86274145150709760","86273892259348480","15486015","","","2011-06-30 03:25:33 +0000","<a href=""http://itunes.apple.com/us/app/twitter/id409789998?mt=12"" rel=""nofollow"">Twitter for Mac</a>","@ScottieYahtzee Sent!"
"86270746585866240","86268886584008705","123116307","","","2011-06-30 03:12:03 +0000","<a href=""http://itunes.apple.com/us/app/twitter/id409789998?mt=12"" rel=""nofollow"">Twitter for Mac</a>","@LilHossler @octavekitten Not really sure but I just invited you to it."
"86256668735848448","","","","","2011-06-30 02:16:07 +0000","<a href=""http://itunes.apple.com/us/app/twitter/id409789998?mt=12"" rel=""nofollow"">Twitter for Mac</a>","@arielist Sent!"
"86255807867535360","86251789858512897","16644937","","","2011-06-30 02:12:41 +0000","<a href=""http://itunes.apple.com/us/app/twitter/id409789998?mt=12"" rel=""nofollow"">Twitter for Mac</a>","@the_april Sent! Let me know if you don't get it right away."
"86243492988334080","","","","","2011-06-30 01:23:45 +0000","<a href=""http://itunes.apple.com/us/app/twitter/id409789998?mt=12"" rel=""nofollow"">Twitter for Mac</a>","Playing around with Google+ thanks to @octavekitten. If anyone wants an invite, @ or dm me with your email address!"
"86234230346092544","86234041011015680","17977759","","","2011-06-30 00:46:57 +0000","<a href=""http://itunes.apple.com/us/app/twitter/id409789998?mt=12"" rel=""nofollow"">Twitter for Mac</a>","@iamdonte @octavekitten Thank you! I think I'm in. Weeeee!"
"86229695963729921","86229477566324736","16366882","","","2011-06-30 00:28:56 +0000","<a href=""http://itunes.apple.com/us/app/twitter/id409789998?mt=12"" rel=""nofollow"">Twitter for Mac</a>","@octavekitten Ooh, thank you!"
"86228955992035328","86227234737762305","16366882","","","2011-06-30 00:25:59 +0000","<a href=""http://itunes.apple.com/us/app/twitter/id409789998?mt=12"" rel=""nofollow"">Twitter for Mac</a>","@octavekitten Jealous!"
"86166966750031872","86152047723937792","62600226","","","2011-06-29 20:19:40 +0000","<a href=""http://twitter.com/download/iphone"" rel=""nofollow"">Twitter for iPhone</a>","@talof2cities I like the Chloe. Did you like it there?"
"86140803738640384","","","","","2011-06-29 18:35:42 +0000","<a href=""http://itunes.apple.com/us/app/twitter/id409789998?mt=12"" rel=""nofollow"">Twitter for Mac</a>","I bought one! Looks great. RT @ProjectDomino: Anything You Want is #39 in Amazon's Bestsellers list. http://t.co/MPdgR7O","http://amzn.to/DerekDominoAYW"
"86136206353633280","86135591187648512","9428232","","","2011-06-29 18:17:26 +0000","<a href=""http://itunes.apple.com/us/app/twitter/id409789998?mt=12"" rel=""nofollow"">Twitter for Mac</a>","@LauraGlu Yeah, well it's a bit of a long shot for us too.  We just had our rent increased from $1325 -&gt; $1795. :/"
"86133464117682177","","","","","2011-06-29 18:06:32 +0000","<a href=""http://itunes.apple.com/us/app/twitter/id409789998?mt=12"" rel=""nofollow"">Twitter for Mac</a>","We're on the lookout for a new apartment in Capitol Hill-ish area with 2 bedrooms, allows cats, &lt; $1,700. Any leads?"
"85973074272452608","85971224567623680","804808","","","2011-06-29 07:29:12 +0000","<a href=""http://twitter.com/download/iphone"" rel=""nofollow"">Twitter for iPhone</a>","@daryn Ooh, that looks pretty amazing. Have you used it at all? Any caveats?"
"85967965857656832","","","","","2011-06-29 07:08:54 +0000","<a href=""http://itunes.apple.com/us/app/twitter/id409789998?mt=12"" rel=""nofollow"">Twitter for Mac</a>","Better yet, give it a full sentence, and it translates it into a different tense. Seems easier than translating to another language, right?"
"85966190723350529","","","","","2011-06-29 07:01:51 +0000","<a href=""http://itunes.apple.com/us/app/twitter/id409789998?mt=12"" rel=""nofollow"">Twitter for Mac</a>","Nerd question: does anyone know of a gem or other library of some sort that can take a verb and give you its tenses? That would be awesome."
"85931936769511424","","","85931559852580865","809641","2011-06-29 04:45:44 +0000","<a href=""http://itunes.apple.com/us/app/twitter/id409789998?mt=12"" rel=""nofollow"">Twitter for Mac</a>","RT @adamloving: 87 absolutely epic photos http://b.qr.ae/lYzSph /via @shaunacausey"
"85917489866870784","","","","","2011-06-29 03:48:20 +0000","<a href=""http://flickr.com/services/twitter/"" rel=""nofollow"">Flickr</a>","8:36pm Planning evening work since @Kellianne got the hall pass to go out http://flic.kr/p/9XUunq"
"85898454785724416","","","","","2011-06-29 02:32:42 +0000","<a href=""http://twitter.com/download/iphone"" rel=""nofollow"">Twitter for iPhone</a>","You know that part of your brain that tries to make sense of everything in real time as it happens? Turn it off. Run it once a week/year."
"85846139076755458","","","","","2011-06-28 23:04:49 +0000","<a href=""http://www.fitbit.com"" rel=""nofollow"">Fitbit</a>","My avg. daily fitbit #fitstats for last week: 8,052 steps and 4 miles traveled. http://www.fitbit.com/user/229KX2"
"85789074497077249","85786829210664960","321445378","","","2011-06-28 19:18:03 +0000","<a href=""http://itunes.apple.com/us/app/twitter/id409789998?mt=12"" rel=""nofollow"">Twitter for Mac</a>","@ZaarlyAdam Waiting to try it out before judging... looks like there's a lot there, though."
"85757668366626817","","","","","2011-06-28 17:13:16 +0000","<a href=""http://itunes.apple.com/us/app/twitter/id409789998?mt=12"" rel=""nofollow"">Twitter for Mac</a>","Google+ looks big and interesting. http://t.co/qs7Oy5t","http://techcrunch.com/2011/06/28/google-plus"
"85730528376000513","85728697755242496","786818","","","2011-06-28 15:25:25 +0000","<a href=""http://twitter.com/download/iphone"" rel=""nofollow"">Twitter for iPhone</a>","@webwright Gods be with you."
"85562615614545920","","","","","2011-06-28 04:18:11 +0000","<a href=""http://flickr.com/services/twitter/"" rel=""nofollow"">Flickr</a>","8:36pm Was playing my sister on Hanging With Friends. http://flic.kr/p/9XAhp5"
"85539545935917058","","","","","2011-06-28 02:46:31 +0000","<a href=""http://instagr.am"" rel=""nofollow"">Instagram</a>","Figured out the lamp button  @ The Broadmore http://instagr.am/p/Gh6hN/"
"85520271406137344","85518513904697344","23044672","","","2011-06-28 01:29:56 +0000","<a href=""http://itunes.apple.com/us/app/twitter/id409789998?mt=12"" rel=""nofollow"">Twitter for Mac</a>","@nickjenkin Yes, you do win.  You win.  By a lot."
"85426830206713858","85426577546035200","10959642","","","2011-06-27 19:18:38 +0000","<a href=""http://itunes.apple.com/us/app/twitter/id409789998?mt=12"" rel=""nofollow"">Twitter for Mac</a>","@tara What Google Calendar tasks are you creating, in particular? /cc @ifttt"
"85425980935639041","","","","","2011-06-27 19:15:15 +0000","<a href=""http://itunes.apple.com/us/app/twitter/id409789998?mt=12"" rel=""nofollow"">Twitter for Mac</a>","3 engines for love and business http://t.co/1fVB8aS","http://bustr.tumblr.com/post/6982238570/3-engines-for-love-and-business"
"85393856329285634","85393383811596289","9446832","","","2011-06-27 17:07:36 +0000","<a href=""http://itunes.apple.com/us/app/twitter/id409789998?mt=12"" rel=""nofollow"">Twitter for Mac</a>","@SarahMoran Weird. Okay, I'll keep my eyes open for what might have caused that..."
"85389787376267265","85389099267145728","9446832","","","2011-06-27 16:51:26 +0000","<a href=""http://itunes.apple.com/us/app/twitter/id409789998?mt=12"" rel=""nofollow"">Twitter for Mac</a>","@SarahMoran Can you try again and I'll watch the logs. Let me know when you get the error."
"85386154362421248","85296920725168129","8074932","","","2011-06-27 16:37:00 +0000","<a href=""http://itunes.apple.com/us/app/twitter/id409789998?mt=12"" rel=""nofollow"">Twitter for Mac</a>","@stevehopkins @rosshill @sarahmoran Was the site entirely down or just unable to log in? Trying to figure out where it broke."
"85190906440982528","","","","","2011-06-27 03:41:09 +0000","<a href=""http://flickr.com/services/twitter/"" rel=""nofollow"">Flickr</a>","8:36pm Light reading on Buddhism, 80% of which I like, and 20% which truly bugs me http://flic.kr/p/9Xe2Lq"
"85154934164701184","85153723994742784","7357082","","","2011-06-27 01:18:13 +0000","<a href=""http://itunes.apple.com/us/app/twitter/id409789998?mt=12"" rel=""nofollow"">Twitter for Mac</a>","@designmary @technotheory Noted, oh so noted (and in progress right now). /cc @jensmccabe @curiousjordy"
"85152607806566401","","","","","2011-06-27 01:08:58 +0000","<a href=""http://itunes.apple.com/us/app/twitter/id409789998?mt=12"" rel=""nofollow"">Twitter for Mac</a>","""We are all quite vulnerable, like cream puffs, crisp on the outside but fragile inside and very sweet."" - Sylvia Boorstein"
"85088889555005440","85070016772444160","78429421","","","2011-06-26 20:55:46 +0000","<a href=""http://itunes.apple.com/us/app/twitter/id409789998?mt=12"" rel=""nofollow"">Twitter for Mac</a>","@kaigradert Thanks! How did you find it?"
"84827884455342081","","","","","2011-06-26 03:38:38 +0000","<a href=""http://flickr.com/services/twitter/"" rel=""nofollow"">Flickr</a>","8:36pm Surprise friend dinner times! http://flic.kr/p/9WPqW4"
"84783775837462528","84783429912244224","15887536","","","2011-06-26 00:43:22 +0000","<a href=""http://itunes.apple.com/us/app/twitter/id409789998?mt=12"" rel=""nofollow"">Twitter for Mac</a>","@bugcounter Okay, but I know that lots of people treat the inbox as you do... I'm weird in that I keep things as unread until I act on them."
"84781861255131137","84781605666824192","15887536","","","2011-06-26 00:35:45 +0000","<a href=""http://itunes.apple.com/us/app/twitter/id409789998?mt=12"" rel=""nofollow"">Twitter for Mac</a>","@bugcounter No, it's the inbox count. So, what you're after. I just need to track the daily change in that number."
"84780787106455552","84780523964219393","15887536","","","2011-06-26 00:31:29 +0000","<a href=""http://itunes.apple.com/us/app/twitter/id409789998?mt=12"" rel=""nofollow"">Twitter for Mac</a>","@bugcounter Ah, so I can just look at the total number of messages in the inbox. I do track it... just need to surface info better."
"84779468765409280","84771153704521728","15887536","","","2011-06-26 00:26:15 +0000","<a href=""http://itunes.apple.com/us/app/twitter/id409789998?mt=12"" rel=""nofollow"">Twitter for Mac</a>","@bugcounter Yeah, unfortunately there's no easy way to know if a read email needs action or not. How do you tell?"
"84768074045210624","","","","","2011-06-25 23:40:58 +0000","<a href=""http://itunes.apple.com/us/app/twitter/id409789998?mt=12"" rel=""nofollow"">Twitter for Mac</a>","@gwenbell I love Seth's talks on the Lizard Brain, and Steve Pressfield's War of Art that calls it the Resistance!"
"84757243358228480","","","","","2011-06-25 22:57:56 +0000","<a href=""http://itunes.apple.com/us/app/twitter/id409789998?mt=12"" rel=""nofollow"">Twitter for Mac</a>","Amygdala hijack: emotional responses which are out of measure with the actual threat bc they've triggered a much stronger emotional threat."
"84743528009302016","","1000","","","2011-06-25 22:03:26 +0000","<a href=""http://itunes.apple.com/us/app/twitter/id409789998?mt=12"" rel=""nofollow"">Twitter for Mac</a>","@curiousjordy Great demo!  (I watched on the live stream).  Also, great new dojo.com features! /cc @500startups"
"84736525824303104","","","","","2011-06-25 21:35:36 +0000","<a href=""http://itunes.apple.com/us/app/twitter/id409789998?mt=12"" rel=""nofollow"">Twitter for Mac</a>","Watch @jensmccabe, @curiousjordy, and others live! RT @500startups: Live now http://t.co/QPxiTLc Design a Healthy Startup: Prevent Burn Out","http://livestream.com/500startups"
"84729373655171072","84727595912011776","6608642","","","2011-06-25 21:07:11 +0000","<a href=""http://itunes.apple.com/us/app/twitter/id409789998?mt=12"" rel=""nofollow"">Twitter for Mac</a>","@action_jay Ha. It's not about shame, it's about awareness!  :)  But thanks for the plug."
"84726946914770944","","749863","","","2011-06-25 20:57:32 +0000","<a href=""http://itunes.apple.com/us/app/twitter/id409789998?mt=12"" rel=""nofollow"">Twitter for Mac</a>","@hotdogsladies I know you love to hate email. What do you think of this? http://t.co/uADjQcR","http://howsmyemail.com"
"84726455187148801","","","","","2011-06-25 20:55:35 +0000","<a href=""http://itunes.apple.com/us/app/twitter/id409789998?mt=12"" rel=""nofollow"">Twitter for Mac</a>","Oh, and if anyone wants access to their public inbox stats via json, let me know."
"84726092870582272","84725928382574593","12061042","","","2011-06-25 20:54:09 +0000","<a href=""http://itunes.apple.com/us/app/twitter/id409789998?mt=12"" rel=""nofollow"">Twitter for Mac</a>","@ryanmcminn You're winning!"
"84725689886056448","","","","","2011-06-25 20:52:33 +0000","<a href=""http://itunes.apple.com/us/app/twitter/id409789998?mt=12"" rel=""nofollow"">Twitter for Mac</a>","@gwenbell Yup. Just a tiny side project. What do you think?"
"84723030915432448","","","","","2011-06-25 20:41:59 +0000","<a href=""http://itunes.apple.com/us/app/twitter/id409789998?mt=12"" rel=""nofollow"">Twitter for Mac</a>","Adding some commentary to people's public inbox counts on http://t.co/uADjQcR is pretty entertaining.","http://howsmyemail.com"
"84680573578252288","84674715872014336","26166039","","","2011-06-25 17:53:16 +0000","<a href=""http://itunes.apple.com/us/app/twitter/id409789998?mt=12"" rel=""nofollow"">Twitter for Mac</a>","@MeganWelling Awesome! What was our time 2 years ago? And how many beers did you drink? :)"
"84603821577338881","84593060062822400","7362142","","","2011-06-25 12:48:17 +0000","<a href=""http://twitter.com/download/iphone"" rel=""nofollow"">Twitter for iPhone</a>","@kellianne I can't believe you went in there!"
"84507212805967872","","66561957","","","2011-06-25 06:24:24 +0000","<a href=""http://twitter.com/download/iphone"" rel=""nofollow"">Twitter for iPhone</a>","@therealzooeyd PS What is the name of that roller blading body suit at the end? & did you really do that?"
"84499134962343936","84496816309149696","66561957","","","2011-06-25 05:52:18 +0000","<a href=""http://twitter.com/download/iphone"" rel=""nofollow"">Twitter for iPhone</a>","@therealzooeyd Surreal rewatching Yes Man with wifey @Kellianne and seeing tweets from you at same time. What a good movie!"
"84484567028867073","84484261310238721","15019184","","","2011-06-25 04:54:25 +0000","<a href=""http://twitter.com/download/iphone"" rel=""nofollow"">Twitter for iPhone</a>","@heyamberrae Me too! And also, when I'm stressed I fall behind on email."
"84483703908216832","84482987118428160","15019184","","","2011-06-25 04:50:59 +0000","<a href=""http://twitter.com/download/iphone"" rel=""nofollow"">Twitter for iPhone</a>","@heyamberrae Since I've started tracking I've noticed a connection between the # unread and my stress level. Very unscientific though!"
"84483105729159168","84482825579012096","15019184","","","2011-06-25 04:48:36 +0000","<a href=""http://twitter.com/download/iphone"" rel=""nofollow"">Twitter for iPhone</a>","@heyamberrae Yes, unread is the total unread, but sent and received is just today's count."
"84480825256706048","84480123700658176","15019184","","","2011-06-25 04:39:32 +0000","<a href=""http://twitter.com/download/iphone"" rel=""nofollow"">Twitter for iPhone</a>","@heyamberrae Just yesterday I was over 350... don't worry, no judgment! :) /cc @rosshill"
"84467477626634241","","","","","2011-06-25 03:46:30 +0000","<a href=""http://flickr.com/services/twitter/"" rel=""nofollow"">Flickr</a>","8:36pm White shoes, wet cement, crisp air, late light, nice walk http://flic.kr/p/9WA41f"
"84448092467888128","","","","","2011-06-25 02:29:28 +0000","<a href=""http://itunes.apple.com/us/app/twitter/id409789998?mt=12"" rel=""nofollow"">Twitter for Mac</a>","I &lt;3 coffee. Great video about caffeine: http://t.co/kLyBdrq","http://quietube.com/v.php/http://www.youtube.com/watch?v=OTVE5iPMKLg&eurl=http%3A%2F%2Fthenextweb.com%2Fshareables%2F2011%2F06%2F23%2Ffeel-guilty-about-your-caffeine-habit-find-out-why-coffee-is-the-greatest-addiction-&feature=player_embedded"
"84394866016133121","84374314752815104","21135674","","","2011-06-24 22:57:58 +0000","<a href=""http://itunes.apple.com/us/app/twitter/id409789998?mt=12"" rel=""nofollow"">Twitter for Mac</a>","Loved finally meeting @e_ramirez, but easily lost my mayorship on being the biggest #quantifiedself fanatic around these parts."
"84336388018929664","","","84307114683678720","255784266","2011-06-24 19:05:36 +0000","<a href=""http://twitter.com/download/iphone"" rel=""nofollow"">Twitter for iPhone</a>","RT @GeekWireNews: Hark brings images to famous movie quotes, continues to build audio clip library http://goo.gl/fb/bNHYk"
"84328783011786752","84328537951186944","521","","","2011-06-24 18:35:23 +0000","<a href=""http://itunes.apple.com/us/app/twitter/id409789998?mt=12"" rel=""nofollow"">Twitter for Mac</a>","@gerwitz Okay, I'll look into better handling that use case soon. Had never heard of it before. :)"
"84328001319342080","84324001035468800","16376925","","","2011-06-24 18:32:16 +0000","<a href=""http://itunes.apple.com/us/app/twitter/id409789998?mt=12"" rel=""nofollow"">Twitter for Mac</a>","@jplattel Weird. So how did you change the name of it in the first place? Is it still possible to do that?"
"84327747907891200","84327075552575488","521","","","2011-06-24 18:31:16 +0000","<a href=""http://itunes.apple.com/us/app/twitter/id409789998?mt=12"" rel=""nofollow"">Twitter for Mac</a>","@gerwitz I think it's because one of your folders (ie ""All Mail"") has had its name changed or is in another language. Is that possible?"
"84323677960814593","84323384858652672","16376925","","","2011-06-24 18:15:06 +0000","<a href=""http://itunes.apple.com/us/app/twitter/id409789998?mt=12"" rel=""nofollow"">Twitter for Mac</a>","@jplattel If you want it to work, yes.  :)  Or, wait for me to come up with a more clever solution."
"84323184047960064","84322645079887874","16376925","","","2011-06-24 18:13:08 +0000","<a href=""http://itunes.apple.com/us/app/twitter/id409789998?mt=12"" rel=""nofollow"">Twitter for Mac</a>","@jplattel Ah. Is that a personal setting or a translation?"
"84322409674571776","84322215608320000","16376925","","","2011-06-24 18:10:03 +0000","<a href=""http://itunes.apple.com/us/app/twitter/id409789998?mt=12"" rel=""nofollow"">Twitter for Mac</a>","@jplattel I see the error in the logs. It's saying you don't have a Trash folder. Are you on gmail or google apps?"
"84321717102706691","84321499170865153","16376925","","","2011-06-24 18:07:18 +0000","<a href=""http://itunes.apple.com/us/app/twitter/id409789998?mt=12"" rel=""nofollow"">Twitter for Mac</a>","@jplattel Did you get an error on my side?  I'm also pushing a few bug fixes and the server might have hiccuped. Try again in a minute?"
"84319157809709056","84318893430153216","2039761","","","2011-06-24 17:57:08 +0000","<a href=""http://itunes.apple.com/us/app/twitter/id409789998?mt=12"" rel=""nofollow"">Twitter for Mac</a>","@kylebragger Awesome. Working on a few bugs now that it's out there. If it errors, try again in a bit. And let me know what you think!"
"84317836905938944","","","","","2011-06-24 17:51:53 +0000","<a href=""http://itunes.apple.com/us/app/twitter/id409789998?mt=12"" rel=""nofollow"">Twitter for Mac</a>","If you want to be part of my experiment to see if publishing your unread inbox count is interesting at all, check this: http://t.co/zUPJTU8","http://bustr.tumblr.com/post/6871263444/howsmyemail-mvp"
"84119667534331904","","","","","2011-06-24 04:44:26 +0000","<a href=""http://flickr.com/services/twitter/"" rel=""nofollow"">Flickr</a>","8:36pm My brain just wants to lollygag in 0s and 1s http://flic.kr/p/9WhydM"
"83956990157660160","83956305647251457","814343","","","2011-06-23 17:58:00 +0000","<a href=""http://itunes.apple.com/us/app/twitter/id409789998?mt=12"" rel=""nofollow"">Twitter for Mac</a>","@samkim Great meeting you too! Yes, definitely come visit any time! We're near Whole Foods on Denny... not too far from you."
"83870504368357376","","","83376933697626112","13643152","2011-06-23 12:14:21 +0000","<a href=""http://twitter.com/download/iphone"" rel=""nofollow"">Twitter for iPhone</a>","RT @ldubs: New goal: a TED talk a day. Working my way through this awesome engagement-ranked spreadsheet by @PostRank: http://bit.ly/mf1hdx"
"83781542278725632","","","","","2011-06-23 06:20:50 +0000","<a href=""http://twitter.com/download/iphone"" rel=""nofollow"">Twitter for iPhone</a>","Go PopCap!"
"83753118231314434","","","","","2011-06-23 04:27:54 +0000","<a href=""http://flickr.com/services/twitter/"" rel=""nofollow"">Flickr</a>","8:36pm Schmoozing at the #geekwire launch party. http://flic.kr/p/9VZRB6"
"83625553508306944","83616709755404288","1054551","","","2011-06-22 20:01:00 +0000","<a href=""http://itunes.apple.com/us/app/twitter/id409789998?mt=12"" rel=""nofollow"">Twitter for Mac</a>","@tikkers @chasing I think all we have so far in that field is what NOT to do.  :)"
"83409801027137536","83409212121677825","19054503","","","2011-06-22 05:43:40 +0000","<a href=""http://itunes.apple.com/us/app/twitter/id409789998?mt=12"" rel=""nofollow"">Twitter for Mac</a>","@ChavaRisa Ha. Okay, I have a bad iPhoning-from-bed habit... :)"
"83408561811623938","","","","","2011-06-22 05:38:45 +0000","<a href=""http://twitter.com/download/iphone"" rel=""nofollow"">Twitter for iPhone</a>","This sounds awesome. A camera that takes pictures which can be refocused after the fact. http://t.co/JFztulL","http://cultr.me/jkhawV"
"83389398653210624","","","","","2011-06-22 04:22:36 +0000","<a href=""http://flickr.com/services/twitter/"" rel=""nofollow"">Flickr</a>","8:36pm Already in bed. http://flic.kr/p/9VKQcj"
"83315957715566592","83234334710046722","772386","","","2011-06-21 23:30:46 +0000","<a href=""http://twitter.com/download/iphone"" rel=""nofollow"">Twitter for iPhone</a>","@willotoons Yes, come visit!! /cc @somnambulant @jcroft @ryanmcminn"
"83309543798480899","","","","","2011-06-21 23:05:17 +0000","<a href=""http://www.fitbit.com"" rel=""nofollow"">Fitbit</a>","My avg. daily fitbit #fitstats for last week: 4,858 steps and 3 miles traveled. http://www.fitbit.com/user/229KX2"
"83287589603385344","","","83282108960874496","10638782","2011-06-21 21:38:03 +0000","<a href=""http://itunes.apple.com/us/app/twitter/id409789998?mt=12"" rel=""nofollow"">Twitter for Mac</a>","RT @danmartell: Which of the four are getting in the way? http://awe.sm/5N71u"
"83235027432902656","","","","","2011-06-21 18:09:11 +0000","<a href=""http://itunes.apple.com/us/app/twitter/id409789998?mt=12"" rel=""nofollow"">Twitter for Mac</a>","Woah. @giantthinkwell made a Facebook game with Sir Mix-a-lot. I passed the first level! (barely) http://t.co/dOiN6Vz","http://www.geekwire.com/2011/giant-thinkwell-scores-cash-partners-sir-mixalot-facebook-game"
"83231535867772928","","","","","2011-06-21 17:55:19 +0000","<a href=""http://plancast.com"" rel=""nofollow"">Plancast</a>","I've made plans for GeekWire Launch Party: Get Your Geek On http://planca.st/g6v"
"83230501380427776","83230309746880512","761975","","","2011-06-21 17:51:12 +0000","<a href=""http://itunes.apple.com/us/app/twitter/id409789998?mt=12"" rel=""nofollow"">Twitter for Mac</a>","@mathowie Yeah, I totally get that. Stay tuned for the mobile app I'm working on now... it will solve that problem!"
"83229874000642048","83186813354782720","19853","","","2011-06-21 17:48:42 +0000","<a href=""http://itunes.apple.com/us/app/twitter/id409789998?mt=12"" rel=""nofollow"">Twitter for Mac</a>","@rk Hm... that's not what I use it for, unless it's technical in nature. But maybe I'm using it wrong?"
"83229457581740032","83229107931987969","761975","","","2011-06-21 17:47:03 +0000","<a href=""http://itunes.apple.com/us/app/twitter/id409789998?mt=12"" rel=""nofollow"">Twitter for Mac</a>","@mathowie Would modifying your rules to be 5 days a week rather than every day work? Or do you mean even with filling out the day?"
"83050768650870785","83049632279695360","14512728","","","2011-06-21 05:57:00 +0000","<a href=""http://itunes.apple.com/us/app/twitter/id409789998?mt=12"" rel=""nofollow"">Twitter for Mac</a>","@paulschantz You got it!"
"83050558042279937","83048295580188672","761628","","","2011-06-21 05:56:10 +0000","<a href=""http://itunes.apple.com/us/app/twitter/id409789998?mt=12"" rel=""nofollow"">Twitter for Mac</a>","@RickWebb I never have seen him. But feel weird about him and Fleet Foxes releasing new music in the summer. Feels wrong."
"83047515494158337","83046173073616896","761628","","","2011-06-21 05:44:05 +0000","<a href=""http://itunes.apple.com/us/app/twitter/id409789998?mt=12"" rel=""nofollow"">Twitter for Mac</a>","@RickWebb If you count 7 backup clappers. Did you buy the album or stream it somewhere?"
"83045402521239552","83045182286725120","75079616","","","2011-06-21 05:35:41 +0000","<a href=""http://itunes.apple.com/us/app/twitter/id409789998?mt=12"" rel=""nofollow"">Twitter for Mac</a>","@ifttt I actually would LOVE for it to work for private notes. I have a private group that needs emails for new notes."
"83044873434963968","83043681132748801","75079616","","","2011-06-21 05:33:35 +0000","<a href=""http://itunes.apple.com/us/app/twitter/id409789998?mt=12"" rel=""nofollow"">Twitter for Mac</a>","@ifttt I agree!  :)  Also, how about triggers for new notes in Evernote?"
"83039280603217920","83037672737751040","75079616","","","2011-06-21 05:11:21 +0000","<a href=""http://itunes.apple.com/us/app/twitter/id409789998?mt=12"" rel=""nofollow"">Twitter for Mac</a>","@ifttt like generic webhooks perhaps? I've been so patient too!  /cc @tara"
"83024061982195713","","","","","2011-06-21 04:10:53 +0000","<a href=""http://itunes.apple.com/us/app/twitter/id409789998?mt=12"" rel=""nofollow"">Twitter for Mac</a>","I wish @snopes did customer service or an advice column that you could write to for research on any old ""fact""."
"83018433427537920","","","","","2011-06-21 03:48:31 +0000","<a href=""http://flickr.com/services/twitter/"" rel=""nofollow"">Flickr</a>","8:36pm Walking is fun http://flic.kr/p/9VrEfs"
"82970684724228097","","","","","2011-06-21 00:38:47 +0000","<a href=""http://twitter.com/download/iphone"" rel=""nofollow"">Twitter for iPhone</a>","Someone make a @foursquare + @zaarly hitchhiking app for long days with baby where we're 2 buses from home."
"82872888042061824","82861923649064960","4041701","","","2011-06-20 18:10:10 +0000","<a href=""http://itunes.apple.com/us/app/twitter/id409789998?mt=12"" rel=""nofollow"">Twitter for Mac</a>","@bsharpe Thanks! I promise I didn't speak with all the typos though. :)"
"82866257870848000","82865844832571392","216099304","","","2011-06-20 17:43:50 +0000","<a href=""http://itunes.apple.com/us/app/twitter/id409789998?mt=12"" rel=""nofollow"">Twitter for Mac</a>","@minigroupnews AWESOME. You know, I've looked everywhere and can't find anyone doing what you're doing as well as you're doing it. :)"
"82862640505958400","","216099304","","","2011-06-20 17:29:27 +0000","<a href=""http://itunes.apple.com/us/app/twitter/id409789998?mt=12"" rel=""nofollow"">Twitter for Mac</a>","@minigroupnews I *love* your app. The only feature I need to switch from another app is post via email. Any chance?"
"82858684161589248","","","","","2011-06-20 17:13:44 +0000","<a href=""http://itunes.apple.com/us/app/twitter/id409789998?mt=12"" rel=""nofollow"">Twitter for Mac</a>","Wanna know my true thoughts on #gamification? Check this interview with @ebruenner http://t.co/s5GD0tZ (full transcript http://t.co/fsQ8mjm)","http://gamification.co/2011/06/20/interview-the-cyborgification-of-humanity/","http://gamification.co/2011/06/20/full-interview-pirates-zombies-and-the-cyborgification-of-humanity/"
"82683877373644800","","","82658291670454272","2529971","2011-06-20 05:39:07 +0000","<a href=""http://twitter.com/#!/download/ipad"" rel=""nofollow"">Twitter for iPad</a>","RT @cdixon: Founder/market fit http://t.co/7D55nwG","http://bit.ly/kyMVwv"
"82655636533411840","","","","","2011-06-20 03:46:54 +0000","<a href=""http://flickr.com/services/twitter/"" rel=""nofollow"">Flickr</a>","8:36pm Watching Doctor Who and eating take-out. Yup, tired. http://flic.kr/p/9V6srL"
"82540915289358336","","","","","2011-06-19 20:11:02 +0000","<a href=""http://instagr.am"" rel=""nofollow"">Instagram</a>","Headed to the Phillies game in gear @Kellianne's bro got us http://instagr.am/p/GBn4p/"
"82334492429266945","","","","","2011-06-19 06:30:47 +0000","<a href=""http://itunes.apple.com/us/app/twitter/id409789998?mt=12"" rel=""nofollow"">Twitter for Mac</a>","How can these 2 features not co-exist in any product? 1) easy capture of web pages + fwded emails 2) post shared stuff to a private group."
"82329873116430336","","13837292","","","2011-06-19 06:12:26 +0000","<a href=""http://itunes.apple.com/us/app/twitter/id409789998?mt=12"" rel=""nofollow"">Twitter for Mac</a>","@evernote Is there a way to automatically send new notes to an email address?  That would be awesome."
"82299069921366016","","","","","2011-06-19 04:10:01 +0000","<a href=""http://flickr.com/services/twitter/"" rel=""nofollow"">Flickr</a>","8:36pm Rehashing our days, debating who is going out to show @kellianne's bro and girlfriend Cappy Hill http://flic.kr/p/9UJAgy"
"82269448190443521","82255696657252352","10779372","","","2011-06-19 02:12:19 +0000","<a href=""http://twitter.com/download/iphone"" rel=""nofollow"">Twitter for iPhone</a>","@ohmyerica Yes! Let me know if there's any trouble."
"82233458381950976","82230241954770944","14258044","","","2011-06-18 23:49:18 +0000","<a href=""http://itunes.apple.com/us/app/twitter/id409789998?mt=12"" rel=""nofollow"">Twitter for Mac</a>","@jensmccabe Yes, you should definitely hang out with @michellebee @austingeidt!Just add it to the top of the to-do list. :)"
"81959227446403072","","","","","2011-06-18 05:39:37 +0000","<a href=""http://itunes.apple.com/us/app/twitter/id409789998?mt=12"" rel=""nofollow"">Twitter for Mac</a>","""Are we being good ancestors?"" - Jonas Salk.  Love this question regarding the clock designed to run 10,000 years. Next time I'm in Texas..."
"81957920270585857","","","81957304026664960","21678279","2011-06-18 05:34:25 +0000","<a href=""http://itunes.apple.com/us/app/twitter/id409789998?mt=12"" rel=""nofollow"">Twitter for Mac</a>","RT @agaricus: Kevin Kelly on the Clock of the long now: http://t.co/P0lxePx.","http://www.kk.org/thetechnium/archives/2011/06/the_clock_in_th.php"
"81891930065219585","81885919526916096","21135674","","","2011-06-18 01:12:12 +0000","<a href=""http://itunes.apple.com/us/app/twitter/id409789998?mt=12"" rel=""nofollow"">Twitter for Mac</a>","@e_ramirez Great article, by the way. Thanks for passing it along! /cc @erigentry @emilyhackel"
"81891629912436736","","","","","2011-06-18 01:11:00 +0000","<a href=""http://itunes.apple.com/us/app/twitter/id409789998?mt=12"" rel=""nofollow"">Twitter for Mac</a>","MVPs for health are not very M. RT @e_ramirez: Healthcare startup? Think about ways to deliver positive good: http://t.co/Jry2QbV","http://j.mp/jLW0Wa"
"81761035849170944","","","81756737622913025","1081","2011-06-17 16:32:04 +0000","<a href=""http://twitter.com/download/iphone"" rel=""nofollow"">Twitter for iPhone</a>","RT @davemcclure: Hell Yes, Mayor Bloomberg. I?m With?You. http://t.co/ODwKc3k via @techcrunch","http://tcrn.ch/lHfuq2"
"81714258051731457","","","","","2011-06-17 13:26:11 +0000","<a href=""http://twitter.com/download/iphone"" rel=""nofollow"">Twitter for iPhone</a>","Has anyone bought any? RT @kowitz: The 2 best articles on Bitcoin: Economist http://t.co/fl2HcLL & Atlantic http://t.co/tMcpRah /via @tempo","http://econ.st/iszfZO","http://bit.ly/k7xLzQ"
"81707258324582401","","","","","2011-06-17 12:58:23 +0000","<a href=""http://twitter.com/download/iphone"" rel=""nofollow"">Twitter for iPhone</a>","When did you first get wowed by the Internet? Record your story.  http://t.co/R3I2Oed /by the always inspiring @fraying","http://onthenetwork.tumblr.com/post/6615284094/otn-call-for-first-net-stories"
"81702393724678144","81630393748553728","6629572","","","2011-06-17 12:39:03 +0000","<a href=""http://twitter.com/download/iphone"" rel=""nofollow"">Twitter for iPhone</a>","@jheitzeb Nice. I love that. Go Seattle! :)"
"81606906652794880","81594217910120448","10638782","","","2011-06-17 06:19:37 +0000","<a href=""http://twitter.com/download/iphone"" rel=""nofollow"">Twitter for iPhone</a>","@danmartell @wilschroter I did it with @healthmonth... definitely not impossible if you set out with that exact goal."
"81575762163023872","","","","","2011-06-17 04:15:51 +0000","<a href=""http://flickr.com/services/twitter/"" rel=""nofollow"">Flickr</a>","8:36pm Hanging with Kellianne's bro Joe and his girlfriend Becca http://flic.kr/p/9UcbAd"
"81218822996115457","","","","","2011-06-16 04:37:31 +0000","<a href=""http://flickr.com/services/twitter/"" rel=""nofollow"">Flickr</a>","8:36pm Walking home after a good meeting and a good day! http://flic.kr/p/9TVT81"
"80899125108932608","80856888912265216","12495752","","","2011-06-15 07:27:09 +0000","<a href=""http://twitter.com/download/iphone"" rel=""nofollow"">Twitter for iPhone</a>","@leshill Yeah, I think my new Doctor Who obsession only makes them creepier. PS thanks for that post on resque. I'll be switching over soon!"
"80842084231282688","","","","","2011-06-15 03:40:29 +0000","<a href=""http://flickr.com/services/twitter/"" rel=""nofollow"">Flickr</a>","8:36pm On a productive streak with work but stayed a bit late and these heads started to look creepier http://flic.kr/p/9TCueQ"
"80775095446020096","80774958506196992","14620776","","","2011-06-14 23:14:18 +0000","<a href=""http://itunes.apple.com/us/app/twitter/id409789998?mt=12"" rel=""nofollow"">Twitter for Mac</a>","@ellenchisa Love it!  (when I remember to wear it)"
"80774957780582400","80773598708641792","19127622","","","2011-06-14 23:13:45 +0000","<a href=""http://itunes.apple.com/us/app/twitter/id409789998?mt=12"" rel=""nofollow"">Twitter for Mac</a>","@krgaskins Haha, yeah, try to top that!"
"80772954727792640","80772709121933312","7943892","","","2011-06-14 23:05:47 +0000","<a href=""http://itunes.apple.com/us/app/twitter/id409789998?mt=12"" rel=""nofollow"">Twitter for Mac</a>","@ingopixel Haha, yeah, apparently.  Or maybe I forgot to wear my Fitbit this week.  :)"
"80706678118547456","","","","","2011-06-14 18:42:26 +0000","<a href=""http://itunes.apple.com/us/app/twitter/id409789998?mt=12"" rel=""nofollow"">Twitter for Mac</a>","""Our parents took photos to try to hold on to the past. We take photos to create the present."" True or false? http://t.co/YsVRgCI /via @msg","http://cloudhead.headmine.net/post/273997836/realtime"
"80489044861136897","","","","","2011-06-14 04:17:38 +0000","<a href=""http://flickr.com/services/twitter/"" rel=""nofollow"">Flickr</a>","8:36pm At Matt's with Kellianne and her old friend Pete http://flic.kr/p/9TgAWB"
"80359817667035136","80359332566413312","15275073","","","2011-06-13 19:44:08 +0000","<a href=""http://itunes.apple.com/us/app/twitter/id409789998?mt=12"" rel=""nofollow"">Twitter for Mac</a>","@tberman @harryh I agree. Is detailed information incompatible with Wikipedia or is it just a matter of time before that's all in there too?"
"80358662308233216","80356948733722624","4558","","","2011-06-13 19:39:32 +0000","<a href=""http://itunes.apple.com/us/app/twitter/id409789998?mt=12"" rel=""nofollow"">Twitter for Mac</a>",".@harryh True, I guess I'm asking about facts. Which facts are outside the scope of Wikipedia? And where do we generally acquire them?"
"80356438081417216","","","","","2011-06-13 19:30:42 +0000","<a href=""http://itunes.apple.com/us/app/twitter/id409789998?mt=12"" rel=""nofollow"">Twitter for Mac</a>","What's something that you think is important to know that is *not* in Wikipedia? http://t.co/CvCW6Oo","http://xkcd.com/911/"
"80165546762579968","","","","","2011-06-13 06:52:10 +0000","<a href=""http://itunes.apple.com/us/app/twitter/id409789998?mt=12"" rel=""nofollow"">Twitter for Mac</a>","Love this idea! A Place for Rover: a way to find pet-sitters, or pets to sit: 

Article: http://t.co/jiA15CM
Site: http://t.co/FenxK2E","http://www.geekwire.com/2011/airbnb-pet-introducing-place-rover","http://aplaceforrover.com/9xmlr"
"80142550484258816","80107183697707009","752553","","","2011-06-13 05:20:47 +0000","<a href=""http://itunes.apple.com/us/app/twitter/id409789998?mt=12"" rel=""nofollow"">Twitter for Mac</a>","@rgcottrell Oh yeah? Season 4 was pretty great in my opinion. Is season 5 better?"
"80142434918608896","","","","","2011-06-13 05:20:20 +0000","<a href=""http://itunes.apple.com/us/app/twitter/id409789998?mt=12"" rel=""nofollow"">Twitter for Mac</a>","@arielist It's gonna be difficult to beat David Tennet's Doctor... but I'll give him the a chance with that bow tie."
"80117810134663168","","","","","2011-06-13 03:42:29 +0000","<a href=""http://flickr.com/services/twitter/"" rel=""nofollow"">Flickr</a>","8:36pm Escaped his pajamas http://flic.kr/p/9SWQC9"
"80078023696711680","","","","","2011-06-13 01:04:23 +0000","<a href=""http://itunes.apple.com/us/app/twitter/id409789998?mt=12"" rel=""nofollow"">Twitter for Mac</a>","Not sure how I went this long without watching Doctor Who. Amazing! Just finished the new season 4. And discovered this: http://t.co/Cqn5ecp","http://tardis.wikia.com/wiki/Doctor_Who_Wiki"
"79754611925323778","","","","","2011-06-12 03:39:15 +0000","<a href=""http://flickr.com/services/twitter/"" rel=""nofollow"">Flickr</a>","8:36pm Enjoying the extra sunlight http://flic.kr/p/9SxntV"
"79729179121291264","","","79721678741045248","780991","2011-06-12 01:58:12 +0000","<a href=""http://itunes.apple.com/us/app/twitter/id409789998?mt=12"" rel=""nofollow"">Twitter for Mac</a>","RT @amyjokim: A Simple Exercise To Boost IQ (the n-back task, a well-known psychological task) http://bit.ly/lCu1Qi"
"79408410784825345","79399657209466880","14620776","","","2011-06-11 04:43:35 +0000","<a href=""http://twitter.com/download/iphone"" rel=""nofollow"">Twitter for iPhone</a>","@ellenchisa Awesome! Tell me more!"
"79394704931827713","","","","","2011-06-11 03:49:07 +0000","<a href=""http://flickr.com/services/twitter/"" rel=""nofollow"">Flickr</a>","8:36pm Date! Sans Niko for the night. Woah. http://flic.kr/p/9SgaCD"
"79335565606141952","","","","","2011-06-10 23:54:07 +0000","<a href=""http://twitter.com/download/iphone"" rel=""nofollow"">Twitter for iPhone</a>","What are your favorite mobile-optimized websites? AKA apps that you don't have to download."
"79331280768086016","","","","","2011-06-10 23:37:05 +0000","<a href=""http://twitter.com/download/iphone"" rel=""nofollow"">Twitter for iPhone</a>","Apps aren't bullshit, they are awesome. But the web is awesomer.   http://t.co/aBD9x4f /by @inck","http://inck.net/page.php?number=b8"
"79268937942048768","79255007756689409","20888004","","","2011-06-10 19:29:22 +0000","<a href=""http://twitter.com/download/iphone"" rel=""nofollow"">Twitter for iPhone</a>","@saegey Great meeting you too! Hope you end up doing Startup Weekend! Let me know what comes of it if you do."
"78667317139079170","","","","","2011-06-09 03:38:44 +0000","<a href=""http://flickr.com/services/twitter/"" rel=""nofollow"">Flickr</a>","8:36pm Niko's headed to bed and he's excited about it http://flic.kr/p/9RJ5EP"
"78583207200694273","78582534639845376","32232142","","","2011-06-08 22:04:31 +0000","<a href=""http://itunes.apple.com/us/app/twitter/id409789998?mt=12"" rel=""nofollow"">Twitter for Mac</a>","@naunihalpublic True! But Health Month is all about collaboration, not competition.  :)  There's a time and place for both."
"78581968534638592","","","","","2011-06-08 21:59:35 +0000","<a href=""http://itunes.apple.com/us/app/twitter/id409789998?mt=12"" rel=""nofollow"">Twitter for Mac</a>","New (very easy) Pomodoro Pushups challenge: http://t.co/56dcsbD 

& if you want to join: http://t.co/BPRcBeX","http://bustr.tumblr.com/post/6332085881/pomodoro-pushups","http://socialworkout.com/challenge/showRunning/5407"
"78339618289893376","78338150837125120","128375612","","","2011-06-08 05:56:35 +0000","<a href=""http://itunes.apple.com/us/app/twitter/id409789998?mt=12"" rel=""nofollow"">Twitter for Mac</a>","@CMaberly Absolutely!"
"78307634071089152","78305619857244160","16644937","","","2011-06-08 03:49:29 +0000","<a href=""http://itunes.apple.com/us/app/twitter/id409789998?mt=12"" rel=""nofollow"">Twitter for Mac</a>","@the_april Oh nooooooooo! How did the month escape me? & how do I escape the broccoli? Ai ai ai."
"78305044126117888","","","","","2011-06-08 03:39:12 +0000","<a href=""http://flickr.com/services/twitter/"" rel=""nofollow"">Flickr</a>","8:36pm Peeking back in after Niko's routine close the door in my face while cracking up goodnight http://flic.kr/p/9RqXaT"
"78279853085954049","","","","","2011-06-08 01:59:06 +0000","<a href=""http://itunes.apple.com/us/app/twitter/id409789998?mt=12"" rel=""nofollow"">Twitter for Mac</a>","Didn't realize that my With.me checkins were posting to Twitter. Can you make that a preference, @path? I'd use it a lot more if so..."
"78244256342474753","78237634538905600","4801351","","","2011-06-07 23:37:39 +0000","<a href=""http://itunes.apple.com/us/app/twitter/id409789998?mt=12"" rel=""nofollow"">Twitter for Mac</a>","@bcrimmins Haha, so would actually remembering to wear my Fitbit.  :)  But do send me info on Geeks on a Trail!"
"78235324446294016","","","","","2011-06-07 23:02:09 +0000","<a href=""http://www.fitbit.com"" rel=""nofollow"">Fitbit</a>","My avg. daily fitbit #fitstats for last week: 1,809 steps and 3.1 miles traveled. http://www.fitbit.com/user/229KX2"
"78178881445707776","78178203587461120","809641","","","2011-06-07 19:17:52 +0000","<a href=""http://itunes.apple.com/us/app/twitter/id409789998?mt=12"" rel=""nofollow"">Twitter for Mac</a>","@adamloving Nah, it's a well done prototype. Time will tell if the idea has wings... and now you'll know even sooner. :)"
"78173804802748417","","","","","2011-06-07 18:57:42 +0000","<a href=""http://itunes.apple.com/us/app/twitter/id409789998?mt=12"" rel=""nofollow"">Twitter for Mac</a>","Quite impressed with @path's new little person check-in app called With. http://t.co/UNgjbPE /cc @adamloving","http://blog.path.com/post/6288422944/introducing-with-a-path-short"
"78172185369395200","","","","","2011-06-07 18:51:16 +0000","<a href=""http://itunes.apple.com/us/app/twitter/id409789998?mt=12"" rel=""nofollow"">Twitter for Mac</a>","""We are willing to be misunderstood for very long periods of time."" - Jeff Bezos.

http://t.co/aF4n9Ck","http://www.geekwire.com/2011/amazons-bezos-innovation"
"78171638096601088","","","","","2011-06-07 18:49:05 +0000","<a href=""http://with.me"" rel=""nofollow"">With</a>","working w/ @jensmccabe http://with.me?gI"
"78164212177833984","","","","","2011-06-07 18:19:35 +0000","<a href=""http://itunes.apple.com/us/app/twitter/id409789998?mt=12"" rel=""nofollow"">Twitter for Mac</a>","Installed a Power Tower in the new office (http://t.co/GgZxbyT) and learned I can no longer do a pull-up. Gonna fix that! #healthmonth","http://www.amazon.com/gp/product/B002Y2SUU4/ref=as_li_ss_tl?ie=UTF8&tag=mockerybird&linkCode=as2&camp=217153&creative=399349&creativeASIN=B002Y2SUU4"
"77970289350279168","77967594556100608","246531241","","","2011-06-07 05:29:00 +0000","<a href=""http://twitter.com/download/iphone"" rel=""nofollow"">Twitter for iPhone</a>","@ameliagreenhall I would love to but would need to have a bit of notice to plan around Niko bedtime. When are you thinking?"
"77942810082418688","","","","","2011-06-07 03:39:48 +0000","<a href=""http://flickr.com/services/twitter/"" rel=""nofollow"">Flickr</a>","8:36pm Walking to El Mestizo for some take out. Letting my brain convert back from baby-think. http://flic.kr/p/9R7vHD"
"77877693919657984","","","","","2011-06-06 23:21:03 +0000","<a href=""http://twitter.com/download/iphone"" rel=""nofollow"">Twitter for iPhone</a>","True facts, when simplified or generalized, become false. AKA see every dumbed down news article about any new scientific study."
"77868113416302592","77853413601329152","14514761","","","2011-06-06 22:42:59 +0000","<a href=""http://itunes.apple.com/us/app/twitter/id409789998?mt=12"" rel=""nofollow"">Twitter for Mac</a>","@geriayn You're welcome! That mantra has been doing me lots of good lately as well. Pass it on!"
"77867780451483649","","","","","2011-06-06 22:41:40 +0000","<a href=""http://itunes.apple.com/us/app/twitter/id409789998?mt=12"" rel=""nofollow"">Twitter for Mac</a>","I always enjoy seeing others find true rewards. A lovely post-mortem. RT @archetyped: 750 Words: 296,923 Words Later http://t.co/nPFDlsm","http://bit.ly/m0oeWw"
"77804889123721216","","","77804441293688832","9395832","2011-06-06 18:31:45 +0000","<a href=""http://itunes.apple.com/us/app/twitter/id409789998?mt=12"" rel=""nofollow"">Twitter for Mac</a>","RT @dcurtis: Apple just pissed off:

Dropbox, 
Sparrow, 
Instapaper, 
Readability, 
Remember the Milk, 
Facebook, 
RIM, & 
the carriers. ..."
"77767145752240128","","","","","2011-06-06 16:01:47 +0000","<a href=""http://itunes.apple.com/us/app/twitter/id409789998?mt=12"" rel=""nofollow"">Twitter for Mac</a>","9 mind blowing facts: http://t.co/onbnyF6 via @MargaretWallace","http://huff.to/jamJ15"
"77581352450531329","","","","","2011-06-06 03:43:30 +0000","<a href=""http://flickr.com/services/twitter/"" rel=""nofollow"">Flickr</a>","8:36pm I really should be doing something more productive with my time http://flic.kr/p/9QKAen"
"77520923594457088","77461248924590080","246531241","","","2011-06-05 23:43:23 +0000","<a href=""http://twitter.com/download/iphone"" rel=""nofollow"">Twitter for iPhone</a>","@ameliagreenhall Unfortunately I've cheated already. Friends in town. June restarts right now! :) Are you using Health Month?"
"77218204883234816","","","","","2011-06-05 03:40:29 +0000","<a href=""http://flickr.com/services/twitter/"" rel=""nofollow"">Flickr</a>","8:36pm Talking dream jobs/lives with @rickwebb waiting for @jensmccabe http://flic.kr/p/9QnSXv"
"76873074821177344","","","","","2011-06-04 04:49:03 +0000","<a href=""http://flickr.com/services/twitter/"" rel=""nofollow"">Flickr</a>","8:36pm Talking farms, diamonds, and spousery http://flic.kr/p/9Q9GBs"
"76733149878566912","","","","","2011-06-03 19:33:03 +0000","<a href=""http://itunes.apple.com/us/app/twitter/id409789998?mt=12"" rel=""nofollow"">Twitter for Mac</a>","People who like @healthmonth but want to play against coworkers will probably like the new @keas: http://t.co/4z7BZMZ It looks good!","http://www.geekwire.com/2011/adam-bosworth-unveils-keas-turning-health-wellness-zyngastyle-game"
"76493103871168512","","","","","2011-06-03 03:39:11 +0000","<a href=""http://flickr.com/services/twitter/"" rel=""nofollow"">Flickr</a>","8:36pm Having Jen over for dinner. Sopor wants to be rescued. http://flic.kr/p/9PShdQ"
"76455690109075456","","","","","2011-06-03 01:10:31 +0000","<a href=""http://itunes.apple.com/us/app/twitter/id409789998?mt=12"" rel=""nofollow"">Twitter for Mac</a>","@gwenbell Awesome. I'll check in on Monday morning!"
"76444364120932353","","","","","2011-06-03 00:25:31 +0000","<a href=""http://itunes.apple.com/us/app/twitter/id409789998?mt=12"" rel=""nofollow"">Twitter for Mac</a>","@gwenbell Yes! Wanna meet up at a park on Monday if the weather is okay?"
"76441158892531712","","","","","2011-06-03 00:12:47 +0000","<a href=""http://itunes.apple.com/us/app/twitter/id409789998?mt=12"" rel=""nofollow"">Twitter for Mac</a>","Also, check out @ProjectDomino's inspiring new take on Self-Reliance, by Ralph Waldo Emerson http://t.co/YJOgD6e /via @heyamberrae","http://ralphwaldoemerson.me"
"76439041301680128","","","","","2011-06-03 00:04:22 +0000","<a href=""http://itunes.apple.com/us/app/twitter/id409789998?mt=12"" rel=""nofollow"">Twitter for Mac</a>","What?s one strong belief you possess that isn?t shared by your closest friends or family? http://t.co/bG1JUUN #trust30","http://bustr.tumblr.com/post/6123669132/dangerous-beliefs-trust30-and-self-reliance"
"76434387792695296","76339433598754816","50193","","","2011-06-02 23:45:52 +0000","<a href=""http://itunes.apple.com/us/app/twitter/id409789998?mt=12"" rel=""nofollow"">Twitter for Mac</a>","@gapingvoid Thanks! Yes, I'm a big fan of @t. And you as well. Social objects are rad."
"76379182195675136","","","","","2011-06-02 20:06:30 +0000","<a href=""http://itunes.apple.com/us/app/twitter/id409789998?mt=12"" rel=""nofollow"">Twitter for Mac</a>","Warning: statistics cause confusion in twins, who drink coffee, while exercising, 31% of the time. http://t.co/uSZeqpe by @jayparkinson","http://tumblr.com/x7v2t533uj"
"76133299814268928","","","","","2011-06-02 03:49:27 +0000","<a href=""http://flickr.com/services/twitter/"" rel=""nofollow"">Flickr</a>","8:36pm Remember when kids were camera-shy? What was that all about? http://flic.kr/p/9PvPyv"
"76108290668511232","76108036095229952","14803483","","","2011-06-02 02:10:05 +0000","<a href=""http://itunes.apple.com/us/app/twitter/id409789998?mt=12"" rel=""nofollow"">Twitter for Mac</a>","@evanjacobs Haha, good answer... brought me back to all-hands meetings from days of old. :)"
"76107682620252160","76107352641769473","4801351","","","2011-06-02 02:07:40 +0000","<a href=""http://itunes.apple.com/us/app/twitter/id409789998?mt=12"" rel=""nofollow"">Twitter for Mac</a>","@bcrimmins Let's say swampy lands."
"76105755887022080","","","","","2011-06-02 02:00:00 +0000","<a href=""http://itunes.apple.com/us/app/twitter/id409789998?mt=12"" rel=""nofollow"">Twitter for Mac</a>","Monkey vs octopus. Who would win?"
"75831716266254336","75797329499799552","14936359","","","2011-06-01 07:51:04 +0000","<a href=""http://twitter.com/download/iphone"" rel=""nofollow"">Twitter for iPhone</a>","@stephdub I can't hire you but I'll cheer you on! That's my dream job in an alternate universe!"
"75831466768072704","","","75796830620893184","36823","2011-06-01 07:50:05 +0000","<a href=""http://twitter.com/download/iphone"" rel=""nofollow"">Twitter for iPhone</a>","RT @anildash: Hmm. Apple's Twitter: http://2.dashes.com/jMIMnS"
