"tweet_id","in_reply_to_status_id","in_reply_to_user_id","retweeted_status_id","retweeted_status_user_id","timestamp","source","text","expanded_urls"
"64545937602772992","","","","","2011-05-01 04:25:25 +0000","<a href=""http://flickr.com/services/twitter/"" rel=""nofollow"">Flickr</a>","Ali&Todd wedding eve reunion http://flic.kr/p/9DsAKo"
"64500555548065793","","","","","2011-05-01 01:25:05 +0000","<a href=""http://twitter.com/download/iphone"" rel=""nofollow"">Twitter for iPhone</a>","Friends of @splangley, @tberman, and friends of friends all meeting at the Page at 8pm. Join us!"
"64489133925609472","64429715875831808","19853","","","2011-05-01 00:39:42 +0000","<a href=""http://twitter.com/download/iphone"" rel=""nofollow"">Twitter for iPhone</a>","@rk Kellianne and I are in! Excited to see everyone! (Niko has a sitter...)"
"64388927053770752","64387219250626560","12061042","","","2011-04-30 18:01:31 +0000","<a href=""http://twitter.com/download/iphone"" rel=""nofollow"">Twitter for iPhone</a>","@ryanmcminn Yes! You too?"
"64379198537596929","","","","","2011-04-30 17:22:51 +0000","<a href=""http://foursquare.com"" rel=""nofollow"">foursquare</a>","SEA -&gt; SFO for Ali's wedding! &kb,nb,20:traveling (@ Seattle-Tacoma International Airport (SEA) w/ 31 others) http://4sq.com/jmDBcJ"
"64172201947045888","","","","","2011-04-30 03:40:19 +0000","<a href=""http://flickr.com/services/twitter/"" rel=""nofollow"">Flickr</a>","8:36pm Bed time walking test failed http://flic.kr/p/9D8qe6"
"64019359152082944","64019141660647426","786818","","","2011-04-29 17:32:59 +0000","<a href=""http://itunes.apple.com/us/app/twitter/id409789998?mt=12"" rel=""nofollow"">Twitter for Mac</a>","@webwright You walked right into that one."
"63809651745112066","","","","","2011-04-29 03:39:41 +0000","<a href=""http://flickr.com/services/twitter/"" rel=""nofollow"">Flickr</a>","8:36pm Hanging out at Macchiavelli's bar waiting for @ingopixel and @kellianne http://flic.kr/p/9CSNZw"
"63808594071662592","","","","","2011-04-29 03:35:28 +0000","<a href=""http://twitter.com/download/iphone"" rel=""nofollow"">Twitter for iPhone</a>","What's the shortest period of time that you can reload the Twitter iPhone app and get the jagged cut off chasm thing? #nerdgames"
"63772498629627904","63627232760954881","809641","","","2011-04-29 01:12:03 +0000","<a href=""http://twitter.com/download/iphone"" rel=""nofollow"">Twitter for iPhone</a>","@adamloving That sounds cool! Let me know how I can help."
"63772311123275776","63716218103799809","18089120","","","2011-04-29 01:11:18 +0000","<a href=""http://twitter.com/download/iphone"" rel=""nofollow"">Twitter for iPhone</a>","@keithpi @dreeves @calbucci Very cool! I'm a little doubtful that they'd actually do this though."
"63731241219928064","63690363185004544","50417067","","","2011-04-28 22:28:06 +0000","<a href=""http://itunes.apple.com/us/app/twitter/id409789998?mt=12"" rel=""nofollow"">Twitter for Mac</a>","@martinzych You too, Martin! Thanks for coming out. Hope to see you at the next one?"
"63483842190778368","","","63401748534005760","7362142","2011-04-28 06:05:02 +0000","<a href=""http://twitter.com/download/iphone"" rel=""nofollow"">Twitter for iPhone</a>","RT @kellianne: Hot walker action. http://flic.kr/p/9CqGJU"
"63482784437649408","63460944776400896","14232711","","","2011-04-28 06:00:49 +0000","<a href=""http://twitter.com/download/iphone"" rel=""nofollow"">Twitter for iPhone</a>","@calbucci Great finally meeting you. Thanks for speaking too!"
"63460728253841408","","","","","2011-04-28 04:33:11 +0000","<a href=""http://flickr.com/services/twitter/"" rel=""nofollow"">Flickr</a>","8:36pm #QuantifiedSelf meetup in the house http://flic.kr/p/9CqqJc"
"63381481183129600","","","","","2011-04-27 23:18:17 +0000","<a href=""http://itunes.apple.com/us/app/twitter/id409789998?mt=12"" rel=""nofollow"">Twitter for Mac</a>","Come thirsty to tonight's @QuantifiedSelf meetup... we have double the drink tab to cover! http://t.co/z464HE0 #quantifieddrinks","http://www.meetup.com/Quantified-Self-Seattle/events/17112808/"
"63098480310226944","","","","","2011-04-27 04:33:44 +0000","<a href=""http://twitter.com/download/iphone"" rel=""nofollow"">Twitter for iPhone</a>","The fatal flaw of intelligence is that no matter how smart you are you can rationalize why everyone else is stupider than you."
"63095208996372480","","","","","2011-04-27 04:20:44 +0000","<a href=""http://flickr.com/services/twitter/"" rel=""nofollow"">Flickr</a>","8:36pm More bathtime hide and seek http://flic.kr/p/9C8Szk"
"63017655954714624","63015678352961536","45598477","","","2011-04-26 23:12:34 +0000","<a href=""http://itunes.apple.com/us/app/twitter/id409789998?mt=12"" rel=""nofollow"">Twitter for Mac</a>","@foursquareapi That's awesome! Any idea on how often the category tree changes/gets updated?"
"62960187635548160","","","","","2011-04-26 19:24:13 +0000","<a href=""http://itunes.apple.com/us/app/twitter/id409789998?mt=12"" rel=""nofollow"">Twitter for Mac</a>","Come to our 2nd ever Seattle @QuantifiedSelf meetup tomorrow at Spitfire at 6pm. Learn more! http://t.co/z464HE0 /cc @dreeves","http://www.meetup.com/Quantified-Self-Seattle/events/17112808/"
"62940900426387456","62940243808100354","786818","","","2011-04-26 18:07:34 +0000","<a href=""http://itunes.apple.com/us/app/twitter/id409789998?mt=12"" rel=""nofollow"">Twitter for Mac</a>","@webwright I'm in too! Now, how do you retrain an old brain that is addicted to pattern recognition?"
"62935627888472064","62931697318117376","6121912","","","2011-04-26 17:46:37 +0000","<a href=""http://itunes.apple.com/us/app/twitter/id409789998?mt=12"" rel=""nofollow"">Twitter for Mac</a>","@visnup And on the other hand, the edge moves so quickly that by the time you build for your time it's day is over. :)"
"62934405731201024","62922328731947009","786818","","","2011-04-26 17:41:46 +0000","<a href=""http://itunes.apple.com/us/app/twitter/id409789998?mt=12"" rel=""nofollow"">Twitter for Mac</a>","@webwright We don't buy based on actual value but on how far the price is from what we are used to for paying for similar things."
"62932074373464065","62929885714329601","786818","","","2011-04-26 17:32:30 +0000","<a href=""http://itunes.apple.com/us/app/twitter/id409789998?mt=12"" rel=""nofollow"">Twitter for Mac</a>","@webwright Well I definitely don't want to be behind the times. :) So maybe I should aim for ahead of time with the goal of being with it?"
"62929483384107008","","","","","2011-04-26 17:22:12 +0000","<a href=""http://timely.is"" rel=""nofollow"">Timely by Demandforce</a>","I'd rather be with my time than ahead of my time."
"62752836198473728","","","","","2011-04-26 05:40:16 +0000","<a href=""http://fivethings.me"" rel=""nofollow"">Fivethings.Me</a>","Recruited by @tempo to join Thor's Entourage! (Real life BFF). Sad to miss his bday extravaganza... have fun! http://5ts.me/hR5eg3"
"62729595283181568","","","","","2011-04-26 04:07:55 +0000","<a href=""http://flickr.com/services/twitter/"" rel=""nofollow"">Flickr</a>","8:36pm We opened the expensive bottle for no reason. Well there's always a reason. http://flic.kr/p/9BRnv7"
"62710877631168512","62710447337517056","722793","","","2011-04-26 02:53:32 +0000","<a href=""http://itunes.apple.com/us/app/twitter/id409789998?mt=12"" rel=""nofollow"">Twitter for Mac</a>","@jlongtine Ha. That's what I thought... but yes the data vis and ZQ sleep score are worth it if you like that kinda thing."
"62709687728087040","62709516671778816","722793","","","2011-04-26 02:48:49 +0000","<a href=""http://itunes.apple.com/us/app/twitter/id409789998?mt=12"" rel=""nofollow"">Twitter for Mac</a>","@jlongtine I love the @zeo! Had some connectivity issues but was pushing the 30-ft limit..."
"62694137840943104","62693992923529217","4558","","","2011-04-26 01:47:01 +0000","<a href=""http://itunes.apple.com/us/app/twitter/id409789998?mt=12"" rel=""nofollow"">Twitter for Mac</a>","@harryh I'd rather say quarter to B.  :)"
"62693732901855232","62693157170712576","4558","","","2011-04-26 01:45:25 +0000","<a href=""http://itunes.apple.com/us/app/twitter/id409789998?mt=12"" rel=""nofollow"">Twitter for Mac</a>","@harryh Seems like a harder sell since we'll then have to ask ""with or without time zones?"" which is what we're trying to avoid."
"62692855096942592","62691232001953792","4558","","","2011-04-26 01:41:56 +0000","<a href=""http://itunes.apple.com/us/app/twitter/id409789998?mt=12"" rel=""nofollow"">Twitter for Mac</a>","@harryh I like the idea. What can we do to start? Invent a new clock (A-X?) and start making watches that you can't change?"
"62590504210145280","62559072750272512","3032241","","","2011-04-25 18:55:13 +0000","<a href=""http://itunes.apple.com/us/app/twitter/id409789998?mt=12"" rel=""nofollow"">Twitter for Mac</a>","@bdotdub I did, but I was on my phone. I'll try again soon! Looks very cool."
"62556299191263234","62554607800426498","14095370","","","2011-04-25 16:39:18 +0000","<a href=""http://twitter.com/download/iphone"" rel=""nofollow"">Twitter for iPhone</a>","@OffbeatAriel So that's how the fashion industry stays in business!"
"62303583265234945","62301239173595136","7482","","","2011-04-24 23:55:06 +0000","<a href=""http://itunes.apple.com/us/app/twitter/id409789998?mt=12"" rel=""nofollow"">Twitter for Mac</a>","@arainert Sweet! So I'll build around it and turn it on as soon as it's available!"
"62273645711605761","62272934328270848","418","","","2011-04-24 21:56:08 +0000","<a href=""http://twitter.com/download/iphone"" rel=""nofollow"">Twitter for iPhone</a>","@dens I'd like to include 4sq in the sentence: ""Share this w/ your Facebook, Twitter, and Foursquare friends."" Esp when location's involved."
"62269674007695362","","","","","2011-04-24 21:40:21 +0000","<a href=""http://flickr.com/services/twitter/"" rel=""nofollow"">Flickr</a>","My @Foursquare wish of the day: urls in checkins were clickable http://flic.kr/p/9Bkace"
"61998722074157056","61998570701733888","15275073","","","2011-04-24 03:43:41 +0000","<a href=""http://twitter.com/download/iphone"" rel=""nofollow"">Twitter for iPhone</a>","@tberman For suuuuuure!"
"61997782533283840","","","","","2011-04-24 03:39:57 +0000","<a href=""http://flickr.com/services/twitter/"" rel=""nofollow"">Flickr</a>","8:36pm Out and about with a happy wife and a whining baby http://flic.kr/p/9B65MK"
"61635335985176576","","","","","2011-04-23 03:39:43 +0000","<a href=""http://flickr.com/services/twitter/"" rel=""nofollow"">Flickr</a>","8:36pm Waiting anxiously on the results of a Twitter @Support ticket http://flic.kr/p/9AP3p2"
"61560614182596608","","14715999","","","2011-04-22 22:42:48 +0000","web","@everydaydude I got an email from you/Twitter Support regarding ticket #1720751 but the link is broken. Replied by email... hope that works!"
"61469184751706112","","","","","2011-04-22 16:39:30 +0000","<a href=""http://itunes.apple.com/us/app/twitter/id409789998?mt=12"" rel=""nofollow"">Twitter for Mac</a>","Awesome! Good work, guys! RT @alexvanburen: Congrats @micahcraig RT @socialworkout Big news! We've got a mobile site! http://t.co/elFVaTa","http://bit.ly/h5pEc5"
"61464999146688514","","","","","2011-04-22 16:22:52 +0000","<a href=""http://itunes.apple.com/us/app/twitter/id409789998?mt=12"" rel=""nofollow"">Twitter for Mac</a>","Hey @foursquare, any plans to offer ways to subscribe to a user's checkins via the API? /cc @arainert @harryh @dens"
"61272653897539584","","","","","2011-04-22 03:38:33 +0000","<a href=""http://flickr.com/services/twitter/"" rel=""nofollow"">Flickr</a>","8:36pm Old new rug didn't work. New new rug does! http://flic.kr/p/9AB9d3"
"61122326699319296","","","61121770920480768","4041701","2011-04-21 17:41:12 +0000","web","RT @bsharpe: 4/21/2011 - EC2 becomes sentient, takes down human sites...    Join the resistance!"
"61093141855477760","61091411394695168","2849211","","","2011-04-21 15:45:14 +0000","<a href=""http://itunes.apple.com/us/app/twitter/id409789998?mt=12"" rel=""nofollow"">Twitter for Mac</a>","@jrishel Still investigating the slowness. Amazon's servers are down today, might be related."
"60917434604990464","","","","","2011-04-21 04:07:02 +0000","<a href=""http://itunes.apple.com/us/app/twitter/id409789998?mt=12"" rel=""nofollow"">Twitter for Mac</a>","Thanks for the balanced perspective, @mathowie, re: @ev not necessarily being some sort of mega-jerk: http://t.co/2PXd6zh I believe you.","http://goo.gl/Hqdvp"
"60910708405186560","","","","","2011-04-21 03:40:19 +0000","<a href=""http://flickr.com/services/twitter/"" rel=""nofollow"">Flickr</a>","8:36pm Wrangling pjs on a crazy wiggler http://flic.kr/p/9Aj9jH"
"60826548688789504","60819766503415809","1391351","","","2011-04-20 22:05:53 +0000","<a href=""http://itunes.apple.com/us/app/twitter/id409789998?mt=12"" rel=""nofollow"">Twitter for Mac</a>","@web_goddess Still happening? Send me your username and the url that is crashing and I'll look into it!"
"60603059105042432","60602794176032768","59593","","","2011-04-20 07:17:49 +0000","<a href=""http://twitter.com/download/iphone"" rel=""nofollow"">Twitter for iPhone</a>","@jm3 did you do the trustee service thing? How quickly did it go through?"
"60569036542574592","","","60467483433373696","9395832","2011-04-20 05:02:38 +0000","<a href=""http://itunes.apple.com/us/app/twitter/id409789998?mt=12"" rel=""nofollow"">Twitter for Mac</a>","RT @dcurtis: Apple has $60,000,000,000 in cash.

That's 4.7 Netflixes, 1.5 News Corps, 1,463 Colors, or 45.5 NYTs. Or 2 Lattes for every ..."
"60564400066662400","60564303610249218","776429","","","2011-04-20 04:44:12 +0000","<a href=""http://itunes.apple.com/us/app/twitter/id409789998?mt=12"" rel=""nofollow"">Twitter for Mac</a>","@spangley Good to know! I just did the Trustee service thing too... crossing my fingers!"
"60563905935704065","60563480809455616","776429","","","2011-04-20 04:42:15 +0000","<a href=""http://itunes.apple.com/us/app/twitter/id409789998?mt=12"" rel=""nofollow"">Twitter for Mac</a>","@spangley Awesome, so that worked? How long did it take to go through?"
"60555445101801472","60555116050264066","2039761","","","2011-04-20 04:08:37 +0000","<a href=""http://itunes.apple.com/us/app/twitter/id409789998?mt=12"" rel=""nofollow"">Twitter for Mac</a>","@kylebragger Did you ever use their Trustee service? I tried contacting them once with questions and they never got back."
"60553439461117952","","","","","2011-04-20 04:00:39 +0000","<a href=""http://itunes.apple.com/us/app/twitter/id409789998?mt=12"" rel=""nofollow"">Twitter for Mac</a>","What's the best way to buy domains from other countries that require residence? Anyone have success with 101domain.com?"
"60551623512043521","60531193921282049","40052194","","","2011-04-20 03:53:26 +0000","<a href=""http://twitter.com/download/iphone"" rel=""nofollow"">Twitter for iPhone</a>","@simoncunningham That was awesome! Thanks for saying hi. How did you find 750?"
"60551378489184256","","","","","2011-04-20 03:52:28 +0000","<a href=""http://flickr.com/services/twitter/"" rel=""nofollow"">Flickr</a>","Hide and seek http://flic.kr/p/9A7wH7"
"60551355303067648","","","","","2011-04-20 03:52:22 +0000","<a href=""http://flickr.com/services/twitter/"" rel=""nofollow"">Flickr</a>","Hide and seek http://flic.kr/p/9A4yjX"
"60551332054056961","","","","","2011-04-20 03:52:17 +0000","<a href=""http://flickr.com/services/twitter/"" rel=""nofollow"">Flickr</a>","Hide and seek http://flic.kr/p/9A7wA5"
"60551331164864512","60549333250084864","16366882","","","2011-04-20 03:52:16 +0000","<a href=""http://twitter.com/download/iphone"" rel=""nofollow"">Twitter for iPhone</a>","@octavekitten Thank you! I almost broke my neck taking it!"
"60551308515614720","","","","","2011-04-20 03:52:11 +0000","<a href=""http://flickr.com/services/twitter/"" rel=""nofollow"">Flickr</a>","Hide and seek http://flic.kr/p/9A7wx1"
"60548560327933953","","","","","2011-04-20 03:41:16 +0000","<a href=""http://flickr.com/services/twitter/"" rel=""nofollow"">Flickr</a>","8:36pm Bathtime with the hide-and-seek master http://flic.kr/p/9A4rxi"
"60401271630331904","","","","","2011-04-19 17:56:00 +0000","<a href=""http://twitter.com/download/iphone"" rel=""nofollow"">Twitter for iPhone</a>","Another awesome post full of charts and funny/informative data by @okcupid: http://t.co/Ivakhi2","http://blog.okcupid.com/index.php/10-charts-about-sex/"
"60391905388797952","","","","","2011-04-19 17:18:46 +0000","<a href=""http://itunes.apple.com/us/app/twitter/id409789998?mt=12"" rel=""nofollow"">Twitter for Mac</a>","I can't believe Groupon bought Whrrl."
"60390378662133760","60390119382851584","15265271","","","2011-04-19 17:12:42 +0000","<a href=""http://itunes.apple.com/us/app/twitter/id409789998?mt=12"" rel=""nofollow"">Twitter for Mac</a>","@folktrash I'm in First Hill. Myself or Kellianne will be here all day tomorrow. I'll dm you my number."
"60389854407700480","60389447765729280","15265271","","","2011-04-19 17:10:37 +0000","<a href=""http://itunes.apple.com/us/app/twitter/id409789998?mt=12"" rel=""nofollow"">Twitter for Mac</a>","@folktrash Can you come pick it up and can we maybe have it back in 5 years? If so, it's yours!"
"60389122937864192","","","","","2011-04-19 17:07:43 +0000","<a href=""http://flickr.com/services/twitter/"" rel=""nofollow"">Flickr</a>","Anyone in Seattle want to buy/borrow this table, recently nicknamed baby brain smasher? #fb http://flic.kr/p/9zVBWa"
"60388879122956289","","","60387693720379393","4558","2011-04-19 17:06:45 +0000","<a href=""http://itunes.apple.com/us/app/twitter/id409789998?mt=12"" rel=""nofollow"">Twitter for Mac</a>","RT @harryh: @dhh In fact, no one really aims for FB level success.  Those that get there just keep succeeding over and over."
"60380578184310784","60380337850695680","19853","","","2011-04-19 16:33:46 +0000","<a href=""http://itunes.apple.com/us/app/twitter/id409789998?mt=12"" rel=""nofollow"">Twitter for Mac</a>","@rk @kellan This makes sense. Thanks for the enlightenment."
"60191987843874816","60191143756959744","5921812","","","2011-04-19 04:04:22 +0000","<a href=""http://itunes.apple.com/us/app/twitter/id409789998?mt=12"" rel=""nofollow"">Twitter for Mac</a>","@jwedgwood Hm... I might actually be able to use that.  Thanks!  No base-62, though?"
"60189014526935041","60187870752808960","6160742","","","2011-04-19 03:52:33 +0000","<a href=""http://itunes.apple.com/us/app/twitter/id409789998?mt=12"" rel=""nofollow"">Twitter for Mac</a>","@bryce I totally would for actual url-shortening, but right now just trying to figure it out for something else (click-tracking)."
"60185904786055168","","","","","2011-04-19 03:40:12 +0000","<a href=""http://flickr.com/services/twitter/"" rel=""nofollow"">Flickr</a>","8:36pm Trying to figure out how URL-shorteners work (in the dark). Anyone know the hashing algorithm? http://flic.kr/p/9zMj3n"
"60158372699324416","60125448050446336","820661","","","2011-04-19 01:50:48 +0000","<a href=""http://twitter.com/download/iphone"" rel=""nofollow"">Twitter for iPhone</a>","@daveschappell That's really awesome. Great work!"
"60116215934353410","","","","","2011-04-18 23:03:17 +0000","<a href=""http://www.fitbit.com"" rel=""nofollow"">Fitbit</a>","My avg. daily fitbit #fitstats for last week: 5,791 steps and 2.8 miles traveled. http://www.fitbit.com/user/229KX2"
"60097376978862081","60095210130128897","15019184","","","2011-04-18 21:48:25 +0000","<a href=""http://twitter.com/download/iphone"" rel=""nofollow"">Twitter for iPhone</a>","@heyamberrae I have. Was pretty straightforward. Wouldn't do it for a startup but worked great for freelancing stuff."
"60062489718689792","60060040891088896","786818","","","2011-04-18 19:29:48 +0000","<a href=""http://twitter.com/download/iphone"" rel=""nofollow"">Twitter for iPhone</a>","@webwright True. I'm definitely practicing. But there's a trade-off. Improve weaknesses or focus on strengths when one has limited runway?"
"60057272780464128","","","","","2011-04-18 19:09:04 +0000","<a href=""http://twitter.com/download/iphone"" rel=""nofollow"">Twitter for iPhone</a>","I sorta suck at communicating my ""vision"". Which only leaves me with one option. Building it. #showdonttell"
"60055400564789248","","","60048794405974016","154236895","2011-04-18 19:01:37 +0000","<a href=""http://twitter.com/download/iphone"" rel=""nofollow"">Twitter for iPhone</a>","RT @healthmonth: Should @foursquare badges on #healthmonth stay or should they go? Interesting discussion and chance to vote here: http: ..."
"60022761963274240","","","60021029954789376","13461","2011-04-18 16:51:56 +0000","<a href=""http://itunes.apple.com/us/app/twitter/id409789998?mt=12"" rel=""nofollow"">Twitter for Mac</a>","RT @waxpancake: OMG, Scott Adams is horrible. He defends his behavior, while ripping into @mathowie and Metafilter in the comments: http ..."
"60019796883939328","59999698601254912","58465087","","","2011-04-18 16:40:09 +0000","<a href=""http://itunes.apple.com/us/app/twitter/id409789998?mt=12"" rel=""nofollow"">Twitter for Mac</a>","@aldypacino @abdie @ecocows @namasayapuspita No, just turning off 4sq badges. See more here: http://t.co/eN9Vul5","http://healthmonth.com/n/166331/10"
"59823120948793344","","","","","2011-04-18 03:38:38 +0000","<a href=""http://flickr.com/services/twitter/"" rel=""nofollow"">Flickr</a>","8:36pm I'm putting on shoes for my daily pilgrimage to El Mestizo's deliciousness http://flic.kr/p/9zwfmJ"
"59815266686734336","59814476379193344","418","","","2011-04-18 03:07:25 +0000","<a href=""http://itunes.apple.com/us/app/twitter/id409789998?mt=12"" rel=""nofollow"">Twitter for Mac</a>","@dens - cue 1,000 ""well MY baby..."" replies. :) #queuemadesensetoo"
"59706752173752320","","","","","2011-04-17 19:56:13 +0000","<a href=""http://foursquare.com"" rel=""nofollow"">foursquare</a>","I just unlocked the ""Bookworm"" badge on @foursquare! http://4sq.com/eBBAzU"
"59693362294435841","","","","","2011-04-17 19:03:01 +0000","<a href=""http://itunes.apple.com/us/app/twitter/id409789998?mt=12"" rel=""nofollow"">Twitter for Mac</a>","Wow. Quantum computing is gonna really happen? RT @rands: Researchers bring Star Trek a little closer: http://t.co/YkYRXws","http://j.mp/gnDgCf"
"59651952782487553","59650471098458112","418","","","2011-04-17 16:18:28 +0000","<a href=""http://twitter.com/download/iphone"" rel=""nofollow"">Twitter for iPhone</a>","@dens @harryh Awesome! I contributed my 2 or 3 to the noble cause."
"59640650806726656","59635688240455680","8836612","","","2011-04-17 15:33:33 +0000","<a href=""http://twitter.com/download/iphone"" rel=""nofollow"">Twitter for iPhone</a>","@martinxo I don't think so, but if you put an underscore between the words that would work."
"59512856961499136","","","","","2011-04-17 07:05:45 +0000","<a href=""http://itunes.apple.com/us/app/twitter/id409789998?mt=12"" rel=""nofollow"">Twitter for Mac</a>","It's definitely more fun to make fun of @Kellianne's @okcupid matches than mine. Why is that?"
"59487728735236097","","","","","2011-04-17 05:25:54 +0000","<a href=""http://itunes.apple.com/us/app/twitter/id409789998?mt=12"" rel=""nofollow"">Twitter for Mac</a>","New nerd game called Twitter Chicken! 2 people load tweet streams. Person to reload and get a new tweet first wins. No new tweets = yr dead."
"59462818814107648","59460815669039105","20833838","","","2011-04-17 03:46:55 +0000","<a href=""http://twitter.com/download/iphone"" rel=""nofollow"">Twitter for iPhone</a>","@carinnatarvin Congrats on 10 years here! I missed this one but will make the 20-year one for sure!"
"59462245926715393","","","","","2011-04-17 03:44:38 +0000","<a href=""http://flickr.com/services/twitter/"" rel=""nofollow"">Flickr</a>","8:36pm More brainstorm doodling http://flic.kr/p/9z9p8p"
"59422019300753408","","","59418868153724930","17997789","2011-04-17 01:04:48 +0000","<a href=""http://itunes.apple.com/us/app/twitter/id409789998?mt=12"" rel=""nofollow"">Twitter for Mac</a>","RT @danariely: Is 'Nudging' Really Enough? http://on.wsj.com/hpogs8 -- It is not, but behavioral economics is not only about Nudges."
"59374254378070016","59373771492044800","681813","","","2011-04-16 21:55:00 +0000","<a href=""http://itunes.apple.com/us/app/twitter/id409789998?mt=12"" rel=""nofollow"">Twitter for Mac</a>","@avantgame @tempo @tomcoates Yup, sick as a dog yesterday, feeling 50% today. Sick = best time to make headway on shows I'm way behind on!"
"59373596514070528","59372995889737728","5814","","","2011-04-16 21:52:23 +0000","<a href=""http://itunes.apple.com/us/app/twitter/id409789998?mt=12"" rel=""nofollow"">Twitter for Mac</a>","@tempo @avantgame @tomcoates Y'all have convinced me to watch this show now! Just finished Avatar: The Last Airbender while sick in bed. :)"
"59359563572453376","","","59043298416926720","2384071","2011-04-16 20:56:37 +0000","<a href=""http://itunes.apple.com/us/app/twitter/id409789998?mt=12"" rel=""nofollow"">Twitter for Mac</a>","RT @timoreilly: Love it: why Google should just buy the music industry http://bit.ly/dYImlJ via @slashdot"
"59354929059467264","59349080844939264","210131643","","","2011-04-16 20:38:12 +0000","<a href=""http://itunes.apple.com/us/app/twitter/id409789998?mt=12"" rel=""nofollow"">Twitter for Mac</a>","@joegravante Not by nature, unless people strive to win for the sake of winning rather than learning. It's tricky!"
"59346964810182656","59346499569598465","210131643","","","2011-04-16 20:06:33 +0000","<a href=""http://itunes.apple.com/us/app/twitter/id409789998?mt=12"" rel=""nofollow"">Twitter for Mac</a>","@joegravante Yes, the quality of game will decay if you give students a reason to game the system. /cc @khanacademy"
"59343640681656320","59343034118184960","210131643","","","2011-04-16 19:53:21 +0000","<a href=""http://itunes.apple.com/us/app/twitter/id409789998?mt=12"" rel=""nofollow"">Twitter for Mac</a>","@joegravante Thanks, I'm glad you liked it! If you have any questions about the slides that might not have been obvious, let me know."
"59302020523364352","","","","","2011-04-16 17:07:58 +0000","<a href=""http://itunes.apple.com/us/app/twitter/id409789998?mt=12"" rel=""nofollow"">Twitter for Mac</a>","I feel like about ten thousand bucks (out of a million)."
"59295611878506496","","","","","2011-04-16 16:42:30 +0000","<a href=""http://foursquare.com"" rel=""nofollow"">foursquare</a>","I just unlocked the ""4sqDay 2011"" badge on @foursquare! http://4sq.com/gS3W6L"
"59104469438308352","","","58566617650573312","1322691","2011-04-16 04:02:58 +0000","<a href=""http://twitter.com/download/iphone"" rel=""nofollow"">Twitter for iPhone</a>","RT @neilpatel: You've reached middle age when all you exercise is caution."
"59103992654991361","","","","","2011-04-16 04:01:04 +0000","<a href=""http://flickr.com/services/twitter/"" rel=""nofollow"">Flickr</a>","8:36pm I'm sick! Boo. http://flic.kr/p/9yWNp3"
"58925962875777025","58925585543593984","67177223","","","2011-04-15 16:13:38 +0000","<a href=""http://itunes.apple.com/us/app/twitter/id409789998?mt=12"" rel=""nofollow"">Twitter for Mac</a>","@jodyjwright Awesome, Jody! Good luck on those last couple days! Don't let the bedbugs bite. :)"
"58782266721177600","58781642797490176","8710082","","","2011-04-15 06:42:39 +0000","<a href=""http://itunes.apple.com/us/app/twitter/id409789998?mt=12"" rel=""nofollow"">Twitter for Mac</a>","@matthickey Or maybe the best minds are using double reverse psychology and putting bad ads in plain sight! Tricksters."
"58778383512907776","","","","","2011-04-15 06:27:13 +0000","<a href=""http://itunes.apple.com/us/app/twitter/id409789998?mt=12"" rel=""nofollow"">Twitter for Mac</a>","15 ads on page 1 of 5. ?@al3x: ""The best minds of my generation are thinking about how to make people click ads"". http://t.co/V0ix1UC?","http://buswk.co/hIaxfa"
"58764382905180161","58764217091751936","7777252","","","2011-04-15 05:31:35 +0000","<a href=""http://itunes.apple.com/us/app/twitter/id409789998?mt=12"" rel=""nofollow"">Twitter for Mac</a>","@xenocid I consider it app research. Write it off!"
"58759790020657152","","","58757758039756800","11768582","2011-04-15 05:13:20 +0000","<a href=""http://itunes.apple.com/us/app/twitter/id409789998?mt=12"" rel=""nofollow"">Twitter for Mac</a>","RT @garrytan: Want to hire and recruit and run a startup? Study how to start and run a cult."
"58737091508568064","","","","","2011-04-15 03:43:08 +0000","<a href=""http://flickr.com/services/twitter/"" rel=""nofollow"">Flickr</a>","8:36pm Working on data models. Now with new rugs! http://flic.kr/p/9yHxss"
"58691769537273857","","","","","2011-04-15 00:43:02 +0000","<a href=""http://itunes.apple.com/us/app/twitter/id409789998?mt=12"" rel=""nofollow"">Twitter for Mac</a>","""@DanielPink has identified six aptitudes for the Conceptual Age: design, story, symphony, empathy, play, and meaning."" http://t.co/JXCYT37","http://uxmag.com/strategy/why-we-need-storytellers-at-the-heart-of-product-development#"
"58683231993733121","58624150595571712","14471007","","","2011-04-15 00:09:07 +0000","<a href=""http://itunes.apple.com/us/app/twitter/id409789998?mt=12"" rel=""nofollow"">Twitter for Mac</a>","@dianakimball I'm glad you like it! Thanks for the nice post... that's the only way the words spreads. :)"
"58392796377251841","58392411726028800","21515310","","","2011-04-14 04:55:02 +0000","<a href=""http://itunes.apple.com/us/app/twitter/id409789998?mt=12"" rel=""nofollow"">Twitter for Mac</a>","@richardtalens Awesome! Looking forward to it. I'd love to help get the word out about @fitocracy once it's ready."
"58390352536670208","58389500111499264","188011291","","","2011-04-14 04:45:19 +0000","<a href=""http://itunes.apple.com/us/app/twitter/id409789998?mt=12"" rel=""nofollow"">Twitter for Mac</a>","@fitocracy When are you gonna let in more people? I'd love to check it out, I'm working on similar things with healthmonth.com..."
"58383278616485888","58382980325965824","2854761","","","2011-04-14 04:17:12 +0000","<a href=""http://itunes.apple.com/us/app/twitter/id409789998?mt=12"" rel=""nofollow"">Twitter for Mac</a>","@galenward Jealous! :)"
"58376234261954560","","","","","2011-04-14 03:49:13 +0000","<a href=""http://flickr.com/services/twitter/"" rel=""nofollow"">Flickr</a>","OH: ""I used to take a lot of drugs to this song when I was young."" re: How Does It Feel by Spaceman 3 http://flic.kr/p/9yqvMP"
"58357882151903232","","","","","2011-04-14 02:36:18 +0000","<a href=""http://twitter.com/download/iphone"" rel=""nofollow"">Twitter for iPhone</a>","The story of @Noah and @Twitter. Very interesting, and many sides to it, I'm sure. http://t.co/aImTcOO /via @f","http://www.businessinsider.com/twitter-cofounder-noah-glass-2011-4"
"58345251412250624","58344504956166145","12658052","","","2011-04-14 01:46:06 +0000","<a href=""http://twitter.com/download/iphone"" rel=""nofollow"">Twitter for iPhone</a>","@mayavenkatraman People talk about how they wish their life was easier/simpler/free of problems all the time."
"58344960629555200","58344226890588160","7482","","","2011-04-14 01:44:57 +0000","<a href=""http://twitter.com/download/iphone"" rel=""nofollow"">Twitter for iPhone</a>","@arainert Yeah, but a little counter-intuitive to our cultural instinct. We are problem-solvers by nature and we could not thrive w/o them."
"58341520260083712","","","","","2011-04-14 01:31:17 +0000","<a href=""http://flickr.com/services/twitter/"" rel=""nofollow"">Flickr</a>","The best life requires difficulty. Agree or disagree? /cc @ilovecharts http://flic.kr/p/9yp64z"
"58044871847575552","","","58036091621617664","18713","2011-04-13 05:52:30 +0000","<a href=""http://twitter.com/download/iphone"" rel=""nofollow"">Twitter for iPhone</a>","RT @al3x: ""Having empathy for people doing what you are doing is as important as having empathy for your own users."" http://j.mp/fSQIx7"
"57914981445935104","","","","","2011-04-12 21:16:22 +0000","<a href=""http://itunes.apple.com/us/app/twitter/id409789998?mt=12"" rel=""nofollow"">Twitter for Mac</a>","@arielist Definitely relevant, since he is one of the few great modern artist/marketer combos. @jeffybrite @kellianne"
"57654506942504960","57652113651679232","34383091","","","2011-04-12 04:01:20 +0000","<a href=""http://itunes.apple.com/us/app/twitter/id409789998?mt=12"" rel=""nofollow"">Twitter for Mac</a>","@cjlikearockstar I'm so bummed I had to miss it. This picture alone... wow... http://t.co/gPzI866","http://www.flickr.com/photos/thejedi/5604362941/in/set-72157626337134859"
"57650395312435201","57649999609200640","798542","","","2011-04-12 03:44:59 +0000","<a href=""http://itunes.apple.com/us/app/twitter/id409789998?mt=12"" rel=""nofollow"">Twitter for Mac</a>","@helenjane Yeah, I think I clicked through a good hundred of my fake tweets. And babies!"
"57650281676161024","","","","","2011-04-12 03:44:32 +0000","<a href=""http://flickr.com/services/twitter/"" rel=""nofollow"">Flickr</a>","8:36pm Deep in APIs and data models http://flic.kr/p/9xTndT"
"57645810204160000","","","","","2011-04-12 03:26:46 +0000","web","I've fallen behind the $14 to the true goal, believe me, I might be very creepy fake smile. http://thatcan.be/my/next/tweet /via @laurenleto"
"57642968689025024","57642634981818368","12583982","","","2011-04-12 03:15:29 +0000","<a href=""http://itunes.apple.com/us/app/twitter/id409789998?mt=12"" rel=""nofollow"">Twitter for Mac</a>","@webology Yeah, Google Docs allows that. But I'm trying to find somewhere that allows me to send text emails from a server..."
"57641902736015360","57640560512610305","35402650","","","2011-04-12 03:11:15 +0000","<a href=""http://itunes.apple.com/us/app/twitter/id409789998?mt=12"" rel=""nofollow"">Twitter for Mac</a>","@jeffybrite Okay, yeah. The need to market IS the constraint. You have to try to reach your audience. You can't make art in a vacuum."
"57639390159192064","","","","","2011-04-12 03:01:16 +0000","<a href=""http://itunes.apple.com/us/app/twitter/id409789998?mt=12"" rel=""nofollow"">Twitter for Mac</a>","Anyone know of a way to email something with specific formatting into a database/spreadsheet that I can also get data out of?"
"57638986537111552","57635340114075648","20833838","","","2011-04-12 02:59:39 +0000","<a href=""http://itunes.apple.com/us/app/twitter/id409789998?mt=12"" rel=""nofollow"">Twitter for Mac</a>","@carinnatarvin Awesome! I wish you could tell how many generations ago we had a common relative."
"57635713306460160","57625434254348289","35402650","","","2011-04-12 02:46:39 +0000","<a href=""http://twitter.com/download/iphone"" rel=""nofollow"">Twitter for iPhone</a>","@jeffybrite Maybe if you need to convince someone, then it's not vital? /cc @arielist @kellianne #liveanddiebythemarket"
"57620857756975104","","","","","2011-04-12 01:47:37 +0000","<a href=""http://twitter.com/download/iphone"" rel=""nofollow"">Twitter for iPhone</a>","Nothing worse than art born without constraint."
"57620565468528640","","","","","2011-04-12 01:46:28 +0000","<a href=""http://twitter.com/download/iphone"" rel=""nofollow"">Twitter for iPhone</a>","@arielist @jeffybrite @kellianne I strongly believe art *should* be difficult. If it gets out, it's vital. If it doesn't, maybe it wasn't."
"57579768610168832","","","","","2011-04-11 23:04:21 +0000","<a href=""http://www.fitbit.com"" rel=""nofollow"">Fitbit</a>","My avg. daily fitbit #fitstats for last week: 6,877 steps and 3.3 miles traveled. http://www.fitbit.com/user/229KX2"
"57579131839328257","57578863420637185","937961","","","2011-04-11 23:01:49 +0000","<a href=""http://itunes.apple.com/us/app/twitter/id409789998?mt=12"" rel=""nofollow"">Twitter for Mac</a>","@msg No idea. I definitely didn't sign into a phishing site. But it was a password I've used elsewhere..."
"57578009057689600","","","","","2011-04-11 22:57:21 +0000","<a href=""http://itunes.apple.com/us/app/twitter/id409789998?mt=12"" rel=""nofollow"">Twitter for Mac</a>","Crap, my gmail got hacked. Sorry if you got a spam from me. Just changed my password. :("
"57546313138581504","57535325865648128","134691780","","","2011-04-11 20:51:24 +0000","<a href=""http://twitter.com/download/iphone"" rel=""nofollow"">Twitter for iPhone</a>","@JDietl Aka paying for exclusivity, filtering, and status?"
"57523944927936512","57523720176144385","257153137","","","2011-04-11 19:22:31 +0000","<a href=""http://itunes.apple.com/us/app/twitter/id409789998?mt=12"" rel=""nofollow"">Twitter for Mac</a>","@zaarly_seattle You're welcome! I've been meaning to try it out for a while... missed their last special so hopped on this one."
"57523485890715650","","","","","2011-04-11 19:20:42 +0000","<a href=""http://itunes.apple.com/us/app/twitter/id409789998?mt=12"" rel=""nofollow"">Twitter for Mac</a>","Just signed myself, @kellianne, and @nikobenson up for @23andme, thanks to their 1-day special: http://t.co/GRS9nYJ /thx @xaotica","http://spittoon.23andme.com/2011/04/11/23andme-is-celebrating-dna-day-a-little-early-with-a-sale/"
"57509739352948737","","","","","2011-04-11 18:26:04 +0000","<a href=""http://itunes.apple.com/us/app/twitter/id409789998?mt=12"" rel=""nofollow"">Twitter for Mac</a>","""My def. of health is optimizing 7 areas: body, mind, relationships, money, work, environment, and serendipity."" http://t.co/qx8QMov","http://blog.jayparkinsonmd.com"
"57498999330050048","","","","","2011-04-11 17:43:24 +0000","<a href=""http://itunes.apple.com/us/app/twitter/id409789998?mt=12"" rel=""nofollow"">Twitter for Mac</a>","Q: ""If Harvard makes that much of a difference, why not franchise it so more people can attend?"" A: Scarcity & status. http://t.co/PLEiiBd","http://techcrunch.com/2011/04/10/peter-thiel-were-in-a-bubble-and-its-not-the-internet-its-higher-education/"
"57487865675915264","57486997715025920","5362","","","2011-04-11 16:59:09 +0000","<a href=""http://twitter.com/download/iphone"" rel=""nofollow"">Twitter for iPhone</a>","@britt Agreed. I'm okay with photos of food being imprisoned, but definitely need the data. Hoping it gets added to the @dailyburn API."
"57441174465687552","57439898256416768","418","","","2011-04-11 13:53:37 +0000","<a href=""http://twitter.com/download/iphone"" rel=""nofollow"">Twitter for iPhone</a>","@dens No, I haven't seen the @Withings + @Foursquare one! And... looking for a MealSnap API now... is there one yet?"
"57439321006948352","","","","","2011-04-11 13:46:15 +0000","<a href=""http://twitter.com/download/iphone"" rel=""nofollow"">Twitter for iPhone</a>","I kinda love MealSnap. It's surprisingly fun. RT @bastianbeyer: How MealSnap Works http://t.co/8Jv2r5V /via @dens","http://dashdingo.org/post/4391031302/how-mealsnap-works"
"57327262462251008","","","","","2011-04-11 06:20:59 +0000","<a href=""http://twitter.com/download/iphone"" rel=""nofollow"">Twitter for iPhone</a>","Having a 10-month old makes me realize how much of our communication, sense of surroundings, and mood are pre-language. Almost 100%."
"57326123931009024","57318031520563200","105895323","","","2011-04-11 06:16:27 +0000","<a href=""http://twitter.com/download/iphone"" rel=""nofollow"">Twitter for iPhone</a>","@ricmacnz Yes, absolutely! The Technium = chances and choices /cc @rww"
"57287867612938241","","","","","2011-04-11 03:44:26 +0000","<a href=""http://flickr.com/services/twitter/"" rel=""nofollow"">Flickr</a>","8:36pm Sick wife, baby who wants to talk instead of sleep, and I think I earned a glass of wine http://flic.kr/p/9xzK2Z"
"57229016603705344","","","","","2011-04-10 23:50:35 +0000","<a href=""http://twitter.com/download/iphone"" rel=""nofollow"">Twitter for iPhone</a>","Unfortunately, I bet it won't work. RT @adamdole: Medicaid to offer rewards for healthy behavior http://t.co/fR8FPtj /via @jensmccabe","http://lat.ms/hOt2fG"
"57147423629385728","57136972749209600","22122104","","","2011-04-10 18:26:22 +0000","<a href=""http://itunes.apple.com/us/app/twitter/id409789998?mt=12"" rel=""nofollow"">Twitter for Mac</a>","@thlyons Oops, it moved. Try the Settings -&gt; Search and Export page."
"57147144934658048","57146693887598593","14705570","","","2011-04-10 18:25:15 +0000","<a href=""http://itunes.apple.com/us/app/twitter/id409789998?mt=12"" rel=""nofollow"">Twitter for Mac</a>","@savagegus Just happened to watch that one! Amazing."
"57128713199943680","","","","","2011-04-10 17:12:01 +0000","<a href=""http://itunes.apple.com/us/app/twitter/id409789998?mt=12"" rel=""nofollow"">Twitter for Mac</a>","This crow vending machine TED talk is awesome! http://t.co/VTsIZC4 /thx @quantafire","http://blog.ted.com/2008/05/13/joshua_klein/"
"57119365191041024","","","","","2011-04-10 16:34:52 +0000","<a href=""http://itunes.apple.com/us/app/twitter/id409789998?mt=12"" rel=""nofollow"">Twitter for Mac</a>","It's TED talk Sunday morning. What are your favorite TED talks that you can recommend for me? @ted_com"
"56933846389755905","56926780593930240","268453413","","","2011-04-10 04:17:41 +0000","<a href=""http://itunes.apple.com/us/app/twitter/id409789998?mt=12"" rel=""nofollow"">Twitter for Mac</a>","@sfposhy Oh my. We've been there. Hope everything's okay... luckily baby heads are pretty resilient... still scary though! :("
"56924104569274368","","","","","2011-04-10 03:38:58 +0000","<a href=""http://flickr.com/services/twitter/"" rel=""nofollow"">Flickr</a>","8:36pm Pre-bath play time http://flic.kr/p/9xfMt4"
"56580956185825280","","","","","2011-04-09 04:55:25 +0000","<a href=""http://itunes.apple.com/us/app/twitter/id409789998?mt=12"" rel=""nofollow"">Twitter for Mac</a>","People who talk about minimum viable products tend to focus more on the minimum and less on the viable."
"56562661797801984","","","","","2011-04-09 03:42:44 +0000","<a href=""http://flickr.com/services/twitter/"" rel=""nofollow"">Flickr</a>","Niko climbed 3 flights of stairs today and tried to figure out the elevator. Now he's zonked. http://flic.kr/p/9x1iWv"
"56561688077545472","","","","","2011-04-09 03:38:51 +0000","<a href=""http://flickr.com/services/twitter/"" rel=""nofollow"">Flickr</a>","8:36pm Working on new ideas but I lost my magic pen! http://flic.kr/p/9x1hii"
"56266221049479168","","","","","2011-04-08 08:04:47 +0000","<a href=""http://itunes.apple.com/us/app/twitter/id409789998?mt=12"" rel=""nofollow"">Twitter for Mac</a>","Loved reading @daveschappell's review of the @500startups Demo Day. Signing @nikobenson up for SocialStork now..."
"56245860996091904","56218553262669824","15792561","","","2011-04-08 06:43:52 +0000","web","@lukebarbara Thanks! No reason, it's just a time of day that is somewhat unpredictable. I borrowed the minute from another person's project."
"56222156908019712","56221210454921216","12661782","","","2011-04-08 05:09:41 +0000","<a href=""http://itunes.apple.com/us/app/twitter/id409789998?mt=12"" rel=""nofollow"">Twitter for Mac</a>","@rondiver I re-visited Latitude the other day in the hopes of this coming to iPhone or an API sometime soon! /cc @superamit"
"56201273195761664","","","","","2011-04-08 03:46:42 +0000","<a href=""http://flickr.com/services/twitter/"" rel=""nofollow"">Flickr</a>","8:36pm Great conversations today. Thanks @jensmccabe, @heyamberrae, and @galenward! http://flic.kr/p/9wQjuw"
"56060376416129024","","","","","2011-04-07 18:26:49 +0000","<a href=""http://itunes.apple.com/us/app/twitter/id409789998?mt=12"" rel=""nofollow"">Twitter for Mac</a>","The domain has been registered since 1997 and doesn't expire til 2020. It's the registrant's last name. Hmm..."
"56057512507617280","","","56057217387999232","7362142","2011-04-07 18:15:27 +0000","<a href=""http://itunes.apple.com/us/app/twitter/id409789998?mt=12"" rel=""nofollow"">Twitter for Mac</a>","RT @kellianne: Niko is so into dancing right now that he bobs his head to the lullaby I hum while nursing him down."
"56055089516912640","","","","","2011-04-07 18:05:49 +0000","<a href=""http://itunes.apple.com/us/app/twitter/id409789998?mt=12"" rel=""nofollow"">Twitter for Mac</a>","Someone's squatting on a domain that I *really* want. It's just the default server page. Advice on the best way to contact/make an offer?"
"55836893128040448","","","","","2011-04-07 03:38:47 +0000","<a href=""http://flickr.com/services/twitter/"" rel=""nofollow"">Flickr</a>","8:36pm Walking home from baby and dinner Mecca, Vios http://flic.kr/p/9wy29a"
"55818795155070978","","","","","2011-04-07 02:26:52 +0000","<a href=""http://twitter.com/download/iphone"" rel=""nofollow"">Twitter for iPhone</a>","@gwenbell I'm surprised at the numbers a bit myself. I might have to unsubscribe from a few things."
"55793817592397824","55793696091815936","18032208","","","2011-04-07 00:47:37 +0000","<a href=""http://itunes.apple.com/us/app/twitter/id409789998?mt=12"" rel=""nofollow"">Twitter for Mac</a>","@Strabd If you use ruby, check out the ruby-gmail gem. Makes it insanely easy to get those stats."
"55790968670134272","55789889995800576","18032208","","","2011-04-07 00:36:18 +0000","<a href=""http://itunes.apple.com/us/app/twitter/id409789998?mt=12"" rel=""nofollow"">Twitter for Mac</a>","@Strabd Unfortunately not. I wanted to record the audio but I forgot to turn it on at the last minute. :("
"55771215096332288","","","55770525192044544","14258044","2011-04-06 23:17:48 +0000","<a href=""http://itunes.apple.com/us/app/twitter/id409789998?mt=12"" rel=""nofollow"">Twitter for Mac</a>","RT @jensmccabe: Yeah @busterbenson! Rock on Health Month! http://t.co/rzcIfhB","http://www.bradenton.com/2011/04/05/3089865/fitbit-announces-first-wave-of.html?storylink=addthis"
"55760488499392512","55757246675681280","5500","","","2011-04-06 22:35:11 +0000","<a href=""http://twitter.com/download/iphone"" rel=""nofollow"">Twitter for iPhone</a>","@iseff Thank you! And yeah, I'm due for a visit sometime soon. Email me."
"55736855471202304","","","","","2011-04-06 21:01:16 +0000","<a href=""http://timely.is"" rel=""nofollow"">Timely by Demandforce</a>","An hour of fiddling. Now tracking # emails received/day, sent/day, and current # unread. And making it public! http://bit.ly/hIBwKD"
"55703562747002880","","","","","2011-04-06 18:48:58 +0000","<a href=""http://itunes.apple.com/us/app/twitter/id409789998?mt=12"" rel=""nofollow"">Twitter for Mac</a>","""THIS IS HUGE!"""
"55638063229059073","55637323366404097","871991","","","2011-04-06 14:28:42 +0000","<a href=""http://twitter.com/download/iphone"" rel=""nofollow"">Twitter for iPhone</a>","@jennybento Try editing the turn, and resubmitting that item in particular. If that doesn't work, send me a link to your report page. Sorry!"
"55635544570462208","55635378815770625","15265271","","","2011-04-06 14:18:42 +0000","<a href=""http://twitter.com/download/iphone"" rel=""nofollow"">Twitter for iPhone</a>","@folktrash Thanks, I'll fix it soon!"
"55633966002221057","55629798738898944","15265271","","","2011-04-06 14:12:25 +0000","<a href=""http://twitter.com/download/iphone"" rel=""nofollow"">Twitter for iPhone</a>","@folktrash Uh oh. On my site or on slideshare's?"
"55481018592935936","55478563574513664","7092172","","","2011-04-06 04:04:40 +0000","<a href=""http://itunes.apple.com/us/app/twitter/id409789998?mt=12"" rel=""nofollow"">Twitter for Mac</a>","@rosshill I'm checking it out now. Haven't been checking in. What's the easiest way? Mobile?"
"55479962500743168","55478563574513664","7092172","","","2011-04-06 04:00:28 +0000","<a href=""http://itunes.apple.com/us/app/twitter/id409789998?mt=12"" rel=""nofollow"">Twitter for Mac</a>","@rosshill Oh yeah? How do you feed it more data? And how do you get to the fascinating info?"
"55477194239123456","55436874830987264","7092172","","","2011-04-06 03:49:28 +0000","<a href=""http://itunes.apple.com/us/app/twitter/id409789998?mt=12"" rel=""nofollow"">Twitter for Mac</a>","@rosshill A bigger picture that I couldn't see at the time. Friend-patterns, lifestyle-shifts, patterns of long-term emotional drift, etc."
"55475288800366593","","","","","2011-04-06 03:41:54 +0000","<a href=""http://flickr.com/services/twitter/"" rel=""nofollow"">Flickr</a>","8:36pm Playing with ruby-gmail to see if email stats are difficult to calculate http://flic.kr/p/9wivzK"
"55472038235734016","55436874830987264","7092172","","","2011-04-06 03:28:59 +0000","<a href=""http://itunes.apple.com/us/app/twitter/id409789998?mt=12"" rel=""nofollow"">Twitter for Mac</a>","@rosshill That's a tough one. 8:36pm photos is a long-term favorite, but the general goal is to have a bigger picture emerge from the data."
"55404891895631872","","","","","2011-04-05 23:02:10 +0000","<a href=""http://www.fitbit.com"" rel=""nofollow"">Fitbit</a>","My avg. daily fitbit #fitstats for last week: 7,225 steps and 3.6 miles traveled. http://www.fitbit.com/user/229KX2"
"55396169672691712","","","","","2011-04-05 22:27:30 +0000","<a href=""http://itunes.apple.com/us/app/twitter/id409789998?mt=12"" rel=""nofollow"">Twitter for Mac</a>","Holy moley. Just cranked through 410 emails! Had to turn off my phone and drink a lot of coffee. Now I just have my list of issues to fix."
"55374197156880384","","","","","2011-04-05 21:00:12 +0000","<a href=""http://itunes.apple.com/us/app/twitter/id409789998?mt=12"" rel=""nofollow"">Twitter for Mac</a>","People on 750words.com never cease to amaze me with their persistence and dedication to a simple task. Congrats, Vicky! http://t.co/eXl3Pml","http://750words.com/patrons/note/1128"
"55364681606496256","55363172214898689","14435477","","","2011-04-05 20:22:23 +0000","<a href=""http://itunes.apple.com/us/app/twitter/id409789998?mt=12"" rel=""nofollow"">Twitter for Mac</a>","@dingstweets Thanks for the retweet. :) Still recovering from the talk... that's a lot of work!"
"55360702432559104","55360515060408320","521","","","2011-04-05 20:06:34 +0000","<a href=""http://itunes.apple.com/us/app/twitter/id409789998?mt=12"" rel=""nofollow"">Twitter for Mac</a>","@gerwitz Yup. Though there are quite a few ways around it (like google reader folders) if you want an easier way to do it."
"55349434321604608","55348746317336576","521","","","2011-04-05 19:21:48 +0000","<a href=""http://itunes.apple.com/us/app/twitter/id409789998?mt=12"" rel=""nofollow"">Twitter for Mac</a>","@gerwitz No, that's pretty automatic. It's linguistic analysis on RSS feed content. No discipline required. Gmail has an API to look into..."
"55348331634896896","55347860920741888","521","","","2011-04-05 19:17:25 +0000","<a href=""http://itunes.apple.com/us/app/twitter/id409789998?mt=12"" rel=""nofollow"">Twitter for Mac</a>","@gerwitz Write now it's just manual. I do a daily checkin email to my team. Soon, it will become a new #healthmonth rule."
"55347449136562176","55347183230271488","521","","","2011-04-05 19:13:54 +0000","<a href=""http://itunes.apple.com/us/app/twitter/id409789998?mt=12"" rel=""nofollow"">Twitter for Mac</a>","@gerwitz I've been logging it for a while now and I've found it to be very insightful. Let me know how it goes!"
"55346962999934976","55346885619236866","16795825","","","2011-04-05 19:11:58 +0000","<a href=""http://itunes.apple.com/us/app/twitter/id409789998?mt=12"" rel=""nofollow"">Twitter for Mac</a>","@kbal11 They are like yin and yang. :)"
"55346475068166146","","","","","2011-04-05 19:10:02 +0000","<a href=""http://itunes.apple.com/us/app/twitter/id409789998?mt=12"" rel=""nofollow"">Twitter for Mac</a>","I think you can tell more about my current mental state from my unread email count than pretty much any other auto-generated number."
"55337383373193216","55337025150259201","2015","","","2011-04-05 18:33:54 +0000","<a href=""http://itunes.apple.com/us/app/twitter/id409789998?mt=12"" rel=""nofollow"">Twitter for Mac</a>","@joshc I tried that. It only gives you stats for a particular search. And is a bit buggy and didn't work most of the time... :("
"55335865781723136","55331471296180224","99723","","","2011-04-05 18:27:53 +0000","<a href=""http://itunes.apple.com/us/app/twitter/id409789998?mt=12"" rel=""nofollow"">Twitter for Mac</a>","@dacort Looks great. I wish I could try it out without paying $25 first. Which APIs do you use? /cc @aronchick @galenward"
"55335452550508544","","","","","2011-04-05 18:26:14 +0000","<a href=""http://export.ly"" rel=""nofollow"">Export.ly</a>","I just used http://export.ly by @simplymeasured to analyze my Twitter audience in Excel."
"55335177504821249","55333506984853504","9161482","","","2011-04-05 18:25:09 +0000","<a href=""http://itunes.apple.com/us/app/twitter/id409789998?mt=12"" rel=""nofollow"">Twitter for Mac</a>","@tannerc Yeah, must not be a highly requested feature. It would be a good 20% project for anyone working there though."
"55332287709061120","55330811234365440","9804222","","","2011-04-05 18:13:40 +0000","<a href=""http://itunes.apple.com/us/app/twitter/id409789998?mt=12"" rel=""nofollow"">Twitter for Mac</a>","@xobni Thank you! Checking it out now. Can you point me to how I get stats on my email usage?"
"55330759128530944","55330548566081536","6726182","","","2011-04-05 18:07:35 +0000","<a href=""http://itunes.apple.com/us/app/twitter/id409789998?mt=12"" rel=""nofollow"">Twitter for Mac</a>","@TheCulprit Do I get a prize for finding the last feature not built by Gist?  :)"
"55330379170721792","55329429093752832","2803511","","","2011-04-05 18:06:05 +0000","<a href=""http://itunes.apple.com/us/app/twitter/id409789998?mt=12"" rel=""nofollow"">Twitter for Mac</a>","@colinloretz Neat! Tried to sign up but the link to the Firefox AddOn is a 404. I've also tried emailga.me which is sorta neat."
"55329372843933696","55328711481884672","6726182","","","2011-04-05 18:02:05 +0000","<a href=""http://itunes.apple.com/us/app/twitter/id409789998?mt=12"" rel=""nofollow"">Twitter for Mac</a>","@TheCulprit Ooh, good! Can you point me to the right area to get email stats?"
"55328712262025216","55327892137189376","25153491","","","2011-04-05 17:59:27 +0000","<a href=""http://itunes.apple.com/us/app/twitter/id409789998?mt=12"" rel=""nofollow"">Twitter for Mac</a>","@xobni_support I filled that out a couple minutes ago... any tips on hopping the line? /cc @xobni"
"55328523786784768","55327639187103745","15024407","","","2011-04-05 17:58:42 +0000","<a href=""http://itunes.apple.com/us/app/twitter/id409789998?mt=12"" rel=""nofollow"">Twitter for Mac</a>","@aronchick They have a couple: http://t.co/Sl9wzoN /cc @galenward","http://code.google.com/apis/gmail/docs/"
"55327692538642432","","","","","2011-04-05 17:55:24 +0000","<a href=""http://itunes.apple.com/us/app/twitter/id409789998?mt=12"" rel=""nofollow"">Twitter for Mac</a>","Does anyone know how I can get into the @xobni beta for Gmail? Looks like the only thing doing what I'm looking for."
"55327225200902144","55327053842616321","798952","","","2011-04-05 17:53:33 +0000","<a href=""http://itunes.apple.com/us/app/twitter/id409789998?mt=12"" rel=""nofollow"">Twitter for Mac</a>","@elihorne Which API? The IMAP one? Is it Google Apps only?"
"55326520671092736","","","","","2011-04-05 17:50:45 +0000","<a href=""http://itunes.apple.com/us/app/twitter/id409789998?mt=12"" rel=""nofollow"">Twitter for Mac</a>","Is there a site that tracks, over time, how many emails I get, how many I send, how many get replied to, and how quickly? There should be."
"55299514688475136","55281482465423360","23084800","","","2011-04-05 16:03:26 +0000","<a href=""http://itunes.apple.com/us/app/twitter/id409789998?mt=12"" rel=""nofollow"">Twitter for Mac</a>","@JoeyFeith Okay, I'm gonna dig in today and fix this for you for reals. Sorry for the trouble."
"55298470793322496","","","","","2011-04-05 15:59:17 +0000","<a href=""http://twitter.com/download/iphone"" rel=""nofollow"">Twitter for iPhone</a>","I've fallen behind the curve this last month. Dedicating today to catching up. #watchoutinbox"
"55210362332651520","","","","","2011-04-05 10:09:10 +0000","<a href=""http://timely.is"" rel=""nofollow"">Timely by Demandforce</a>","Slides from my #w2e talk! AKA the 1 thing I would like to add to the polarized #gamification conversation: http://bit.ly/e9mE6x"
"55114393586896898","","","","","2011-04-05 03:47:50 +0000","<a href=""http://flickr.com/services/twitter/"" rel=""nofollow"">Flickr</a>","8:36pm Playspent.org is awesome--check it! /via @avantgame http://flic.kr/p/9w5HQ3"
"55106907974811648","55106524003049473","12661782","","","2011-04-05 03:18:05 +0000","<a href=""http://itunes.apple.com/us/app/twitter/id409789998?mt=12"" rel=""nofollow"">Twitter for Mac</a>","@rondiver I got it at the grocery store, which is far away. Probably not worth the $14 to explain everything."
"55106185505939456","","","","","2011-04-05 03:15:13 +0000","<a href=""http://itunes.apple.com/us/app/twitter/id409789998?mt=12"" rel=""nofollow"">Twitter for Mac</a>","Can a wine get corked if it has one of those weird rubber corks? This wine definitely has something wrong with it. It's usually my fave."
"55007179270402048","54999990560497664","1059951","","","2011-04-04 20:41:48 +0000","<a href=""http://twitter.com/download/iphone"" rel=""nofollow"">Twitter for iPhone</a>","@MichelleBee What is this? Is @veev good? Interesting marketing strategy. :)"
"54781905052246016","54779025310224384","259","","","2011-04-04 05:46:38 +0000","<a href=""http://itunes.apple.com/us/app/twitter/id409789998?mt=12"" rel=""nofollow"">Twitter for Mac</a>","@ian What is it?!?!"
"54752461176578048","","","","","2011-04-04 03:49:38 +0000","<a href=""http://flickr.com/services/twitter/"" rel=""nofollow"">Flickr</a>","8:36pm Watching Avatar, the cartoon about airbending not the other one. Pretty good! http://flic.kr/p/9vMiCd"
"54735382599835648","","","","","2011-04-04 02:41:46 +0000","<a href=""http://twitter.com/download/iphone"" rel=""nofollow"">Twitter for iPhone</a>","I love the idea! RT @tara: Secret Goals: inspired by the work of Alcoholics Anonymous & @tedtalks http://t.co/n2QbEZ9","http://bit.ly/fxAM6u"
"54433784413696000","54418469919277057","105895323","","","2011-04-03 06:43:20 +0000","<a href=""http://itunes.apple.com/us/app/twitter/id409789998?mt=12"" rel=""nofollow"">Twitter for Mac</a>","@ricmacnz That's a GREAT book!"
"54389195820630016","","","","","2011-04-03 03:46:09 +0000","<a href=""http://flickr.com/services/twitter/"" rel=""nofollow"">Flickr</a>","8:36pm Looking at pictures of snail shells and generally bouncing around Wikipedia http://flic.kr/p/9vpt2R"
"54343280019767296","54332579146502144","14250702","","","2011-04-03 00:43:42 +0000","<a href=""http://twitter.com/download/iphone"" rel=""nofollow"">Twitter for iPhone</a>","@jfairbairn That sounds more like consciousness than life. Can you explain a bit more?"
"54308498548334592","54308253928144896","16366882","","","2011-04-02 22:25:29 +0000","<a href=""http://itunes.apple.com/us/app/twitter/id409789998?mt=12"" rel=""nofollow"">Twitter for Mac</a>","@octavekitten Yes, as smart as the smartest human."
"54304341082914816","","","","","2011-04-02 22:08:58 +0000","<a href=""http://itunes.apple.com/us/app/twitter/id409789998?mt=12"" rel=""nofollow"">Twitter for Mac</a>","If cells could think, do you think they would think that the body/network of cells is alive?"
"54283836397330433","54283385476091904","23084800","","","2011-04-02 20:47:29 +0000","<a href=""http://itunes.apple.com/us/app/twitter/id409789998?mt=12"" rel=""nofollow"">Twitter for Mac</a>","@JoeyFeith I can't reproduce... by try going to http://t.co/2LoDZl5 and let me know what happens.","http://healthmonth.com/users/logout"
"54282974232969216","54281303813652480","23084800","","","2011-04-02 20:44:04 +0000","<a href=""http://itunes.apple.com/us/app/twitter/id409789998?mt=12"" rel=""nofollow"">Twitter for Mac</a>","@JoeyFeith And you're able to get to other sites on the internet? What's your username?"
"54076785800908800","54076328877629440","14229651","","","2011-04-02 07:04:45 +0000","<a href=""http://itunes.apple.com/us/app/twitter/id409789998?mt=12"" rel=""nofollow"">Twitter for Mac</a>","@elise81 Okay, fixed the rule. You can change the daily nudge hour at http://t.co/0FN3dUW","http://healthmonth.com/users/edit"
"54075970767958016","54075827113033728","14229651","","","2011-04-02 07:01:30 +0000","<a href=""http://itunes.apple.com/us/app/twitter/id409789998?mt=12"" rel=""nofollow"">Twitter for Mac</a>","@elise81 Did it just change, or was it like that all month?"
"54074776829956097","54074540967477248","14229651","","","2011-04-02 06:56:46 +0000","<a href=""http://itunes.apple.com/us/app/twitter/id409789998?mt=12"" rel=""nofollow"">Twitter for Mac</a>","@elise81 Definitely in the plan... but might be a month or two to get it done right."
"54074086258786304","54073875297861633","14229651","","","2011-04-02 06:54:01 +0000","<a href=""http://itunes.apple.com/us/app/twitter/id409789998?mt=12"" rel=""nofollow"">Twitter for Mac</a>","@elise81 Have you been tracking drinks? It might be a bug..."
"54072270913667072","54060580226596864","14229651","","","2011-04-02 06:46:48 +0000","<a href=""http://twitter.com/download/iphone"" rel=""nofollow"">Twitter for iPhone</a>","@elise81 Ha, nothing wrong with 11.8! But I hear ya on allowing some preferences to make things private."
"54029413502828544","","","","","2011-04-02 03:56:30 +0000","<a href=""http://itunes.apple.com/us/app/twitter/id409789998?mt=12"" rel=""nofollow"">Twitter for Mac</a>","@arielist We were just saying the same thing. The whole family is stipey today too! :)"
"54025038835355648","","","","","2011-04-02 03:39:07 +0000","<a href=""http://flickr.com/services/twitter/"" rel=""nofollow"">Flickr</a>","8:36pm Niko story bedtime http://flic.kr/p/9vcPtG"
"54009285725786112","54004741939802112","5624752","","","2011-04-02 02:36:31 +0000","<a href=""http://twitter.com/download/iphone"" rel=""nofollow"">Twitter for iPhone</a>","@jordychristine What's your username?"
"53983363039633409","53928498078814208","11222","","","2011-04-02 00:53:31 +0000","<a href=""http://twitter.com/download/iphone"" rel=""nofollow"">Twitter for iPhone</a>","@k Cool! Gets a mention where?"
