"tweet_id","in_reply_to_status_id","in_reply_to_user_id","retweeted_status_id","retweeted_status_user_id","timestamp","source","text","expanded_urls"
"281444566387810305","","","281440853728313344","1000591","2012-12-19 17:03:08 +0000","<a href=""http://twitter.com"" rel=""nofollow"">Twitter for  iPhone</a>","RT @fredwilson: Demand A Plan http://t.co/XdCj4dCF","http://www.avc.com/a_vc/2012/12/demand-a-plan.html"
"281440044571582465","","","281439776014467073","949521","2012-12-19 16:45:10 +0000","<a href=""http://twitter.com"" rel=""nofollow"">Twitter for  iPhone</a>","RT @stop: Here's an example of the data and interactive display you get to download from Twitter as your tweet archive: http://t.co/K2BoVEeZ","http://stopdesign.com/tweets/"
"281426324810235908","281425417125101569","776429","","","2012-12-19 15:50:39 +0000","<a href=""http://twitter.com"" rel=""nofollow"">Twitter for  iPhone</a>","@spangley @kellianne Oops. Try this link then: https://t.co/1U7nqO0o (Ali is that a known bug?)","https://mobile.twitter.com/kellianne/tweets"
"281422972290478080","","","","","2012-12-19 15:37:19 +0000","<a href=""http://twitter.com"" rel=""nofollow"">Twitter for  iPhone</a>","Look! You can now download, search, explore all of your tweets on your own computater! http://t.co/O5fVLo6z","http://blog.twitter.com/2012/12/your-twitter-archive.html?m=1"
"281420884084932608","","","","","2012-12-19 15:29:01 +0000","<a href=""http://twitter.com"" rel=""nofollow"">Twitter for  iPhone</a>","This looks really fun. RT @kylebragger: Happy to be involved in this : http://t.co/bgkAx5AQ (Go have a play! http://t.co/QRnB760F)","http://www.theverge.com/2012/12/19/3783616/animate-your-memes-with-vimeo-creators-new-project-moonbase","http://moonbase.com/"
"281413680384581634","","","281404386834542593","20508720","2012-12-19 15:00:24 +0000","<a href=""http://twitter.com"" rel=""nofollow"">Twitter for  iPhone</a>","RT @ThePlumLineGS: Boehner's million-dollar-maneuver doesn't give the GOP a way out. In Morning Roundup: http://t.co/TF0uvbjW","http://wapo.st/T76XeW"
"281295416836890624","281294366058897408","7362142","","","2012-12-19 07:10:28 +0000","<a href=""http://twitter.com"" rel=""nofollow"">Twitter for  iPhone</a>","@kellianne You can un-retweet. Hit the retweet thing again."
"281266445374070784","","","","","2012-12-19 05:15:20 +0000","<a href=""http://twitter.com"" rel=""nofollow"">Twitter for  iPhone</a>","Super interesting, but maybe not to everyone. RT @newsycombinator: How do we read code? http://t.co/FnGCf3FY","http://j.mp/V4AALl"
"281264578745233408","281263884864737280","1037851","","","2012-12-19 05:07:55 +0000","<a href=""http://twitter.com"" rel=""nofollow"">Twitter for  iPhone</a>","@imtboo Nah. But I've been using Flickr too all along and may stick with them more often than before."
"281262785457971200","","","","","2012-12-19 05:00:48 +0000","<a href=""http://twitter.com"" rel=""nofollow"">Twitter for  iPhone</a>","Who's written the best stuff on our increasing capacity for online rage recently?"
"281261279048511488","","","","","2012-12-19 04:54:49 +0000","<a href=""http://flickr.com/services/twitter/"" rel=""nofollow"">Flickr</a>","8:36pm In a bathroom http://t.co/QSAuL0Kk","http://flic.kr/p/dCbDNe"
"281254999332384768","","","177829056178429952","140251842","2012-12-19 04:29:51 +0000","<a href=""http://twitter.com"" rel=""nofollow"">Twitter for  iPhone</a>","RT @dreadhole: if you've never spoken 'computer, end program' out loud theres still a chance your whole life has been a holodeck simulation"
"281244094565593088","281173809170624512","774842","","","2012-12-19 03:46:32 +0000","<a href=""http://twitter.com"" rel=""nofollow"">Twitter for  iPhone</a>","@djacobs Buurn."
"281243728881012736","","","195259379841384450","125386940","2012-12-19 03:45:04 +0000","<a href=""http://favstar.fm"" rel=""nofollow"">Favstar.FM</a>","RT @weedhitler: 2 New Interaction(s): A PACK OF WOLVES favorited your tweet ""damn, feeling hella vulnerable today"".
A PACK OF WOLVES sta ..."
"281238591269662720","","","","","2012-12-19 03:24:39 +0000","<a href=""http://twitter.com"" rel=""nofollow"">Twitter for  iPhone</a>","Looks like everyone's getting their Teslas."
"281214940759613440","281214633178718208","14409856","","","2012-12-19 01:50:41 +0000","<a href=""http://www.tweetdeck.com"" rel=""nofollow"">TweetDeck</a>","@iano I totally borrowed your illustrator for my twitter profile."
"281181999782305792","281178991002521600","7943892","","","2012-12-18 23:39:47 +0000","<a href=""http://www.tweetdeck.com"" rel=""nofollow"">TweetDeck</a>","@ingopixel Hm? actually, this obsession began right around the time that I explained that squirrel worked in the tree with @kellianne."
"281174453944209408","281174169981431808","930061","","","2012-12-18 23:09:48 +0000","<a href=""http://www.tweetdeck.com"" rel=""nofollow"">TweetDeck</a>","@ginatrapani Ah. Yeah. I have lots of ideas and have experimented with it a bit too. Definitely let's start an email or @branch thread."
"281173443850936320","281172618852327424","930061","","","2012-12-18 23:05:47 +0000","<a href=""http://www.tweetdeck.com"" rel=""nofollow"">TweetDeck</a>","@ginatrapani I would love to help! Can you explain that idea a bit more? What do you want to encourage?"
"281171717395730432","281170714256633857","930061","","","2012-12-18 22:58:56 +0000","<a href=""http://www.tweetdeck.com"" rel=""nofollow"">TweetDeck</a>","@ginatrapani Ooh, that looks really cool! When are you releasing it?"
"281097806314360832","","","","","2012-12-18 18:05:14 +0000","<a href=""http://twitter.com"" rel=""nofollow"">Twitter for  iPhone</a>","Inspired by @rsarver just now to think bigger. Think bigger!"
"281085148269801473","","","281084143289368576","10373972","2012-12-18 17:14:56 +0000","<a href=""http://twitter.com"" rel=""nofollow"">Twitter for  iPhone</a>","RT @chrisguillebeau: An experiment in personal connection from @natestpierre -- http://t.co/xPSD7lwj","http://aonc.co/ZJNwhw"
"281084687592595456","","","280912356572291072","16017475","2012-12-18 17:13:06 +0000","<a href=""http://twitter.com"" rel=""nofollow"">Twitter for  iPhone</a>","RT @fivethirtyeight: [new article] In Gun Ownership Statistics, Partisan Divide Is Sharp http://t.co/n4drHdpB","http://nyti.ms/ZGXPCN"
"281082370122203136","","","","","2012-12-18 17:03:53 +0000","<a href=""http://twitter.com"" rel=""nofollow"">Twitter for  iPhone</a>","I like my Twitter news delivered by my home town publication RT @geekwire: Twitter reaches 200M monthly users http://t.co/KvSUetiH","http://goo.gl/fb/Io31k"
"281081077383168000","280924004087390208","22273667","","","2012-12-18 16:58:45 +0000","<a href=""http://twitter.com"" rel=""nofollow"">Twitter for  iPhone</a>","@sm @emoore Yes, you should!"
"280917387216302080","280911501928321024","798542","","","2012-12-18 06:08:18 +0000","<a href=""http://twitter.com"" rel=""nofollow"">Twitter for  iPhone</a>","@helenjane My imaginary friends speak highly of you as well!"
"280916434475958275","280910648446185472","23640904","","","2012-12-18 06:04:31 +0000","<a href=""http://twitter.com"" rel=""nofollow"">Twitter for  iPhone</a>","@emoore It might be the imaginary drinks speaking but that sounds like a grand plan."
"280899727074144257","","","","","2012-12-18 04:58:08 +0000","<a href=""http://flickr.com/services/twitter/"" rel=""nofollow"">Flickr</a>","8:36pm Switched rooms because internet was broken. Gonna have a party with my invisible friends (and drinks) http://t.co/5ZmIG1MD","http://flic.kr/p/dBZhEE"
"280875870552485888","280870462362382340","15504330","","","2012-12-18 03:23:20 +0000","<a href=""http://twitter.com"" rel=""nofollow"">Twitter for  iPhone</a>","@wm They stripped your @. What did you do to upset them?"
"280866841046441984","","","","","2012-12-18 02:47:27 +0000","<a href=""http://instagr.am"" rel=""nofollow"">Instagram</a>","My boss, wm. #jointheflock @ Twitter, Inc. http://t.co/CLJzxYWv","http://instagr.am/p/TXJONeo0Js/"
"280777141912735745","280776202157969408","13268852","","","2012-12-17 20:51:01 +0000","<a href=""http://www.tweetdeck.com"" rel=""nofollow"">TweetDeck</a>","@Greg_Ricks I just connect directly to Gmail's IMAP API. http://t.co/EsxNT7tx","http://bit.ly/WjOQTK"
"280776012755775488","280775751907827713","20833838","","","2012-12-17 20:46:32 +0000","<a href=""http://www.tweetdeck.com"" rel=""nofollow"">TweetDeck</a>","@carinnatarvin Ai ai ai."
"280770075592638465","","","280764838584668160","94143715","2012-12-17 20:22:57 +0000","<a href=""http://www.tweetdeck.com"" rel=""nofollow"">TweetDeck</a>","RT @KatieS: Record # of signatures asking the @whitehouse to address the issue of gun control. 151k &amp; counting. Will you join? https ..."
"280749257403822081","","","","","2012-12-17 19:00:13 +0000","<a href=""http://twitter.com"" rel=""nofollow"">Twitter for  iPhone</a>","Reminds me of Niko's ""I am programmed to hug"" robot shirt RT @JadAbumrad: ""People will try to hug the robots"" http://t.co/WsHiHnWS","http://buff.ly/T5CD39"
"280717141521604608","280716745331847168","795649","","","2012-12-17 16:52:36 +0000","<a href=""http://twitter.com"" rel=""nofollow"">Twitter for  iPhone</a>","@rsarver A furnished apartment for a month while we zero in on the best option we can find. Rockridge is our current best guess."
"280715293569990656","","","","","2012-12-17 16:45:16 +0000","<a href=""http://foursquare.com"" rel=""nofollow"">foursquare</a>","Mon-Wed. Last partial week before vacation and move! (@ SFO AirTrain Station - Garage G &amp; BART) http://t.co/7tdNXuAH","http://4sq.com/XzCwhh"
"280585087999946753","","","","","2012-12-17 08:07:52 +0000","<a href=""http://getprismatic.com"" rel=""nofollow"">getprismatic.com</a>","Thirteen features but a brain ain't one. ""13 must-have features for your next mobile app"" http://t.co/QT3DlCZi #bullshit","http://prsm.tc/nRspem"
"280583494147661824","","","","","2012-12-17 08:01:32 +0000","<a href=""http://twitter.com"" rel=""nofollow"">Twitter for  iPhone</a>","Or, if you're a nerd, because &lt;%= universe %&gt;."
"280583085261746177","","","","","2012-12-17 07:59:55 +0000","<a href=""http://twitter.com"" rel=""nofollow"">Twitter for  iPhone</a>","Because universe."
"280568959059783680","280567955891310592","19151705","","","2012-12-17 07:03:47 +0000","<a href=""http://twitter.com"" rel=""nofollow"">Twitter for  iPhone</a>","@landonhowell I've yet to start."
"280567558292271104","","","","","2012-12-17 06:58:13 +0000","<a href=""http://twitter.com"" rel=""nofollow"">Twitter for  iPhone</a>","The end of Game of Thrones season one was a nice surprise. Yes, I'm way behind."
"280565998157975552","280565548897689600","7362142","","","2012-12-17 06:52:01 +0000","<a href=""http://twitter.com"" rel=""nofollow"">Twitter for  iPhone</a>","@kellianne Looks like you're taking my advice to write drunk, edit sober quite literally. :)"
"280547452090728449","","","","","2012-12-17 05:38:19 +0000","<a href=""http://itunes.apple.com/us/app/twitter/id409789998?mt=12"" rel=""nofollow"">Twitter for Mac</a>","""The answer is no. We are not doing enough. And we will have to change."" - Barack Obama [video] http://t.co/O7kzl0KZ","http://usnews.nbcnews.com/_news/2012/12/16/15948998-obama-reassures-newtown-you-are-not-alone-at-vigil-for-victims-of-connecticut-school-shootings?lite"
"280533766139674624","280530037768331264","861","","","2012-12-17 04:43:56 +0000","<a href=""http://twitter.com"" rel=""nofollow"">Twitter for  iPhone</a>","@jaygoldman Thanks! And yes, do it!"
"280532927861886978","","","","","2012-12-17 04:40:36 +0000","<a href=""http://flickr.com/services/twitter/"" rel=""nofollow"">Flickr</a>","8:36pm Fun lazy day with this guy http://t.co/L1jPxpPk","http://flic.kr/p/dBGQ7C"
"280497565718417408","280495233710567425","765","","","2012-12-17 02:20:05 +0000","<a href=""http://itunes.apple.com/us/app/twitter/id409789998?mt=12"" rel=""nofollow"">Twitter for Mac</a>","@seanbonner You definitely should. It's quite fun."
"280491257783005185","280486328968298497","786818","","","2012-12-17 01:55:01 +0000","<a href=""http://twitter.com"" rel=""nofollow"">Twitter for  iPhone</a>","@webwright Bookmarked for later watching. Thanks."
"280486129524936704","280485363812810754","15999465","","","2012-12-17 01:34:39 +0000","<a href=""http://twitter.com"" rel=""nofollow"">Twitter for  iPhone</a>","@ZackShapiro @webwright I do plan to some day. I'll write about it in my 750words this week and see if it makes any more sense."
"280485836691218432","","","","","2012-12-17 01:33:29 +0000","<a href=""http://twitter.com"" rel=""nofollow"">Twitter for  iPhone</a>","Impressive. Good luck! RT @harper: I'm excited to start a week without the internet tomorrow. No smart phone, no laptop, no email &amp; no SMS."
"280484006116593664","280478964059885568","19872718","","","2012-12-17 01:26:12 +0000","<a href=""http://twitter.com"" rel=""nofollow"">Twitter for  iPhone</a>","@JeremySF I'm also waiting for the first person to submit a pull request on my beliefs."
"280483736125046784","280482683015020544","786818","","","2012-12-17 01:25:08 +0000","<a href=""http://twitter.com"" rel=""nofollow"">Twitter for  iPhone</a>","@webwright Yeah some outward resemblances but without the direct channel/insider knowledge/canon of the thoughts &amp; motives of said beings."
"280480810887434242","280480590745174016","786818","","","2012-12-17 01:13:31 +0000","<a href=""http://itunes.apple.com/us/app/twitter/id409789998?mt=12"" rel=""nofollow"">Twitter for Mac</a>","@webwright Yeah, I think the probability of that (or whatever simulations evolve into) is pretty high. Is that strange? :)"
"280479378406785025","280478964059885568","19872718","","","2012-12-17 01:07:49 +0000","<a href=""http://itunes.apple.com/us/app/twitter/id409789998?mt=12"" rel=""nofollow"">Twitter for Mac</a>","@JeremySF Thanks! I've been trying to get people to fork and personalize? so please do! More info: http://t.co/0WZVE14p","http://wayoftheduck.com/codex-vitae"
"280477600198049792","","","","","2012-12-17 01:00:45 +0000","<a href=""http://itunes.apple.com/us/app/twitter/id409789998?mt=12"" rel=""nofollow"">Twitter for Mac</a>","I also added a section on my beliefs around what Earth will be like in 2100 (4th section from bottom): https://t.co/UKLW7hVo","https://github.com/busterbenson/public/blob/master/Beliefs.md"
"280476079368585217","280475821649559552","12661782","","","2012-12-17 00:54:42 +0000","<a href=""http://itunes.apple.com/us/app/twitter/id409789998?mt=12"" rel=""nofollow"">Twitter for Mac</a>","@rondiver The former? I did it merely for relaxation/stress purposes. Most people don't do acupuncture without some ailment though..."
"280474658090917888","280474075174936576","93478440","","","2012-12-17 00:49:04 +0000","<a href=""http://itunes.apple.com/us/app/twitter/id409789998?mt=12"" rel=""nofollow"">Twitter for Mac</a>","@brianmwang Thanks! You should write yours up too. :)"
"280474578969583617","280473136049303552","12661782","","","2012-12-17 00:48:45 +0000","<a href=""http://itunes.apple.com/us/app/twitter/id409789998?mt=12"" rel=""nofollow"">Twitter for Mac</a>","@rondiver Let me know if you need a recommendation. :) Actually, here it is: http://t.co/PcwdFXsv","http://www.zeel.com/d/41193/victoria-summerquist-acupuncturist"
"280471941498941440","","","","","2012-12-17 00:38:16 +0000","<a href=""http://itunes.apple.com/us/app/twitter/id409789998?mt=12"" rel=""nofollow"">Twitter for Mac</a>","Updated my beliefs file to include a line on gun control: https://t.co/UKLW7hVo","https://github.com/busterbenson/public/blob/master/Beliefs.md"
"280400390195916801","","","","","2012-12-16 19:53:57 +0000","<a href=""http://www.apple.com"" rel=""nofollow"">Safari on iOS</a>","The NRA's war on gun science.  http://t.co/BWLLNZlo","http://www.salon.com/2012/07/25/the_nras_war_on_gun_science/"
"280190147427962881","280188384100642816","798542","","","2012-12-16 05:58:31 +0000","<a href=""http://itunes.apple.com/us/app/twitter/id409789998?mt=12"" rel=""nofollow"">Twitter for Mac</a>","@helenjane Prepare yourself for a weekend visit late Jan, early Feb!"
"280171757875392512","","","","","2012-12-16 04:45:27 +0000","<a href=""http://instagr.am"" rel=""nofollow"">Instagram</a>","8:36pm Holiday party playing king of the bean bag hill with Ellis http://t.co/J1bH7qLO","http://instagr.am/p/TSND5_o0ID/"
"280157702674604032","","","","","2012-12-16 03:49:36 +0000","<a href=""http://twitter.com"" rel=""nofollow"">Twitter for  iPhone</a>","Bummed to be totally missing out on the @Twitter #celebrate party. Next year!"
"280145247248465921","","","","","2012-12-16 03:00:06 +0000","<a href=""http://instagr.am"" rel=""nofollow"">Instagram</a>","5 little monkeys jumping on the bed. http://t.co/V0Tdsmg6","http://instagr.am/p/TSBHt4I0Jq/"
"280095465951858689","280091605086633984","16644937","","","2012-12-15 23:42:17 +0000","<a href=""http://twitter.com"" rel=""nofollow"">Twitter for  iPhone</a>","@the_april Yeah the same arguments and counter-arguments get repeated over and over."
"280085876392984576","280083944651759616","16644937","","","2012-12-15 23:04:11 +0000","<a href=""http://twitter.com"" rel=""nofollow"">Twitter for  iPhone</a>","@the_april The more conversations the better. We should start them all because another mass shooting will probably happen within 2 months."
"280077475688620032","","","","","2012-12-15 22:30:48 +0000","<a href=""http://twitter.com"" rel=""nofollow"">Twitter for  iPhone</a>","""If we could reduce gun deaths by one third, that would be 10,000 lives saved annually."" Good steps suggested here: http://t.co/UitFBZux","http://www.nytimes.com/2012/12/16/opinion/sunday/kristof-do-we-have-the-courage-to-stop-this.html"
"280073282462576640","","","","","2012-12-15 22:14:08 +0000","<a href=""http://twitter.com/tweetbutton"" rel=""nofollow"">Tweet Button</a>","Signed it. ""Immediately address the issue of gun control through the introduction of legislation in Congress."" http://t.co/GlK8taxa","http://wh.gov/RN6U"
"280071215043973120","","","","","2012-12-15 22:05:55 +0000","<a href=""http://twitter.com"" rel=""nofollow"">Twitter for  iPhone</a>","Just finished the beautifully told &amp; illustrated graphic memoir by @ellen_forney:  http://t.co/vANvTUtE","http://marblesbyellenforney.com"
"279993099315474432","279803039043436546","798542","","","2012-12-15 16:55:31 +0000","<a href=""http://twitter.com"" rel=""nofollow"">Twitter for  iPhone</a>","@helenjane Moving on Jan 19th!"
"279829248347340800","","","","","2012-12-15 06:04:26 +0000","<a href=""http://flickr.com/services/twitter/"" rel=""nofollow"">Flickr</a>","8:36pm Ex-Amazon old friends give me a great farewell. http://t.co/TZUj8St6","http://flic.kr/p/dB5QR2"
"279792673479602178","","","","","2012-12-15 03:39:06 +0000","<a href=""http://instagr.am"" rel=""nofollow"">Instagram</a>","Going away cookies from awesome old friends.  @ Twilight Exit http://t.co/oAQuHd96","http://instagr.am/p/TPgtmCo0Lo/"
"279767008650858497","","","279765018373926912","4711","2012-12-15 01:57:07 +0000","<a href=""http://twitter.com"" rel=""nofollow"">Twitter for  iPhone</a>","RT @sippey: ""The dream was that by lowering the bar of publishing and communication we?d all be publishers."" @adammathes at http://t.co/ ..."
"279750789549920256","","","279748553017004032","1285451","2012-12-15 00:52:40 +0000","<a href=""http://twitter.com"" rel=""nofollow"">Twitter for  iPhone</a>","RT @dweinberger: Ray Kurzweil returns from the future, takes job at Google. He must know something... http://t.co/2FKhMZTF","http://1wg.r2.ly/"
"279723692030828544","","","","","2012-12-14 23:04:59 +0000","<a href=""https://findings.com"" rel=""nofollow"">Findings</a>","Moravec's paradox is neat. via @findings - http://t.co/PbPVAyMR","http://fnd.gs/QYYkEA"
"279722886770601988","","","","","2012-12-14 23:01:47 +0000","<a href=""http://timehop.com/"" rel=""nofollow"">Timehop</a>","http://t.co/UXCU3B0z was almost ready to launch 3 years ago today. http://t.co/BuMqJ5yQ","http://750words.com","http://t.imehop.com/RuhLXi"
"279463534881042432","","","","","2012-12-14 05:51:13 +0000","<a href=""http://instagr.am"" rel=""nofollow"">Instagram</a>","Sea urchin custard, apple cider gelee, salmon roe! @ The Walrus and the Carpenter http://t.co/glZHbibI","http://instagr.am/p/TNLHdKI0MF/"
"279463527591333888","","","","","2012-12-14 05:51:11 +0000","<a href=""http://instagr.am"" rel=""nofollow"">Instagram</a>","8:36pm Date night with beauteous maximus http://t.co/BZn7ReQU","http://instagr.am/p/TNLJ8tI0MI/"
"279410864237445120","","","","","2012-12-14 02:21:55 +0000","<a href=""http://getprismatic.com"" rel=""nofollow"">getprismatic.com</a>","How to be evil. ""What Really Made Steve Jobs So Angry at Google?"" http://t.co/ScsioPgg via @prismatic","http://prsm.tc/5GI5i6"
"279316266668396544","","","","","2012-12-13 20:06:02 +0000","<a href=""http://bufferapp.com"" rel=""nofollow"">Buffer</a>","MAILBOX for iOS (coming next year) looks super rad http://t.co/NjfcLVgq /cc @mailbox","http://bit.ly/Sjztgo"
"279299649964224516","279298616454164481","787919","","","2012-12-13 19:00:00 +0000","web","@bweiner Interesting. Can you find the link?"
"279296540978315265","279295509955477506","285401666","","","2012-12-13 18:47:39 +0000","<a href=""http://www.tweetdeck.com"" rel=""nofollow"">TweetDeck</a>","@HannahCurious Do you remember how old you were when you first had the jolt? I remember being in 3rd grade, in bed, freaking out."
"279296328549429250","279293566835126272","787919","","","2012-12-13 18:46:48 +0000","<a href=""http://www.tweetdeck.com"" rel=""nofollow"">TweetDeck</a>","@bweiner It's actually really difficult for me to get to that jolt of vertigo. It's like my brain is designed to avoid the thought."
"279289836823773184","","","","","2012-12-13 18:21:00 +0000","<a href=""http://twitter.com"" rel=""nofollow"">Twitter for  iPhone</a>","Do you ever peer over the edge of your short life into infinity and get vertigo? It's like a quick jolt of energy to do meaningful things."
"279122449298235392","","","","","2012-12-13 07:15:52 +0000","<a href=""http://twitter.com"" rel=""nofollow"">Twitter for  iPhone</a>","I've posted 403 photos on Instagram and 7,528 on Flickr."
"279108483285139456","","","","","2012-12-13 06:20:22 +0000","<a href=""http://flickr.com/services/twitter/"" rel=""nofollow"">Flickr</a>","8:36pm Home! http://t.co/jqiK3dR3","http://flic.kr/p/dACAXn"
"279012506381451264","279011784906665984","26123649","","","2012-12-12 23:58:59 +0000","<a href=""http://www.tweetdeck.com"" rel=""nofollow"">TweetDeck</a>","@brianellin I love when a new social network comes out."
"279009131246022656","","","279002869615710209","22824309","2012-12-12 23:45:35 +0000","<a href=""http://twitter.com"" rel=""nofollow"">Twitter for  iPhone</a>","RT @RachaelRad: Partnering With Twitter To Tell A Bigger Story: Q&amp;A With Vizify's CEO http://t.co/QOZCJp9w","http://readwrite.com/2012/12/12/partnering-with-twitter-to-tell-a-bigger-story-qa-with-vizifys-ceo"
"278931792306769921","","","","","2012-12-12 18:38:16 +0000","<a href=""http://www.tweetdeck.com"" rel=""nofollow"">TweetDeck</a>","Well played, @flickr. http://t.co/WUiaF199","http://tcrn.ch/UjESzw"
"278929518679437313","","","","","2012-12-12 18:29:14 +0000","<a href=""http://flickr.com/services/twitter/"" rel=""nofollow"">Flickr</a>","Testing new Flickr filers on Niko http://t.co/gAWSYE6e","http://flic.kr/p/dAAHzQ"
"278789453839994881","","","","","2012-12-12 09:12:40 +0000","<a href=""http://twitter.com"" rel=""nofollow"">Twitter for  iPhone</a>","#humblebrag RT @olivia: ""we A/B tested. one week, tupac ice sculpture; one week, @busterbenson. buster benson had better results."""
"278723013103452160","","","","","2012-12-12 04:48:39 +0000","<a href=""http://instagr.am"" rel=""nofollow"">Instagram</a>","8:36pm Dinner with Lane and Jason @ The Residence http://t.co/EW69EMn5","http://instagr.am/p/TH6SUvI0Ak/"
"278650086093897729","","400616744","","","2012-12-11 23:58:52 +0000","web","@ccwgoh Hey I saw your #quantifiedself talk a couple weeks ago. Do you need more brain scan volunteers / recommend a place to get it done?"
"278644100868227072","278637216811581440","766566","","","2012-12-11 23:35:05 +0000","<a href=""http://www.tweetdeck.com"" rel=""nofollow"">TweetDeck</a>","@emmarocks I was just thinking the same thing. Is hipstamatic on Android? They do it."
"278591422402277377","","","","","2012-12-11 20:05:45 +0000","<a href=""http://bufferapp.com"" rel=""nofollow"">Buffer</a>","How to improve the quality of our decision making: decision journals http://t.co/9BrpVN1b /via @bs","http://bit.ly/Vy1Bb3"
"278566019029692416","","","","","2012-12-11 18:24:49 +0000","<a href=""http://www.tweetdeck.com"" rel=""nofollow"">TweetDeck</a>","Thanks for being my 2012 golden follower, @tomcoates."
"278563454938390528","278553808974524416","5559292","","","2012-12-11 18:14:37 +0000","<a href=""http://twitter.com"" rel=""nofollow"">Twitter for  iPhone</a>","@etucker @vizify Definitely. :)"
"278554837929578496","","","","","2012-12-11 17:40:23 +0000","<a href=""http://twitter.com/tweetbutton"" rel=""nofollow"">Tweet Button</a>","Can you guess my top tweeted words of 2012? #Twitter2012 #vizify https://t.co/pjp9Oz6x","https://www.vizify.com/buster-benson/year-on-twitter?km_source=share_twitter&km_orig_source=share_twitter&km_generation=0&km_orig_person=DFZP2M4GXQm%2BZIF83TEZjrTGtE4%3D&km_prev_person=DFZP2M4GXQm%2BZIF83TEZjrTGtE4%3D"
"278543823385272321","278541097687461888","295513152","","","2012-12-11 16:56:37 +0000","<a href=""http://twitter.com"" rel=""nofollow"">Twitter for  iPhone</a>","@vizify I was excited to see this. Well done! And excellent implementation of cards too. :)"
"278542505119735808","","","278535319995961344","37036797","2012-12-11 16:51:22 +0000","<a href=""http://twitter.com"" rel=""nofollow"">Twitter for  iPhone</a>","RT @jonathansposato: What's the top tweet of 2012? Twitter unveils #Twitter2012 + Your top tweet (powered by #vizify) https://t.co/6TGaGHeS","https://2012.twitter.com"
"278541973479124993","","","278529674093678593","972651","2012-12-11 16:49:16 +0000","<a href=""http://twitter.com"" rel=""nofollow"">Twitter for  iPhone</a>","RT @mashable: Pinterest Adds Support for Twitter Cards http://t.co/lwHaDyYY via @dailydot","http://on.mash.to/TNACZ5"
"278378135500779520","","","","","2012-12-11 05:58:14 +0000","<a href=""http://twitter.com"" rel=""nofollow"">Twitter for  iPhone</a>","#lyke RT @rdicker: Trying out ye new Twitter textte filters. About tyme they released them."
"278358187952992256","","","","","2012-12-11 04:38:58 +0000","<a href=""http://instagr.am"" rel=""nofollow"">Instagram</a>","8:36pm Drinking with @johnwrede! @ Irish Bank http://t.co/aKD3ZFIE","http://instagr.am/p/TFUYaVo0LR/"
"278333517535006720","278328558110273536","2182141","","","2012-12-11 03:00:56 +0000","<a href=""http://twitter.com"" rel=""nofollow"">Twitter for  iPhone</a>","@cap @ryanchris Trying to 1) guess motivations of others with 2) inferior info but 3) assumed superior understanding = a curmudgeonly art :)"
"278328462832439296","278323984678932480","13349","","","2012-12-11 02:40:51 +0000","<a href=""http://twitter.com"" rel=""nofollow"">Twitter for  iPhone</a>","@ryanchris @cap I am tagging you both  #oldcurmudeons."
"278302054877888512","","","","","2012-12-11 00:55:55 +0000","<a href=""http://bufferapp.com"" rel=""nofollow"">Buffer</a>","DIY Instagram http://t.co/NYWhOJmW /by @rands","http://bit.ly/SMoxEF"
"278285552904720384","278285047054888960","16366882","","","2012-12-10 23:50:20 +0000","<a href=""http://www.tweetdeck.com"" rel=""nofollow"">TweetDeck</a>","@octavekitten Filters in general? Yeah, there are algorithms designed to automatically apply some series of adjustments in a certain order."
"278284520594214912","278284262569021440","16366882","","","2012-12-10 23:46:14 +0000","<a href=""http://www.tweetdeck.com"" rel=""nofollow"">TweetDeck</a>","@octavekitten I agree. We have some work to do."
"278283643405889536","","","","","2012-12-10 23:42:46 +0000","<a href=""http://twitter.com"" rel=""nofollow"">Twitter for  iPhone</a>","Testing new Twitter filters on Niko http://t.co/fYNHbSQO","http://twitter.com/busterbenson/status/278283643405889536/photo/1"
"278283224734646273","","","","","2012-12-10 23:41:05 +0000","<a href=""http://instagr.am"" rel=""nofollow"">Instagram</a>","Testing new Instagram Willow filter on Niko http://t.co/0x4PogdN","http://instagr.am/p/TEyJ7SI0LC/"
"278279670082985985","","","278276920381157377","783214","2012-12-10 23:26:58 +0000","<a href=""http://www.tweetdeck.com"" rel=""nofollow"">TweetDeck</a>","RT @twitter: Twitter for iPhone and Android let you filter and edit photos right from the app. ""Twitter photos: Put a filter on it"" http ..."
"278277164275752960","278265468375146496","62600226","","","2012-12-10 23:17:00 +0000","web","@talof2cities Wait, is it in common use in your land? Where is your land again? :)"
"278239705437466624","","","","","2012-12-10 20:48:09 +0000","<a href=""http://www.tweetdeck.com"" rel=""nofollow"">TweetDeck</a>","TODO: Stop using bi-weekly/bi-monthly to mean every 2 weeks. Start using fortnightly. #done"
"278222663795757056","278222124999647232","795649","","","2012-12-10 19:40:26 +0000","<a href=""http://www.tweetdeck.com"" rel=""nofollow"">TweetDeck</a>","@rsarver Me too. Does this mean Nike's gonna open up their API?"
"278221922167308288","278218207007997952","795649","","","2012-12-10 19:37:30 +0000","<a href=""http://www.tweetdeck.com"" rel=""nofollow"">TweetDeck</a>","@rsarver Wow, that's awesome! Were you a Techstars mentor prior?"
"278190341721575424","","","277928796777218048","245763083","2012-12-10 17:32:00 +0000","<a href=""http://twitter.com"" rel=""nofollow"">Twitter for  iPhone</a>","RT @STWnextness: The evolution of meaning http://t.co/jChWy4Bi","http://bit.ly/SAjQxH"
"278189956009164800","","","","","2012-12-10 17:30:28 +0000","<a href=""http://twitter.com"" rel=""nofollow"">Twitter for  iPhone</a>","Busted. RT @STWnextness: ""You are boring. So, so boring."" http://t.co/gxmfrRy2","http://bit.ly/SJdj3N"
"278180249311784960","","","","","2012-12-10 16:51:54 +0000","<a href=""http://bufferapp.com"" rel=""nofollow"">Buffer</a>","How ""anything is possible"" is misleading: http://t.co/BDWgZS36 (discuss on @branch: http://t.co/FvDRAIAG)","http://bit.ly/SHkrh3","http://bit.ly/SLeIXR"
"278174149074120705","","","","","2012-12-10 16:27:40 +0000","<a href=""http://bufferapp.com"" rel=""nofollow"">Buffer</a>","We were given brains the size of thimbles and a desire to grasp a fairly deep puddle. The universe must not like our Facebook page. #truth"
"278170286787010560","278160262228492288","14930470","","","2012-12-10 16:12:19 +0000","<a href=""http://twitter.com"" rel=""nofollow"">Twitter for  iPhone</a>","@msaffitz Awesome!"
"278170058612674560","","","278160262228492288","14930470","2012-12-10 16:11:24 +0000","<a href=""http://twitter.com"" rel=""nofollow"">Twitter for  iPhone</a>","RT @msaffitz: Apptentive Scores $1.2M From Founder?s Co-Op, Google Ventures, To Help App Devs Solicit Better?Feedback http://t.co/AztqxP ..."
"278136468558454786","","","","","2012-12-10 13:57:56 +0000","<a href=""http://twitter.com"" rel=""nofollow"">Twitter for  iPhone</a>","Great post reframing how I think about social networks RT @ScepticGeek: The Disillusionment of Social Networks http://t.co/YNryLGms","http://j.mp/VshQq3"
"278017603828592640","278014966810951681","19482382","","","2012-12-10 06:05:36 +0000","<a href=""http://twitter.com"" rel=""nofollow"">Twitter for  iPhone</a>","@iotaweb Oh well, sorry!"
"278012984440262657","","","","","2012-12-10 05:47:15 +0000","<a href=""http://twitter.com"" rel=""nofollow"">Twitter for  iPhone</a>","Excellent @branch alert: ""What can we do to stop sincerity?"" started by @ftrain http://t.co/LQwUTI6E","http://branch.com/b/what-can-we-do-to-stop-sincerity"
"278005666969432064","278004334254489600","10959642","","","2012-12-10 05:18:10 +0000","<a href=""http://twitter.com"" rel=""nofollow"">Twitter for  iPhone</a>","@tara Yes, he's ready to start a new day."
"278005380867571712","","","278001659089666048","11768582","2012-12-10 05:17:02 +0000","<a href=""http://twitter.com"" rel=""nofollow"">Twitter for  iPhone</a>","RT @garrytan: Todo sample apps written in 30+ different Javascript MVC frameworks, including Backbone.js, Ember.js, Meteor http://t.co/0 ..."
"278003685655719936","","","","","2012-12-10 05:10:18 +0000","<a href=""http://instagr.am"" rel=""nofollow"">Instagram</a>","8:36pm Skipped his nap and still claiming that he doesn't need to sleep. He's got things to do. http://t.co/vubr7z0p","http://instagr.am/p/TCzJ9XI0Bw/"
"277878238087356416","","","","","2012-12-09 20:51:49 +0000","<a href=""http://instagr.am"" rel=""nofollow"">Instagram</a>","""4 airplanes coming down the track!"" Weekly choo-spotting @ Old Spaghetti Factory http://t.co/XBI46TVp","http://instagr.am/p/TB6G0Vo0Cz/"
"277842399550640128","","","","","2012-12-09 18:29:24 +0000","<a href=""http://www.tweetdeck.com"" rel=""nofollow"">TweetDeck</a>","Accepting responsibility is better than forgiving: http://t.co/dM6juB6s by @sivers","http://sivers.org/my-fault"
"277840753168891904","277837533319139328","20932488","","","2012-12-09 18:22:52 +0000","<a href=""http://www.tweetdeck.com"" rel=""nofollow"">TweetDeck</a>","@TheAntonioNeves Choose your filters wisely. :)"
"277833902435995648","277832574938775552","20932488","","","2012-12-09 17:55:38 +0000","<a href=""http://twitter.com"" rel=""nofollow"">Twitter for  iPhone</a>","@TheAntonioNeves Isn't everything through a filter? Our senses and brain are massive filters."
"277634661948194817","","","","","2012-12-09 04:43:56 +0000","<a href=""http://flickr.com/services/twitter/"" rel=""nofollow"">Flickr</a>","8:36pm Niko partying late at the Luxury Beacon http://t.co/prWtGWup","http://flic.kr/p/dzDgkb"
"277608875648233472","","","","","2012-12-09 03:01:28 +0000","<a href=""http://foursquare.com"" rel=""nofollow"">foursquare</a>","Warming @the_april's awesome new house! (@ Luxury Beacon w/ 2 others) [pic]: http://t.co/P1qZQayx","http://4sq.com/WRQx9C"
"277594762884833280","277593119845920768","260919174","","","2012-12-09 02:05:23 +0000","<a href=""http://itunes.apple.com/us/app/twitter/id409789998?mt=12"" rel=""nofollow"">Twitter for Mac</a>",".@a_rich_life What's depressing is when we're told over and over that something is easy, and yet we repeatedly fail at it."
"277576594736943104","","","","","2012-12-09 00:53:11 +0000","<a href=""http://bufferapp.com"" rel=""nofollow"">Buffer</a>","?Anything is possible? - Way of the Duck http://t.co/BDWgZS36","http://bit.ly/SHkrh3"
"277540969639985152","","","","","2012-12-08 22:31:38 +0000","<a href=""http://twitter.com"" rel=""nofollow"">Twitter for  iPhone</a>","All of these Top 10 Tricks articles have the added benefit of being easily republished as Top 10 Debunked Myths in a month."
"277514864031834112","","","","","2012-12-08 20:47:54 +0000","<a href=""http://twitter.com"" rel=""nofollow"">Twitter for  iPhone</a>","Always up to something interesting... RT @stephen_wolfram: A big new idea of Mathematica 9: the Predictive Interface http://t.co/T5Nqz0TK","http://wolfr.am/TFNCQh"
"277513642008793088","","","277512766691082240","135316691","2012-12-08 20:43:02 +0000","<a href=""http://twitter.com"" rel=""nofollow"">Twitter for  iPhone</a>","RT @JadAbumrad: The moral ?s posed by twitter ?@rowansingh: Your child is being eaten by a camel. Do u a) save him or b) take a photo ht ..."
"277502032485687297","","","","","2012-12-08 19:56:54 +0000","<a href=""http://twitter.com"" rel=""nofollow"">Twitter for  iPhone</a>","""Everything you read online is true, unless it's something you actually know about."" - somewhere online"
"277495430147883009","","","","","2012-12-08 19:30:40 +0000","<a href=""http://www.apple.com"" rel=""nofollow"">iOS</a>","Cine: Trampoline http://t.co/nbic1LOj #jumping","http://cinemagr.am/show/68885864"
"277481761531916288","","","277477360129953792","607","2012-12-08 18:36:21 +0000","<a href=""http://twitter.com"" rel=""nofollow"">Twitter for  iPhone</a>","RT @mg: Bitcoin gains 'bank' status. This is pretty interesting. http://t.co/yCC6BEXa","http://cir.ca/story/bitcoin-gains-bank-status/69157"
"277480948243767298","","","","","2012-12-08 18:33:08 +0000","<a href=""http://twitter.com"" rel=""nofollow"">Twitter for  iPhone</a>","An actual productive/interesting political discussion between Jon Stewart and Chris Christie occurred: http://t.co/8wO2FarV","http://www.thedailyshow.com/full-episodes/thu-december-6-2012-chris-christie"
"277309663601635328","277247523771531264","408","","","2012-12-08 07:12:30 +0000","<a href=""http://twitter.com"" rel=""nofollow"">Twitter for  iPhone</a>","@endquote I do! But only half the time. My team's all in SF."
"277309032019140609","277265666409644032","7305682","","","2012-12-08 07:10:00 +0000","<a href=""http://twitter.com"" rel=""nofollow"">Twitter for  iPhone</a>","@bshine @doofusdan Oops, if it is they forgot to tell me. :)"
"277307769319743488","","","","","2012-12-08 07:04:58 +0000","<a href=""http://www.tweetdeck.com"" rel=""nofollow"">TweetDeck</a>","Uh oh I'm watching Game of Thrones."
"277270805249945603","","","","","2012-12-08 04:38:06 +0000","<a href=""http://flickr.com/services/twitter/"" rel=""nofollow"">Flickr</a>","8:36pm Dinner at Daniel and Brangien's! http://t.co/VJubRDbp","http://flic.kr/p/dzphto"
"277230522181230592","","","","","2012-12-08 01:58:02 +0000","<a href=""http://twitter.com"" rel=""nofollow"">Twitter for  iPhone</a>","View from Twitter Seattle office. http://t.co/mCVjdkqO","http://twitter.com/busterbenson/status/277230522181230592/photo/1"
"277186028182319104","277142974738075648","580504676","","","2012-12-07 23:01:13 +0000","<a href=""http://twitter.com"" rel=""nofollow"">Twitter for  iPhone</a>","@expereal I have! Liking it so far but payoff for tracking is a little low..."
"277124676780716034","277121566364561408","178841000","","","2012-12-07 18:57:26 +0000","<a href=""http://twitter.com"" rel=""nofollow"">Twitter for  iPhone</a>","@VictorMathieux The exciting calm..."
"277100465148293120","276927461088964608","16036987","","","2012-12-07 17:21:13 +0000","<a href=""http://www.tweetdeck.com"" rel=""nofollow"">TweetDeck</a>","@heyryanleys I do! I send a flat $X budget to the account every paycheck, and use it for all of my day-to-day expenses. /cc @Simplify"
"276938748485328896","","","","","2012-12-07 06:38:37 +0000","<a href=""http://instagr.am"" rel=""nofollow"">Instagram</a>","8:36pm Dinner at Ryan and Carla's! http://t.co/8cj709KD","http://instagr.am/p/S7O9DzI0EK/"
"276784030786129920","","","","","2012-12-06 20:23:49 +0000","<a href=""http://twitter.com"" rel=""nofollow"">Twitter for  iPhone</a>","How Netflix is changing tv. I especially like the idea of releasing entire seasons at once. http://t.co/2Gc1YdCM","http://gigaom.com/video/netflix-ted-sarandos-ubs-media/"
"276766731953909760","","","276766500969390081","41875694","2012-12-06 19:15:05 +0000","<a href=""http://www.tweetdeck.com"" rel=""nofollow"">TweetDeck</a>","RT @lawblob: i like to keep my friends close &amp; haters closer. but both theoretical and in my phone"
"276756301340610562","276752664501551104","16366882","","","2012-12-06 18:33:38 +0000","<a href=""http://twitter.com"" rel=""nofollow"">Twitter for  iPhone</a>","@octavekitten @deacon87 And we have super movers packing for us... stoked to not have to lift a finger."
"276756053297872896","276752664501551104","16366882","","","2012-12-06 18:32:39 +0000","<a href=""http://twitter.com"" rel=""nofollow"">Twitter for  iPhone</a>","@octavekitten @deacon87 We're done with all the outdoor stuff but would probably like to keep plants around a bit longer."
"276752408149897217","276751650968985602","17628107","","","2012-12-06 18:18:10 +0000","<a href=""http://twitter.com"" rel=""nofollow"">Twitter for  iPhone</a>","@Deacon87 @octavekitten Awesome. Let me know when you'd like to come pick stuff up!"
"276751358374326272","276750651046907904","16366882","","","2012-12-06 18:14:00 +0000","<a href=""http://twitter.com"" rel=""nofollow"">Twitter for  iPhone</a>","@octavekitten You probably don't want my old jeans and socks, but do you want a BBQ, lawn chairs, or plants?"
"276750494645514240","","","","","2012-12-06 18:10:34 +0000","<a href=""http://twitter.com"" rel=""nofollow"">Twitter for  iPhone</a>","Someone just came over to assess our moving strategy for Jan 19th (to SF). Excited!"
"276506512879398912","","","276505547421913088","36823","2012-12-06 02:01:04 +0000","<a href=""http://twitter.com"" rel=""nofollow"">Twitter for  iPhone</a>","RT @anildash: Tech media are like climate deniers about facts like Microsoft revenues, Facebook malignancy, or anything outside the U.S. ..."
"276410708785238018","","","","","2012-12-05 19:40:23 +0000","<a href=""http://bufferapp.com"" rel=""nofollow"">Buffer</a>","""Why I track"" - a history of my self-tracking projects + insights from my recent #quantifiedself talk: http://t.co/GDrTzQxF","http://bit.ly/RCdSPU"
"276410266844004352","276409356772335616","15916492","","","2012-12-05 19:38:37 +0000","<a href=""http://www.tweetdeck.com"" rel=""nofollow"">TweetDeck</a>","@accarmichael Thanks! :)"
"276351284053962752","","","","","2012-12-05 15:44:15 +0000","<a href=""http://twitter.com"" rel=""nofollow"">Twitter for  iPhone</a>","Striving for fairness can move us towards both acceptance of equality and declarations of war."
"276211155876331520","","","274589593741975552","2329921","2012-12-05 06:27:25 +0000","<a href=""http://twitter.com"" rel=""nofollow"">Twitter for  iPhone</a>","RT @ladamic: My initial thoughts on Coursera vs. the classroom http://t.co/i9U7rNUP","http://www.ladamic.com/wordpress/?p=547"
"276208693232689152","","1568","","","2012-12-05 06:17:38 +0000","<a href=""http://twitter.com"" rel=""nofollow"">Twitter for  iPhone</a>","@adambrault A few people are talking about various strategies to get uninterrupted thought time back over here: http://t.co/M4YTVWEi","http://branch.com/b/disconnect-saturdays"
"276207563245228032","","","","","2012-12-05 06:13:09 +0000","<a href=""http://www.apple.com"" rel=""nofollow"">Safari on iOS</a>","""The single most valuable resource I have is uninterrupted thought."" http://t.co/zWL35bEs","http://adambrault.com/post/37201680402/i-quit-twitter-for-a-month-and-it-completely-changed-my"
"276187383064563712","","","","","2012-12-05 04:52:58 +0000","<a href=""http://flickr.com/services/twitter/"" rel=""nofollow"">Flickr</a>","8:36pm Today I managed to take off my shoes http://t.co/i6UXhKEM","http://flic.kr/p/dyCKWV"
"276151314201849856","276128676758843392","7362142","","","2012-12-05 02:29:38 +0000","<a href=""http://www.tweetdeck.com"" rel=""nofollow"">TweetDeck</a>","@kellianne Oh, crap, just saw this. That's terrible. Niko's a frat rock fan."
"276151128188674048","276128860872003585","7362142","","","2012-12-05 02:28:54 +0000","<a href=""http://www.tweetdeck.com"" rel=""nofollow"">TweetDeck</a>","@kellianne What was the song?"
"276127685661577217","","","","","2012-12-05 00:55:45 +0000","<a href=""http://bufferapp.com"" rel=""nofollow"">Buffer</a>","Comics of all the greatest hits of ""weird twitter"". Surprisingly, the plain tweets are often funnier than the drawings. http://t.co/dx4PhLju","http://bit.ly/Sw2TV6"
"276120822534508545","276062916120309760","16971428","","","2012-12-05 00:28:28 +0000","<a href=""http://www.tweetdeck.com"" rel=""nofollow"">TweetDeck</a>","@fredtrotter Thanks! I'm enjoying myself here."
"276061134191198209","","","","","2012-12-04 20:31:18 +0000","<a href=""http://www.tweetdeck.com"" rel=""nofollow"">TweetDeck</a>","Want to ditch your old job and work on the awesome Platform Services team at Twitter (which I'm on)? Email me! buster@twitter.com"
"275826186859446272","275824851661516801","7943892","","","2012-12-04 04:57:42 +0000","<a href=""http://twitter.com"" rel=""nofollow"">Twitter for  iPhone</a>","@ingopixel You are the only person I know who has the willpower to follow that rule."
"275824263485849600","","","","","2012-12-04 04:50:03 +0000","<a href=""http://flickr.com/services/twitter/"" rel=""nofollow"">Flickr</a>","8:36pm Too tired to take off my shoes http://t.co/Y0G8pd20","http://flic.kr/p/dyo6Wr"
"275692594527363072","","","275686697738571776","74523","2012-12-03 20:06:51 +0000","<a href=""http://www.tweetdeck.com"" rel=""nofollow"">TweetDeck</a>","RT @mikeindustries: ""You can still 'be' something and just really suck at it."" -- @dearman on why he can eat meat and still be vegan."
"275692568950484992","275686697738571776","74523","","","2012-12-03 20:06:45 +0000","<a href=""http://www.tweetdeck.com"" rel=""nofollow"">TweetDeck</a>","@mikeindustries @dearman That just blew my mind. I love that logic."
"275672896045719552","","","","","2012-12-03 18:48:34 +0000","<a href=""http://www.tweetdeck.com"" rel=""nofollow"">TweetDeck</a>","While the Pope prepares his first tweet, he already follows 7 versions of himself. @pontifex #ff"
"275491613478879233","","","","","2012-12-03 06:48:13 +0000","<a href=""http://instagr.am"" rel=""nofollow"">Instagram</a>","Gonna miss the Vain crew @ FRED Wildlife REFUGE http://t.co/ueikF8gP","http://instagr.am/p/Sw85F0o0KX/"
"275476108982505472","","","","","2012-12-03 05:46:37 +0000","<a href=""http://instagr.am"" rel=""nofollow"">Instagram</a>","8:36pm Heavenly Spies! @ FRED Wildlife REFUGE http://t.co/UgPGkAJP","http://instagr.am/p/Sw1yV0I0G9/"
"275096645031575552","","","","","2012-12-02 04:38:45 +0000","<a href=""http://instagr.am"" rel=""nofollow"">Instagram</a>","""It's flying really high"" presented as an argument against bed time http://t.co/J7eZyaaZ","http://instagr.am/p/SuJQ0Yo0I9/"
"275088686528483328","","","","","2012-12-02 04:07:08 +0000","<a href=""http://instagr.am"" rel=""nofollow"">Instagram</a>","Family by the gum wall @ Gum Wall http://t.co/eY5V7mY4","http://instagr.am/p/SuFrbLI0FD/"
"274951687817547776","","","","","2012-12-01 19:02:45 +0000","<a href=""http://instagr.am"" rel=""nofollow"">Instagram</a>","Cutting hair is an art @ Vain http://t.co/5eT8Hl40","http://instagr.am/p/StHWYGo0Lk/"
"274913658021240833","","","","","2012-12-01 16:31:38 +0000","<a href=""http://timehop.com/"" rel=""nofollow"">Timehop</a>","Still thinking about this a year later.  http://t.co/2XlbfBQH","http://t.imehop.com/Rrn9u5"
