"tweet_id","in_reply_to_status_id","in_reply_to_user_id","retweeted_status_id","retweeted_status_user_id","timestamp","source","text","expanded_urls"
"263867654794784768","","","","","2012-11-01 04:58:45 +0000","<a href=""http://flickr.com/services/twitter/"" rel=""nofollow"">Flickr</a>","8:36pm Halloween with a cat, a mouse, a boxer, a skier, and 2 humans http://t.co/BXn0ChAq","http://flic.kr/p/dpCYAJ"
"263826206363885568","","","","","2012-11-01 02:14:03 +0000","<a href=""http://foursquare.com"" rel=""nofollow"">foursquare</a>","I unlocked the ?Zombie Swarm? badge on @foursquare for checking in with a crowd on Halloween! Gangnam Style galore. http://t.co/97zXbaRH","http://4sq.com/T9mqtL"
"263819688499355648","","","","","2012-11-01 01:48:09 +0000","<a href=""http://bufferapp.com"" rel=""nofollow"">Buffer</a>","I'm on team #doxtrolls -- we should bring attention to bad behavior. ""GigaOM debates @ComfortablySmug"" http://t.co/Rm7d1Vd5","http://bit.ly/RtnIOq"
"263792184719990785","263789779949342721","3452941","","","2012-10-31 23:58:52 +0000","<a href=""http://www.tweetdeck.com"" rel=""nofollow"">TweetDeck</a>","@moniguzman Which email did you send to?  Haven't seen it yet..."
"263754503159963648","","","","","2012-10-31 21:29:08 +0000","web","Here's a link, in case you don't see the Twitter Card: https://t.co/JxkipWhv","https://findings.com/clips/CQ3xk5/quote---people-are-often-unreasonable-an/"
"263753895480795136","","","","","2012-10-31 21:26:43 +0000","<a href=""https://findings.com"" rel=""nofollow"">Findings</a>","Check out this awesome Mother Teresa quote in spooky Halloween font.  via http://t.co/hxpyRh5X - http://t.co/xjWSX3ve","http://findings.com","http://fnd.gs/Rta1Ck"
"263685211592728576","","","","","2012-10-31 16:53:48 +0000","<a href=""http://twitter.com"" rel=""nofollow"">Twitter for  iPhone</a>","Niko would love this #giants parade - so many people dressed up as his favorite stuffed animal. #gopandas"
"263525708813447168","263524400375136256","21135674","","","2012-10-31 06:19:59 +0000","<a href=""http://www.tweetdeck.com"" rel=""nofollow"">TweetDeck</a>","@e_ramirez Looking forward to it, as soon as my knee gets its act together. :)"
"263524268158091264","263524001127743488","21135674","","","2012-10-31 06:14:16 +0000","<a href=""http://www.tweetdeck.com"" rel=""nofollow"">TweetDeck</a>","@e_ramirez Yeah, that's what I've been doing. I also just started running again, so probably just need to let everything shake out a bit."
"263523526999412736","263522389311250432","21135674","","","2012-10-31 06:11:19 +0000","<a href=""http://www.tweetdeck.com"" rel=""nofollow"">TweetDeck</a>","@e_ramirez I think so. It's definitely on both sides of my knee rather than the front. http://t.co/lsWvdrW0","http://bit.ly/TmhCyU"
"263521039449980928","","","","","2012-10-31 06:01:26 +0000","<a href=""http://twitter.com"" rel=""nofollow"">Twitter for  iPhone</a>","Went to the gym to run but sad that my knee still hurts. Guess I gotta just do weights and stretching for now. #marathontraining"
"263486324990947328","","","","","2012-10-31 03:43:29 +0000","<a href=""http://flickr.com/services/twitter/"" rel=""nofollow"">Flickr</a>","8:36pm Should I eat this or head to the hotel gym? http://t.co/n34H5xla","http://flic.kr/p/dpmn1i"
"263478635942531073","263477964203769858","528","","","2012-10-31 03:12:56 +0000","<a href=""http://twitter.com"" rel=""nofollow"">Twitter for  iPhone</a>","@buzz @rk Same."
"263477560522977280","","","","","2012-10-31 03:08:40 +0000","<a href=""http://twitter.com"" rel=""nofollow"">Twitter for  iPhone</a>","I do! If only to witness its evolution MT @rk: Not sure I can say I want to program for 20 more yrs. http://t.co/HUh2Fpol","http://bit.ly/W4AR86"
"263475456525869056","","","","","2012-10-31 03:00:18 +0000","<a href=""http://twitter.com"" rel=""nofollow"">Twitter for  iPhone</a>","Sisyphus, the absurd hero, the great futility, the impossible dream RT @alexia: Gallows Humor http://t.co/xBOdmHzm","http://tcrn.ch/W4wrOK"
"263473738752864257","","","263460128408338432","10221","2012-10-31 02:53:29 +0000","<a href=""http://twitter.com"" rel=""nofollow"">Twitter for  iPhone</a>","RT @thatdrew: nice people. http://t.co/vARlnzdJ","http://scriggity.com/nice-people"
"263466230084694017","263455039484477440","2182141","","","2012-10-31 02:23:38 +0000","<a href=""http://twitter.com"" rel=""nofollow"">Twitter for  iPhone</a>","@cap They apparently do."
"263461423106097152","","","","","2012-10-31 02:04:32 +0000","<a href=""http://twitter.com"" rel=""nofollow"">Twitter for  iPhone</a>","Awesome! RT @sarahnovotny: Seattle mayor to give Ignite talk ? here's hoping it's a trend: http://t.co/MWWwNRNp -- well done @stewtopia!","http://www.geekwire.com/2012/5-minutes-mayor-mcginn-signs-ignite-talk/"
"263457535493824513","263456207723970561","761628","","","2012-10-31 01:49:05 +0000","<a href=""http://dev.twitter.com/"" rel=""nofollow"">API</a>","@RickWebb @joshc David Lynch."
"263453085517635585","","","","","2012-10-31 01:31:24 +0000","<a href=""https://findings.com"" rel=""nofollow"">Findings</a>","Nice read. ""The Island Where People Forget To Die"" via http://t.co/hxpyRh5X - http://t.co/uutLWvEM","http://findings.com","http://fnd.gs/StKNor"
"263448245601198080","","","263448067116761088","761628","2012-10-31 01:12:11 +0000","<a href=""http://dev.twitter.com/"" rel=""nofollow"">API</a>","RT @RickWebb: Fuck it. There should just be STAR WARS LAND."
"263315310176768000","","","","","2012-10-30 16:23:56 +0000","<a href=""http://bufferapp.com"" rel=""nofollow"">Buffer</a>","""Zoomed out"" - Way of the Duck http://t.co/3P62xaic","http://bit.ly/Q4mvlB"
"263311211305771009","","","","","2012-10-30 16:07:39 +0000","<a href=""http://instagr.am"" rel=""nofollow"">Instagram</a>","Remembering my dad (11/26/51-10/30/93) http://t.co/rWg6Xf5X","http://instagr.am/p/RaZ5fmo0Ko/"
"263123823426142208","","","","","2012-10-30 03:43:02 +0000","<a href=""http://flickr.com/services/twitter/"" rel=""nofollow"">Flickr</a>","8:36pm Exhausted but can't stop reading about east coasters going through #sandy http://t.co/tbE1hIf2","http://flic.kr/p/dp53nA"
"263100966356799488","","","","","2012-10-30 02:12:13 +0000","<a href=""http://twitter.com"" rel=""nofollow"">Twitter for  iPhone</a>","Everyone text REDCROSS to 90999 right now. #Sandy http://t.co/FFYetDbD","http://twitter.com/busterbenson/status/263100966356799488/photo/1"
"262973833663901697","","","262972168579719168","30495974","2012-10-29 17:47:02 +0000","<a href=""http://twitter.com"" rel=""nofollow"">Twitter for  iPhone</a>","RT @berkun: An inventory of Fake photos of hurricane #sandy: http://t.co/KBCcgVAh #sandy #frankenstorm","http://bit.ly/S8ypaP"
"262951502258262016","","","262667675333976065","1530531","2012-10-29 16:18:18 +0000","<a href=""http://twitter.com"" rel=""nofollow"">Twitter for  iPhone</a>","RT @miradu: Whedon On Romney http://t.co/SQqQVVqS via @youtube","http://www.youtube.com/watch?v=6TiXUF9xbTo&sns=tw"
"262932049084690434","","","262926514478260224","14313712","2012-10-29 15:01:00 +0000","<a href=""http://twitter.com"" rel=""nofollow"">Twitter for  iPhone</a>","RT @mattbuchanan: This is the site to watch http://t.co/oALNV7QS","http://instacane.com/"
"262763542791475202","","","","","2012-10-29 03:51:25 +0000","<a href=""http://instagr.am"" rel=""nofollow"">Instagram</a>","8:36pm Just had dinner with Kellianne's aunt and grandmother in Salinas. http://t.co/UpJzaXNi","http://instagr.am/p/RWgwXUo0E3/"
"262672819773640705","","","","","2012-10-28 21:50:55 +0000","<a href=""http://instagr.am"" rel=""nofollow"">Instagram</a>","Pre-wedding family sighting @ Glen Oaks Big Sur http://t.co/9b3TZC5l","http://instagr.am/p/RV3IYko0Fq/"
"262660299247730690","","","","","2012-10-28 21:01:09 +0000","<a href=""http://instagr.am"" rel=""nofollow"">Instagram</a>","Car broke down. Stranded in Big Sur. Forced to decide between a nap and a beer. http://t.co/I2q15r6y","http://instagr.am/p/RVxqpKI0Pj/"
"262429445976121344","","","","","2012-10-28 05:43:50 +0000","<a href=""http://instagr.am"" rel=""nofollow"">Instagram</a>","After party http://t.co/eLK8pp7b","http://instagr.am/p/RUI97Uo0J4/"
"262402076557066240","","","","","2012-10-28 03:55:04 +0000","<a href=""http://instagr.am"" rel=""nofollow"">Instagram</a>","8:36pm So happy to be celebrating the wonderful marriage of lifelong friends Jim and Mic @ Glen Oaks Big Sur http://t.co/Y7VMDicm","http://instagr.am/p/RT8XoyI0Nb/"
"261924317925871617","","","261922879803891713","35056570","2012-10-26 20:16:38 +0000","<a href=""http://twitter.com"" rel=""nofollow"">Twitter for  iPhone</a>","RT @quantifiedself: QS Blog - Quick and Reliable Mood Measurement: http://t.co/AXX4eECY","http://goo.gl/fb/EOi1O"
"261908898951340032","","","","","2012-10-26 19:15:22 +0000","<a href=""http://instagr.am"" rel=""nofollow"">Instagram</a>","""I have it!"" http://t.co/ozfuyx4P","http://instagr.am/p/RQcHAcI0GD/"
"261868550598299649","","","","","2012-10-26 16:35:02 +0000","<a href=""http://instagr.am"" rel=""nofollow"">Instagram</a>","Someone's excited to get on a plane @ Seattle-Tacoma International Airport (SEA) http://t.co/g9MmWQU7","http://instagr.am/p/RQJ2fTI0Iv/"
"261865184140853248","","","","","2012-10-26 16:21:39 +0000","<a href=""http://www.dietbet.com"" rel=""nofollow"">DietBet</a>","Just lost 0.7lbs in my @DietBet. Come cheer me on! http://t.co/Pwb0EMtl","http://bit.ly/TISXoP"
"261828573835431938","","","","","2012-10-26 13:56:11 +0000","<a href=""http://instagr.am"" rel=""nofollow"">Instagram</a>","Suited up for a weekend and Big Sur with all the key accessories http://t.co/VOgzaq74","http://instagr.am/p/RP3n49o0LG/"
"261823252035424256","","","","","2012-10-26 13:35:02 +0000","<a href=""https://findings.com"" rel=""nofollow"">Findings</a>","First known use of the word ""twitter"" as a verb. via http://t.co/hxpyRh5X - http://t.co/wnaCBdCi","http://findings.com","http://fnd.gs/SEopG6"
"261701486524899328","261695549022023680","30495974","","","2012-10-26 05:31:11 +0000","web","@berkun It's a cryptic reference to @robinsloan's http://t.co/VsgOQMkj tap-essay, which I love.","http://robinsloan.com/fish"
"261695061836832768","","","","","2012-10-26 05:05:39 +0000","web","Look at your fish. Love your family. Eat mostly plants. Remember, you will die. http://t.co/XvG2sU9h /via @haikudeck now with twitter cards","http://www.haikudeck.com/p/u9qVHcR7Ts/look-look-look"
"261677867975471105","","","","","2012-10-26 03:57:20 +0000","<a href=""http://instagr.am"" rel=""nofollow"">Instagram</a>","8:36pm After witnessing Niko brush his teeth I understand why humans evolved to eject them all after a few y http://t.co/DbqY1cP6","http://instagr.am/p/ROzCQeo0Ji/"
"261663730100752384","261662959535783936","4711","","","2012-10-26 03:01:09 +0000","<a href=""http://twitter.com"" rel=""nofollow"">Twitter for  iPhone</a>","@sippey Luckily it's a jam band. Might just make it."
"261662795622404096","","","","","2012-10-26 02:57:26 +0000","<a href=""http://twitter.com"" rel=""nofollow"">Twitter for  iPhone</a>","What I'm listening to right now is my new jam. ?"
"261658422737514496","","","","","2012-10-26 02:40:04 +0000","<a href=""http://www.apple.com"" rel=""nofollow"">Safari on iOS</a>","Are you an app developer? Should you be following @rganguly and @apptentive in the current @techstars class? http://t.co/U0RCNfL5","http://tweeterheads.com/big_word/yes"
"261628220774965250","","","","","2012-10-26 00:40:03 +0000","web","Hello. http://t.co/nb7Qm0rW","http://tweeterheads.com/big_word/Hello"
"261572515502125056","261569064663666688","2182141","","","2012-10-25 20:58:42 +0000","<a href=""http://twitter.com"" rel=""nofollow"">Twitter for  iPhone</a>","@cap I think there are some defaults on authentication gems (like the popular devise) that people never change."
"261569893156155392","261569381891461120","22483","","","2012-10-25 20:48:16 +0000","<a href=""http://twitter.com"" rel=""nofollow"">Twitter for  iPhone</a>","@pinwheel Yeah I guess people don't build their own blogs anymore. Sad times."
"261568453859749888","261567962476064768","22483","","","2012-10-25 20:42:33 +0000","<a href=""http://twitter.com"" rel=""nofollow"">Twitter for  iPhone</a>","@pinwheel Ha good point."
"261564866861621248","","","","","2012-10-25 20:28:18 +0000","<a href=""http://bufferapp.com"" rel=""nofollow"">Buffer</a>","Great post from @froginthevalley with examples of how over 2,000 people are using Twitter Cards: http://t.co/Z0UP0etD","http://bit.ly/R32SoH"
"261552162415472640","","774842","","","2012-10-25 19:37:49 +0000","<a href=""http://www.tweetdeck.com"" rel=""nofollow"">TweetDeck</a>","@djacobs @sippey Also, email me if you have specific questions or ideas you want to bounce around. buster@twitter.com"
"261551937902751746","261551340122157057","774842","","","2012-10-25 19:36:56 +0000","<a href=""http://www.tweetdeck.com"" rel=""nofollow"">TweetDeck</a>","@djacobs @sippey You just need to add a couple metadata tags to your pages.  See: http://t.co/WWtqey07 and http://t.co/RleNBCp9 for hints.","http://bit.ly/UIuaXQ","http://bit.ly/QnpTTa"
"261496576835465217","","","","","2012-10-25 15:56:56 +0000","<a href=""http://twitter.com"" rel=""nofollow"">Twitter for  iPhone</a>","As much as I'm skeptical of loss-aversion as sustainable motivation, @dietbet is a pretty great implementation of it. http://t.co/TmcHTzab","http://www.dietbet.com/games/4319/"
"261333964734750720","","","","","2012-10-25 05:10:47 +0000","<a href=""http://www.tweetdeck.com"" rel=""nofollow"">TweetDeck</a>","I just joined DietBet to lose 4% of my weight by 11/21. If I fail, I pay $50. If I succeed, I split the pot. Join me! http://t.co/1aiLgUwD","http://bit.ly/PRG5Bv"
"261311249814523904","","","","","2012-10-25 03:40:31 +0000","<a href=""http://instagr.am"" rel=""nofollow"">Instagram</a>","8:36pm Will wear monkey hat for blueberries http://t.co/oNQyg1jq","http://instagr.am/p/RMMZMGo0H-/"
"261294038815215616","261291002638241792","21135674","","","2012-10-25 02:32:08 +0000","<a href=""http://www.tweetdeck.com"" rel=""nofollow"">TweetDeck</a>","@e_ramirez Woah, that's a pretty impressive clone!"
"261285514496315397","","","","","2012-10-25 01:58:15 +0000","<a href=""http://bufferapp.com"" rel=""nofollow"">Buffer</a>","Trying to keep the @branch alive: ?If behavior change is belief change..."" http://t.co/vXfTyLxB /cc @e_ramirez @cwhogg @aarondcoleman","http://on.branch.com/Qo1y1u#U28S-XIICFQ"
"261277013472600064","261241679565172740","9525212","","","2012-10-25 01:24:28 +0000","<a href=""http://tapbots.com/software/tweetbot/mac"" rel=""nofollow"">Tweetbot for Mac</a>","@dandean If you don?t hear back in a few days, let me know."
"261273021677989889","","","261271539104743424","20","2012-10-25 01:08:37 +0000","<a href=""http://twitter.com"" rel=""nofollow"">Twitter for  iPhone</a>","RT @ev: Don't buy something unless you've wanted it three times: https://t.co/Wtdnh3RF","https://medium.com/product-design/87c254033e2c"
"261239914933391362","261230211335602176","9525212","","","2012-10-24 22:57:03 +0000","<a href=""http://www.tweetdeck.com"" rel=""nofollow"">TweetDeck</a>","@dandean Try writing to support@twitter.com, they can release it for you. If that doesn't work, let me know and I'll poke someone."
"261229826327867393","261228750384017408","9525212","","","2012-10-24 22:16:58 +0000","<a href=""http://twitter.com"" rel=""nofollow"">Twitter for  iPhone</a>","@dandean It's a bit tricky. How long since they tweeted? It also depends on last log in time though."
"261215335632490497","","","","","2012-10-24 21:19:23 +0000","<a href=""http://twitter.com"" rel=""nofollow"">Twitter for  iPhone</a>","Yes pls @msg: for those building a new email client please include a thanks button that doesnt send another email"
"261200128403177472","","","","","2012-10-24 20:18:58 +0000","<a href=""https://findings.com"" rel=""nofollow"">Findings</a>","A 12 hour period of silence during the Digital Detox sounds amazing. via http://t.co/hxpyRh5X - http://t.co/digdZqgB","http://findings.com","http://fnd.gs/TVaNFw"
"261193101727629312","","","","","2012-10-24 19:51:02 +0000","<a href=""http://twitter.com/tweetbutton"" rel=""nofollow"">Tweet Button</a>","Fun infographic of my Twitter Tale by @AmstelLight http://t.co/CshxNADD via @visually","http://create.visual.ly/shared/VThHu2VyK8oXnjgThc8LSe"
"261164656582864896","261163922084732928","15510569","","","2012-10-24 17:58:00 +0000","web","@laurenleto I'll double check but I think that's correct."
"261163719638257664","261162718323699712","15510569","","","2012-10-24 17:54:17 +0000","web","@laurenleto I'm seeing it... but what did you see? Did it not appear at first? Was it slow?"
"261161302930624513","","","","","2012-10-24 17:44:41 +0000","<a href=""https://findings.com"" rel=""nofollow"">Findings</a>","Great post from @laurenleto on the potential for Twitter Cards to be awesome via http://t.co/hxpyRh5X - http://t.co/4aDOuuvP","http://findings.com","http://fnd.gs/VER7wp"
"261144094728921088","","","","","2012-10-24 16:36:18 +0000","<a href=""http://www.apple.com"" rel=""nofollow"">iOS</a>","Check out #Letterpress, a sweet new word game for iPhone and iPad! /by @lorenb  http://t.co/xlLQRUSi","http://www.atebits.com/letterpress/"
"261143088448278528","","","","","2012-10-24 16:32:18 +0000","<a href=""http://timehop.com/"" rel=""nofollow"">Timehop</a>","http://t.co/GIpU0dPf","http://timehop.com/c/5087fa1ee83e3f0023011179"
"260987808641069056","","","","","2012-10-24 06:15:17 +0000","<a href=""http://twitter.com"" rel=""nofollow"">Twitter for  iPhone</a>","Who's the funniest Republican comedian?"
"260980082980569088","260959269577433088","14290242","","","2012-10-24 05:44:35 +0000","<a href=""http://twitter.com"" rel=""nofollow"">Twitter for  iPhone</a>","@maggim I work pretty close by! :)"
"260958630726234112","260957135389732864","518079559","","","2012-10-24 04:19:20 +0000","<a href=""http://twitter.com"" rel=""nofollow"">Twitter for  iPhone</a>","@knockedup The next level up is in the mouth. Luckily only @kellianne made it that far. #2ndplace"
"260952567310327808","","","","","2012-10-24 03:55:14 +0000","<a href=""http://instagr.am"" rel=""nofollow"">Instagram</a>","8:36pm Defining the definitions of what needs to be defined http://t.co/C8YMHnXx","http://instagr.am/p/RJpWefI0Hk/"
"260848804461441024","260846522227384320","71165241","","","2012-10-23 21:02:55 +0000","<a href=""http://twitter.com"" rel=""nofollow"">Twitter for  iPhone</a>","@Simplify When will goals be in the iPhone app?"
"260758550685548544","260750838723649537","16275525","","","2012-10-23 15:04:17 +0000","<a href=""http://twitter.com"" rel=""nofollow"">Twitter for  iPhone</a>","@cay_anchor Write 50,000 words on 750 during Nov and the badge is yours!"
"260597466582364160","","","260585717418315777","222953824","2012-10-23 04:24:12 +0000","<a href=""http://twitter.com"" rel=""nofollow"">Twitter for  iPhone</a>","RT @gov: Most tweeted moment from #lynndebate: 105,767 tweets per minute- @BarackObama ""We also have fewer horses and bayonets"" #debates"
"260586639036907520","","","","","2012-10-23 03:41:10 +0000","<a href=""http://instagr.am"" rel=""nofollow"">Instagram</a>","8:36pm Me: ""Who won the debate?"" Niko: ""I want more raisins!"" http://t.co/bOaO7i2l","http://instagr.am/p/RHCvZ2o0BN/"
"260561600816234498","","","260560544547872768","4030","2012-10-23 02:01:41 +0000","<a href=""http://twitter.com"" rel=""nofollow"">Twitter for  iPhone</a>","RT @monstro: We are also 4 years closer to the sun flaming out."
"260546885171961856","","","","","2012-10-23 01:03:12 +0000","<a href=""http://twitter.com"" rel=""nofollow"">Twitter for  iPhone</a>","Everyone open up incognito tabs on Twitter and Tumblr sign up pages! #startyourmemes #debates"
"260494228298280960","","","","","2012-10-22 21:33:58 +0000","web","Just added @runkeeper's 16-week ""Beginner Marathon"" trainer package, which are apparently FREE now. /thx @jongilman"
"260456830340329472","","","","","2012-10-22 19:05:22 +0000","<a href=""http://bufferapp.com"" rel=""nofollow"">Buffer</a>","I've been testing this for months -- it's awesome! ""http://t.co/1pk5zxxa vets launch news service Goldfinch"" http://t.co/MC5hStx4","http://Amazon.com","http://bit.ly/QOgR1M"
"260245185819193345","260243916077531136","21135674","","","2012-10-22 05:04:22 +0000","<a href=""http://tapbots.com/software/tweetbot/mac"" rel=""nofollow"">Tweetbot for Mac</a>","@e_ramirez @beaugunderson Isn?t that the mission of QS in a way?"
"260243743335137281","260243205260455936","21135674","","","2012-10-22 04:58:38 +0000","<a href=""http://tapbots.com/software/tweetbot/mac"" rel=""nofollow"">Tweetbot for Mac</a>","@e_ramirez @beaugunderson I do like R. But it?s not a consumer product. That?s the only mode I think in."
"260242927685623808","260191640042491905","21135674","","","2012-10-22 04:55:23 +0000","<a href=""http://tapbots.com/software/tweetbot/mac"" rel=""nofollow"">Tweetbot for Mac</a>","@e_ramirez @beaugunderson Wizard is awesome and by far the closest I?ve found so far. StatWing is way off. I have a specific idea here..."
"260223993016107008","","","","","2012-10-22 03:40:09 +0000","<a href=""http://instagr.am"" rel=""nofollow"">Instagram</a>","8:36pm Reunited with @fambai!  @ Local 360 http://t.co/cZ6DLJfM","http://instagr.am/p/REd941o0IO/"
"260177404989952002","260176564791177217","21135674","","","2012-10-22 00:35:01 +0000","<a href=""http://tapbots.com/software/tweetbot/mac"" rel=""nofollow"">Tweetbot for Mac</a>","@e_ramirez Nice, thanks!"
"260176427721318400","260173591075766272","21135674","","","2012-10-22 00:31:08 +0000","<a href=""http://tapbots.com/software/tweetbot/mac"" rel=""nofollow"">Tweetbot for Mac</a>","@e_ramirez Correlation and visualization mostly. Probably more once those were done right too."
"260165091180285952","260164477016752128","21135674","","","2012-10-21 23:46:06 +0000","<a href=""http://tapbots.com/software/tweetbot/mac"" rel=""nofollow"">Tweetbot for Mac</a>","@e_ramirez Yeah, I know that one, but what about a web service-ified version of that?"
"260163996836052993","","21135674","","","2012-10-21 23:41:45 +0000","<a href=""http://tapbots.com/software/tweetbot/mac"" rel=""nofollow"">Tweetbot for Mac</a>","@e_ramirez Do you know of any #quantifiedself tools that take a CSV file (i.e. public @dropbox file) and make correlations from it?"
"260146121568038913","260145882584981504","21135674","","","2012-10-21 22:30:43 +0000","<a href=""http://www.tweetdeck.com"" rel=""nofollow"">TweetDeck</a>","@e_ramirez Then I have won! /cc @svbtle"
"260142972341989377","","","","","2012-10-21 22:18:12 +0000","<a href=""http://twitter.com"" rel=""nofollow"">Twitter for  iPhone</a>","Talk about things you'd rather hide RT @SvbtleFeed: Reflections on Startup School http://t.co/QnMcLLhf /by @daltonc","http://daltoncaldwell.com/reflections-on-startup-school"
"260115517686308864","260092173737922560","235732875","","","2012-10-21 20:29:06 +0000","<a href=""http://twitter.com"" rel=""nofollow"">Twitter for  iPhone</a>","@malcolmdash That was @nikobenson's first guess always too! I think it's just the most fun to say."
"260114362268786689","","","260099163696541696","33412856","2012-10-21 20:24:31 +0000","<a href=""http://twitter.com"" rel=""nofollow"">Twitter for  iPhone</a>","RT @mudede: ""All attempts to say what [beauty] is, are as foolish as cutting out the head of a drum to find whence comes the sound."""
"260113909070049280","","","","","2012-10-21 20:22:43 +0000","<a href=""http://twitter.com"" rel=""nofollow"">Twitter for  iPhone</a>","Crazy if true RT @rondiver: Romney family actually OWNS the voting machines to be used in OH, TX, OK, WA, CO. http://t.co/XwW7grdV","http://www.allvoices.com/contributed-news/13221476-romney-family-buys-voting-machines-through-bain-capital-investment"
"260105688846585856","","","","","2012-10-21 19:50:03 +0000","<a href=""http://instagr.am"" rel=""nofollow"">Instagram</a>","A perfect day for choo-spotting @ Old Spaghetti Factory http://t.co/UsnODP3z","http://instagr.am/p/RDoLVkI0N7/"
"260095455839547392","","","","","2012-10-21 19:09:23 +0000","<a href=""http://twitter.com"" rel=""nofollow"">Twitter for  iPhone</a>","Me: ""Let's go.""
Niko: ""4 more minutes.""
Me: ""Uh, okay.""
(4 minutes later...)
Me: ""Time's up!""
Niko: ""No, time's down!"""
"260054259394039809","","","","","2012-10-21 16:25:41 +0000","<a href=""http://instagr.am"" rel=""nofollow"">Instagram</a>","New York Times from Niko's birthday! Thanks @fambai! http://t.co/1lafzUgq","http://instagr.am/p/RDQ1lmo0DS/"
"259915905960648704","","","","","2012-10-21 07:15:55 +0000","<a href=""https://lightt.com"" rel=""nofollow"">Lightt</a>","Nightly face exercises  http://t.co/ZZSl4fby","http://ligh.tt/a4E"
"259911300338036736","259906971103285250","22483","","","2012-10-21 06:57:37 +0000","<a href=""http://twitter.com"" rel=""nofollow"">Twitter for  iPhone</a>","@pinwheel I'm making @kellianne drink the rest for not corking it."
"259901346411601920","","","","","2012-10-21 06:18:04 +0000","<a href=""http://twitter.com"" rel=""nofollow"">Twitter for  iPhone</a>","Realized after half a glass of wine that was opened yesterday that the chunky stuff wasn't sediment, but rather fruit flies."
"259900170165178368","259899054719397888","14286491","","","2012-10-21 06:13:23 +0000","<a href=""http://twitter.com"" rel=""nofollow"">Twitter for  iPhone</a>","@gedankenstuecke Nike Running iPhone app."
"259884825668902912","","","","","2012-10-21 05:12:26 +0000","<a href=""http://twitter.com"" rel=""nofollow"">Twitter for  iPhone</a>","Gotta admit that Nike Running's integration with @Path is pretty sweet. http://t.co/NhomqEXL","http://twitter.com/busterbenson/status/259884825668902912/photo/1"
"259861493368107008","","","","","2012-10-21 03:39:42 +0000","<a href=""http://instagr.am"" rel=""nofollow"">Instagram</a>","8:36pm ""I'm a robot!"" @ Blue C Sushi http://t.co/WTlJxVDx","http://instagr.am/p/RB5Ir1o0LR/"
"259844345866371072","","","","","2012-10-21 02:31:34 +0000","<a href=""http://instagr.am"" rel=""nofollow"">Instagram</a>","Had to stop and take a picture during my run http://t.co/q4v7QVob","http://instagr.am/p/RBxVXco0Cy/"
"259841531278675968","259833508644655104","774842","","","2012-10-21 02:20:23 +0000","<a href=""http://twitter.com"" rel=""nofollow"">Twitter for  iPhone</a>","Pay @djacobs $1 for complaining about  the nonplussed nature of my body after a run."
"259830988836851712","","","","","2012-10-21 01:38:29 +0000","<a href=""http://twitter.com"" rel=""nofollow"">Twitter for  iPhone</a>","I promised @kellianne last week that I'd run a marathon by her next birthday. My body just got the memo and is a bit nonplussed. Ouch."
"259826361194139648","","","","","2012-10-21 01:20:06 +0000","<a href=""http://itunes.apple.com/us/app/nike-gps/id387771637?mt=8&uo=4"" rel=""nofollow"">Nike+ GPS on iOS</a>","1st run in 2+ years.  I just finished a 4.68 mi run with a pace of 11'52""/mi with Nike+ Running. #nikeplus"
"259757997851553792","259743291212451841","21135674","","","2012-10-20 20:48:27 +0000","<a href=""http://twitter.com"" rel=""nofollow"">Twitter for  iPhone</a>","@e_ramirez Thanks for the rec! That is pretty dang cool. /cc @lightt"
"259749617929973761","","","","","2012-10-20 20:15:09 +0000","<a href=""https://lightt.com"" rel=""nofollow"">Lightt</a>","Testing @lightt http://t.co/T2iyXjKr","http://ligh.tt/i3w"
"259735628730732544","259734579563343872","7482","","","2012-10-20 19:19:34 +0000","<a href=""http://twitter.com"" rel=""nofollow"">Twitter for  iPhone</a>","@arainert I will! /cc @vineapp"
"259541587703517185","","","","","2012-10-20 06:28:31 +0000","<a href=""http://twitter.com"" rel=""nofollow"">Twitter for  iPhone</a>","I'm home and Niko and @Kellianne are asleep so I'm stalking old Instagram photos of them. Should I wake them up and throw a party??"
"259526715003502592","","","","","2012-10-20 05:29:25 +0000","<a href=""http://foursquare.com"" rel=""nofollow"">foursquare</a>","8:36pm Back in Seattle for a whole week! #metired (@ Seattle-Tacoma International Airport (SEA) w/ 80 others) [pic]: http://t.co/NXJhGash","http://4sq.com/OQeFKQ"
"259512222013874176","","","","","2012-10-20 04:31:49 +0000","web","Tweeting doesn't have an obvious correlation to # of blog posts I've written over the last 13 years http://t.co/HQOd3T3l /cc @cap @kottke","http://wayoftheduck.com/blogs-vs-tweets"
"259495578705199104","259485129897025536","25930069","","","2012-10-20 03:25:41 +0000","web","@ximyu @JakeHarding Personally, I think the TweetDeck Mac app is pretty awesome. Plus it has cards! #coincidence?"
"259488025724190720","","","259486092766625793","19725644","2012-10-20 02:55:41 +0000","<a href=""http://twitter.com"" rel=""nofollow"">Twitter for  iPhone</a>","RT @neiltyson: A H R B Q D W E F L M N S X G I J K O P C T V Y U Z -- Gotta love what the alphabet looks like in alphabetical order."
"259486251458117632","259485159378788352","541","","","2012-10-20 02:48:38 +0000","<a href=""http://twitter.com"" rel=""nofollow"">Twitter for  iPhone</a>","@lane Oh man. I'm sorry. For what it's worth my flight is really warm."
"259483308025602048","259481497197760512","58502284","","","2012-10-20 02:36:56 +0000","<a href=""http://twitter.com"" rel=""nofollow"">Twitter for  iPhone</a>","@JakeHarding @ximyu Are you just trying to hog the user token so someone else can't have it?"
"259480007410323457","259477836920922113","2182141","","","2012-10-20 02:23:49 +0000","<a href=""http://twitter.com"" rel=""nofollow"">Twitter for  iPhone</a>","@cap @mathewi Which of those do you think will be more successful? @Circa would be my pick."
"259479585706610688","259477836920922113","2182141","","","2012-10-20 02:22:08 +0000","<a href=""http://twitter.com"" rel=""nofollow"">Twitter for  iPhone</a>","@cap @mathewi I'm gonna look up my total blog post count per year since 1998 and get back to you. N of 1 but am mildly curious."
"259477285902618624","259470819628040192","2182141","","","2012-10-20 02:13:00 +0000","<a href=""http://twitter.com"" rel=""nofollow"">Twitter for  iPhone</a>","@cap @mathewi Yeah but I can't tell you how many of my blog posts have died because they fit into a tweet."
"259476664524869632","259473997144670208","7943892","","","2012-10-20 02:10:32 +0000","<a href=""http://twitter.com"" rel=""nofollow"">Twitter for  iPhone</a>","@ingopixel Good eye!"
"259471257219764224","259467958307397632","38113339","","","2012-10-20 01:49:03 +0000","<a href=""http://twitter.com"" rel=""nofollow"">Twitter for  iPhone</a>","@summitandolive Woah it never even occurred to me to put a folder on the dock! Neat."
"259471106459701249","259466078399369217","21135674","","","2012-10-20 01:48:27 +0000","<a href=""http://twitter.com"" rel=""nofollow"">Twitter for  iPhone</a>","@e_ramirez Yeah I pretty much never use it."
"259462175435927552","","","","","2012-10-20 01:12:58 +0000","<a href=""http://twitter.com"" rel=""nofollow"">Twitter for  iPhone</a>","Simplified my phone's home screen so I can see @kellianne better http://t.co/njryeh2q","http://twitter.com/busterbenson/status/259462175435927552/photo/1"
"259454413960278017","","","","","2012-10-20 00:42:07 +0000","<a href=""http://twitter.com"" rel=""nofollow"">Twitter for  iPhone</a>","That was a good #teatime."
"259442611113299968","","","","","2012-10-19 23:55:13 +0000","<a href=""http://bufferapp.com"" rel=""nofollow"">Buffer</a>","?Weird Twitter? explained http://t.co/GIiOudtj /via @robinsloan","http://bit.ly/PGYwbP"
"259356445466849281","259354292819996672","14973634","","","2012-10-19 18:12:49 +0000","web","Awesome! RT @jayzombie THIS! 1,000 times this. RT @instagram: Instagram @-mentions now translate to Twitter! http://t.co/i0jMeEoc","http://bit.ly/TjAUvh"
"259335638938185728","259335153975963648","102861135","","","2012-10-19 16:50:09 +0000","<a href=""http://www.tweetdeck.com"" rel=""nofollow"">TweetDeck</a>","@danhefferan Decided while not a complaint, it's still not something I should be doing. Thanks!"
"259335472210382848","","","","","2012-10-19 16:49:29 +0000","<a href=""http://www.tweetdeck.com"" rel=""nofollow"">TweetDeck</a>","Pay @danhefferan $1 for talking negatively about http://t.co/Sgyr4QiL's without being direct. So? @pheed -- you're doing it wrong. Stop.","http://pheed.com"
"259334861012217856","259334512960487424","102861135","","","2012-10-19 16:47:03 +0000","<a href=""http://www.tweetdeck.com"" rel=""nofollow"">TweetDeck</a>","@danhefferan No I don't think so.  A complaint would be ""why is @pheed so stoooopid!?"" :) But it's your call? what do you think?"
"259333396147347457","","","","","2012-10-19 16:41:14 +0000","<a href=""http://www.tweetdeck.com"" rel=""nofollow"">TweetDeck</a>","Beware http://t.co/Sgyr4QiL's auto-tweeting signup flow. PS that site is cray cray.","http://pheed.com"
"259314256971984896","","","","","2012-10-19 15:25:11 +0000","<a href=""http://www.pheed.com"" rel=""nofollow"">Pheed</a>","I just subscribed to brynn evans's Pheed channel https://t.co/x56hTa1I","https://www.pheed.com/brynnevans"
"259309269541867521","","","","","2012-10-19 15:05:22 +0000","<a href=""http://twitter.com"" rel=""nofollow"">Twitter for  iPhone</a>","Turn on mobile notifications for people you love and want to *super-follow* on Twitter http://t.co/9P3rMyW6 /via @sunghu","http://www.avc.com/a_vc/2012/10/feature-friday-twitter-mobile-notifications-on-android.html"
"259136490720878592","","","","","2012-10-19 03:38:48 +0000","<a href=""http://flickr.com/services/twitter/"" rel=""nofollow"">Flickr</a>","8:36pm The fitness center is broken so watching Nate Silver on The Daily Show. http://t.co/8qe183lG","http://flic.kr/p/dkVzjB"
"259119767938531328","","","","","2012-10-19 02:32:21 +0000","<a href=""http://www.pheed.com"" rel=""nofollow"">Pheed</a>","I just opened my Pheed channel, check it out https://t.co/9tyxGUsk","https://www.pheed.com/busterbenson"
"259043383375429634","","","","","2012-10-18 21:28:50 +0000","<a href=""http://twitter.com"" rel=""nofollow"">Twitter for  iPhone</a>","An amazing narrative: Henry Blodget's State of The Internet slide deck http://t.co/e233TcKA /via @galenward","http://j.mp/QtrAhX"
"258972581825216512","258871184446328834","14850356","","","2012-10-18 16:47:29 +0000","<a href=""http://www.tweetdeck.com"" rel=""nofollow"">TweetDeck</a>","@jjacobs22 @jonpierce @rsarver Thanks, Jason! Let me know if you need any help with that implementation? or want to talk it out at all."
"258967009218400257","258945816046227456","18143096","","","2012-10-18 16:25:21 +0000","<a href=""http://twitter.com"" rel=""nofollow"">Twitter for  iPhone</a>","@harscoat @e_ramirez @agaricus @avantgame @timoreilly @fredtrotter Remember it's programmable *self* not programmable *others*."
"258966746931818496","258931190361362432","21678279","","","2012-10-18 16:24:18 +0000","<a href=""http://twitter.com"" rel=""nofollow"">Twitter for  iPhone</a>","@agaricus @e_ramirez @avantgame @timoreilly I'm way more interested in changing my behaviors. That step is of moon-landing proportions."
"258966012668542976","258931190361362432","21678279","","","2012-10-18 16:21:23 +0000","<a href=""http://twitter.com"" rel=""nofollow"">Twitter for  iPhone</a>","@agaricus @e_ramirez @avantgame Behavior does change over time. The questions are: 1) can we change ourselves? 2) can we help others change?"
"258826996044406784","","","258745846584188928","9946842","2012-10-18 07:08:59 +0000","<a href=""http://mobile.twitter.com"" rel=""nofollow"">Mobile Web</a>","RT @amac: Never want to withhold content; good to have tools to do it narrowly &amp; transparently https://t.co/uzGF0Y4w. More info http ...","https://www.chillingeffects.org/notice.cgi?sID=625342"
"258810293348610048","","","","","2012-10-18 06:02:37 +0000","<a href=""http://flickr.com/services/twitter/"" rel=""nofollow"">Flickr</a>","8:36pm Drinks with @moka http://t.co/M5cnzjum","http://flic.kr/p/dkGbiQ"
"258599372214910976","","","258597758846509056","14354772","2012-10-17 16:04:29 +0000","<a href=""http://twitter.com"" rel=""nofollow"">Twitter for  iPhone</a>","RT @tweepika: Twitter at the Town Hall Debate http://t.co/gKFiSq9X via @twitter","http://blog.twitter.com/2012/10/twitter-at-town-hall-debate.html"
"258597642483929088","","","","","2012-10-17 15:57:37 +0000","<a href=""http://foursquare.com"" rel=""nofollow"">foursquare</a>","I need a binder full of coffee. (@ Twitter, Inc. w/ 3 others) http://t.co/GMGAwiaF","http://4sq.com/V7bPPM"
"258591180118446080","","","","","2012-10-17 15:31:56 +0000","<a href=""http://getprismatic.com"" rel=""nofollow"">getprismatic.com</a>","What if we had an email address where all conversations were public? Maybe an interesting experiment:  http://t.co/9FWOW1AI via @prismatic","http://prsm.tc/IuyfFt"
"258417252569849856","","","","","2012-10-17 04:00:48 +0000","<a href=""http://flickr.com/services/twitter/"" rel=""nofollow"">Flickr</a>","8:36pm Gonna watch Looper! http://t.co/kYnrfFUw","http://flic.kr/p/dkpGhk"
"258411981856452608","","","258399699009142785","754485","2012-10-17 03:39:52 +0000","<a href=""http://twitter.com"" rel=""nofollow"">Twitter for  iPhone</a>","RT @ProducerMatthew: Twitter says it peaked at 109,560 tweets per minute at 9:57pm ET, during the question on immigration. #debates"
"258400690295148544","","","258397575714062336","14075928","2012-10-17 02:55:00 +0000","<a href=""http://twitter.com"" rel=""nofollow"">Twitter for  iPhone</a>","RT @TheOnion: Millions Head To Internet To Figure Out Their Own Opinions About Debate http://t.co/AbN02osD","http://onion.com/RAamjN"
"258385810544525313","","","","","2012-10-17 01:55:52 +0000","<a href=""http://twitter.com"" rel=""nofollow"">Twitter for  iPhone</a>","#bindersfullofwomen is the new #bigbird. Obama's doing much better today. Yay."
"258378212441202690","258376538448355328","15068489","","","2012-10-17 01:25:40 +0000","<a href=""http://twitter.com"" rel=""nofollow"">Twitter for  iPhone</a>","@joerandazzo @joshc @michaeldavidlee It's packed! Lots of cheering so far."
"258370432506396672","","","","","2012-10-17 00:54:46 +0000","<a href=""http://foursquare.com"" rel=""nofollow"">foursquare</a>","Food and #debates! (@ Saint John's Bar &amp; Eatery) http://t.co/LyrrwQQY","http://4sq.com/QoLwCv"
"258359144086634497","258346331087724544","875511","","","2012-10-17 00:09:54 +0000","web","@aprilini That's awesome! Bringing together two of my favorite things: slapping and behavior change!"
"258313821918220288","","","","","2012-10-16 21:09:49 +0000","<a href=""http://instagr.am"" rel=""nofollow"">Instagram</a>","Current status http://t.co/a3wuL2s4","http://instagr.am/p/Q25PbCI0GF/"
"258289411895209984","258287980458938368","607","","","2012-10-16 19:32:49 +0000","web","@mg @Circa Awesome. I think sharing specific points from a story is a great use case for cards. Well done all around."
"258283616143015937","258282514299359233","79320134","","","2012-10-16 19:09:47 +0000","web","@gregcrisci Thanks! Yeah, built it a couple years ago and really needs to be updated with new stuff."
"258272634649862145","258271618676174848","18037082","","","2012-10-16 18:26:09 +0000","web","@strikeux Yeah, things are in flux, but this direction with Cards is one that should help developers feel better about long term prospects."
"258266724871311360","","","","","2012-10-16 18:02:40 +0000","<a href=""http://bufferapp.com"" rel=""nofollow"">Buffer</a>","Wrote up some quick thoughts on ways to take advantage of Twitter Cards that might not be immediately obvious at first: http://t.co/RleNBCp9","http://bit.ly/QnpTTa"
"258247057695989760","","","258235020366462976","14939981","2012-10-16 16:44:31 +0000","<a href=""http://itunes.apple.com/us/app/twitter/id409789998?mt=12"" rel=""nofollow"">Twitter for Mac</a>","RT @questlove: i stand corrected... Mitt Romney finally explains his $5 Trillion Dollar Tax Plan just in time for the debates http://t.c ..."
"258241742992728065","","","","","2012-10-16 16:23:24 +0000","<a href=""http://twitter.com"" rel=""nofollow"">Twitter for  iPhone</a>","Our team just got better! Excited to work with the @CabanaApp team on cool stuff. http://t.co/bvwjK9UL","http://m.techcrunch.com/2012/10/16/twitter-acqui-hires-mobile-app-development-platform-cabana-shuts-its-down/"
"258228896120573952","258221237573136387","6727082","","","2012-10-16 15:32:21 +0000","<a href=""http://itunes.apple.com/us/app/twitter/id409789998?mt=12"" rel=""nofollow"">Twitter for Mac</a>","@tehgeekmeister They're very different, but trying to solve a similar problem. Both worth watching."
"258228597008003072","258094409780961280","19496652","","","2012-10-16 15:31:09 +0000","<a href=""http://itunes.apple.com/us/app/twitter/id409789998?mt=12"" rel=""nofollow"">Twitter for Mac</a>","@lukejmcgrath I'm not sure that it is? it's pretty factual. I'll pay up if you think it is though."
"258071712594264064","","","","","2012-10-16 05:07:45 +0000","web","The New Girl is the best show on tv right now. And I'm sticking with that story."
"258049223361167360","","","","","2012-10-16 03:38:23 +0000","<a href=""http://instagr.am"" rel=""nofollow"">Instagram</a>","8:36pm Playing hide and seek in the bath http://t.co/AxBHMK79","http://instagr.am/p/Q1A_ojI0JJ/"
"258040594725740544","","","","","2012-10-16 03:04:06 +0000","<a href=""http://bufferapp.com"" rel=""nofollow"">Buffer</a>","Amazing thoughts from @offbeatariel relevant to anyone who participates in online community http://t.co/huq59QM8","http://bit.ly/QjXxJh"
"258035826099892224","","","","","2012-10-16 02:45:09 +0000","<a href=""http://getprismatic.com"" rel=""nofollow"">getprismatic.com</a>","Super impressed with @circa (now that the app isn't crashing). Excited to use it for a while.  http://t.co/wEt8X4wc via @prismatic","http://prsm.tc/vgpLaQ"
"257993067846578177","","","","","2012-10-15 23:55:15 +0000","<a href=""http://bufferapp.com"" rel=""nofollow"">Buffer</a>","""How To Be 1 in 1000."" Ask, follow up (aka ask again), and follow through. http://t.co/Wug1iMW4 /by @sarakpeck","http://bit.ly/Qj0p9w"
"257975533848125441","257969821143142400","1475531","","","2012-10-15 22:45:34 +0000","<a href=""http://www.tweetdeck.com"" rel=""nofollow"">TweetDeck</a>","@mprev I've tried it with previous Fitbits but it never quite worked until the Zip came out just recently."
"257975282181480449","","","","","2012-10-15 22:44:34 +0000","<a href=""http://www.tweetdeck.com"" rel=""nofollow"">TweetDeck</a>",".@CarlNelson Value comes from me, not the @fitbit. I'm beginning to train for a marathon, so visualizing progress is meaningful to me."
"257972284206239744","","","","","2012-10-15 22:32:40 +0000","<a href=""http://bufferapp.com"" rel=""nofollow"">Buffer</a>","""The best pedometer"" - Way of the Duck http://t.co/bYz5zeRe /cc @fitbit","http://bit.ly/PyiLsa"
"257968146613415937","","","","","2012-10-15 22:16:13 +0000","<a href=""https://findings.com"" rel=""nofollow"">Findings</a>","This is the team I'm working on at @twitter. See the cool photo card attached to this tweet. http://t.co/2JJSvBDF #meta","http://fnd.gs/XfnUFe"
"257942195162714113","","","","","2012-10-15 20:33:06 +0000","<a href=""http://instagr.am"" rel=""nofollow"">Instagram</a>","Best keychain ever /cc @fitbit http://t.co/TanWHtlu","http://instagr.am/p/Q0QU3SI0CF/"
"257937344873762816","257935872433991680","611040436","","","2012-10-15 20:13:49 +0000","web","@BreadCrumbsTeam Sign me up!"
"257932398711422976","","93478440","","","2012-10-15 19:54:10 +0000","web","@brianmwang @aarondcoleman @cwhogg @e_ramirez Started a branch around this... I'd love to keep talking it through: http://t.co/D3T2nec8","http://branch.com/b/if-behavior-change-is-belief-change"
"257909750577119232","257908996596436994","208197274","","","2012-10-15 18:24:10 +0000","<a href=""http://www.tweetdeck.com"" rel=""nofollow"">TweetDeck</a>","@findings Looks great! Quick question though: what's the best way to save things to findings from my phone?"
"257884653237710849","257860820166385664","2182141","","","2012-10-15 16:44:27 +0000","<a href=""http://twitter.com/download/iphone"" rel=""nofollow"">Twitter for iPhone</a>","@cap Congrats! @etsy is awesome and filled with great people building great things."
"257773577489768448","","","","","2012-10-15 09:23:04 +0000","<a href=""http://instagr.am"" rel=""nofollow"">Instagram</a>","Kellianne holding court http://t.co/GoWcra4u","http://instagr.am/p/QzDoGsI0E2/"
"257749521549893632","","7362142","","","2012-10-15 07:47:29 +0000","<a href=""http://instagr.am"" rel=""nofollow"">Instagram</a>","@kellianne is Bad to the Bone http://t.co/ETjz3u7X","http://instagr.am/p/Qy4uMUI0Az/"
"257740206617264128","","","","","2012-10-15 07:10:28 +0000","<a href=""http://twitter.com/download/iphone"" rel=""nofollow"">Twitter for iPhone</a>","OH ""Let you balalaika sing."""
"257727987900878849","","","","","2012-10-15 06:21:55 +0000","<a href=""http://path.com/"" rel=""nofollow"">Path 2.0</a>","Birthday karaoke (with Kellianne and April at @RockBoxSeattle) [pic] ? http://t.co/MCUA27cF","http://path.com/p/4ezm4P"
"257687885732532224","","","","","2012-10-15 03:42:34 +0000","<a href=""http://instagr.am"" rel=""nofollow"">Instagram</a>","8:36pm Happy birthday, @kellianne! Dinner with @pickleandjam and friends!  @ How Pickle Got Out Of A Jam http://t.co/I5il1NIL","http://instagr.am/p/Qycdwbo0Ea/"
"257649548095262720","","","","","2012-10-15 01:10:13 +0000","<a href=""http://instagr.am"" rel=""nofollow"">Instagram</a>","Master of puddle riding http://t.co/sFxIwaQz","http://instagr.am/p/QyLPxAI0Gc/"
"257620482340311041","257618383665766400","218588618","","","2012-10-14 23:14:44 +0000","<a href=""http://twitter.com/download/iphone"" rel=""nofollow"">Twitter for iPhone</a>","@yeahforthewin Nice catch. :)"
"257620367751921665","257618383665766400","218588618","","","2012-10-14 23:14:16 +0000","<a href=""http://twitter.com/download/iphone"" rel=""nofollow"">Twitter for iPhone</a>","Pay @yeahforthewin $1 for complaining that @felixbaumgartn wasn't tweeting as much as the Mars Rover did. (At least they were real though.)"
"257608819729903616","","","","","2012-10-14 22:28:23 +0000","<a href=""http://instagr.am"" rel=""nofollow"">Instagram</a>","Sunday Funny Face Day http://t.co/qr2x2ot7","http://instagr.am/p/Qx4wyuI0Fr/"
"257583541372727296","257573221602316288","146703","","","2012-10-14 20:47:56 +0000","web","@jackcheng Hmm... yeah, interesting."
"257560415549140992","257558116818886657","36043","","","2012-10-14 19:16:02 +0000","<a href=""http://itunes.apple.com/us/app/twitter/id409789998?mt=12"" rel=""nofollow"">Twitter for Mac</a>","@theDoug True, I think there would have to be some third party scoring system based on data over opinion."
"257557708356583426","","","","","2012-10-14 19:05:17 +0000","<a href=""http://bufferapp.com"" rel=""nofollow"">Buffer</a>","All food rated by Nutrition, Foodness, and Welfare. Would make an awesome app! RT @bittman: My ideal food label: http://t.co/OMddKpsG","http://www.nytimes.com/2012/10/14/opinion/sunday/bittman-my-dream-food-label.html?hp"
"257551440871047169","","","","","2012-10-14 18:40:23 +0000","<a href=""http://www.apple.com"" rel=""nofollow"">Safari on iOS</a>","I felt like I was actually at the #spacejump, so I took pictures http://t.co/kuVRzU4q","http://photoset.com/sskoyxan"
"257542391278477312","","","257540892397826049","804376","2012-10-14 18:04:25 +0000","<a href=""http://twitter.com/download/iphone"" rel=""nofollow"">Twitter for iPhone</a>","RT @rstephens: Quick! Let?s all hide before Felix gets here. And somebody bury the Statue of Liberty half in beach sand."
"257541540736540673","","","","","2012-10-14 18:01:02 +0000","<a href=""http://twitter.com/download/iphone"" rel=""nofollow"">Twitter for iPhone</a>","Please do. RT @BaumgartnFelix: Do you think I will survive this? :)"
"257538966977388544","","","257535159056859136","224","2012-10-14 17:50:49 +0000","<a href=""http://twitter.com/download/iphone"" rel=""nofollow"">Twitter for iPhone</a>","RT @davepell: Five million people watching the Red Bull live feed on YouTube.

A few years ago, that alone would've been unthinkable."
"257535257484595200","","","","","2012-10-14 17:36:04 +0000","<a href=""http://twitter.com/download/iphone"" rel=""nofollow"">Twitter for iPhone</a>","Oh he is tweeting. Though he seems distracted. RT @robynpeel: @busterbenson He is (unless it was all pre-done). Check @FelixBaumgart"
"257531188107956224","","","","","2012-10-14 17:19:54 +0000","<a href=""http://www.apple.com"" rel=""nofollow"">Safari on iOS</a>","Why isn't he tweeting from the balloon? #nomarsrover http://t.co/BrdoRIwC","http://m.youtube.com/?reload=3&rdm=m97jn44cc#/redbull?utm_campaign=Stratos-National-B-Mobile-Exact&uid=blfuW_4rakIf2h6aqANefA&utm_term=stratos+live&utm_group=Events-Stratos&utm_source=google&utm_medium=cpc&desktop_uri=%2Fredbull%3Futm_source%3Dgoogle%26utm_medium%3Dcpc%26utm_campaign%3DStratos-National-B-Mobile-Exact%26utm_group%3DEvents-Stratos%26utm_term%3Dstratos%2Blive"
"257509932037980160","257509583541641216","14857106","","","2012-10-14 15:55:26 +0000","<a href=""http://twitter.com/download/iphone"" rel=""nofollow"">Twitter for iPhone</a>","@joewallin Yeah, I loved War of Art. And check in on his blog occasionally. What are your favorites?"
"257508831452610560","","","","","2012-10-14 15:51:04 +0000","<a href=""http://bufferapp.com"" rel=""nofollow"">Buffer</a>","""More people should write."" YES. http://t.co/PBHzB138 /via @joewallin","http://bit.ly/TpXMTP"
"257508060405317632","257496541156233216","47","","","2012-10-14 15:48:00 +0000","<a href=""http://twitter.com/download/iphone"" rel=""nofollow"">Twitter for iPhone</a>","@kellan Unfortunately there's no way to do that, and apparently no plans to open an API. It's a bummer since they have the best device."
"257346699067023361","257345704685625345","14857106","","","2012-10-14 05:06:48 +0000","<a href=""http://www.tweetdeck.com"" rel=""nofollow"">TweetDeck</a>","@joewallin Yes, thank you for the link! I loved that paragraph too, captured it here: http://t.co/LOtCchD3","http://fnd.gs/Rny3vE"
"257345567020154883","","","","","2012-10-14 05:02:19 +0000","<a href=""https://findings.com"" rel=""nofollow"">Findings</a>","""You'll live more curiously if you write. A scientist of whatever world you care about."" via http://t.co/hxpyRh5X - http://t.co/C2S51ouI","http://findings.com","http://fnd.gs/P1F8GF"
"257345128014958592","","","","","2012-10-14 05:00:34 +0000","<a href=""https://findings.com"" rel=""nofollow"">Findings</a>","""I have a lot of friends who are thoughtful, but keep their thoughts to themselves."" via http://t.co/hxpyRh5X - http://t.co/6NhUCrNw","http://findings.com","http://fnd.gs/P1F2yF"
"257330896988954624","","","","","2012-10-14 04:04:01 +0000","<a href=""http://flickr.com/services/twitter/"" rel=""nofollow"">Flickr</a>","8:36pm Fell asleep with Niko. My Fitbit thinks that's funny. http://t.co/RDdsaAcq","http://flic.kr/p/djrvhE"
"257251216466268161","","","","","2012-10-13 22:47:24 +0000","<a href=""http://instagr.am"" rel=""nofollow"">Instagram</a>","Preview of Niko's costume http://t.co/nOR067ky","http://instagr.am/p/QvV_umo0Bl/"
"257237073491279872","","","256767898226421761","19242665","2012-10-13 21:51:12 +0000","<a href=""http://twitter.com/download/iphone"" rel=""nofollow"">Twitter for iPhone</a>","RT @shariv67: The five stages of waking up:
1. Denial
2. Bargaining
3. Anger
4. Depression
5. Coffee"
"257236801817804800","257229654128209920","29344406","","","2012-10-13 21:50:07 +0000","<a href=""http://twitter.com/download/iphone"" rel=""nofollow"">Twitter for iPhone</a>","@judidec The Zip is the tiny one that you don't recharge. But no alarm..."
"257207089963876352","","","","","2012-10-13 19:52:03 +0000","<a href=""http://twitter.com/download/iphone"" rel=""nofollow"">Twitter for iPhone</a>","New iPhone 5, new Fitbit Zip, new Fitbit Aria scale, new running shoes. #allgadgetedup"
"257206073080037377","","","","","2012-10-13 19:48:01 +0000","<a href=""http://instagr.am"" rel=""nofollow"">Instagram</a>","Close your eyes and open your hands  http://t.co/0QY7e6WJ","http://instagr.am/p/QvBJ8Go0MC/"
"257172624730382337","257166198804987904","15484730","","","2012-10-13 17:35:06 +0000","<a href=""http://twitter.com"" rel=""nofollow"">Twitter for  iPhone</a>",".@lia Who will speak for the trolls?"
"257146458476777473","","","","","2012-10-13 15:51:07 +0000","<a href=""http://bufferapp.com"" rel=""nofollow"">Buffer</a>","""Total searches declined 4% y/y, the first decline in total search volume since we started tracking in 2006."" http://t.co/ktTEJ3Vk","http://read.bi/Pt4a1l"
"256985071020552192","","","","","2012-10-13 05:09:50 +0000","<a href=""http://www.apple.com"" rel=""nofollow"">iOS</a>","Check out what I made with @Mixel - This guy http://t.co/djJo1Zl3 http://t.co/mEsIGHAS","http://mixel.by/busterbenson/2012/10/13/1","http://twitter.com/busterbenson/status/256985071020552192/photo/1"
"256981882271576064","","","","","2012-10-13 04:57:09 +0000","<a href=""http://flickr.com/services/twitter/"" rel=""nofollow"">Flickr</a>","8:36pm Just landed back in Seattle, tweeter heads http://t.co/Byt6Ksbo","http://flic.kr/p/djaftp"
"256958508669476864","256939064610148352","21379129","","","2012-10-13 03:24:17 +0000","<a href=""http://www.tweetdeck.com"" rel=""nofollow"">TweetDeck</a>","@chrishopper2 Why thank you! I'm glad you like it."
"256947667832283136","","","","","2012-10-13 02:41:12 +0000","<a href=""http://www.apple.com"" rel=""nofollow"">Safari on iOS</a>","I like the simplicity of seeking out foods with low carbohydrate density. Just another way of saying whole foods.  http://t.co/XBlLSO5Z","http://www.huffingtonpost.com/mobileweb/andrew-weil-md/carbohydrates-weight-loss_b_1937312.html"
"256946584447750144","256932775289057280","19930596","","","2012-10-13 02:36:54 +0000","<a href=""http://twitter.com"" rel=""nofollow"">Twitter for  iPhone</a>","@heyKK I loved the story."
"256945955256012800","256932775289057280","19930596","","","2012-10-13 02:34:24 +0000","<a href=""http://twitter.com"" rel=""nofollow"">Twitter for  iPhone</a>","@heyKK Cool serendipity from asking questions on Twitter. Maybe ""all the time"" was a bit of an exaggeration... :)"
"256909882031239168","256903063661600769","7362142","","","2012-10-13 00:11:03 +0000","<a href=""http://www.tweetdeck.com"" rel=""nofollow"">TweetDeck</a>","@kellianne Which drug?"
"256905931177197568","","","","","2012-10-12 23:55:21 +0000","<a href=""http://bufferapp.com"" rel=""nofollow"">Buffer</a>","This happens to me all the time in small ways. ""140 Character Hitchhike"" http://t.co/pFKW0kvR /by @heyKK on @medium","http://bit.ly/PsKP0d"
"256881622337605632","256862273413476352","93478440","","","2012-10-12 22:18:46 +0000","web","@brianmwang @aarondcoleman @cwhogg @e_ramirez Awesome. I was def. influenced by your thoughts on the necessity of a ""conversion moment""."
"256787453053124608","","","","","2012-10-12 16:04:34 +0000","<a href=""http://twitter.com"" rel=""nofollow"">Twitter for  iPhone</a>","The Internet Party: http://t.co/2AJyj7xx /via @BuzzFeedBen","http://www.buzzfeed.com/jwherrman/why-is-this-man-running-for-president-of-the-inter"
"256607768264441856","256565200449327106","105895323","","","2012-10-12 04:10:34 +0000","<a href=""http://twitter.com"" rel=""nofollow"">Twitter for  iPhone</a>","@ricmacnz Super impressed and inspired by everything you've done. Excited to hear more about the book too... now enjoy the break!"
"256602778061914112","256599750009303040","260","","","2012-10-12 03:50:44 +0000","<a href=""http://twitter.com"" rel=""nofollow"">Twitter for  iPhone</a>","@sharon I think you just found a front runner for first name. #crossingfingers"
"256600701466193921","","","","","2012-10-12 03:42:29 +0000","<a href=""http://instagr.am"" rel=""nofollow"">Instagram</a>","8:36pm Hangin' with my peeps  @ Hotel Whitcomb http://t.co/ChUoMyoJ","http://instagr.am/p/QquWcro0Ge/"
"256598128982106112","","","","","2012-10-12 03:32:15 +0000","<a href=""http://twitter.com"" rel=""nofollow"">Twitter for  iPhone</a>","Everyone let's switch hair RT @BuzzFeed: If Joe Biden and Paul Ryan switched hair http://t.co/YD6EXSrx","http://twitter.com/BuzzFeedAndrew/status/256595373651546112/photo/1"
"256566918507556865","","","","","2012-10-12 01:28:14 +0000","<a href=""http://www.tweetdeck.com"" rel=""nofollow"">TweetDeck</a>","You go, Joe! Paul Ryan is getting killed. #debates"
"256555595631566848","256549258763833344","21135674","","","2012-10-12 00:43:15 +0000","web","@e_ramirez Yeah you do! /cc @cwhogg @aarondcoleman"
"256552429259223040","","","256547583051309057","9609062","2012-10-12 00:30:40 +0000","web","RT @aarondcoleman: ""If Behavior Change is Belief Change, Who's Building an App for That?"" http://t.co/GaOKEK0J /cc: @busterbenson @cwhog ...","http://www.smallstepslabs.com/post/2012/10/11/If-Behavior-Change-is-Belief-Change-Whos-Building-an-App-for-That.aspx"
"256533496850436096","","","","","2012-10-11 23:15:26 +0000","<a href=""http://www.apple.com"" rel=""nofollow"">iOS</a>","Poll: Which Pet Will You Take Home? Wallaby or Red Fox... http://t.co/AxRbVUOs","http://www.polarb.com/polls/767-which-pet-will-you-take-home"
"256517475276029953","","","","","2012-10-11 22:11:46 +0000","<a href=""http://twitter.com/tweetbutton"" rel=""nofollow"">Tweet Button</a>","I want to be @Superhuman. Anyone have an invite? http://t.co/7qCuwcGn","http://superhuman.io"
"256482774951788544","256433446182854656","87719108","","","2012-10-11 19:53:53 +0000","<a href=""http://twitter.com"" rel=""nofollow"">Twitter for  iPhone</a>","@greglinden Interesting but the experiment and experimenter both don't seem very scientific to me."
"256470510819504128","","","","","2012-10-11 19:05:09 +0000","<a href=""http://bufferapp.com"" rel=""nofollow"">Buffer</a>","Beautifully written meditation on #quantifiedself and self-tracking '? Paris and the Data Mind': http://t.co/eTj0cT6y /by @craigmod","http://bit.ly/PqeAPe"
"256455253543755776","","","","","2012-10-11 18:04:31 +0000","<a href=""https://findings.com"" rel=""nofollow"">Findings</a>","""I think of our check-ins, our food photos, our tagged friends, our steps, our Fuel points."" via http://t.co/hxpyRh5X - http://t.co/0qJr5IJ3","http://findings.com","http://fnd.gs/STOJ3c"
"256447393904590848","256447139440386048","8461972","","","2012-10-11 17:33:17 +0000","web","@DreMoran Thank you! And of course."
"256443387689959425","256442718652354560","21135674","","","2012-10-11 17:17:22 +0000","web","@e_ramirez Ha, I'll let you know when I figure it out. Marrying the right person is the best way to be a great husband."
"256442240946294784","256441913580863488","21135674","","","2012-10-11 17:12:49 +0000","web","@e_ramirez Wow, nice choice! And I didn't realize it was so soon. Awesome!"
"256439111961939968","","","","","2012-10-11 17:00:23 +0000","web","Happy 10.11.12, tweeter heads in America. The rest of the world will have to wait til next month, sorry."
"256425778932248581","","","","","2012-10-11 16:07:24 +0000","<a href=""http://twitter.com"" rel=""nofollow"">Twitter for  iPhone</a>","A new way to frame your addiction to your phone and Twitter: http://t.co/VPC71MR7","http://silo.mediasilo.com/quicklink/42D7D85007AF6F30B99D113D235F010E/#"
"256421361726132224","256415749424439297","14471007","","","2012-10-11 15:49:51 +0000","<a href=""http://twitter.com"" rel=""nofollow"">Twitter for  iPhone</a>","@dianakimball /mentoring!"
"256416338875150336","","","","","2012-10-11 15:29:53 +0000","<a href=""http://www.apple.com"" rel=""nofollow"">iOS</a>","Photoset, a new photo-centric app from Tumblr. Iiiiinteresting.  http://t.co/KRXY0vCb","http://itun.es/us/98imG.i"
"256260114636488704","","","","","2012-10-11 05:09:07 +0000","<a href=""http://bufferapp.com"" rel=""nofollow"">Buffer</a>","You are who you follow."
"256242951519363072","","","","","2012-10-11 04:00:55 +0000","<a href=""http://instagr.am"" rel=""nofollow"">Instagram</a>","8:36pm Something creepy about the Holiday Inn tonight http://t.co/KaorgGmt","http://instagr.am/p/QoLgIUI0Co/"
"256155953655840768","256153807606648832","16376925","","","2012-10-10 22:15:13 +0000","web","Pay @jplattel $1 for complaining about the curse of the Twitter salad bar. Ha."
"256149049764372480","","","","","2012-10-10 21:47:47 +0000","<a href=""http://bufferapp.com"" rel=""nofollow"">Buffer</a>","My Twitter salad bar curse: I want ALL the ingredients. Still pretty delicious as curses go though."
"256121918720204800","256117598071173120","41013626","","","2012-10-10 19:59:58 +0000","web","@HeartSisters That was my point. It's really difficult and people don't give it (and all behav change) enough credit for being difficult."
"256108022412238848","256103410468786176","41013626","","","2012-10-10 19:04:45 +0000","web","@HeartSisters Thanks! How do you think behavior change is different for sick people? Isn't it important to first believe in a healthy you?"
"256084262539898881","256083375952105472","16233090","","","2012-10-10 17:30:20 +0000","web","@Hallicious Definitely. Identity is a big ball of wax with lots of other people in it."
"256082936464560128","256081754060906497","772386","","","2012-10-10 17:25:04 +0000","<a href=""http://twitter.com"" rel=""nofollow"">Twitter for  iPhone</a>","@WilloToons It's super rad."
"256081135493320704","","","","","2012-10-10 17:17:55 +0000","<a href=""http://twitter.com"" rel=""nofollow"">Twitter for  iPhone</a>","http://t.co/dRZed8CE is my new favorite website. Killer feature is Chrome ext + turning any text into pretty images to share. Thx @findings!","http://Findings.com"
"256072989060255744","256069588817674240","17843236","","","2012-10-10 16:45:32 +0000","web","@SusannahFox Which perspective in the article are you referring to? /cc @e_ramirez @HeartSisters"
"256067589627867137","","","","","2012-10-10 16:24:05 +0000","<a href=""http://bufferapp.com"" rel=""nofollow"">Buffer</a>","'Behavior change is belief change' - Way of the Duck http://t.co/5wMs8CYa  /cc @e_ramirez @cwhogg @aarondcoleman","http://bit.ly/TgLAVv"
"256060851897909250","","","256060744494379008","733383","2012-10-10 15:57:19 +0000","web","RT @lisaphillips: IAm Ira Glass starting in a few minutes! http://t.co/013HvdGZ","http://www.reddit.com/r/IAmA/comments/1197d7/iam_ira_glass_creator_of_this_american_life_ama/"
"255927178829635584","255925998288265216","21135674","","","2012-10-10 07:06:08 +0000","<a href=""http://twitter.com"" rel=""nofollow"">Twitter for  iPhone</a>","@e_ramirez How many miles is 27k steps anyway? I guess I shouldn't be picking the nearby hotels if I wanna break 10% of that."
"255925708520574976","255925129811468288","21135674","","","2012-10-10 07:00:18 +0000","<a href=""http://twitter.com"" rel=""nofollow"">Twitter for  iPhone</a>","@e_ramirez Holy guacamole."
"255874362555633664","","","","","2012-10-10 03:36:16 +0000","<a href=""http://instagr.am"" rel=""nofollow"">Instagram</a>","8:36pm Talking shit about #quantifiedself with Ernesto, Chris, and Aaron  @ The Grove http://t.co/TGaymYgx","http://instagr.am/p/Qlj3xwI0EV/"
"255843673823141889","","","255842008852230145","353195232","2012-10-10 01:34:19 +0000","web","RT @liftapp: Join the flossing revolution!  Be our millionth tooth flosser and win a T-shirt and a year's worth of floss http://t.co/60p ..."
"255801919061250048","255799637175316481","12118392","","","2012-10-09 22:48:24 +0000","web","@geoffclapp @aarondcoleman @cwhogg @e_ramirez Awesome. You should come too, Geoff!"
"255791686930792448","255516938699157505","9609062","","","2012-10-09 22:07:45 +0000","web","@aarondcoleman @cwhogg How about The Grove in Hayes? I like that place. I'm free after about 7 or so."
"255758966083170304","255741571725676544","797383","","","2012-10-09 19:57:43 +0000","web","@fjania Ooh, I hadn't heard of that. I'll check it out... looks awesome. Thanks! /cc @findings"
"255707362478919680","255400033191591937","208197274","","","2012-10-09 16:32:40 +0000","web","@findings If I may ask, what tools/tech are you using to generate the quoted text images that go to Facebook and Twitter Cards?"
"255689520689864704","255688505030750208","3225381","","","2012-10-09 15:21:46 +0000","<a href=""http://twitter.com"" rel=""nofollow"">Twitter for  iPhone</a>","@charliepark Thanks, definitely on the right track..."
"255689429295972352","","","","","2012-10-09 15:21:25 +0000","<a href=""http://twitter.com"" rel=""nofollow"">Twitter for  iPhone</a>","What can you do to make habits that are disruption-proof? http://t.co/9eW0wcg3 /via @charliepark","http://www.plannedobsolescence.net/blog/out-of-the-habit/"
"255682280943661056","","","","","2012-10-09 14:53:00 +0000","<a href=""http://twitter.com"" rel=""nofollow"">Twitter for  iPhone</a>","""Mitt Romney: taking on our enemies no matter where they nest"" (weirdest campaign ad ever?) http://t.co/Av15gdwl","http://m.youtube.com/#/watch?v=bZxs09eV-Vc&desktop_uri=%2Fwatch%3Fv%3DbZxs09eV-Vc"
"255517210943045632","","","","","2012-10-09 03:57:05 +0000","<a href=""http://flickr.com/services/twitter/"" rel=""nofollow"">Flickr</a>","8:36pm Niko puking all night + 4am flight + full day of work = tired Buster http://t.co/vLbp0zc7","http://flic.kr/p/di5utb"
"255516527351193600","255516262652850176","15727738","","","2012-10-09 03:54:22 +0000","<a href=""http://twitter.com"" rel=""nofollow"">Twitter for  iPhone</a>","@cwhogg @aarondcoleman I'm free tomorrow evening... staying near Civic Center... where should we meet?"
"255486109398745089","255483048831885313","2015","","","2012-10-09 01:53:29 +0000","<a href=""http://twitter.com"" rel=""nofollow"">Twitter for  iPhone</a>","@joshc Was wondering how it's possible to read all tweets when I checked your follow count. Can't believe you broke the 50 follow rule!"
"255484755397730305","255476978575085569","9609062","","","2012-10-09 01:48:07 +0000","<a href=""http://twitter.com"" rel=""nofollow"">Twitter for  iPhone</a>","@aarondcoleman I am but I'm dead after a night of sick baby and 4am flight. Here all week though... will another night work?"
"255392412560666624","255382148507389952","208197274","","","2012-10-08 19:41:10 +0000","web","@findings Thank you! PS. I'm a big fan of the way you've integrated Twitter Cards. Best use of it I've seen so far. (I'm on that team.)"
"255380260328177666","","","","","2012-10-08 18:52:53 +0000","<a href=""https://findings.com"" rel=""nofollow"">Findings</a>","""Think about some of the problems of our daily lives, and how many of them would be ease..."" via http://t.co/hxpyRh5X - http://t.co/Wln8tD5V","http://findings.com","http://fnd.gs/RLJqjE"
"255343343679205376","","","","","2012-10-08 16:26:11 +0000","<a href=""http://twitter.com"" rel=""nofollow"">Twitter for  iPhone</a>","I love this catalog of mobile UI patterns RT @Mari18: Weekend Project: http://t.co/NUQp2nFL v2.0","http://www.mobile-patterns.com"
"255342844175347712","","","","","2012-10-08 16:24:12 +0000","<a href=""http://twitter.com"" rel=""nofollow"">Twitter for  iPhone</a>","A well-worded reminder RT @zen_habits: Learning to Sit Alone, in a Quiet Empty Room http://t.co/MXfIcZcl","http://zenhabits.net/alone/"
"255288833485201409","","","","","2012-10-08 12:49:35 +0000","<a href=""http://www.tumblr.com/"" rel=""nofollow"">Tumblr</a>","Photo:  http://t.co/41sXgcD5","http://tmblr.co/ZQJvayUuGeXi"
"255275459942694912","","","","","2012-10-08 11:56:27 +0000","<a href=""http://foursquare.com"" rel=""nofollow"">foursquare</a>","Seattle -&gt; SF for the week. Good morning! (@ Seattle-Tacoma International Airport (SEA) w/ 15 others) http://t.co/jHb2AZCU","http://4sq.com/VEsEWQ"
"255271803625291778","","","255256694815346688","196745496","2012-10-08 11:41:55 +0000","<a href=""http://twitter.com"" rel=""nofollow"">Twitter for  iPhone</a>","RT @sarahkpeck: 3:1 and 5:1 ratios for happiness, health  http://t.co/T8EPEIR6","http://bakadesuyo.com/2012/10/07/how-much-happiness-does-it-take-to-make-up-for-the-sadness-in-life/"
"255158082026491904","255149838897917952","16366882","","","2012-10-08 04:10:02 +0000","<a href=""http://twitter.com"" rel=""nofollow"">Twitter for  iPhone</a>","@octavekitten Mine's for 4am. Enjoy sleeping in!"
"255157371096150016","","","","","2012-10-08 04:07:12 +0000","<a href=""http://twitter.com"" rel=""nofollow"">Twitter for  iPhone</a>","Awesome. Good luck! RT @bs: Tonight I'm performing an experiment. No backlit technology after 10:30; In bed by 11:30. 23 minutes left..."
"255150278268051458","","","","","2012-10-08 03:39:01 +0000","<a href=""http://flickr.com/services/twitter/"" rel=""nofollow"">Flickr</a>","8:36pm Reviewing the Little Engine's strategy for going up steep hills http://t.co/VTKC3N4U","http://flic.kr/p/dhHXF3"
"255147443593805825","","","255124928238612481","42559115","2012-10-08 03:27:45 +0000","<a href=""http://twitter.com"" rel=""nofollow"">Twitter for  iPhone</a>","RT @joshm: Twitter by design: share what you're doing right *now*. ""Eating ice cream."" Twitter in reality: share carefully crafted witti ..."
"255077821435752448","","","","","2012-10-07 22:51:06 +0000","<a href=""http://www.apple.com"" rel=""nofollow"">Safari on iOS</a>","Interesting notes on platforms ""A platform provides the means for a multi-sided market to operate in a virtuous cycle."" http://t.co/QTTaR5Yi","http://ceklog.kindel.com/2012/09/26/paying-developers-is-a-bad-idea/"
"255065772525776896","255050471864156161","26166039","","","2012-10-07 22:03:13 +0000","<a href=""http://twitter.com"" rel=""nofollow"">Twitter for  iPhone</a>","@MeganWelling Do you have another one in mind? I'm gonna need some serious training time... 6 months?"
"255042993965387777","255039814204809216","26166039","","","2012-10-07 20:32:42 +0000","<a href=""http://twitter.com"" rel=""nofollow"">Twitter for  iPhone</a>","@MeganWelling You're awesome! I am newly inspired to run a marathon again..."
"255038936160825344","","","","","2012-10-07 20:16:35 +0000","<a href=""http://foursquare.com"" rel=""nofollow"">foursquare</a>","Ryan + Carla post-wedding brunch! (@ Cal Anderson Park w/ 3 others) [pic]: http://t.co/zFXSutGt","http://4sq.com/TimWci"
"254989839982804992","254943381745172480","26166039","","","2012-10-07 17:01:29 +0000","<a href=""http://twitter.com"" rel=""nofollow"">Twitter for  iPhone</a>","@MeganWelling Run run run! Are you in Chicago?"
"254788340807774208","","","","","2012-10-07 03:40:48 +0000","<a href=""http://instagr.am"" rel=""nofollow"">Instagram</a>","8:36pm Just cut the cake! http://t.co/FwRDdOlt","http://instagr.am/p/Qd2Jm7I0Iy/"
"254786014659371008","","","","","2012-10-07 03:31:34 +0000","<a href=""http://instagr.am"" rel=""nofollow"">Instagram</a>","Congrats to the beautiful Ryan and Carla!  @ Sole Repair http://t.co/ut9smL9Z","http://instagr.am/p/Qd1EyxI0H5/"
"254785584579637248","","","","","2012-10-07 03:29:51 +0000","<a href=""http://instagr.am"" rel=""nofollow"">Instagram</a>","The photo booth gets projected!  http://t.co/ufOpUdji","http://instagr.am/p/Qdx8Qlo0FG/"
"254774366762594306","","","254773942751985664","36843988","2012-10-07 02:45:17 +0000","<a href=""http://twitter.com"" rel=""nofollow"">Twitter for  iPhone</a>","RT @TEDNews: ?Self-study, self-exploration, self-empowerment ? these are the virtues of a great education.? ? Shimon Schocken http://t.c ..."
"254750642516672512","","","","","2012-10-07 01:11:00 +0000","<a href=""http://instagr.am"" rel=""nofollow"">Instagram</a>","A manly wine http://t.co/Jv58NHyh","http://instagr.am/p/Qdk_H8I0Iu/"
"254741409389756416","","","","","2012-10-07 00:34:19 +0000","<a href=""http://instagr.am"" rel=""nofollow"">Instagram</a>","Beautiful @Kellianne waves to the camera on our pre-wedding post-anniversary date  @ Sitka and Spruce http://t.co/bZtdbV6F","http://instagr.am/p/QdgUvwo0EE/"
"254683464123707393","","","","","2012-10-06 20:44:04 +0000","<a href=""http://twitter.com"" rel=""nofollow"">Twitter for  iPhone</a>","Left my wallet at home accidentally but luckily the coffee shop accepted @levelup. Small step towards leaving my wallet home all the time."
"254654218621841408","","","","","2012-10-06 18:47:51 +0000","<a href=""http://twitter.com"" rel=""nofollow"">Twitter for  iPhone</a>","+1 RT @arainert: +1 RT @noahmittman: My rec. to Twitter would be to get Lists out of its current pit and integrate it into Discover."
"254653777469140992","254653496018735104","14057849","","","2012-10-06 18:46:06 +0000","<a href=""http://twitter.com"" rel=""nofollow"">Twitter for  iPhone</a>","@jameswilliamiii You're welcome!"
"254652100758360064","","","","","2012-10-06 18:39:26 +0000","<a href=""http://www.apple.com"" rel=""nofollow"">iOS</a>","Really liking this new meal-tracking app so far: Thryve. Tracking *kinds* of food &gt; tracking calories.  http://t.co/nZ6gnhp5","http://itun.es/us/73sAH.i"
"254643044001935360","","","","","2012-10-06 18:03:27 +0000","<a href=""http://bufferapp.com"" rel=""nofollow"">Buffer</a>","'Who you are VS who you want to be' - Way of the Duck http://t.co/QChRoup9","http://bit.ly/T7XSPH"
"254635652044435456","254625404915154945","6072622","","","2012-10-06 17:34:05 +0000","<a href=""http://twitter.com"" rel=""nofollow"">Twitter for  iPhone</a>","@loganb Early adopters always have to deal with a couple bugs."
"254454362884145152","254453222629064704","752553","","","2012-10-06 05:33:42 +0000","<a href=""http://twitter.com"" rel=""nofollow"">Twitter for  iPhone</a>","@rgcottrell See, it's fun!"
"254450150343311360","254449693843681280","752553","","","2012-10-06 05:16:57 +0000","web","@rgcottrell What, you haven't been downloading your tweets since 2006 like I have? :)"
"254447141324476416","254445378307518465","6604252","","","2012-10-06 05:05:00 +0000","web","@jonassink I have a local copy of my tweets on http://t.co/d4uyNcrn, but yeah, I heard that the download thing should be available soon too.","http://busterbenson.com"
"254445155208294401","","","","","2012-10-06 04:57:07 +0000","<a href=""http://bufferapp.com"" rel=""nofollow"">Buffer</a>","I read through all 10,650ish of my tweets over the last week, picking out the ones I had written about important things in life. Try it!"
"254436897454186496","254436606650503168","14763501","","","2012-10-06 04:24:18 +0000","web","@crashdev Ha, yeah, it's a bit of an obscure reference to this: http://t.co/TCNXAm2G /cc @HaikuDeck","http://wayoftheduck.com/look-look-look"
"254435641184632832","","","","","2012-10-06 04:19:18 +0000","<a href=""http://twitter.com/tweetbutton"" rel=""nofollow"">Tweet Button</a>","My attempt at creating words I'd want to look at every day. http://t.co/XvG2sU9h /via @haikudeck","http://www.haikudeck.com/p/u9qVHcR7Ts/look-look-look"
"254425341861453826","","","","","2012-10-06 03:38:23 +0000","<a href=""http://instagr.am"" rel=""nofollow"">Instagram</a>","8:36pm ""So one day her mother brought her a real lion from downtown..."" http://t.co/pbwARzPA","http://instagr.am/p/QbRCJ6I0Lq/"
"254416709971243008","","","","","2012-10-06 03:04:05 +0000","<a href=""http://bufferapp.com"" rel=""nofollow"">Buffer</a>","'Look, look, look' - Way of the Duck 
http://t.co/DSvmqXTT","http://bit.ly/PYM82A"
"254405057360035843","","","254285273272307712","220139885","2012-10-06 02:17:46 +0000","<a href=""http://twitter.com"" rel=""nofollow"">Twitter for  iPhone</a>","RT @StatFact: 'A Bayesian is one who, vaguely expecting a horse, and catching a glimpse of a donkey, strongly believes he has seen a mule.'"
"254403011747659776","","","","","2012-10-06 02:09:39 +0000","<a href=""http://twitter.com"" rel=""nofollow"">Twitter for  iPhone</a>","Dyson spheres are theoretical structures built by intelligent beings that encompass a star and harness its energy. That's a good idea."
"254401914823913472","","","254398346071011330","60642052","2012-10-06 02:05:17 +0000","<a href=""http://twitter.com"" rel=""nofollow"">Twitter for  iPhone</a>","RT @VentureBeat: First warp drives, and now we're searching for Dyson Spheres. Awesome. http://t.co/HmuAjlEf by @tched","http://tinyurl.com/8rkkm4w"
"254398743917514752","","","","","2012-10-06 01:52:41 +0000","<a href=""http://twitter.com"" rel=""nofollow"">Twitter for  iPhone</a>","I wish Johnny Cash had covered The Impossible Dream."
"254389023240507392","254369840301760513","44378228","","","2012-10-06 01:14:04 +0000","<a href=""http://twitter.com"" rel=""nofollow"">Twitter for  iPhone</a>","@ShaneMac Yeah next week. Wanna get a drink?"
"254369160614776832","","","","","2012-10-05 23:55:08 +0000","<a href=""http://bufferapp.com"" rel=""nofollow"">Buffer</a>","Look at your fish (again) http://t.co/M0TNWnF2","http://bit.ly/QYNQEi"
"254340677528326144","","","254335930419257344","9532402","2012-10-05 22:01:57 +0000","web","RT @BuzzFeedBen: 14 Things Besides Facebook With A Billion Users http://t.co/nzLy3BPM via @buzzfeed","http://www.buzzfeed.com/tommywilhelm/14-things-besides-facebook-with-a-billion-users"
"254310358112690177","","519044335","","","2012-10-05 20:01:28 +0000","web","@Presentate Giving out any more invites soon? I've got a burning need to use this at the moment, would love to beta test it."
"254287698569871361","","","","","2012-10-05 18:31:26 +0000","web","Stay hungry. Stay foolish."
"254248162036948993","","","254247115977551872","135316691","2012-10-05 15:54:20 +0000","<a href=""http://twitter.com"" rel=""nofollow"">Twitter for  iPhone</a>","RT @JadAbumrad: Interesting @ezraklein post on the latest jobs numbers - http://t.co/VCOuM5a7","http://wapo.st/PXiWsM"
"254109014647005184","","","","","2012-10-05 06:41:24 +0000","<a href=""http://twitter.com"" rel=""nofollow"">Twitter for  iPhone</a>","Actually, surprisingly, #false RT @davemcclure: OH: ""being a startup founder ruins u... can't have a real job ever again in ur life."" #truth"
"254104213485916160","","","","","2012-10-05 06:22:20 +0000","<a href=""http://www.tumblr.com/"" rel=""nofollow"">Tumblr</a>","""Every good story writes its own rules and solves problems of its own devising."" - From the introduction... http://t.co/9PacTgnQ","http://tmblr.co/ZQJvayUgbDaP"
"254087586577010688","","","","","2012-10-05 05:16:16 +0000","<a href=""http://twitter.com"" rel=""nofollow"">Twitter for  iPhone</a>","OH ""I googled 'I bit my baby' and nothing came up. Nobody admits to that on the internet."""
"254068355621867521","","","","","2012-10-05 03:59:51 +0000","<a href=""http://instagr.am"" rel=""nofollow"">Instagram</a>","8:36pm So happy I married this lady 4 years ago http://t.co/Xw9rYdxm","http://instagr.am/p/QYuUz4o0GI/"
"254034885294043138","","","253960453095583744","132583388","2012-10-05 01:46:51 +0000","<a href=""http://twitter.com"" rel=""nofollow"">Twitter for  iPhone</a>","RT @TheShaggyMarlin: This is a MUST read. RT @Eclectablog President Obama's take on last night's debate (you're going to LOVE this) http ..."
"254020260510961665","","","","","2012-10-05 00:48:44 +0000","web","4 years ago today I married my beauteous maximum forevercore universalis. My life with @kellianne, in tweets: http://t.co/8t9wBa9s","http://bustr.me/kellianne-4"
"253948895053361152","253925200721240064","14095370","","","2012-10-04 20:05:09 +0000","web","@OffbeatAriel Ooh, cool! I'm still reading it cause I'm slow like that."
"253924670942875648","","","","","2012-10-04 18:28:53 +0000","web","1,000,000,000 use Facebook every month. That's 1 in every 7 people on the planet. Definitely worthy of a moment of appreciation."
"253870523166097408","","","","","2012-10-04 14:53:44 +0000","<a href=""http://twitter.com"" rel=""nofollow"">Twitter for  iPhone</a>","Cool chart RT @gov: First of the #debates generated 10.3M Tweets in 90 min ? a political-event record. Chart of peaks: http://t.co/iQGRmXcd","http://twitter.com/gov/status/253755175460827138/photo/1"
"253700930451697664","","","","","2012-10-04 03:39:50 +0000","<a href=""http://instagr.am"" rel=""nofollow"">Instagram</a>","8:36pm Me: ""Who won the debates?"" Niko: this face http://t.co/quv7fI1r","http://instagr.am/p/QWHfcuI0Cc/"
"253679531800547328","","","","","2012-10-04 02:14:48 +0000","<a href=""http://foursquare.com"" rel=""nofollow"">foursquare</a>","#debates (@ Pixel Palace Hostel and Petting Zoo w/ @andypixel @ingopixel) [pic]: http://t.co/AW4s7ITE","http://4sq.com/Srt4ze"
"253652870350655489","253649187839827972","2035631","","","2012-10-04 00:28:51 +0000","<a href=""http://twitter.com"" rel=""nofollow"">Twitter for  iPhone</a>","@ianmcall Them's bold words."
"253633535599079425","253629321560858626","6726182","","","2012-10-03 23:12:01 +0000","web","@TheCulprit It's called ""When"". Sort of like if Clear and Lift had a baby."
"253632278700380162","253631981160644609","2569881","","","2012-10-03 23:07:02 +0000","<a href=""http://twitter.com"" rel=""nofollow"">Twitter for  iPhone</a>","@orta @waze Yup. That sucks."
"253629043478519808","","","","","2012-10-03 22:54:10 +0000","<a href=""http://twitter.com"" rel=""nofollow"">Twitter for  iPhone</a>","Just had to make a super tough call. Which todo list app will I delete to make room in the folder for the new one I really want?"
"253623379972726784","253620946848583681","7943892","","","2012-10-03 22:31:40 +0000","<a href=""http://twitter.com"" rel=""nofollow"">Twitter for  iPhone</a>","@ingopixel Niko and I might drop by! Gotta feed his face first though."
"253603414628503552","253600079926136832","2182141","","","2012-10-03 21:12:20 +0000","<a href=""http://twitter.com"" rel=""nofollow"">Twitter for  iPhone</a>","@cap Let me know if you need a pep talk over beers. I know you have ideas."
"253592561208414209","253583003547217920","44378228","","","2012-10-03 20:29:12 +0000","<a href=""http://twitter.com"" rel=""nofollow"">Twitter for  iPhone</a>","@ShaneMac Impressive."
"253592325438193664","","","253548398895050752","372575989","2012-10-03 20:28:16 +0000","<a href=""http://twitter.com"" rel=""nofollow"">Twitter for  iPhone</a>","RT @TwitterForNews: Follow tonight's presidential #debates at http://t.co/qTT0u2cs and see what the world is saying: http://t.co/eWQqM4iR","http://twitter.com/#debates","http://blog.twitter.com/2012/10/debate-night-in-america.html"
"253592164439838720","253582065210109952","5562742","","","2012-10-03 20:27:38 +0000","<a href=""http://twitter.com"" rel=""nofollow"">Twitter for  iPhone</a>","@megancasey Congrats! Exciting..."
"253591843927900160","253580985071964162","2182141","","","2012-10-03 20:26:21 +0000","<a href=""http://twitter.com"" rel=""nofollow"">Twitter for  iPhone</a>","@cap Awesome! You should start your own thing."
"253591501077110784","","","253579465345601537","5668942","2012-10-03 20:25:00 +0000","<a href=""http://twitter.com"" rel=""nofollow"">Twitter for  iPhone</a>","RT @sarahcuda: Native Advertising Will Save Us All. Maybe. http://t.co/ANembywc &lt;- love the article and illo","http://pandodaily.com/2012/10/03/native-advertising-will-save-us-all-maybe/"
"253547917938409472","253543066638630913","17739927","","","2012-10-03 17:31:48 +0000","web","@CPCharity Do you accept donations via @Chirpify /cc @k_hack"
"253547774287699968","253545913082068992","23861595","","","2012-10-03 17:31:14 +0000","web","@OneWorldNow Do you accept donations via @Chirpify  /cc @outseide"
"253539546032136192","","","","","2012-10-03 16:58:32 +0000","web","What are the best / your favorite charities that have Twitter accounts?"
"253531311912931328","253530807329775616","13737","","","2012-10-03 16:25:49 +0000","<a href=""http://twitter.com"" rel=""nofollow"">Twitter for  iPhone</a>","@noahkagan That would be awesome. Also, I'm moving to SF soon... which might be a more convenient rendezvous."
"253530754364088320","253529035974533120","2011461","","","2012-10-03 16:23:36 +0000","<a href=""http://twitter.com"" rel=""nofollow"">Twitter for  iPhone</a>","@kfan I don't know but I'll ask around! /cc @aedison"
"253529758439182336","","","","","2012-10-03 16:19:39 +0000","<a href=""http://twitter.com"" rel=""nofollow"">Twitter for  iPhone</a>","Something about Noah makes me want to give him all my money. MT @noahkagan: The NEW http://t.co/pS7rRUjx site is live. Thoughts?","http://AppSumo.com"
"253504132537782272","","","253502078046052353","14076943","2012-10-03 14:37:49 +0000","<a href=""http://twitter.com"" rel=""nofollow"">Twitter for  iPhone</a>","RT @jhagel: The secret of promotion in age of social media isn't to promote yourself.  It's to promote others by @timoreilly http://t.co ..."
"253400593228500992","253394434752913408","518079559","","","2012-10-03 07:46:24 +0000","<a href=""http://twitter.com"" rel=""nofollow"">Twitter for  iPhone</a>","@knockedup 1st place in cute baby show! How are you feeling? You have a baby!!!"
"253398443505106946","","","","","2012-10-03 07:37:51 +0000","<a href=""http://twitter.com"" rel=""nofollow"">Twitter for  iPhone</a>","Pay @rgcottrell $1 for complaining that I don't have enough time to play the awesomeness that is http://t.co/alwAoJis /cc @playglitch","http://glitch.com"
"253398159559118848","253396862483177472","752553","","","2012-10-03 07:36:43 +0000","<a href=""http://twitter.com"" rel=""nofollow"">Twitter for  iPhone</a>","@rgcottrell oh shit, okay..."
"253365984822435840","","","","","2012-10-03 05:28:52 +0000","<a href=""http://flickr.com/services/twitter/"" rel=""nofollow"">Flickr</a>","8:36pm Still headache-ing as we land in Seattle. http://t.co/6qUG8oGA","http://flic.kr/p/dgiVHo"
"253332724641837057","","","","","2012-10-03 03:16:42 +0000","<a href=""http://twitter.com"" rel=""nofollow"">Twitter for  iPhone</a>","Remember these magic birthday in a crowd numbers: 23 and 253. http://t.co/G5VA1xnc","http://opinionator.blogs.nytimes.com/2012/10/01/its-my-birthday-too-yeah/"
"253329590464942080","","","","","2012-10-03 03:04:15 +0000","<a href=""http://bufferapp.com"" rel=""nofollow"">Buffer</a>","I wish I had more time to play http://t.co/alwAoJis! These #glitchsnap tweets are beautiful: http://t.co/nnxYBV2v","http://glitch.com","http://bit.ly/PMI6u4"
"253323789956419584","","","253323398929866752","14326765","2012-10-03 02:41:12 +0000","<a href=""http://twitter.com"" rel=""nofollow"">Twitter for  iPhone</a>","RT @johnhcook: Greg Linden's cool Code Monster project teaches kids to crunch Javascript, builds appetite for programming: http://t.co/m ..."
"253321404127268865","253320158377037824","29344406","","","2012-10-03 02:31:43 +0000","<a href=""http://twitter.com"" rel=""nofollow"">Twitter for  iPhone</a>","@judidec You got me there. :)"
"253321348397559809","253320158377037824","29344406","","","2012-10-03 02:31:30 +0000","<a href=""http://twitter.com"" rel=""nofollow"">Twitter for  iPhone</a>","Pay @judidec $1 for complaining about the SFO Alaska terminal."
"253320905453867011","","","249337740276142080","16205746","2012-10-03 02:29:44 +0000","<a href=""http://twitter.com"" rel=""nofollow"">Twitter for  iPhone</a>","RT @alexlmiller: Took less than 12 hours after launch for someone to find a pretty incontrovertible piece of prior art on a MSFT patent  ..."
"253320376233377792","","","","","2012-10-03 02:27:38 +0000","<a href=""http://twitter.com"" rel=""nofollow"">Twitter for  iPhone</a>","Help fight patents by crowdsourcing the discovery of prior art. Awesome! http://t.co/BLCByWO8 /via @anildash","http://m.digitaltrends.com/cool-tech/can-crowdsourcing-save-the-patent-system/"
"253308753477242880","253308235598143488","774842","","","2012-10-03 01:41:27 +0000","<a href=""http://twitter.com"" rel=""nofollow"">Twitter for  iPhone</a>","Pay $1 to @djacobs for complaining about ""stupid headaches"" (quotes prevent recursion of complaints payments)"
"253307999186210816","","","","","2012-10-03 01:38:27 +0000","<a href=""http://twitter.com"" rel=""nofollow"">Twitter for  iPhone</a>","I am not enjoying this stupid headache. Who wants a dollar?"
"253307062593925120","","","","","2012-10-03 01:34:44 +0000","<a href=""http://twitter.com"" rel=""nofollow"">Twitter for  iPhone</a>","And we expect our map-related blog posts to be poetic and slightly dizzying http://t.co/W4dm5ilq /via @sippey","http://counternotions.com/2012/10/02/next-turn/"
"253291110699524096","","","","","2012-10-03 00:31:21 +0000","<a href=""http://bufferapp.com"" rel=""nofollow"">Buffer</a>","Judging A Book By Its Lover, an inspring tap-essay for writers, by @laurentleto http://t.co/woOSxCiu #tapessaysareawesome","http://bit.ly/PMKUYr"
"253289720954634240","253286670143717376","13919072","","","2012-10-03 00:25:50 +0000","web","@robinsloan Love it. Hey @laurenleto Did you hand-code that or is there a cool way of making these that I don't know about?"
"253282024226426880","","","","","2012-10-02 23:55:14 +0000","<a href=""http://bufferapp.com"" rel=""nofollow"">Buffer</a>","Woah, this is pretty rad. @Rdio pays musicians $10 when they get fans to sign up for their service: http://t.co/PzZN0u4d","http://bit.ly/PMCxMr"
"253257245574459392","","","","","2012-10-02 22:16:47 +0000","web","Pay @brianellin $7.50 for two days of delicious New Orleans style iced coffee (@ Blue Bottle Coffee) http://t.co/2SpTmrpp","http://4sq.com/Vda1cm"
"253248096740442113","253225153515880448","776429","","","2012-10-02 21:40:26 +0000","<a href=""http://twitter.com/download/iphone"" rel=""nofollow"">Twitter for iPhone</a>","@spangley Woah @nikobenson didn't have that much hair til he was 18 months old! PS where is Henry's Twitter account???"
"253167273651609602","253165467911467010","200236063","","","2012-10-02 16:19:16 +0000","web","@samuelfine I was told I couldn't say much about it other than what was already obvious from the videos sent out... but it was cool."
"253165265783754754","","","","","2012-10-02 16:11:17 +0000","web","I totally got to try out a Google Glasses prototype. It was awesome. #notveryhumblebrag"
"253138299164717057","","","","","2012-10-02 14:24:08 +0000","<a href=""http://twitter.com"" rel=""nofollow"">Twitter for  iPhone</a>","I could live in Alameda."
"253132784837730304","253115301376438274","776429","","","2012-10-02 14:02:13 +0000","<a href=""http://twitter.com"" rel=""nofollow"">Twitter for  iPhone</a>","@spangley and @tberman so excited for you guys and can't wait to meet Henry!"
"253009237804998657","","","","","2012-10-02 05:51:17 +0000","<a href=""http://twitter.com"" rel=""nofollow"">Twitter for  iPhone</a>","That's cool! RT @johnhcook: A police scanner for the Twitter generation: Seattle PD introduces 'Tweets by Beat': http://t.co/LyCehhEQ","http://www.geekwire.com/2012/police-scanner-twitter-generation-seattle-pd-intros-tweets-beat/"
"252996744613330944","","","252899955751124992","40343143","2012-10-02 05:01:39 +0000","<a href=""http://twitter.com"" rel=""nofollow"">Twitter for  iPhone</a>","RT @DogSolutions: is say, art imimtate the life. but, does it imitate the doeg? or is dog the art? is theory for you to think. than kyou ..."
"252989574555516928","252949284851425281","103943240","","","2012-10-02 04:33:09 +0000","<a href=""http://twitter.com"" rel=""nofollow"">Twitter for  iPhone</a>","@playglitch Awesome! Looks great!"
"252975825417285632","","","","","2012-10-02 03:38:31 +0000","<a href=""http://foursquare.com"" rel=""nofollow"">foursquare</a>","I just reached Level 7 of the ""Hot Tamale"" badge on @foursquare. I?ve checked in at 30 different Mexican Restaurants! http://t.co/7ZqlnqfD","http://4sq.com/UD2b7d"
"252975822045077504","","","","","2012-10-02 03:38:30 +0000","<a href=""http://instagr.am"" rel=""nofollow"">Instagram</a>","8:36pm Sharon and Ian! Lovely peoples.   @ La Penca Azul http://t.co/tOQ3B4j7","http://instagr.am/p/QQ930Do0Ea/"
"252922511426207744","252919974522417152","103943240","","","2012-10-02 00:06:40 +0000","web","@playglitch If it doesn't start working soon let me know... I sit close to a guy."
"252896754792554496","252891419306508288","518079559","","","2012-10-01 22:24:19 +0000","web","@knockedup @kellianne's water broke something like 15 hours before labor started. We watched a ton of Friday Night Lights in the meantime."
"252896168374317058","252891419306508288","518079559","","","2012-10-01 22:21:59 +0000","web","@knockedup Exciting!!!!!!!!!!!!!!!!!!!!!!!!!!!!!!!!!!!!!!!!!!!!!!!!!!!!!!!!!!!!!!!!!!!!!!!!!!!!!!!!!!!!!!!!!!!!!!!!!!!!!!!!!!!!!!!!!!!!!!!!!"
"252797933106368513","","","","","2012-10-01 15:51:38 +0000","<a href=""http://bufferapp.com"" rel=""nofollow"">Buffer</a>","Are there any charities on Twitter that accept donations via @chirpify? I need a way to pay when I'm complaining by myself. Which is often."
"252792970988888064","","","","","2012-10-01 15:31:55 +0000","<a href=""http://twitter.com/download/iphone"" rel=""nofollow"">Twitter for iPhone</a>","Wouldn't it be neat if when a plane landed there was a 30 second break for everyone without bags to make a mad dash off the plane?"
"252783934084100097","","","","","2012-10-01 14:56:01 +0000","<a href=""http://bufferapp.com"" rel=""nofollow"">Buffer</a>","I've never really thought much about the ad biz but watching Twitter, Facebook, Tumblr, &amp; Foursquare all enter at once is kind of exciting."
"252765021879300096","","","","","2012-10-01 13:40:52 +0000","<a href=""http://instagr.am"" rel=""nofollow"">Instagram</a>","Mountain sunrise http://t.co/UK7v14EG","http://instagr.am/p/QPeBUlo0AH/"
"252744026661474304","252741142708375552","200236063","","","2012-10-01 12:17:26 +0000","<a href=""http://twitter.com/download/iphone"" rel=""nofollow"">Twitter for iPhone</a>","@samuelfine Ha! Love that line! What a surreal show."
"252740145118339072","","","","","2012-10-01 12:02:00 +0000","<a href=""http://twitter.com/download/iphone"" rel=""nofollow"">Twitter for iPhone</a>","Rushing to the airport with the Wonder Pets theme song stuck in your head is hilarious. ""There's an animal in trouble... somewhere."""
"252732897872719873","","","","","2012-10-01 11:33:13 +0000","<a href=""http://twitter.com/download/iphone"" rel=""nofollow"">Twitter for iPhone</a>","Good morning tweeter heads."
