"tweet_id","in_reply_to_status_id","in_reply_to_user_id","retweeted_status_id","retweeted_status_user_id","timestamp","source","text","expanded_urls"
"186327734509780992","","","","","2012-04-01 05:42:48 +0000","<a href=""http://itunes.apple.com/us/app/twitter/id409789998?mt=12"" rel=""nofollow"">Twitter for Mac</a>","This link works: http://t.co/tUN9J82l RT @busterbenson: 8:36pm Was putting Niko to bed. Now working on fun stuff and testing Jittergram.","http://www.flickr.com/photos/erikbenson/6888023330/sizes/o/in/photostream/"
"186327378757287937","","","","","2012-04-01 05:41:23 +0000","<a href=""http://flickr.com/services/twitter/"" rel=""nofollow"">Flickr</a>","8:36pm Was putting Niko to bed. Now working on fun stuff and testing Jittergram. http://t.co/S3AYd9d0","http://flic.kr/p/buEVmW"
"186226051934982144","","","","","2012-03-31 22:58:45 +0000","<a href=""http://tapbots.com/tweetbot"" rel=""nofollow"">Tweetbot for iOS</a>","""For a magician to create magic for someone else, he must destroy it for himself. This is the artist?s paradox."" http://t.co/ukC2IiLE","http://bit.ly/HvMUiX"
"186133140018958336","","","186130600648916993","219952089","2012-03-31 16:49:33 +0000","<a href=""http://tapbots.com/tweetbot"" rel=""nofollow"">Tweetbot for iOS</a>","RT @waxylinks: Google introduces 8-Bit Maps for the NES: the promo video's cute; finally, some competition for 8-Bit City ? http://t.co/ ..."
"185934822772965376","","","","","2012-03-31 03:41:30 +0000","<a href=""http://flickr.com/services/twitter/"" rel=""nofollow"">Flickr</a>","8:36pm Walking home with Daryn http://t.co/vv1p0xMR","http://flic.kr/p/bupfi7"
"185878881306284033","","","","","2012-03-30 23:59:13 +0000","<a href=""http://bud.ge"" rel=""nofollow"">Budge</a>","My secret ingredient for the Plank Animal program is a sunny office http://t.co/PbUgEA6X","http://bud.ge/n/14i9"
"185864179079593984","185862072335212544","16366882","","","2012-03-30 23:00:48 +0000","<a href=""http://itunes.apple.com/us/app/twitter/id409789998?mt=12"" rel=""nofollow"">Twitter for Mac</a>","@octavekitten @the_april Creepy dudes have been creeping on cute girls for ever. Be safe. How many unsuspecting girls are really out there?"
"185861616468901888","185860813591019520","16644937","","","2012-03-30 22:50:37 +0000","<a href=""http://itunes.apple.com/us/app/twitter/id409789998?mt=12"" rel=""nofollow"">Twitter for Mac</a>","@octavekitten @the_april Which part of that scenario is surprising? That article seemed sensationalistic and fear-mongering to me."
"185585315195531264","","","","","2012-03-30 04:32:42 +0000","<a href=""http://hipstamaticapp.com"" rel=""nofollow"">Hipstamatic</a>","8:36pm Fell asleep in Niko's room. Now falling asleep in my room. http://t.co/BrrWZzH7","http://twitter.com/busterbenson/status/185585315195531264/photo/1"
"185516939492335618","","","","","2012-03-30 00:00:59 +0000","<a href=""http://tapbots.com/tweetbot"" rel=""nofollow"">Tweetbot for iOS</a>","Photocations! RT @LoveLiveMusic: Welcome to San Diego: @habitlabs @busterbenson @ameliagreenhall @xenocid  http://t.co/yD3tD59d","http://bit.ly/H1oaQX"
"185512496080240641","","","","","2012-03-29 23:43:20 +0000","<a href=""http://instagr.am"" rel=""nofollow"">Instagram</a>","Life just got more exciting at @habitlabs. Thanks @lilhossler!  @ Habit Labs HQ (http://t.co/l6PTFvnN) http://t.co/4qKUxBHI","http://Healthmonth.com","http://instagr.am/p/IxnCEbI0A8/"
"185511621714644992","","","185511414151127041","14136059","2012-03-29 23:39:51 +0000","<a href=""http://itunes.apple.com/us/app/twitter/id409789998?mt=12"" rel=""nofollow"">Twitter for Mac</a>","RT @danielspils: @budge helped me become a better flosser ? actually, a MUCH better flosser. I floss 2-3 times a day now, and it's prett ..."
"185511137150898178","185510099035500546","123116307","","","2012-03-29 23:37:56 +0000","<a href=""http://tapbots.com/tweetbot"" rel=""nofollow"">Tweetbot for iOS</a>","@LilHossler Yaaay! Thank you!"
"185504526160240640","","","","","2012-03-29 23:11:40 +0000","<a href=""http://twitter.com/tweetbutton"" rel=""nofollow"">Tweet Button</a>","Team Habit Labs! http://t.co/eTbicTBo w/ @ameliagreenhall @xenocid (can someone pls photoshop a beach scene on the screen behind us?)","http://instagr.am/p/IxgxC4LJ2h/"
"185449068565233664","","","185448880891117569","11822502","2012-03-29 19:31:18 +0000","<a href=""http://itunes.apple.com/us/app/twitter/id409789998?mt=12"" rel=""nofollow"">Twitter for Mac</a>","RT @mko: @busterbenson My modes mostly blur together at this point in my life, but basically three: work, social, solitary."
"185448333102432256","","","","","2012-03-29 19:28:22 +0000","<a href=""http://tapbots.com/tweetbot"" rel=""nofollow"">Tweetbot for iOS</a>","Can't wait! RT @PandoTicker: Here Come the Crowdfunding Startups http://t.co/BgM4n6JI","http://bit.ly/H0WfjY"
"185446770589958145","","","185446673953202176","6604252","2012-03-29 19:22:10 +0000","<a href=""http://tapbots.com/tweetbot"" rel=""nofollow"">Tweetbot for iOS</a>","RT @jonassink: @busterbenson job 1 mode, job 2 mode, down-time mode, girlfriend mode, family mode, church mode. Each mode a diff self-id ..."
"185446545909481473","","","185446175829266432","200236063","2012-03-29 19:21:16 +0000","<a href=""http://tapbots.com/tweetbot"" rel=""nofollow"">Tweetbot for iOS</a>","RT @samuelfine: @busterbenson Wow, great question. I?m trying to work out how many Work Day types I have, for starters. Phone Day, Code  ..."
"185445578702983168","","","","","2012-03-29 19:17:26 +0000","<a href=""http://tapbots.com/tweetbot"" rel=""nofollow"">Tweetbot for iOS</a>","How many day modes do you have? I have work day, Niko day, family day, business travel day, and vacation day. My current life in 5 modes."
"185444841143021570","","","","","2012-03-29 19:14:30 +0000","<a href=""http://tapbots.com/tweetbot"" rel=""nofollow"">Tweetbot for iOS</a>","Agreed. It's suddenly super useful! MT @harryh: If you haven't tried it recently, give http://t.co/4zB146wq a swing.","http://4sq.com/H0UIKK"
"185399173754003457","","","185398916177604609","19725644","2012-03-29 16:13:02 +0000","<a href=""http://tapbots.com/tweetbot"" rel=""nofollow"">Tweetbot for iOS</a>","RT @neiltyson: ?@formulaz82: I was just told earth once slowed down & stoped spinning, then began to reverse its spin. Is that true??  No."
"185398537536798720","","","185398463075323904","2391","2012-03-29 16:10:30 +0000","<a href=""http://tapbots.com/tweetbot"" rel=""nofollow"">Tweetbot for iOS</a>","RT @mulegirl: @f @busterbenson Yup. Counts as a snow day. Sketch instead of code!"
"185398406850678784","","","185398309211484160","5511","2012-03-29 16:09:59 +0000","<a href=""http://tapbots.com/tweetbot"" rel=""nofollow"">Tweetbot for iOS</a>","RT @f: @busterbenson the answer to any such question is always D) Tacos."
"185398386332155904","","","185398221177229313","2182141","2012-03-29 16:09:54 +0000","<a href=""http://tapbots.com/tweetbot"" rel=""nofollow"">Tweetbot for iOS</a>","RT @cap: @busterbenson Go to Apple Store, purchase new laptop, use it for the day, return tomorrow. ;)"
"185398131423322114","","","","","2012-03-29 16:08:53 +0000","<a href=""http://tapbots.com/tweetbot"" rel=""nofollow"">Tweetbot for iOS</a>","I left my computer at home. Should I A) go get it (30 min round trip) B) get non-computer work done + pair program today, or C) other?"
"185372967180582913","","","","","2012-03-29 14:28:54 +0000","<a href=""http://tapbots.com/tweetbot"" rel=""nofollow"">Tweetbot for iOS</a>","Looks great! Congrats to @brianmwang and @fitocracy! RT @mashable: Fitocracy App Makes Fitness Tracking Competitive - http://t.co/muikp7d2","http://bit.ly/HjeWwv"
"185211671227281408","185209813834272769","20833838","","","2012-03-29 03:47:58 +0000","<a href=""http://tapbots.com/tweetbot"" rel=""nofollow"">Tweetbot for iOS</a>","@carinnatarvin @matthickey Hercules"
"185209775578030080","","","","","2012-03-29 03:40:26 +0000","<a href=""http://flickr.com/services/twitter/"" rel=""nofollow"">Flickr</a>","8:36pm SFO -&gt; SEA and way tired after a good day http://t.co/L92hYWQY","http://flic.kr/p/btVWRS"
"185200242994589696","185187533657882626","772386","","","2012-03-29 03:02:33 +0000","<a href=""http://tapbots.com/tweetbot"" rel=""nofollow"">Tweetbot for iOS</a>","@WilloToons @k @tara Let's start a slowcial media revolution."
"185200063818108928","185198664183058432","17","","","2012-03-29 03:01:50 +0000","<a href=""http://tapbots.com/tweetbot"" rel=""nofollow"">Tweetbot for iOS</a>","@tonystubblebine I def want to meet you. I'll reach out directly next time I'm in the area."
"185196640074866688","185196460931948546","10959642","","","2012-03-29 02:48:14 +0000","<a href=""http://tapbots.com/tweetbot"" rel=""nofollow"">Tweetbot for iOS</a>","@tara Easy peasy."
"185195766522974209","185189086913511424","10959642","","","2012-03-29 02:44:46 +0000","<a href=""http://tapbots.com/tweetbot"" rel=""nofollow"">Tweetbot for iOS</a>","@tara What are you interested in using it for? /cc @k @WilloToons"
"185184882522206212","185182765560504320","11222","","","2012-03-29 02:01:31 +0000","<a href=""http://tapbots.com/tweetbot"" rel=""nofollow"">Tweetbot for iOS</a>","@k Nice. Gimme a week or so."
"185179621967405056","185179297781256193","14986129","","","2012-03-29 01:40:37 +0000","<a href=""http://tapbots.com/tweetbot"" rel=""nofollow"">Tweetbot for iOS</a>","@irondavy Ah, got it. I'll keep this fact in mind for future trips!"
"185179041299566592","185166164664647680","14986129","","","2012-03-29 01:38:18 +0000","<a href=""http://tapbots.com/tweetbot"" rel=""nofollow"">Tweetbot for iOS</a>","@irondavy When's your flight and gate? Mine's at 8:45 and am headed over now."
"185178549991383042","185178303022383106","11222","","","2012-03-29 01:36:21 +0000","<a href=""http://tapbots.com/tweetbot"" rel=""nofollow"">Tweetbot for iOS</a>","@k Bull honky. Okay if you design it I'll build it. Did I call your bluff?"
"185178098998849536","185169582737199105","11222","","","2012-03-29 01:34:33 +0000","<a href=""http://tapbots.com/tweetbot"" rel=""nofollow"">Tweetbot for iOS</a>","@k @tara I think I agree with that and would also find the service useful. Nice hack day project at least. Wanna build it?"
"185150228314329088","185146608936165376","780991","","","2012-03-28 23:43:49 +0000","<a href=""http://tapbots.com/tweetbot"" rel=""nofollow"">Tweetbot for iOS</a>","@amyjokim I think definitely YES. Trial, error, measure, learn, practice practice practice!"
"185137942531018752","185137097429094400","66560735","","","2012-03-28 22:54:59 +0000","<a href=""http://tapbots.com/tweetbot"" rel=""nofollow"">Tweetbot for iOS</a>","@rohanseth See ya there!"
"185135066970734594","185133370563493888","66560735","","","2012-03-28 22:43:34 +0000","<a href=""http://tapbots.com/tweetbot"" rel=""nofollow"">Tweetbot for iOS</a>","@rohanseth Recommend a bar nearby and I'll meet you there!"
"185134895306256384","185134287257993216","21135674","","","2012-03-28 22:42:53 +0000","<a href=""http://tapbots.com/tweetbot"" rel=""nofollow"">Tweetbot for iOS</a>","@e_ramirez Shucks!"
"185133822831104001","185131599719972865","1032241","","","2012-03-28 22:38:37 +0000","<a href=""http://tapbots.com/tweetbot"" rel=""nofollow"">Tweetbot for iOS</a>","@trappermarkelz Not often but will take you up on it at next possible opportunity!"
"185133482413002752","185132911639531520","681813","","","2012-03-28 22:37:16 +0000","<a href=""http://tapbots.com/tweetbot"" rel=""nofollow"">Tweetbot for iOS</a>","@avantgame I was just in your office! :)"
"185131040229163008","","","","","2012-03-28 22:27:34 +0000","<a href=""http://tapbots.com/tweetbot"" rel=""nofollow"">Tweetbot for iOS</a>","SF peeps! Anyone near Market and Powell wanna talk about behavior change or aliens over a beer? I have 3 hours."
"185062273524580352","185053604267298817","17958179","","","2012-03-28 17:54:18 +0000","<a href=""http://tapbots.com/tweetbot"" rel=""nofollow"">Tweetbot for iOS</a>","@brennannovak @ameliagreenhall Email us at support@bud.ge or go to http://t.co/5fPOmZZz","http://bit.ly/HmYkWk"
"185024078560759810","","","185020870119538688","143694663","2012-03-28 15:22:32 +0000","<a href=""http://tapbots.com/tweetbot"" rel=""nofollow"">Tweetbot for iOS</a>","RT @outseide: We are small; we are infinite. The universe is in us. From @neiltyson. For @busterbenson: http://t.co/XteJK9u5","http://www.huffingtonpost.com/2012/03/12/most-astounding-fact-universe-neil-degrasse-tyson_n_1339031.html"
"185019138597597185","","","185009119818817537","26681722","2012-03-28 15:02:54 +0000","<a href=""http://tapbots.com/tweetbot"" rel=""nofollow"">Tweetbot for iOS</a>","RT @tarasophia: What's on your ""to be list"" this morning?"
"185018986537304064","","","","","2012-03-28 15:02:18 +0000","<a href=""http://tapbots.com/tweetbot"" rel=""nofollow"">Tweetbot for iOS</a>","Exciting! There are probably 10,000,000,000 Earth-like planets in our galaxy alone: http://t.co/moZRjeIQ /via @lmayes","http://bit.ly/GVoSxf"
"184989930592804864","","","","","2012-03-28 13:06:51 +0000","<a href=""http://foursquare.com"" rel=""nofollow"">foursquare</a>","SEA -&gt; SFO for the next 12 hours (@ Seattle-Tacoma International Airport (SEA) w/ 36 others) http://t.co/IQbtcdxh","http://4sq.com/HgXzSd"
"184849853954793472","","","","","2012-03-28 03:50:14 +0000","<a href=""http://flickr.com/services/twitter/"" rel=""nofollow"">Flickr</a>","8:36pm Dinner with @kellianne's parents on their final Seattle night http://t.co/lgUZehbI","http://flic.kr/p/btFkn5"
"184832614090285056","","","","","2012-03-28 02:41:43 +0000","<a href=""http://foursquare.com"" rel=""nofollow"">foursquare</a>","Yum. (@ Sitka and Spruce) http://t.co/C7JsZOXC","http://4sq.com/GWB0Qo"
"184825557018611712","184822003138695169","134531474","","","2012-03-28 02:13:41 +0000","<a href=""http://tapbots.com/tweetbot"" rel=""nofollow"">Tweetbot for iOS</a>","@AlexSalinsky We use @twilio and totally love them. Easiest SMS API ever. And cheap!"
"184793341370703872","","","","","2012-03-28 00:05:40 +0000","<a href=""http://www.tumblr.com/"" rel=""nofollow"">Tumblr</a>","What do you need? What do you want? How can I help? And vice versa. http://t.co/Pav4gQxV","http://tmblr.co/ZQJvayIg96cs"
"184790573738242048","","","184786475643179008","780991","2012-03-27 23:54:40 +0000","<a href=""http://itunes.apple.com/us/app/twitter/id409789998?mt=12"" rel=""nofollow"">Twitter for Mac</a>","RT @amyjokim: The Only Guide to Happiness You'll Ever Need http://t.co/aIRvQ2mQ","http://bit.ly/GYKon3"
"184769890857664513","184765014937305088","34383091","","","2012-03-27 22:32:29 +0000","<a href=""http://itunes.apple.com/us/app/twitter/id409789998?mt=12"" rel=""nofollow"">Twitter for Mac</a>","@cjlikearockstar Any time! Join https://t.co/7Qn81ccf for added fun if you like.","https://s.bud.ge/store/program/pushup-animal"
"184761332015448064","184760793135456259","34383091","","","2012-03-27 21:58:28 +0000","<a href=""http://tapbots.com/tweetbot"" rel=""nofollow"">Tweetbot for iOS</a>","@cjlikearockstar Holy smokes I got some catching' up to do."
"184747862666645504","","","","","2012-03-27 21:04:57 +0000","<a href=""http://tapbots.com/tweetbot"" rel=""nofollow"">Tweetbot for iOS</a>","How we make your @budge reminders: http://t.co/nbfMyckV /by @ameliagreenhall","http://bit.ly/GUI8KV"
"184712834792435713","184503324433842176","397377701","","","2012-03-27 18:45:46 +0000","<a href=""http://itunes.apple.com/us/app/twitter/id409789998?mt=12"" rel=""nofollow"">Twitter for Mac</a>","@nwangelconf Yes! Email details to buster@habitlabs.com or let me know when a good time for a call would be."
"184712662305873920","184680243271970817","419688322","","","2012-03-27 18:45:05 +0000","<a href=""http://itunes.apple.com/us/app/twitter/id409789998?mt=12"" rel=""nofollow"">Twitter for Mac</a>","@PattieFlint I love that coffee shop. Thanks for the nice note!"
"184708721530773504","","","184707287309496320","4558","2012-03-27 18:29:25 +0000","<a href=""http://itunes.apple.com/us/app/twitter/id409789998?mt=12"" rel=""nofollow"">Twitter for Mac</a>","RT @harryh: There's no speed limit. http://t.co/hLGHeTt2","http://sivers.org/kimo"
"184671151342100480","","","","","2012-03-27 16:00:08 +0000","<a href=""http://www.tumblr.com/"" rel=""nofollow"">Tumblr</a>","Just broke 80,000 pushups by Pushup Animals on @budge: http://t.co/YaENuETm","http://tmblr.co/ZQJvayIemQhM"
"184643366494027776","","","184595869050482689","5138611","2012-03-27 14:09:43 +0000","<a href=""http://tapbots.com/tweetbot"" rel=""nofollow"">Tweetbot for iOS</a>","RT @chrisfurniss: Spam bots are evidence that if the robots ever do attempt to take over, it will be less about killing us and more abou ..."
"184485022009528320","","","","","2012-03-27 03:40:32 +0000","<a href=""http://hipstamaticapp.com"" rel=""nofollow"">Hipstamatic</a>","8:36pm Reading about taking the moon for a walk #Hipstamatic #RobotoGlitter #Float http://t.co/jlHwvLlt","http://twitter.com/busterbenson/status/184485022009528320/photo/1"
"184459167967350784","184458462393139200","7413172","","","2012-03-27 01:57:47 +0000","<a href=""http://tapbots.com/tweetbot"" rel=""nofollow"">Tweetbot for iOS</a>","@jackiewolven Give us a month!"
"184448152965890048","","","","","2012-03-27 01:14:01 +0000","<a href=""http://tapbots.com/tweetbot"" rel=""nofollow"">Tweetbot for iOS</a>","So awesome! RT @timoreilly: George Dyson says we live in a universe of self-replicating code... an early life form? http://t.co/wBcV701L","http://bit.ly/GTYYyv"
"184446844703744002","","","","","2012-03-27 01:08:49 +0000","<a href=""http://instagr.am"" rel=""nofollow"">Instagram</a>","Hipstamatic -&gt; Instagram test  @ Habit Labs HQ (http://t.co/l6PTFvnN) http://t.co/XjTd3yK1","http://Healthmonth.com","http://instagr.am/p/IqCcu5I0Cp/"
"184363582513889280","184363419032489984","202370111","","","2012-03-26 19:37:58 +0000","<a href=""http://itunes.apple.com/us/app/twitter/id409789998?mt=12"" rel=""nofollow"">Twitter for Mac</a>","@carl_shan Let me know how it goes. Also, check out http://getheadspace.com as a supplementary product for that."
"184363087225294848","184362894346039297","202370111","","","2012-03-26 19:35:59 +0000","<a href=""http://itunes.apple.com/us/app/twitter/id409789998?mt=12"" rel=""nofollow"">Twitter for Mac</a>","@carl_shan Absolutely. @bjfogg is a big inspiration for our work in http://t.co/CTFmlFP8 for sure.","http://bud.ge"
"184362556125741056","184337985439936513","202370111","","","2012-03-26 19:33:53 +0000","<a href=""http://itunes.apple.com/us/app/twitter/id409789998?mt=12"" rel=""nofollow"">Twitter for Mac</a>","@carl_shan Thank you for the nice words!"
"184351135665098752","","","","","2012-03-26 18:48:30 +0000","<a href=""http://www.tumblr.com/"" rel=""nofollow"">Tumblr</a>","""If we were dating it would be about time to give @budge a key"" http://t.co/tI9o1kJD /via @joehenriod","http://tmblr.co/ZQJvayIbrqV0"
"184306583084335104","184304442559045632","46940769","","","2012-03-26 15:51:28 +0000","<a href=""http://tapbots.com/tweetbot"" rel=""nofollow"">Tweetbot for iOS</a>","@scottnonnenberg I'm reading it now!"
"184306517414133762","","","184303888906715137","60642052","2012-03-26 15:51:12 +0000","<a href=""http://tapbots.com/tweetbot"" rel=""nofollow"">Tweetbot for iOS</a>","RT @VentureBeat: Angry Birds Space introduces the age of the mobile game blockbuster http://t.co/urFt0OxW","http://wp.me/p1re2-1I9z"
"184123245111410689","","","","","2012-03-26 03:42:57 +0000","<a href=""http://flickr.com/services/twitter/"" rel=""nofollow"">Flickr</a>","8:36pm Niko's looking for his next choo choo play partner http://t.co/SIqyj7cf","http://flic.kr/p/bt7gns"
"184118561114042368","","","","","2012-03-26 03:24:20 +0000","<a href=""http://www.tumblr.com/"" rel=""nofollow"">Tumblr</a>","Photo: brit: I sorta love this. Click thru to see more. http://t.co/KMAaIrrW","http://tmblr.co/ZQJvayIaMvPP"
"184108133432565761","","","184106774582923265","780991","2012-03-26 02:42:54 +0000","<a href=""http://tapbots.com/tweetbot"" rel=""nofollow"">Tweetbot for iOS</a>","RT @amyjokim: ""of all the events that make for a great day at work, the most important is making progress on meaningful work"" http://t.c ..."
"184075389738561537","184072344984227840","2781","","","2012-03-26 00:32:47 +0000","<a href=""http://itunes.apple.com/us/app/twitter/id409789998?mt=12"" rel=""nofollow"">Twitter for Mac</a>","@Aubs You should google form this question up! Also, ask if people are happy and/or are actively pursuing it."
"184070622236774400","184070143993856001","2781","","","2012-03-26 00:13:50 +0000","<a href=""http://itunes.apple.com/us/app/twitter/id409789998?mt=12"" rel=""nofollow"">Twitter for Mac</a>","@Aubs My route to happiness: feeling like I'm making meaningful progress towards something bigger than myself. Diff for all, though."
"184065337640222720","","","","","2012-03-25 23:52:50 +0000","<a href=""http://itunes.apple.com/us/app/twitter/id409789998?mt=12"" rel=""nofollow"">Twitter for Mac</a>","I love how the new @Rdio lets me see what my friends are listening to right now. I wish I could just play them all rather than cherry pick."
"184060827903602688","","","","","2012-03-25 23:34:55 +0000","<a href=""http://www.tumblr.com/"" rel=""nofollow"">Tumblr</a>","Broadcasting location is good. http://t.co/2DjUkbfT","http://tmblr.co/ZQJvayIZWQYk"
"184051662795714561","184051297102725120","798542","","","2012-03-25 22:58:30 +0000","<a href=""http://itunes.apple.com/us/app/twitter/id409789998?mt=12"" rel=""nofollow"">Twitter for Mac</a>","@helenjane Maybe it should be a new ritual to go along with burial? thousands of photos from that person's life, sealed somehow."
"184050755345453057","","","","","2012-03-25 22:54:54 +0000","<a href=""http://itunes.apple.com/us/app/twitter/id409789998?mt=12"" rel=""nofollow"">Twitter for Mac</a>","""Every 2 minutes today we snap as many photos as the whole of humanity took in the 1800s"" http://t.co/0IBo5sGG","http://hyperallergic.com/48765/how-many-photos-do-americans-take-a-year/"
"184041137466654720","184039019682869248","4558","","","2012-03-25 22:16:41 +0000","<a href=""http://itunes.apple.com/us/app/twitter/id409789998?mt=12"" rel=""nofollow"">Twitter for Mac</a>","@harryh @alicetiara Congrats to you both! This is big big news!"
"183974205522575360","","","","","2012-03-25 17:50:43 +0000","<a href=""http://instagr.am"" rel=""nofollow"">Instagram</a>","Niko insisted on raincoat and sunglasses today. He gets Seattle.  http://t.co/WVjpLNSm","http://instagr.am/p/ImrigAI0K_/"
"183781633978146816","183779552974209024","16366882","","","2012-03-25 05:05:30 +0000","<a href=""http://tapbots.com/tweetbot"" rel=""nofollow"">Tweetbot for iOS</a>","@octavekitten @carinnatarvin I watched that just for Herzog's commentary track. I guess the cave was cool too."
"183761675286097920","","","","","2012-03-25 03:46:12 +0000","<a href=""http://flickr.com/services/twitter/"" rel=""nofollow"">Flickr</a>","8:36pm Niko loves a family party http://t.co/3Sr5EWF2","http://flic.kr/p/bsN69E"
"183750834247569408","","","","","2012-03-25 03:03:07 +0000","<a href=""http://instagr.am"" rel=""nofollow"">Instagram</a>","What @kellianne got for Niko's early birthday http://t.co/ZDy7eI9K","http://instagr.am/p/IlGAbxI0Ju/"
"183711325367701504","183707890807357440","755086","","","2012-03-25 00:26:07 +0000","<a href=""http://tapbots.com/tweetbot"" rel=""nofollow"">Tweetbot for iOS</a>","@cyrusbryan Was just reading notes about that talk. Thanks."
"183701397940862977","","","","","2012-03-24 23:46:40 +0000","<a href=""http://itunes.apple.com/us/app/twitter/id409789998?mt=12"" rel=""nofollow"">Twitter for Mac</a>","Has anyone read any Vernor Vinge? This interview in Wired about his futurism is all kinds of amazing: http://t.co/nBoq3XlU #globalbrain","http://www.wired.com/underwire/2012/03/vernor-vinge-geeks-guide-galaxy/all/1"
"183652923274821632","183651595236540418","252827423","","","2012-03-24 20:34:03 +0000","<a href=""http://tapbots.com/tweetbot"" rel=""nofollow"">Tweetbot for iOS</a>","@azumioinc We'd love to help test anything that you're cooking up when it's ready."
"183629669277507584","183629160441323520","22118364","","","2012-03-24 19:01:39 +0000","<a href=""http://itunes.apple.com/us/app/twitter/id409789998?mt=12"" rel=""nofollow"">Twitter for Mac</a>","@allenmmurray Yes, but the times sometimes vary. You can always check in pre-reminder too!"
"183621760300752896","183621566100287488","52667079","","","2012-03-24 18:30:13 +0000","<a href=""http://itunes.apple.com/us/app/twitter/id409789998?mt=12"" rel=""nofollow"">Twitter for Mac</a>","@ecologythinking If I ever get around to building http://t.co/UXCYBb9J V2 that's definitely high on the list.","http://750words.com"
"183605118359441408","","","","","2012-03-24 17:24:06 +0000","<a href=""http://bud.ge"" rel=""nofollow"">Budge</a>","My secret ingredient for the Pushup Animal program is restarting Kanagroo level (again) http://t.co/FEDq64fn","http://bud.ge/n/v01"
"183414496721780736","183404378537996288","5814","","","2012-03-24 04:46:38 +0000","<a href=""http://tapbots.com/tweetbot"" rel=""nofollow"">Tweetbot for iOS</a>","@tempo Shiiit now I'm gonna have to do that. Damn you and yer good ideas!"
"183398223870836737","","","","","2012-03-24 03:41:58 +0000","<a href=""http://flickr.com/services/twitter/"" rel=""nofollow"">Flickr</a>","Browsing dog photos for Niko before he passes out http://t.co/PKE7yWsX","http://flic.kr/p/bFst3M"
"183273918176567297","","","183272202379075585","12661782","2012-03-23 19:28:01 +0000","<a href=""http://tapbots.com/tweetbot"" rel=""nofollow"">Tweetbot for iOS</a>","RT @rondiver: Now if @budge pings me to do a set when I'm busy, my body says ""Come on, man, let's do this! LET'S. DO. THIS."""
"183221082738794496","","","","","2012-03-23 15:58:04 +0000","<a href=""http://tapbots.com/tweetbot"" rel=""nofollow"">Tweetbot for iOS</a>","Robots run the market RT @PandoTicker: Apple Trading Halted, Resumed http://t.co/2mgIJJPK","http://bit.ly/GITqUG"
"183065891754344448","182894242790768640","4558","","","2012-03-23 05:41:24 +0000","<a href=""http://tapbots.com/tweetbot"" rel=""nofollow"">Tweetbot for iOS</a>","@harryh I agree. I think of it as fit over quality. It's more important to be relevant and useful to the context than to be perfect."
"183035852061020160","","","","","2012-03-23 03:42:02 +0000","<a href=""http://flickr.com/services/twitter/"" rel=""nofollow"">Flickr</a>","8:36pm Watching Portlandia with @kellianne's parents from Delaware, just for fun http://t.co/0Ow5Crxm","http://flic.kr/p/bsjDFu"
"182947688898244609","","","","","2012-03-22 21:51:42 +0000","<a href=""http://itunes.apple.com/us/app/fish-a-tap-essay/id510560804?mt=8&uo=4"" rel=""nofollow"">Fish: a tap essay on iOS</a>","""On the internet today, reading something twice is an act of love."" http://t.co/VsgTomld","http://robinsloan.com/fish"
"182946973446455297","","","","","2012-03-22 21:48:52 +0000","<a href=""http://itunes.apple.com/us/app/fish-a-tap-essay/id510560804?mt=8&uo=4"" rel=""nofollow"">Fish: a tap essay on iOS</a>","""Look at your fish."" http://t.co/VsgTomld","http://robinsloan.com/fish"
"182944818241081344","","","","","2012-03-22 21:40:18 +0000","<a href=""http://itunes.apple.com/us/app/twitter/id409789998?mt=12"" rel=""nofollow"">Twitter for Mac</a>","Ooh, cool, the JOBS Act passed: http://t.co/3llUGEnT","http://www.reuters.com/article/2012/03/22/usa-startups-senate-idUSL1E8EM5XD20120322"
"182905700022886400","","","182905610914893824","286384512","2012-03-22 19:04:51 +0000","<a href=""http://itunes.apple.com/us/app/twitter/id409789998?mt=12"" rel=""nofollow"">Twitter for Mac</a>","RT @budge: Your pushup inspiration for the day. http://t.co/26sc9EBc","http://www.youtube.com/watch?v=DEhskKFofyQ&list=UUNXj_OehKPmlKIVtWd0ClIA&index=1&feature=plcp"
"182832896732708865","","","182811079825559552","7491582","2012-03-22 14:15:34 +0000","<a href=""http://tapbots.com/tweetbot"" rel=""nofollow"">Tweetbot for iOS</a>","RT @lmayes: How we spend our days is, of course, how we spend our lives. -Annie Dillard http://t.co/ryBWl01K","http://instagr.am/p/IeZhaErSUc/"
"182674546330054657","","","","","2012-03-22 03:46:20 +0000","<a href=""http://flickr.com/services/twitter/"" rel=""nofollow"">Flickr</a>","8:36pm Finishing conveyor belt sushi with @kellianne's parents http://t.co/AqfwKWYK","http://flic.kr/p/bEZAYa"
"182584534087385088","182584116712185858","21135674","","","2012-03-21 21:48:39 +0000","<a href=""http://itunes.apple.com/us/app/twitter/id409789998?mt=12"" rel=""nofollow"">Twitter for Mac</a>","@e_ramirez Actually working on a slide deck and blog post about a lot of this? love getting live feedback via twitter."
"182582114124955648","","","182572955094614016","13368022","2012-03-21 21:39:02 +0000","<a href=""http://itunes.apple.com/us/app/twitter/id409789998?mt=12"" rel=""nofollow"">Twitter for Mac</a>","RT @bmatt: @busterbenson could be, most of the time I'm too ambitious in the habits I want to take up, I need to gradually incorporate them"
"182571437901623296","182570905132732416","13368022","","","2012-03-21 20:56:37 +0000","<a href=""http://itunes.apple.com/us/app/twitter/id409789998?mt=12"" rel=""nofollow"">Twitter for Mac</a>","@bmatt Another way of saying, ""it's not worth it""?"
"182571277104594944","","","182570895263543296","16644937","2012-03-21 20:55:59 +0000","<a href=""http://itunes.apple.com/us/app/twitter/id409789998?mt=12"" rel=""nofollow"">Twitter for Mac</a>","RT @the_april: @busterbenson Because not every habit or change should actually be implemented. It's ok to say, ""That didn't work for me, ..."
"182569146054213633","","","","","2012-03-21 20:47:31 +0000","<a href=""http://itunes.apple.com/us/app/twitter/id409789998?mt=12"" rel=""nofollow"">Twitter for Mac</a>","The only thing between you and supreme success is failure."
"182568720911183874","182568544549089281","16818880","","","2012-03-21 20:45:49 +0000","<a href=""http://itunes.apple.com/us/app/twitter/id409789998?mt=12"" rel=""nofollow"">Twitter for Mac</a>","@jeremymeyers Agreed."
"182568310951526400","182568212200828928","7943892","","","2012-03-21 20:44:11 +0000","<a href=""http://itunes.apple.com/us/app/twitter/id409789998?mt=12"" rel=""nofollow"">Twitter for Mac</a>","@ingopixel I agree! But fear of what?"
"182568216747446272","182567984282345472","6626822","","","2012-03-21 20:43:49 +0000","<a href=""http://itunes.apple.com/us/app/twitter/id409789998?mt=12"" rel=""nofollow"">Twitter for Mac</a>","@Serrenity Ah, so the energy to continue at some point is higher than the reward you get from the new behavior?"
"182568051697393664","182567686583222273","16818880","","","2012-03-21 20:43:10 +0000","<a href=""http://itunes.apple.com/us/app/twitter/id409789998?mt=12"" rel=""nofollow"">Twitter for Mac</a>","@jeremymeyers Ah yeah, that's a big one."
"182567837439770625","","32232142","","","2012-03-21 20:42:19 +0000","<a href=""http://itunes.apple.com/us/app/twitter/id409789998?mt=12"" rel=""nofollow"">Twitter for Mac</a>","@naunihalpublic You're not the only one! Let's go one step further with brutal honesty: which obstacle prevents this change?"
"182567608527241216","182567286215942145","6626822","","","2012-03-21 20:41:24 +0000","<a href=""http://itunes.apple.com/us/app/twitter/id409789998?mt=12"" rel=""nofollow"">Twitter for Mac</a>","@Serrenity So, you didn't create enough reasons or triggers to do it consistently? Or the routine slipped for another reason?"
"182567165185101824","","","","","2012-03-21 20:39:38 +0000","<a href=""http://itunes.apple.com/us/app/twitter/id409789998?mt=12"" rel=""nofollow"">Twitter for Mac</a>","When you try to change a habit or routine, and it doesn't work, what's usually the reason that it didn't stick?"
"182493829717426177","182478350332329984","22118364","","","2012-03-21 15:48:14 +0000","<a href=""http://tapbots.com/tweetbot"" rel=""nofollow"">Tweetbot for iOS</a>","@allenmmurray Thanks, Allen!"
"182314914541613058","","","","","2012-03-21 03:57:17 +0000","<a href=""http://www.apple.com"" rel=""nofollow"">YouTube on iOS</a>","Impressive if true:  http://t.co/6aDkgslg","http://www.youtube.com/watch?v=GYW5G2kbrKk&feature=youtube_gdata_player"
"182310803746201600","","","","","2012-03-21 03:40:57 +0000","<a href=""http://flickr.com/services/twitter/"" rel=""nofollow"">Flickr</a>","8:36pm Date night at home http://t.co/nIl8pYxu","http://flic.kr/p/bEJHHB"
"182240760052199425","182216931116462081","815996","","","2012-03-20 23:02:37 +0000","<a href=""http://itunes.apple.com/us/app/twitter/id409789998?mt=12"" rel=""nofollow"">Twitter for Mac</a>","@aharbick Oh yeah, that blew my mind!"
"182209375925055488","","","182197955711873024","16644937","2012-03-20 20:57:55 +0000","web","RT @the_april: Me and @budge will eventually get the entire world doing their pushups. http://t.co/BXcNVvB","http://twitter.com/the_april/status/182197955711873024/photo/1"
"182163044820983808","182153905210261504","16644937","","","2012-03-20 17:53:48 +0000","<a href=""http://itunes.apple.com/us/app/twitter/id409789998?mt=12"" rel=""nofollow"">Twitter for Mac</a>","@the_april It has to be done manually for now? I just updated your photo."
"181973397461401601","181960704377634816","16644937","","","2012-03-20 05:20:13 +0000","<a href=""http://itunes.apple.com/us/app/twitter/id409789998?mt=12"" rel=""nofollow"">Twitter for Mac</a>","@the_april Nope, even light finger, closing eyes, focusing on breathing, on my back with arms at sides I got a 54%."
"181973048197517314","181960929154568192","62136032","","","2012-03-20 05:18:50 +0000","<a href=""http://itunes.apple.com/us/app/twitter/id409789998?mt=12"" rel=""nofollow"">Twitter for Mac</a>","@dantebriones Actual journalists deserve to be de-legitimized for not doing their job and fact checking thoroughly."
"181960323652268032","181959913990402048","2015","","","2012-03-20 04:28:16 +0000","<a href=""http://tapbots.com/tweetbot"" rel=""nofollow"">Tweetbot for iOS</a>","@joshc @samantham @the_april I just got 62% and am ultra relaxed (relatively). Is something wrong with me??"
"181958438673334272","181957349035081730","62136032","","","2012-03-20 04:20:47 +0000","<a href=""http://tapbots.com/tweetbot"" rel=""nofollow"">Tweetbot for iOS</a>","@dantebriones To answer your question though, no I wouldn't attempt to justify someone who used lies to promote hate or closed-mindedness."
"181958155289370624","181957349035081730","62136032","","","2012-03-20 04:19:39 +0000","<a href=""http://tapbots.com/tweetbot"" rel=""nofollow"">Tweetbot for iOS</a>","@dantebriones I'm not really supportive of his method, I just think its wrong to demonize him when his intentions and results were positive."
"181955964398866432","181955572810252288","1771141","","","2012-03-20 04:10:57 +0000","<a href=""http://tapbots.com/tweetbot"" rel=""nofollow"">Tweetbot for iOS</a>","@samantham @the_april That's definitely winning because I've never gotten under 65%."
"181955527490801665","","","","","2012-03-20 04:09:12 +0000","<a href=""http://flickr.com/services/twitter/"" rel=""nofollow"">Flickr</a>","8:36pm The Greenhalls are cooking for us and helping us hang stuff. They are great! http://t.co/QCNhmdoN","http://flic.kr/p/bEtqBi"
"181913987091406848","181906671348625408","16644937","","","2012-03-20 01:24:08 +0000","<a href=""http://tapbots.com/tweetbot"" rel=""nofollow"">Tweetbot for iOS</a>","@the_april I like how they include both apps in the timeline. That's cool! /cc @azumioinc"
"181904853533073408","181902369150337024","252827423","","","2012-03-20 00:47:51 +0000","<a href=""http://itunes.apple.com/us/app/twitter/id409789998?mt=12"" rel=""nofollow"">Twitter for Mac</a>","@azumioinc Of course! I've been daydreaming of a web service that could ping @budge with my heart rate. Possible? Could be awesome!"
"181847418676056064","","","181846643644174337","250986038","2012-03-19 20:59:37 +0000","<a href=""http://itunes.apple.com/us/app/twitter/id409789998?mt=12"" rel=""nofollow"">Twitter for Mac</a>","RT @habitlabs: New feature! We've caught the like bug. http://t.co/98U9Gzej","http://blog.habitlabs.com/post/19587233939/we-pushed-out-a-new-design-for-items-on-your"
"181788840720207872","181787633356242944","16644937","","","2012-03-19 17:06:51 +0000","<a href=""http://itunes.apple.com/us/app/twitter/id409789998?mt=12"" rel=""nofollow"">Twitter for Mac</a>","@the_april @samantham That one measures fluctuation in heart rate. Is that more or less accurate than heart rate for stress levels?"
"181773398429540353","181773183593091074","1771141","","","2012-03-19 16:05:30 +0000","<a href=""http://tapbots.com/tweetbot"" rel=""nofollow"">Tweetbot for iOS</a>","@samantham That's why I started using it. It's a simple way to test my stress triggers."
"181768175598321664","181767404332920834","16644937","","","2012-03-19 15:44:44 +0000","<a href=""http://tapbots.com/tweetbot"" rel=""nofollow"">Tweetbot for iOS</a>","@the_april Instant Heart Rate by @azumioinc (it's awesome)"
"181763947886673920","181759134964789250","9905192","","","2012-03-19 15:27:56 +0000","<a href=""http://tapbots.com/tweetbot"" rel=""nofollow"">Tweetbot for iOS</a>","@cathy_kerr @nancyhd Science like this *should* start with tests in artificial conditions &amp; move towards practical uses slowly &amp; carefully."
"181758891820974080","","","","","2012-03-19 15:07:51 +0000","<a href=""http://tapbots.com/tweetbot"" rel=""nofollow"">Tweetbot for iOS</a>","Scientists are learning how to remove specific memories and associations with extreme precision. Woah. http://t.co/BPxwJ8jS /via @nancyhd","http://bit.ly/FR2LuS"
"181592563730493441","181592221286543361","178841000","","","2012-03-19 04:06:55 +0000","<a href=""http://tapbots.com/tweetbot"" rel=""nofollow"">Tweetbot for iOS</a>","@VictorMathieux Thank you! It's still early but we're excited about where we're headed."
"181586938015395841","","","","","2012-03-19 03:44:34 +0000","<a href=""http://flickr.com/services/twitter/"" rel=""nofollow"">Flickr</a>","8:36pm Delicious dinner and good conversations with April and fam http://t.co/7ms668rv","http://flic.kr/p/brfTyy"
"181571475860500480","181546611783114753","18999752","","","2012-03-19 02:43:07 +0000","<a href=""http://itunes.apple.com/us/app/twitter/id409789998?mt=12"" rel=""nofollow"">Twitter for Mac</a>","@ellenthatcher I'll bet you on that one."
"181571104844955649","181568034115301376","2015","","","2012-03-19 02:41:39 +0000","<a href=""http://tapbots.com/tweetbot"" rel=""nofollow"">Tweetbot for iOS</a>","@joshc I agree that Ira is officially right in this situation. But Mike Daisey's rationalization has a spark of something true, I think."
"181524231346069505","","","","","2012-03-18 23:35:23 +0000","<a href=""http://itunes.apple.com/us/app/twitter/id409789998?mt=12"" rel=""nofollow"">Twitter for Mac</a>","This could be good RT @VentureBeat: What do you think Apple should do with its $98 billion in cash? http://t.co/Y0vqjrEG","http://wp.me/p1re2-1Hmr"
"181521660669734913","181516768265777152","1059951","","","2012-03-18 23:25:11 +0000","<a href=""http://itunes.apple.com/us/app/twitter/id409789998?mt=12"" rel=""nofollow"">Twitter for Mac</a>","@MichelleBee You got me there."
"181520408749682690","","","181520078435659777","142467448","2012-03-18 23:20:12 +0000","<a href=""http://tapbots.com/tweetbot"" rel=""nofollow"">Tweetbot for iOS</a>","RT @nikobenson: I farted http://t.co/c8qGV3LG","http://www.youtube.com/watch?v=Aqp4axua844&feature=youtube_gdata_player"
"181510679008776192","","","","","2012-03-18 22:41:32 +0000","<a href=""http://www.tumblr.com/"" rel=""nofollow"">Tumblr</a>","""I want a cellphone that lasts a month on one charge."" http://t.co/Uqeio9E0 /via @davemorin /by @parislemon","http://tmblr.co/ZQJvayICdG_Q"
"181510536326950913","181510133652791296","1059951","","","2012-03-18 22:40:58 +0000","<a href=""http://itunes.apple.com/us/app/twitter/id409789998?mt=12"" rel=""nofollow"">Twitter for Mac</a>","@MichelleBee In Mike Daisey's case, he inspired a fleet of journalists to go find the story. And doubt is a good thing? everyone is biased."
"181508110584782849","181505710826328066","1059951","","","2012-03-18 22:31:20 +0000","<a href=""http://itunes.apple.com/us/app/twitter/id409789998?mt=12"" rel=""nofollow"">Twitter for Mac</a>","@MichelleBee True, but facts and stories have a complex relationship. Facts use stories to travel? without them, nobody cares."
"181505217295167488","181504076884885504","34383091","","","2012-03-18 22:19:50 +0000","<a href=""http://itunes.apple.com/us/app/twitter/id409789998?mt=12"" rel=""nofollow"">Twitter for Mac</a>","@cjlikearockstar Yes! But no more bloody toes, please."
"181504255142789120","181503840351305728","14439930","","","2012-03-18 22:16:01 +0000","<a href=""http://itunes.apple.com/us/app/twitter/id409789998?mt=12"" rel=""nofollow"">Twitter for Mac</a>","@strickvl Take10, Take15, Mind Series, etc? not sure how they all relate though."
"181503262787239936","181502479614230528","14439930","","","2012-03-18 22:12:04 +0000","<a href=""http://itunes.apple.com/us/app/twitter/id409789998?mt=12"" rel=""nofollow"">Twitter for Mac</a>","@strickvl Yeah, thanks! Do you use the website or app more? And which program are you on? /cc @get_headspace"
"181502718844743680","","","","","2012-03-18 22:09:54 +0000","<a href=""http://itunes.apple.com/us/app/twitter/id409789998?mt=12"" rel=""nofollow"">Twitter for Mac</a>","A couple of us on http://t.co/CTFmlFP8 are trying to do 1,000 pushups in 30 days. Join us! https://t.co/7Qn81ccf","http://bud.ge","https://s.bud.ge/store/program/pushup-animal"
"181496569042968577","","","","","2012-03-18 21:45:28 +0000","<a href=""http://bud.ge"" rel=""nofollow"">Budge</a>","My secret ingredient is http://t.co/3k9lYBmR - gonna try it out, because it looks so pretty http://t.co/QJUolOKa","http://getsomeheadspace.com","http://bud.ge/n/npu"
"181480879724560384","181480110258524160","12761252","","","2012-03-18 20:43:08 +0000","<a href=""http://itunes.apple.com/us/app/twitter/id409789998?mt=12"" rel=""nofollow"">Twitter for Mac</a>","@haikugirl Not quite as much. I wonder if he talks that way in real life? when he's not on radio. That would be cool."
"181478300684787712","","","","","2012-03-18 20:32:53 +0000","<a href=""http://tapbots.com/tweetbot"" rel=""nofollow"">Tweetbot for iOS</a>","When I was up for my 1-month probation review Mike Daisey told my supervisor not to hire me because I was too enthusiastic with customers."
"181477832948596736","181477348187709440","12389752","","","2012-03-18 20:31:01 +0000","<a href=""http://tapbots.com/tweetbot"" rel=""nofollow"">Tweetbot for iOS</a>","@dbabbage Are those reports considered journalism? Have they been fact checked by independent parties?"
"181477437346029569","","","","","2012-03-18 20:29:27 +0000","<a href=""http://tapbots.com/tweetbot"" rel=""nofollow"">Tweetbot for iOS</a>","Did I mention that Mike Daisey was my mentor and sat right next to me when I was hired into Amazon customer service in 1998?"
"181476254535516160","181475373681352704","12389752","","","2012-03-18 20:24:45 +0000","<a href=""http://tapbots.com/tweetbot"" rel=""nofollow"">Tweetbot for iOS</a>","@dbabbage That's a good point but did Ira ever dispute that there aren't any 12-year olds working at Foxconn? That's the real fact to check."
"181475704830042112","","","","","2012-03-18 20:22:34 +0000","<a href=""http://tapbots.com/tweetbot"" rel=""nofollow"">Tweetbot for iOS</a>","Journalists often make wild hyperbolic implications. Not same as Daisey's fabrications but equally ""untrue"" and self-serving."
"181475094902751232","181473903305175040","12389752","","","2012-03-18 20:20:08 +0000","<a href=""http://tapbots.com/tweetbot"" rel=""nofollow"">Tweetbot for iOS</a>","@dbabbage I disagree. Journalists make wild hyperbolic implications all the time. Not same as Daisey's fabrications but equally ""untrue""."
"181473425427148800","181472672226623490","12389752","","","2012-03-18 20:13:30 +0000","<a href=""http://tapbots.com/tweetbot"" rel=""nofollow"">Tweetbot for iOS</a>","@dbabbage I know that the few times someone has reported on something I've done there has never been an entirely true article."
"181473074997231618","181472672226623490","12389752","","","2012-03-18 20:12:07 +0000","<a href=""http://tapbots.com/tweetbot"" rel=""nofollow"">Tweetbot for iOS</a>","@dbabbage Even if it was taken to verifying the order of interviews, who was present when, and other story details unrelated to the core?"
"181472124832202752","181469130015260672","15257124","","","2012-03-18 20:08:20 +0000","<a href=""http://itunes.apple.com/us/app/twitter/id409789998?mt=12"" rel=""nofollow"">Twitter for Mac</a>","@brianfay I'll check it out!"
"181471109181476865","","","","","2012-03-18 20:04:18 +0000","<a href=""http://itunes.apple.com/us/app/twitter/id409789998?mt=12"" rel=""nofollow"">Twitter for Mac</a>","I wonder how many other episodes of TAL / other news reports would have to be retracted after truly strenuous fact checking. 20%? 80%"
"181469579980177409","","","","","2012-03-18 19:58:14 +0000","<a href=""http://itunes.apple.com/us/app/twitter/id409789998?mt=12"" rel=""nofollow"">Twitter for Mac</a>","It reminds me of college debates about the New Testament. Even if it's factually false, the stories have merit &amp; relevance beyond that."
"181468887773216770","","","","","2012-03-18 19:55:29 +0000","<a href=""http://itunes.apple.com/us/app/twitter/id409789998?mt=12"" rel=""nofollow"">Twitter for Mac</a>","In this case, I think Ira's right to be angry, but I think Mike is fighting a subtle and more honest perspective that will eventually win."
"181468169981018112","","","","","2012-03-18 19:52:37 +0000","<a href=""http://itunes.apple.com/us/app/twitter/id409789998?mt=12"" rel=""nofollow"">Twitter for Mac</a>","I have a bit of a perverse excitement for the debate between Mike Daisey and Ira Glass. Journalism, truth, and story at war. Who will win?"
"181446150551904256","","","181440207231520768","8187772","2012-03-18 18:25:08 +0000","<a href=""http://tapbots.com/tweetbot"" rel=""nofollow"">Tweetbot for iOS</a>","RT @csanz: Sir Tim Berners Lee admits the forward slashes in every web address 'were a mistake' http://t.co/GXsyCsis via @MailOnline","http://www.dailymail.co.uk/sciencetech/article-1220286/Sir-Tim-Berners-Lee-admits-forward-slashes-web-address-mistake.html"
"181428851954565121","181427147712376832","26166039","","","2012-03-18 17:16:23 +0000","<a href=""http://itunes.apple.com/us/app/twitter/id409789998?mt=12"" rel=""nofollow"">Twitter for Mac</a>","@MeganWelling I think he's finally realized this too, because he now wants to check himself in the mirror all the time."
"181421457514037248","","","","","2012-03-18 16:47:00 +0000","<a href=""http://instagr.am"" rel=""nofollow"">Instagram</a>","New hat http://t.co/jj4wfkfQ","http://instagr.am/p/IUiwhwo0Hs/"
"181270206562312192","181268423739842561","11604","","","2012-03-18 06:45:59 +0000","<a href=""http://tapbots.com/tweetbot"" rel=""nofollow"">Tweetbot for iOS</a>","@torrez Yeah I love their apps. Only wish there was a API! (pretty please, @azumioinc?)"
"181265456336879616","","","","","2012-03-18 06:27:07 +0000","<a href=""http://bud.ge"" rel=""nofollow"">Budge</a>","My secret ingredient is seeing how meditation effects my heart rate with the cool app by Azumio http://t.co/i3OuH64I","http://bud.ge/n/n5a"
"181228868831686657","","","","","2012-03-18 04:01:44 +0000","<a href=""http://flickr.com/services/twitter/"" rel=""nofollow"">Flickr</a>","8:36pm Reunited with sleepy family http://t.co/vOyXyZqs","http://flic.kr/p/bDQHJP"
"181122214077267968","","","","","2012-03-17 20:57:55 +0000","<a href=""http://bud.ge"" rel=""nofollow"">Budge</a>","My secret ingredient for the Pushup Animal program is cool new design for these posts http://t.co/OuOA21pl","http://bud.ge/n/mqa"
"181114834778193920","","","","","2012-03-17 20:28:36 +0000","<a href=""http://itunes.apple.com/us/app/twitter/id409789998?mt=12"" rel=""nofollow"">Twitter for Mac</a>","Where does our energy come from? http://t.co/yzx1jSqD","http://bustr.me/post/19469267858/where-does-our-energy-come-from"
"181099863889547264","","","","","2012-03-17 19:29:06 +0000","<a href=""http://twitter.com/tweetbutton"" rel=""nofollow"">Tweet Button</a>","I just told the Senate to pass the #JOBSAct and fix old laws for startups and investors. Please add your support: http://t.co/LkB67rS4","http://an.gl/xNF28p"
"180917480498270208","","","180916865038680064","16952268","2012-03-17 07:24:23 +0000","<a href=""http://tapbots.com/tweetbot"" rel=""nofollow"">Tweetbot for iOS</a>","RT @powkang: @busterbenson i'm everyone's favorite person  :D"
"180915776474202113","","","","","2012-03-17 07:17:37 +0000","<a href=""http://tapbots.com/tweetbot"" rel=""nofollow"">Tweetbot for iOS</a>","Are you anyone's favorite person?"
"180913922864451585","","","","","2012-03-17 07:10:15 +0000","<a href=""http://tapbots.com/tweetbot"" rel=""nofollow"">Tweetbot for iOS</a>","#hashtag.tumblr.com"
"180861084247396353","","","","","2012-03-17 03:40:17 +0000","<a href=""http://flickr.com/services/twitter/"" rel=""nofollow"">Flickr</a>","8:36pm Dinner with Carinna http://t.co/uFDshPVh","http://flic.kr/p/bqEQFW"
"180734806366236672","","","","","2012-03-16 19:18:30 +0000","<a href=""http://itunes.apple.com/us/app/twitter/id409789998?mt=12"" rel=""nofollow"">Twitter for Mac</a>","4 super smart hacks for balancing mood http://t.co/5qgsquFP /by @accarmichael","http://quantifiedself.com/2012/03/four-hacks-for-balancing-mood/"
"180676986526633984","","","","","2012-03-16 15:28:45 +0000","<a href=""http://summify.com"" rel=""nofollow"">Summify</a>","5 Things I Learned About the Future from Stephen Wolfram http://t.co/3zLfQgeq (via @summify)","http://smf.is/1IzqRN"
"180572882861174784","180562883476856832","15019184","","","2012-03-16 08:35:04 +0000","<a href=""http://itunes.apple.com/us/app/twitter/id409789998?mt=12"" rel=""nofollow"">Twitter for Mac</a>","@heyamberrae I built http://t.co/nKp1Wz2t as a super simple way to track that stuff if you use gmail...","http://howsmyemail.com"
"180508825688883201","180504759256612864","16644937","","","2012-03-16 04:20:32 +0000","<a href=""http://tapbots.com/tweetbot"" rel=""nofollow"">Tweetbot for iOS</a>","@the_april Better safe than unflossed, I always say!"
"180508398259933184","","","180507607302279168","1081","2012-03-16 04:18:50 +0000","<a href=""http://tapbots.com/tweetbot"" rel=""nofollow"">Tweetbot for iOS</a>","RT @davemcclure: Dear Twitter &amp; LinkedIn: ur iOS apps suck ass too. Q: do u even use them? if so, how do u sleep @ night?"
"180498184257273857","","","","","2012-03-16 03:38:15 +0000","<a href=""http://flickr.com/services/twitter/"" rel=""nofollow"">Flickr</a>","8:36pm Changed some colors on budge... tired of blue! http://t.co/HF6yAksM","http://flic.kr/p/bDmVTi"
"180411666104729602","179964727114469377","175011927","","","2012-03-15 21:54:27 +0000","<a href=""http://itunes.apple.com/us/app/twitter/id409789998?mt=12"" rel=""nofollow"">Twitter for Mac</a>","@LaurenS_Watkins Great meeting you too!"
"180316542070820865","","","","","2012-03-15 15:36:28 +0000","<a href=""http://itunes.apple.com/us/app/twitter/id409789998?mt=12"" rel=""nofollow"">Twitter for Mac</a>","Email is no longer something I want pushed at me http://t.co/C6RgTfl9","http://bustr.me/post/19345535358/sparrow-for-iphone"
"180190781955514368","","","180190366866223104","5814","2012-03-15 07:16:44 +0000","<a href=""http://tapbots.com/tweetbot"" rel=""nofollow"">Tweetbot for iOS</a>","RT @tempo: @busterbenson Can I have more time AND more monkeys on typewriters?"
"180190769079001088","180190366866223104","5814","","","2012-03-15 07:16:41 +0000","<a href=""http://tapbots.com/tweetbot"" rel=""nofollow"">Tweetbot for iOS</a>","@tempo I do think those are synonyms."
"180189581847695360","","","","","2012-03-15 07:11:58 +0000","<a href=""http://tapbots.com/tweetbot"" rel=""nofollow"">Tweetbot for iOS</a>","And those who answer ""time""... what will you do with that time? Is order, control, or empowerment at all involved?"
"180188960721600512","","","","","2012-03-15 07:09:30 +0000","<a href=""http://tapbots.com/tweetbot"" rel=""nofollow"">Tweetbot for iOS</a>","Those who answer ""I want both time *and* control"" are obviously just answering ""control"" plus plus, right?"
"180180868088856577","","","180179906397872128","681813","2012-03-15 06:37:21 +0000","<a href=""http://tapbots.com/tweetbot"" rel=""nofollow"">Tweetbot for iOS</a>","RT @avantgame: @busterbenson more control over how we spend our time is the ultimate win!"
"180180291376254976","180179906397872128","681813","","","2012-03-15 06:35:03 +0000","<a href=""http://tapbots.com/tweetbot"" rel=""nofollow"">Tweetbot for iOS</a>","@avantgame I agree. But there are a couple traps along the way. Controlling time can be a huge time sap!"
"180171610630795264","","","180164215041040384","14095370","2012-03-15 06:00:34 +0000","<a href=""http://tapbots.com/tweetbot"" rel=""nofollow"">Tweetbot for iOS</a>","RT @OffbeatAriel: @busterbenson Control. Too much time makes me aimless and confused."
"180171377599463424","","","180165600881016832","28838912","2012-03-15 05:59:38 +0000","<a href=""http://tapbots.com/tweetbot"" rel=""nofollow"">Tweetbot for iOS</a>","RT @kavla: @busterbenson I'm going to go with ""Control is an illusion"" I'll take time and use it to shape the outcome."
"180161255636602880","","","","","2012-03-15 05:19:25 +0000","<a href=""http://tapbots.com/tweetbot"" rel=""nofollow"">Tweetbot for iOS</a>","Would you rather have more time or more control?"
"180161065492021249","","","180160843965665281","360907906","2012-03-15 05:18:39 +0000","<a href=""http://tapbots.com/tweetbot"" rel=""nofollow"">Tweetbot for iOS</a>","RT @joinsessions: ?Regular exercise is the only well-established fountain of youth, and it?s free? - Jane Brody http://t.co/ezFbi13f","http://blog.joinsessions.com/"
"180156446481195008","","","","","2012-03-15 05:00:18 +0000","<a href=""http://tapbots.com/tweetbot"" rel=""nofollow"">Tweetbot for iOS</a>","Sparrow Mail for iPhone was the quickest app to get a prime dock slot in Buster iPhone history. Check it out."
"180150878412619777","180150585016848386","1054551","","","2012-03-15 04:38:11 +0000","<a href=""http://tapbots.com/tweetbot"" rel=""nofollow"">Tweetbot for iOS</a>","@tikkers Swear it wasn't there a sec ago!"
"180150207676293121","180150019310100480","1054551","","","2012-03-15 04:35:31 +0000","<a href=""http://tapbots.com/tweetbot"" rel=""nofollow"">Tweetbot for iOS</a>","@tikkers On iPhone? Send me a link??"
"180149745975693312","180146564436725760","7482","","","2012-03-15 04:33:41 +0000","<a href=""http://tapbots.com/tweetbot"" rel=""nofollow"">Tweetbot for iOS</a>","@arainert I don't think it's out yet... is it?"
"180141743390474241","180141426905071616","2182141","","","2012-03-15 04:01:53 +0000","<a href=""http://tapbots.com/tweetbot"" rel=""nofollow"">Tweetbot for iOS</a>","@cap Ooh, me too! What is it?"
"180136339126226944","","","","","2012-03-15 03:40:24 +0000","<a href=""http://flickr.com/services/twitter/"" rel=""nofollow"">Flickr</a>","8:36pm On a walkabout http://t.co/UYDPcLyZ","http://flic.kr/p/bqdFnw"
"180127418797916160","180124417660157952","786818","","","2012-03-15 03:04:57 +0000","<a href=""http://tapbots.com/tweetbot"" rel=""nofollow"">Tweetbot for iOS</a>","@webwright Nobody, I just needed something to write on. This canceling itself out I guess!"
"180118885629050881","","","180105464690900992","124363227","2012-03-15 02:31:03 +0000","<a href=""http://itunes.apple.com/us/app/twitter/id409789998?mt=12"" rel=""nofollow"">Twitter for Mac</a>","RT @itsninson: @budge Pushups are one of my least favorite exercises. And yet Pushup Animal is my favorite #Budge game..."
"180118545747816449","180116178923032576","756264","","","2012-03-15 02:29:42 +0000","<a href=""http://tapbots.com/tweetbot"" rel=""nofollow"">Tweetbot for iOS</a>","@damon Thanks. @noahkagan, you have a magical way with words!"
"180111178968735744","180109474424553474","756264","","","2012-03-15 02:00:26 +0000","<a href=""http://tapbots.com/tweetbot"" rel=""nofollow"">Tweetbot for iOS</a>","@damon For @budge, yeah. I wish it would've happened months ago, but alas sometimes it takes a bit longer."
"180108188975235074","","","","","2012-03-15 01:48:33 +0000","<a href=""http://instagr.am"" rel=""nofollow"">Instagram</a>","First dollar  @ Habit Labs HQ (http://t.co/l6PTFvnN) http://t.co/tpbp3CLq","http://Healthmonth.com","http://instagr.am/p/ILNYdBo0OY/"
"180038256224780288","","","","","2012-03-14 21:10:39 +0000","<a href=""http://bud.ge"" rel=""nofollow"">Budge</a>","My secret ingredient for the Share Your Food program is lunch meetings http://t.co/Ybjekppo","http://bud.ge/n/kfq"
"180019180983160832","180018766946639873","16366882","","","2012-03-14 19:54:52 +0000","<a href=""http://itunes.apple.com/us/app/twitter/id409789998?mt=12"" rel=""nofollow"">Twitter for Mac</a>","@octavekitten Sorry, I'm trying to figure out what happened..."
"179985326058635264","179981244728213505","9719882","","","2012-03-14 17:40:20 +0000","<a href=""http://tapbots.com/tweetbot"" rel=""nofollow"">Tweetbot for iOS</a>","@CaptainPJ There's no way to cheat here. Until I add more preferences, it's okay to just do what works for you!"
"179960689459335168","","","179960383132545024","8461972","2012-03-14 16:02:26 +0000","<a href=""http://tapbots.com/tweetbot"" rel=""nofollow"">Tweetbot for iOS</a>","RT @DreMoran: @busterbenson FOMO is driven by the desire to be part of something great; FONBM is driven by ego.  Quite related."
"179960261019578369","179958070963732480","8461972","","","2012-03-14 16:00:44 +0000","<a href=""http://tapbots.com/tweetbot"" rel=""nofollow"">Tweetbot for iOS</a>","@DreMoran I think they're both useful fears from the perspective of natural selection. Magnified by tech."
"179957956949979137","","9719882","","","2012-03-14 15:51:35 +0000","<a href=""http://tapbots.com/tweetbot"" rel=""nofollow"">Tweetbot for iOS</a>","@CaptainPJ Have you tried changing your time zone on those near miss days to Hawaii? Some people do that as a workaround."
"179957469953523712","","","","","2012-03-14 15:49:38 +0000","<a href=""http://tapbots.com/tweetbot"" rel=""nofollow"">Tweetbot for iOS</a>","How does the fear of missing out (FOMO) relate to the fear of not being missed (FONBM)?"
"179951394898452480","","","","","2012-03-14 15:25:30 +0000","<a href=""http://tapbots.com/tweetbot"" rel=""nofollow"">Tweetbot for iOS</a>","How much does this drive our use of Twitter and Facebook? RT @noahkagan: FOMO - Fear of Missing Out"
"179779175035576320","","","","","2012-03-14 04:01:10 +0000","<a href=""http://flickr.com/services/twitter/"" rel=""nofollow"">Flickr</a>","8:36pm Salon of Shame poetry with sign language interpretation is *pure art* http://t.co/4Iv4qaU4","http://flic.kr/p/bpZ3j3"
"179762775155933186","","","","","2012-03-14 02:56:00 +0000","<a href=""http://foursquare.com"" rel=""nofollow"">foursquare</a>","Salon of Shame! (@ Theatre Off Jackson w/ 5 others) http://t.co/99Yy2TwN","http://4sq.com/x5xOVc"
"179734255541301248","179728501270777857","15257124","","","2012-03-14 01:02:40 +0000","<a href=""http://tapbots.com/tweetbot"" rel=""nofollow"">Tweetbot for iOS</a>","@brianfay A bit of growing pains as it gets more popular. Hoping to clear it up soon though. Sorry for the trouble!"
"179454738008522754","","9857922","","","2012-03-13 06:31:58 +0000","<a href=""http://itunes.apple.com/us/app/twitter/id409789998?mt=12"" rel=""nofollow"">Twitter for Mac</a>","@Brethren Just watched Re:Generation Music Project, loved it, and realized it's a GreenLight thing? same?"
"179412519847346178","","","","","2012-03-13 03:44:12 +0000","<a href=""http://flickr.com/services/twitter/"" rel=""nofollow"">Flickr</a>","8:36pm Convincing Niko that it's bedtime http://t.co/slf9XWBF","http://flic.kr/p/bpJaEy"
"179348505427574784","","","","","2012-03-12 23:29:50 +0000","<a href=""http://www.tumblr.com/"" rel=""nofollow"">Tumblr</a>","Great optimistic message about technology and the future from Peter Diamandis: http://t.co/Dm2JxRYW","http://tmblr.co/ZQJvayHuhTy1"
"179336730212712449","","","","","2012-03-12 22:43:03 +0000","<a href=""http://www.tumblr.com/"" rel=""nofollow"">Tumblr</a>","One theory for why there hasn't been a break-away health-improvement success story yet: http://t.co/MsXTMEn1","http://tmblr.co/ZQJvayHuVw2-"
"179282149063667713","","","","","2012-03-12 19:06:09 +0000","<a href=""http://bud.ge"" rel=""nofollow"">Budge</a>","My secret ingredient for the Pushup Animal program is easy days http://t.co/mbEKu7IL","http://bud.ge/n/jsp"
"179269280339206145","","","179268712812126209","1186","2012-03-12 18:15:01 +0000","<a href=""http://tapbots.com/tweetbot"" rel=""nofollow"">Tweetbot for iOS</a>","RT @chrismessina: Love this @timoreilly recommendation: ""Policy should protect the future from the past, not the past from the future.""  ..."
"179248116665548800","","","","","2012-03-12 16:50:55 +0000","<a href=""http://itunes.apple.com/us/app/twitter/id409789998?mt=12"" rel=""nofollow"">Twitter for Mac</a>","Check out my cool new Tumblr url:
http://t.co/Kv0uxNAR

Ask me a question to help me break it in:
http://t.co/SfIVJ6Bj","http://bustr.me","http://bustr.me/ask"
"179208375140233217","","","179183854672809984","14076943","2012-03-12 14:13:00 +0000","<a href=""http://tapbots.com/tweetbot"" rel=""nofollow"">Tweetbot for iOS</a>","RT @jhagel: Meditation on combinatorial creativity by @brainpicker http://t.co/6KBIgtDt","http://bit.ly/z36Bxu"
"178929619121078273","178921351703310337","17545050","","","2012-03-11 19:45:20 +0000","<a href=""http://tapbots.com/tweetbot"" rel=""nofollow"">Tweetbot for iOS</a>","@jimmyjacobson That would be cool. Same goes if you're ever in Seattle."
"178929453085364224","","","178924094337720320","8524962","2012-03-11 19:44:40 +0000","<a href=""http://tapbots.com/tweetbot"" rel=""nofollow"">Tweetbot for iOS</a>","RT @hexopod: @mmmmmichelle @busterbenson far far worse. All of this BS for nothing? Don't need much reminder of that."
"178929418151014400","","","178918080456556544","7565162","2012-03-11 19:44:32 +0000","<a href=""http://tapbots.com/tweetbot"" rel=""nofollow"">Tweetbot for iOS</a>","RT @michaelmcdaniel: @busterbenson Neither. I think feeling a sense of awe for the universe is good, but poking that button by itself is ..."
"178916649716563968","178915971120119808","1032241","","","2012-03-11 18:53:48 +0000","<a href=""http://tapbots.com/tweetbot"" rel=""nofollow"">Tweetbot for iOS</a>","@trappermarkelz I haven't but will check them out now. Thanks!"
"178905567102902273","178904867178426369","12118392","","","2012-03-11 18:09:45 +0000","<a href=""http://itunes.apple.com/us/app/twitter/id409789998?mt=12"" rel=""nofollow"">Twitter for Mac</a>","@geoffclapp I'd love to hear your thoughts. I wasn't fishing for a right answer, but am genuinely interested in the questions."
"178902193934569472","178901050529554432","12118392","","","2012-03-11 17:56:21 +0000","<a href=""http://tapbots.com/tweetbot"" rel=""nofollow"">Tweetbot for iOS</a>","@geoffclapp You don't think things that reveal mortality (like heart attacks, death of loved ones) can change the core?"
"178900631656992768","","","178896044778721280","1032241","2012-03-11 17:50:09 +0000","<a href=""http://tapbots.com/tweetbot"" rel=""nofollow"">Tweetbot for iOS</a>","RT @trappermarkelz: @busterbenson I think it makes it way better. It takes the pressure off. It lets you take charge of your own life ex ..."
"178887898379206656","178887249432289282","54029411","","","2012-03-11 16:59:33 +0000","<a href=""http://tapbots.com/tweetbot"" rel=""nofollow"">Tweetbot for iOS</a>","@coryjcampbell Is it any good? I'd love to hear more about it."
"178887788320657408","","","","","2012-03-11 16:59:06 +0000","<a href=""http://tapbots.com/tweetbot"" rel=""nofollow"">Tweetbot for iOS</a>","Would a frequent reminder of your own cosmic insignificance make your life better or worse? More meaningful or less?"
"178886181843509248","178884599580069888","29058287","","","2012-03-11 16:52:43 +0000","<a href=""http://itunes.apple.com/us/app/twitter/id409789998?mt=12"" rel=""nofollow"">Twitter for Mac</a>","@garychou Register your domains while you can!"
"178883575867899904","","","","","2012-03-11 16:42:22 +0000","<a href=""http://tapbots.com/tweetbot"" rel=""nofollow"">Tweetbot for iOS</a>","100B neurons in a brain, 7B brains around our star, 200B stars in our galaxy, 100B galaxies. Make your own meaning, since no other exists."
"178877916954894336","178876984464646145","498467901","","","2012-03-11 16:19:53 +0000","<a href=""http://tapbots.com/tweetbot"" rel=""nofollow"">Tweetbot for iOS</a>",".@li3n3 Good point, re the myth of habits... pure marketing. Nothing ever becomes truly automatic except breathing."
"178877112491573249","178876682768363520","498467901","","","2012-03-11 16:16:41 +0000","<a href=""http://tapbots.com/tweetbot"" rel=""nofollow"">Tweetbot for iOS</a>","@li3n3 Hah. I think you've clearly done enough. And have a source of motivation entirely separate from badges."
"178876086208311298","178875577191759872","498467901","","","2012-03-11 16:12:36 +0000","<a href=""http://tapbots.com/tweetbot"" rel=""nofollow"">Tweetbot for iOS</a>","@li3n3 Wow, Liene! You keep making me need to invent new badges! That is so unbelievably impressive."
"178875832457117697","","","178875577191759872","498467901","2012-03-11 16:11:36 +0000","<a href=""http://tapbots.com/tweetbot"" rel=""nofollow"">Tweetbot for iOS</a>","RT @li3n3: @busterbenson Buster! I feel super meta today, because it's my 750th day in a row on #750words. Thank you so much for plantin ..."
"178860807898136576","","","","","2012-03-11 15:11:54 +0000","<a href=""http://tapbots.com/tweetbot"" rel=""nofollow"">Tweetbot for iOS</a>","Steven Hawking's Into The Universe is perfect for dark Sunday morning Netflix streaming. #aliens #timetravel #cosmicinsignificance"
"178731913807265792","","","","","2012-03-11 06:39:43 +0000","<a href=""http://flickr.com/services/twitter/"" rel=""nofollow"">Flickr</a>","8:36pm Working while wifey is away. Fox and the crane keep me company. http://t.co/zDIUs2QV","http://flic.kr/p/bp9Gih"
"178579002624192512","178575016101822465","520700557","","","2012-03-10 20:32:06 +0000","<a href=""http://itunes.apple.com/us/app/twitter/id409789998?mt=12"" rel=""nofollow"">Twitter for Mac</a>","@thatbird1 It currently supports all Open ID providers, including LiveJournal I believe. Have you tried the 4th option on the log in page?"
"178570451172343809","178569259369246721","14275066","","","2012-03-10 19:58:07 +0000","<a href=""http://tapbots.com/tweetbot"" rel=""nofollow"">Tweetbot for iOS</a>","@chloester Thank you! I used Gmail's OAuth to get email stats. See http://t.co/nKp1Wz2t","http://howsmyemail.com"
"178532521229815808","","","178532388664647681","4711","2012-03-10 17:27:24 +0000","<a href=""http://itunes.apple.com/us/app/twitter/id409789998?mt=12"" rel=""nofollow"">Twitter for Mac</a>","RT @sippey: Life is short. Hug your loved ones."
"178528822038233090","","","","","2012-03-10 17:12:42 +0000","<a href=""http://itunes.apple.com/us/app/twitter/id409789998?mt=12"" rel=""nofollow"">Twitter for Mac</a>","Is there a non-sensationalist way to talk about how robots are taking over the stock market? http://t.co/4hDGPuHy #technium","http://bustr.me/post/19063993344/were-moving-as-johnson-and-colleagues-put-it"
"178347430646001664","178343505654059008","49834038","","","2012-03-10 05:11:55 +0000","<a href=""http://itunes.apple.com/us/app/twitter/id409789998?mt=12"" rel=""nofollow"">Twitter for Mac</a>","@CarlaBevs If that were possible, this guy would've killed me quite a few times already."
"178339186489823232","","","","","2012-03-10 04:39:10 +0000","<a href=""http://flickr.com/services/twitter/"" rel=""nofollow"">Flickr</a>","8:36pm Playing itsy bitsty spider hide and seek before bedtime http://t.co/tWPL0F6N","http://flic.kr/p/bBMA32"
"178271171480010752","178270990936190976","408","","","2012-03-10 00:08:54 +0000","<a href=""http://itunes.apple.com/us/app/twitter/id409789998?mt=12"" rel=""nofollow"">Twitter for Mac</a>","@endquote Thanks, Josh! Yes, let me know if it is any better now. Or not."
"178266725480017920","","","178257973284569088","1627381","2012-03-09 23:51:14 +0000","<a href=""http://tapbots.com/tweetbot"" rel=""nofollow"">Tweetbot for iOS</a>","RT @marciikeler: Social games are one of the best ways to keep in touch with acquaintances. #SX@avantgame"
"178252530462109696","178248729801916416","200236063","","","2012-03-09 22:54:49 +0000","<a href=""http://itunes.apple.com/us/app/twitter/id409789998?mt=12"" rel=""nofollow"">Twitter for Mac</a>","@samuelfine Cool! What did you launch?"
"178249105347330050","178246484960083968","21678279","","","2012-03-09 22:41:13 +0000","<a href=""http://itunes.apple.com/us/app/twitter/id409789998?mt=12"" rel=""nofollow"">Twitter for Mac</a>","@agaricus @susannahfox @e_ramirez I see Wolfram's work as exploratory. A reward in itself to some (QSers), but high noise to signal still."
"178246964155129858","178246403137613825","16644937","","","2012-03-09 22:32:42 +0000","<a href=""http://itunes.apple.com/us/app/twitter/id409789998?mt=12"" rel=""nofollow"">Twitter for Mac</a>","@the_april I would like to sit in a sunny park with beer and snacks too. Do it for both of us!"
"178212948211286016","","","","","2012-03-09 20:17:32 +0000","<a href=""http://itunes.apple.com/us/app/twitter/id409789998?mt=12"" rel=""nofollow"">Twitter for Mac</a>","The blog post. RT @habitlabs: We're happy to announce that @budge is officially launched and open for everyone: http://t.co/iN3eDc9v","http://blog.habitlabs.com/post/19013760299/budge-is-officially-launched"
"178207542290292736","178201709393350656","236919349","","","2012-03-09 19:56:03 +0000","<a href=""http://itunes.apple.com/us/app/twitter/id409789998?mt=12"" rel=""nofollow"">Twitter for Mac</a>","@Stratlearning Thanks! Let me know what you think of it once it gets going."
"178201185067597824","178200264354963456","62136032","","","2012-03-09 19:30:47 +0000","<a href=""http://itunes.apple.com/us/app/twitter/id409789998?mt=12"" rel=""nofollow"">Twitter for Mac</a>","@dantebriones Thanks! Let me know what you think of it..."
"178200955249115136","","","178200254800330752","286384512","2012-03-09 19:29:53 +0000","<a href=""http://itunes.apple.com/us/app/twitter/id409789998?mt=12"" rel=""nofollow"">Twitter for Mac</a>","RT @budge: We're launched! Get your first program free if you sign up right now...

http://t.co/JVV1rsvk

Get healthy, or whatever.","http://bud.ge"
"178199565088989184","178199367319171073","19344531","","","2012-03-09 19:24:21 +0000","<a href=""http://itunes.apple.com/us/app/twitter/id409789998?mt=12"" rel=""nofollow"">Twitter for Mac</a>","@mikebodge Hm. Can you email me a screenshot? buster at http://t.co/oFUdNcs7","http://habitlabs.com"
"178198824152604673","","","","","2012-03-09 19:21:25 +0000","<a href=""http://itunes.apple.com/us/app/twitter/id409789998?mt=12"" rel=""nofollow"">Twitter for Mac</a>","Budge is now officially LAUNCHED. Get healthy, or whatever: http://t.co/CTFmlFP8 

Help RT the word for us a bit?","http://bud.ge"
"178180701567459328","","","","","2012-03-09 18:09:24 +0000","<a href=""http://www.tumblr.com/"" rel=""nofollow"">Tumblr</a>","New inspring fitness trend: Nano Workouts: http://t.co/lRW8tHok","http://tmblr.co/ZQJvayHj12SD"
"178146626039324673","","","178138083143843840","9207632","2012-03-09 15:54:00 +0000","<a href=""http://tapbots.com/tweetbot"" rel=""nofollow"">Tweetbot for iOS</a>","RT @brainpicker: If you missed it, the world's first fMRI ""love competition"" will bring a tear to your eye http://t.co/2CkREnFG","http://j.mp/yQL0DP"
"177980256320360448","","","","","2012-03-09 04:52:54 +0000","<a href=""http://flickr.com/services/twitter/"" rel=""nofollow"">Flickr</a>","8:36pm Gonna crash hard tonight. http://t.co/3GVv4tT2","http://flic.kr/p/boDW5w"
"177960683038707712","177959276575342592","6515802","","","2012-03-09 03:35:07 +0000","<a href=""http://tapbots.com/tweetbot"" rel=""nofollow"">Tweetbot for iOS</a>","@AlaiaWilliams We did! 3rd one out... pretty early."
"177897511225274368","","","","","2012-03-08 23:24:06 +0000","<a href=""http://bud.ge"" rel=""nofollow"">Budge</a>","My secret ingredient for the Pushup Animal program is hanging with Nick Crocker.  http://t.co/OQH3D1LD","http://bud.ge/n/imk"
"177846299834597376","","14639162","","","2012-03-08 20:00:36 +0000","<a href=""http://itunes.apple.com/us/app/twitter/id409789998?mt=12"" rel=""nofollow"">Twitter for Mac</a>","@amimran Great pitch! I'm super excited to try out @minboxco. Well done."
"177845642280960000","177845099995201536","12118392","","","2012-03-08 19:57:59 +0000","<a href=""http://tapbots.com/tweetbot"" rel=""nofollow"">Tweetbot for iOS</a>","@geoffclapp Yes! I'll step out in 5 minutes!"
"177831606248148994","","","","","2012-03-08 19:02:13 +0000","<a href=""http://itunes.apple.com/us/app/twitter/id409789998?mt=12"" rel=""nofollow"">Twitter for Mac</a>","RE @budge: ""Something about the philosophy and design of this one seemed, to me, to be completely dialed in."" http://t.co/ELa3LOTQ by @Rafe","http://news.cnet.com/8301-19882_3-57393002-250/from-scooters-to-servers-the-best-of-launch-day-one/?tag=mncol;1n"
"177831203892760576","177807186246905856","12118392","","","2012-03-08 19:00:37 +0000","<a href=""http://itunes.apple.com/us/app/twitter/id409789998?mt=12"" rel=""nofollow"">Twitter for Mac</a>","@geoffclapp Yes! I did. I should tweet it!"
"177635853940686850","","","","","2012-03-08 06:04:22 +0000","<a href=""http://instagr.am"" rel=""nofollow"">Instagram</a>","Met these two fine mustache twins  @ the Slanted Door http://t.co/lJvhAYde","http://instagr.am/p/H5pO6ao0Ay/"
"177629326009839616","177618022939373568","776429","","","2012-03-08 05:38:26 +0000","<a href=""http://tapbots.com/tweetbot"" rel=""nofollow"">Tweetbot for iOS</a>","@spangley Thank you! It was fun."
"177614784840204288","","","","","2012-03-08 04:40:39 +0000","<a href=""http://flickr.com/services/twitter/"" rel=""nofollow"">Flickr</a>","8:36pm At Slanted Door with Amelia and April after a big day http://t.co/Onx3VfXQ","http://flic.kr/p/bBkzoe"
"177582076017647616","","","177469646704885760","814253","2012-03-08 02:30:40 +0000","<a href=""http://tapbots.com/tweetbot"" rel=""nofollow"">Tweetbot for iOS</a>","RT @Rafe: At #Launch: Bud.ge, the iPhone/Android fitness coach.  Will nag you if you let it.  Actually looks really good."
"177573288854306816","177570782048825346","12118392","","","2012-03-08 01:55:45 +0000","<a href=""http://tapbots.com/tweetbot"" rel=""nofollow"">Tweetbot for iOS</a>","@geoffclapp Yes! What time and where?"
"177561685605875712","177561367459536896","12118392","","","2012-03-08 01:09:39 +0000","<a href=""http://itunes.apple.com/us/app/twitter/id409789998?mt=12"" rel=""nofollow"">Twitter for Mac</a>","@geoffclapp No we're spending all of our time watching the demos. But I can step out if you tell me where you are."
"177558708388233216","","12118392","","","2012-03-08 00:57:49 +0000","<a href=""http://tapbots.com/tweetbot"" rel=""nofollow"">Tweetbot for iOS</a>","@geoffclapp Are you watching demos? I wanna say hi!"
"177553516217376769","177504202195615744","15019184","","","2012-03-08 00:37:11 +0000","<a href=""http://itunes.apple.com/us/app/twitter/id409789998?mt=12"" rel=""nofollow"">Twitter for Mac</a>","@heyamberrae I haven't, but I've used them in the past and seemed adequate. Name changes are pretty simple though? just go to city hall."
"177488365669724160","","","","","2012-03-07 20:18:18 +0000","<a href=""http://itunes.apple.com/us/app/twitter/id409789998?mt=12"" rel=""nofollow"">Twitter for Mac</a>","Wow. Be President Shimon Peres's friend, for peace! Standing ovation at #launch http://t.co/syIgzMCG","http://www.facebook.com/pages/Shimon-Peres"
"177475566025457664","177468533876338688","12118392","","","2012-03-07 19:27:26 +0000","<a href=""http://itunes.apple.com/us/app/twitter/id409789998?mt=12"" rel=""nofollow"">Twitter for Mac</a>","@geoffclapp Thank you! So excited by the response so far. Bummed that our audio of Nag Mode didn't work out though."
"177475165335203841","","","177469644859387904","20966928","2012-03-07 19:25:51 +0000","<a href=""http://itunes.apple.com/us/app/twitter/id409789998?mt=12"" rel=""nofollow"">Twitter for Mac</a>","RT @hongdquan: Push-ups mid-pitch from a real-life user are #winning. cc @jensmccabe #launch"
"177474322745659392","177470186671181824","18114290","","","2012-03-07 19:22:30 +0000","<a href=""http://itunes.apple.com/us/app/twitter/id409789998?mt=12"" rel=""nofollow"">Twitter for Mac</a>","@michaelmcgee Bummed that everyone didn't get to hear the audio of Nag Mode."
"177474205045104640","","","177470540120981504","9891382","2012-03-07 19:22:02 +0000","<a href=""http://itunes.apple.com/us/app/twitter/id409789998?mt=12"" rel=""nofollow"">Twitter for Mac</a>","RT @jenniferlum: The unveiling of @budge 2.0 by @jensmccabe & @busterbenson. Nagging as a service #naas @chamath #launch http://t.co/2gh ..."
"177474146165469186","","","177470760208703488","13447612","2012-03-07 19:21:48 +0000","<a href=""http://itunes.apple.com/us/app/twitter/id409789998?mt=12"" rel=""nofollow"">Twitter for Mac</a>","RT @mschwanzer: Great presentation of @budge at @launch, Congrats @busterbenson  & @jensmccabe"
"177462928616861696","","","","","2012-03-07 18:37:13 +0000","<a href=""http://tapbots.com/tweetbot"" rel=""nofollow"">Tweetbot for iOS</a>","Watch us launch @budge in about 30 minutes: http://t.co/hG9TqZ3p 

Sign up here: http://t.co/CTFmlFP8","http://launch.co/live","http://bud.ge"
"177421426989613056","","","","","2012-03-07 15:52:19 +0000","<a href=""http://foursquare.com"" rel=""nofollow"">foursquare</a>","LAUNCH! (@ San Francisco Design Center Galleria) http://t.co/QTGDCabv","http://4sq.com/yxJijn"
"177296680163618817","","","","","2012-03-07 07:36:37 +0000","<a href=""http://flickr.com/services/twitter/"" rel=""nofollow"">Flickr</a>","8:36pm Practicing for tomorrow's big thing and then checking out this GDC madness in the lobby http://t.co/g0vJN4nt","http://flic.kr/p/bB8vdH"
"177265492178907136","","22118364","","","2012-03-07 05:32:41 +0000","web","@allenmmurray I think I just saw you. At the W in SF. Here for GDC? I'm on a couch working... where didja go?"
"177261884817412096","","","","","2012-03-07 05:18:21 +0000","<a href=""http://foursquare.com"" rel=""nofollow"">foursquare</a>","I just unlocked the ""Bravo Newbie"" badge on @foursquare! http://t.co/RbBCWZNv","http://4sq.com/yCJhY8"
"177261884280541184","","","","","2012-03-07 05:18:21 +0000","<a href=""http://foursquare.com"" rel=""nofollow"">foursquare</a>","I just unlocked the ""Real Housewife"" badge on @foursquare! http://t.co/MkIacZsa","http://4sq.com/zRJeUq"
"177146084777410560","177145935829286912","14095370","","","2012-03-06 21:38:12 +0000","<a href=""http://itunes.apple.com/us/app/twitter/id409789998?mt=12"" rel=""nofollow"">Twitter for Mac</a>","@OffbeatAriel Yes! There are two of them? check @kellianne's wall: http://t.co/DlC4XOBJ","http://facebook.com/kellianne"
"177135063987793920","177134951102291970","19344531","","","2012-03-06 20:54:24 +0000","<a href=""http://itunes.apple.com/us/app/twitter/id409789998?mt=12"" rel=""nofollow"">Twitter for Mac</a>","@mikebodge Ahh? yeah, they're both great and very different."
"177134707232882689","177134627163615233","19344531","","","2012-03-06 20:52:59 +0000","<a href=""http://itunes.apple.com/us/app/twitter/id409789998?mt=12"" rel=""nofollow"">Twitter for Mac</a>","@mikebodge Cool! Which two?"
"177134652660776961","177133886055268352","4558","","","2012-03-06 20:52:46 +0000","<a href=""http://itunes.apple.com/us/app/twitter/id409789998?mt=12"" rel=""nofollow"">Twitter for Mac</a>","@harryh Cheating is one of the life-changing/mind-changing things I've learned over the years."
"177133724280958976","","","","","2012-03-06 20:49:05 +0000","<a href=""http://itunes.apple.com/us/app/twitter/id409789998?mt=12"" rel=""nofollow"">Twitter for Mac</a>","Q. What are the 5 most life-changing/mind-changing books you've read? 

My answer: http://t.co/PKHFnBA9

What about you?","http://bustr.me/post/18860065684/what-are-the-5-most-life-changing-mind-changing-books"
"177066188092878849","","","","","2012-03-06 16:20:43 +0000","<a href=""http://foursquare.com"" rel=""nofollow"">foursquare</a>","Who is SF has an office I can work from for a couple hours? PS. Hi! Here til Thurs. http://t.co/sTOvo6QV","http://4sq.com/zrfBck"
"177018348037619712","","","","","2012-03-06 13:10:37 +0000","<a href=""http://tapbots.com/tweetbot"" rel=""nofollow"">Tweetbot for iOS</a>","I choose door number 3 RT @ThisIsSethsBlog: Seth's Blog: Three masters http://t.co/0HqzD49k","http://bit.ly/y1SRhx"
"177017930654031872","","","","","2012-03-06 13:08:58 +0000","<a href=""http://tapbots.com/tweetbot"" rel=""nofollow"">Tweetbot for iOS</a>","A daily dose of cosmic insignificance RT @EnriqueAllen: ""Our Milky way constitutes a single cell, but a small one."" http://t.co/AWr4R5qj","http://amzn.com/k/150D4TJ3SE48Y"
"176926041586155520","176924739791622144","10959642","","","2012-03-06 07:03:50 +0000","<a href=""http://itunes.apple.com/us/app/twitter/id409789998?mt=12"" rel=""nofollow"">Twitter for Mac</a>","@tara Okay, sounds good! I'll be in SF for next 3 days but might have some time to talk tomorrow..."
"176912984650686464","","","","","2012-03-06 06:11:57 +0000","<a href=""http://flickr.com/services/twitter/"" rel=""nofollow"">Flickr</a>","8:36pm Niko still flaunts this bag with 5 half-assed valentines in it like they were made of gold http://t.co/cFAj359K","http://flic.kr/p/bnXCvd"
"176909979364761600","","","","","2012-03-06 06:00:00 +0000","<a href=""http://tapbots.com/tweetbot"" rel=""nofollow"">Tweetbot for iOS</a>","I've experienced this 1st hand. Lung cancer sucks. RT @JimmyJameson: Maroon 5 has got something to say! Listen up! http://t.co/pLxf0BQd","http://www.youtube.com/watch?v=bwnXA66LezE&feature=youtube_gdata_player"
"176879660876046336","176879269744607232","17977759","","","2012-03-06 03:59:32 +0000","<a href=""http://itunes.apple.com/us/app/twitter/id409789998?mt=12"" rel=""nofollow"">Twitter for Mac</a>","@iamdonte You must not be looking at it on a 4S screen, then."
"176873046806757378","176871896854446080","820661","","","2012-03-06 03:33:15 +0000","<a href=""http://tapbots.com/tweetbot"" rel=""nofollow"">Tweetbot for iOS</a>","@daveschappell Jealous! Take good notes."
"176869427491512321","","","","","2012-03-06 03:18:52 +0000","<a href=""http://itunes.apple.com/us/app/twitter/id409789998?mt=12"" rel=""nofollow"">Twitter for Mac</a>","What does your life look like when you look at pictures of it on Facebook?"
"176862120489656320","176859769880064001","14106829","","","2012-03-06 02:49:50 +0000","<a href=""http://tapbots.com/tweetbot"" rel=""nofollow"">Tweetbot for iOS</a>","@AlexSteffen Evolution is mindless, but can be interpreted to prefer a state of fitness to all existing and predictable conditions."
"176851755680800770","176849843174637568","14106829","","","2012-03-06 02:08:38 +0000","<a href=""http://tapbots.com/tweetbot"" rel=""nofollow"">Tweetbot for iOS</a>","@AlexSteffen Okay, I agree that any individual technology can be stopped/slowed. But can its evolution be stopped other than by asteroid?"
"176849836912545792","176848327751630848","14106829","","","2012-03-06 02:01:01 +0000","<a href=""http://tapbots.com/tweetbot"" rel=""nofollow"">Tweetbot for iOS</a>","@AlexSteffen @AlexSteffen As for at its worst, I see no difference between corruption via political, financial, or tech ideologies."
"176848574389293057","176848327751630848","14106829","","","2012-03-06 01:56:00 +0000","<a href=""http://tapbots.com/tweetbot"" rel=""nofollow"">Tweetbot for iOS</a>","@AlexSteffen Consider my understanding permanently incomplete."
"176846669504200706","","14106829","","","2012-03-06 01:48:26 +0000","<a href=""http://tapbots.com/tweetbot"" rel=""nofollow"">Tweetbot for iOS</a>","@AlexSteffen And as we've seen lately, money can buy law and power. Who's on top? Some might say technological progress/evolution itself."
"176844213118435328","176842508490391552","14106829","","","2012-03-06 01:38:40 +0000","<a href=""http://tapbots.com/tweetbot"" rel=""nofollow"">Tweetbot for iOS</a>","@AlexSteffen I'm not sure I agree. Can you elaborate? Financial markets seem as influential as political."
"176841362870771712","","","","","2012-03-06 01:27:21 +0000","<a href=""http://www.tumblr.com/"" rel=""nofollow"">Tumblr</a>","Susan Blackmore, Kevin Kelly, and Kevin Slavin circling an idea: http://t.co/P0KQrtuo #technium /cc @slavin_fpo","http://tmblr.co/ZQJvayHXu5Xy"
"176800770480553985","","","","","2012-03-05 22:46:03 +0000","<a href=""http://thisismyjam.com"" rel=""nofollow"">This Is My Jam</a>","?De.con.struc.tion? by Fanfarlo is my new jam. ?  http://t.co/UOFi6MXW","http://t.thisismyjam.com/busterbenson/_odrei2"
"176797593014247424","176797290521047041","12615","","","2012-03-05 22:33:25 +0000","<a href=""http://itunes.apple.com/us/app/twitter/id409789998?mt=12"" rel=""nofollow"">Twitter for Mac</a>","@timoni It depends on what % of the population has it to begin with, and whether or not it's not useful, or harmful. Interesting thought..."
"176793529564151808","","","","","2012-03-05 22:17:16 +0000","<a href=""http://itunes.apple.com/us/app/twitter/id409789998?mt=12"" rel=""nofollow"">Twitter for Mac</a>","Startup Founder Syndrome: notice whatever situation you're in -&gt; become an expert on how that is the ideal situation for all to operate in."
"176724817754591232","","","","","2012-03-05 17:44:14 +0000","<a href=""http://itunes.apple.com/us/app/twitter/id409789998?mt=12"" rel=""nofollow"">Twitter for Mac</a>","I've never tried this before. Want to ask me something? http://t.co/SfIVJ6Bj","http://bustr.me/ask"
"176713077255970817","","","","","2012-03-05 16:57:35 +0000","<a href=""http://itunes.apple.com/us/app/twitter/id409789998?mt=12"" rel=""nofollow"">Twitter for Mac</a>","""People don't just come to (site of choice) to look at things, they come to find stuff to share with their friends"" http://t.co/oe2yFPpp","http://bustr.me/post/18794334547/people-dont-just-come-to"
"176559448398118913","176557342563893250","10959642","","","2012-03-05 06:47:07 +0000","<a href=""http://tapbots.com/tweetbot"" rel=""nofollow"">Tweetbot for iOS</a>","@tara Sure thing! I could Skype tomorrow if you don't mind Niko piping in every once in a while."
"176548258624188416","","","","","2012-03-05 06:02:39 +0000","<a href=""http://flickr.com/services/twitter/"" rel=""nofollow"">Flickr</a>","8:36pm Working on take 10+ of a demo video. Video editing is not my thing apparently. http://t.co/dQgmmGM2","http://flic.kr/p/bnEVau"
"176494808758616065","176487954716438528","18297300","","","2012-03-05 02:30:16 +0000","<a href=""http://tapbots.com/tweetbot"" rel=""nofollow"">Tweetbot for iOS</a>","@tylepard And all of her sites and accounts online seem down or abandoned. When did that happen? I need all info you have!"
"176486924872196098","176485217794662400","18297300","","","2012-03-05 01:58:56 +0000","<a href=""http://itunes.apple.com/us/app/twitter/id409789998?mt=12"" rel=""nofollow"">Twitter for Mac</a>","@tylepard What have all the previous leads/connections led to? Does anyone know her?"
"176477667535749120","176476604590063618","18297300","","","2012-03-05 01:22:09 +0000","<a href=""http://tapbots.com/tweetbot"" rel=""nofollow"">Tweetbot for iOS</a>","@tylepard Seriously?? I'm gonna hunt her down!"
"176476657169874944","176458705624252416","9857922","","","2012-03-05 01:18:08 +0000","<a href=""http://tapbots.com/tweetbot"" rel=""nofollow"">Tweetbot for iOS</a>","@Brethren To the Genius Bar!"
"176450791358480386","176450317100122112","9857922","","","2012-03-04 23:35:21 +0000","<a href=""http://tapbots.com/tweetbot"" rel=""nofollow"">Tweetbot for iOS</a>","@Brethren That is the last resort restore method. I've had to do it many times over the years and it has always worked."
"176450551276507137","176448425695522816","9857922","","","2012-03-04 23:34:24 +0000","<a href=""http://tapbots.com/tweetbot"" rel=""nofollow"">Tweetbot for iOS</a>","@Brethren @kellianne So happy that I caught the video of him. He's a shy performer usually."
"176448675218866177","176447222458744833","9857922","","","2012-03-04 23:26:57 +0000","<a href=""http://itunes.apple.com/us/app/twitter/id409789998?mt=12"" rel=""nofollow"">Twitter for Mac</a>","@Brethren Have you tried a full restore to factory settings? Here's how: http://t.co/Iz3APmoh /cc @matthickey","http://forums.macrumors.com/showthread.php?t=603129"
"176447074487894017","","","","","2012-03-04 23:20:35 +0000","<a href=""http://path.com/"" rel=""nofollow"">Path 2.0</a>","Niko's first original song for ukelele, titled ""Mama"" [vid] ? http://t.co/C4rJ8IRJ","http://path.com/p/24k5as"
"176442941693366272","","","","","2012-03-04 23:04:10 +0000","<a href=""http://itunes.apple.com/us/app/twitter/id409789998?mt=12"" rel=""nofollow"">Twitter for Mac</a>","""The Key Ingredient for Success"": http://t.co/IBuMFZSb /via @daveschappell #bullshit","http://bustr.me/post/18754886761/the-key-ingredient-to-massive-hits-like-pinterest-and"
"176384586526363648","176384071197405185","10959642","","","2012-03-04 19:12:17 +0000","<a href=""http://tapbots.com/tweetbot"" rel=""nofollow"">Tweetbot for iOS</a>","@tara Pretty rad!"
"176383755374698496","","","","","2012-03-04 19:08:58 +0000","<a href=""http://instagr.am"" rel=""nofollow"">Instagram</a>","Say ""cheese""  @ Grace Kitchen http://t.co/E9rn2xV0","http://instagr.am/p/Hwv3KWI0Mf/"
"176202029872594944","","","","","2012-03-04 07:06:52 +0000","<a href=""http://tapbots.com/tweetbot"" rel=""nofollow"">Tweetbot for iOS</a>","We almost got kicked out of the cab back to @rickwebb's hotel. The rest is history! Happy 5 yr hookingupiversary, @kellianne! &lt;3"
"176201199224233984","","","","","2012-03-04 07:03:34 +0000","<a href=""http://tapbots.com/tweetbot"" rel=""nofollow"">Tweetbot for iOS</a>","I joined the group late after closing up McLeod, and convinced the guy in camo that she was talking to that he had to go."
"176200269141512192","","","","","2012-03-04 06:59:52 +0000","<a href=""http://tapbots.com/tweetbot"" rel=""nofollow"">Tweetbot for iOS</a>","5 years ago I right now I was downing waters and running around the block trying to sober up so I could flirt properly with @kellianne."
"176198673263370240","","","","","2012-03-04 06:53:31 +0000","<a href=""http://flickr.com/services/twitter/"" rel=""nofollow"">Flickr</a>","8:36pm Was distracted by the great company of Brett and Lucy... who just drove away http://t.co/5dj2ekKN","http://flic.kr/p/bnmh8L"
"175970508251201536","","","175958682356551682","18994661","2012-03-03 15:46:53 +0000","<a href=""http://tapbots.com/tweetbot"" rel=""nofollow"">Tweetbot for iOS</a>","RT @jonahlehrer: My latest WSJ column, on why those struggling with obesity tend to get less pleasure from each bite of food http://t.co ..."
"175816854403690496","","","","","2012-03-03 05:36:19 +0000","<a href=""http://flickr.com/services/twitter/"" rel=""nofollow"">Flickr</a>","8:36pm Walking home. Despite a migraine and 2.5+ hrs of server troubles, got everything done http://t.co/qWdIwPpB","http://flic.kr/p/bn5CGo"
"175696557566468097","","","175696428792950785","14326765","2012-03-02 21:38:18 +0000","<a href=""http://itunes.apple.com/us/app/twitter/id409789998?mt=12"" rel=""nofollow"">Twitter for Mac</a>","RT @johnhcook: Be warned Yelp and Facebook fans: Social media IPOs usually start with a pop, and then plummet: http://t.co/5v6ugxAj","http://www.geekwire.com/2012/warned-facebook-investors-social-media-ipos-start-pop-plummet"
"175642782843682816","175642297306845187","786818","","","2012-03-02 18:04:37 +0000","<a href=""http://itunes.apple.com/us/app/twitter/id409789998?mt=12"" rel=""nofollow"">Twitter for Mac</a>","@webwright I've noticed that when I get in serious focus/work mode, I gotta tweet while background thoughts are processing. Is it just me?"
"175640260011769856","","","","","2012-03-02 17:54:35 +0000","<a href=""http://itunes.apple.com/us/app/twitter/id409789998?mt=12"" rel=""nofollow"">Twitter for Mac</a>","Idea for @rescuetime: allow me to make my current day's page public. Like live streaming my run, live stream my work & compete with others!"
"175638771600064512","","","","","2012-03-02 17:48:41 +0000","<a href=""http://itunes.apple.com/us/app/twitter/id409789998?mt=12"" rel=""nofollow"">Twitter for Mac</a>","I have about 30 hours of work to do today. I'm curious to see if this mean I'll be tweeting/tumblring more or less than usual."
"175623754829926401","175618364838916096","174538822","","","2012-03-02 16:49:00 +0000","<a href=""http://tapbots.com/tweetbot"" rel=""nofollow"">Tweetbot for iOS</a>","@kernelsandseeds Not yet but something like that will be possible in a day or two."
"175440137931603970","","","","","2012-03-02 04:39:23 +0000","<a href=""http://flickr.com/services/twitter/"" rel=""nofollow"">Flickr</a>","8:36pm Reading books http://t.co/Pp01siLp","http://flic.kr/p/bzKR5n"
"175436545011089408","175435483273379840","16366882","","","2012-03-02 04:25:06 +0000","<a href=""http://itunes.apple.com/us/app/twitter/id409789998?mt=12"" rel=""nofollow"">Twitter for Mac</a>","@octavekitten Just sent the link. Send this to anyone that you want to add to the team - it'll let them play for free: http://t.co/niUEBG0E","http://healthmonth.com/teams/join/1814/837spuo45S"
"175252832168050688","","","","","2012-03-01 16:15:05 +0000","<a href=""http://tapbots.com/tweetbot"" rel=""nofollow"">Tweetbot for iOS</a>","Often, the problem isn't the problem. The fear of change is the problem. Practice changing. http://t.co/kFMy4JQZ","http://bustr.me/post/18553712544/this-is-your-life-do-what-you-love-and-do-it"
"175130449125982208","","","175103912536309760","2182141","2012-03-01 08:08:47 +0000","<a href=""http://tapbots.com/tweetbot"" rel=""nofollow"">Tweetbot for iOS</a>","RT @cap: Neil deGrasse Tyson on finding motivation in life: http://t.co/6mFU32wr","http://www.reddit.com/r/IAmA/comments/qccer/i_am_neil_degrasse_tyson_ask_me_anything/c3wgffy?context=1"
