"tweet_id","in_reply_to_status_id","in_reply_to_user_id","retweeted_status_id","retweeted_status_user_id","timestamp","source","text","expanded_urls"
"230505038907310081","","","","","2012-08-01 03:27:38 +0000","<a href=""http://foursquare.com"" rel=""nofollow"">foursquare</a>","Meeting with @msg. (@ Hotel Delmano w/ 4 others) http://t.co/z4dAXOLP","http://4sq.com/OlIWwy"
"230499741090320388","230495327151587329","577124971","","","2012-08-01 03:06:35 +0000","<a href=""http://tapbots.com/tweetbot"" rel=""nofollow"">Tweetbot for iOS</a>","@rustyk5 Can?t tell if that?s sarcasm. Trying is easier to sustain when you don?t have incorrect expectations of results."
"230405876761104384","","","","","2012-07-31 20:53:36 +0000","<a href=""http://www.tweetdeck.com"" rel=""nofollow"">TweetDeck</a>","Why ""just do it"" is bullshit. http://t.co/V6eXrmyh","http://bit.ly/NjrhUC"
"230385007301124096","","","","","2012-07-31 19:30:40 +0000","<a href=""http://tapbots.com/software/tweetbot/mac"" rel=""nofollow"">Tweetbot for Mac</a>","Best answers so far: RT @magneticabby: @busterbenson flibberflabber? pickleshoe?"
"230382872387805185","","","","","2012-07-31 19:22:11 +0000","<a href=""http://tapbots.com/software/tweetbot/mac"" rel=""nofollow"">Tweetbot for Mac</a>","?Nonsense? almost works, but it doesn?t address the somewhat malevolent nature of bullshit. Jabberwocky is cute. Bullshit stinks."
"230382464575623169","","","","","2012-07-31 19:20:34 +0000","<a href=""http://tapbots.com/software/tweetbot/mac"" rel=""nofollow"">Tweetbot for Mac</a>","Suggestions so far: bollocks, poppycock, balderdash, gibberish, baloney, rubbish. Do the Brits have a monopoly on euphemizing bullshit?"
"230381276954259456","","","","","2012-07-31 19:15:51 +0000","<a href=""http://www.tweetdeck.com"" rel=""nofollow"">TweetDeck</a>","What's a nicer word for bullshit?"
"230363646545498112","","","","","2012-07-31 18:05:47 +0000","<a href=""http://foursquare.com"" rel=""nofollow"">foursquare</a>","Seattle -&gt; NYC for a day (@ Seattle-Tacoma International Airport (SEA) w/ @daryn) http://t.co/9qCA5Quk","http://4sq.com/QXk7Ye"
"230339320626675713","228932155328323585","518079559","","","2012-07-31 16:29:08 +0000","web","@knockedup I removed @kellianne from detail duty near the end of her pregnancy. Locking keys in car is just the beginning. Just go with it!"
"230176922179604480","230176322176028674","8710082","","","2012-07-31 05:43:49 +0000","<a href=""http://itunes.apple.com/us/app/twitter/id409789998?mt=12"" rel=""nofollow"">Twitter for Mac</a>","@matthickey Also, how does it not only escape black holes but create them? Also, woah."
"230176729975631873","230176322176028674","8710082","","","2012-07-31 05:43:03 +0000","<a href=""http://itunes.apple.com/us/app/twitter/id409789998?mt=12"" rel=""nofollow"">Twitter for Mac</a>","@matthickey The whole ""gravity travels at the speed of light"" blows my mind. Also how could something possibly respond to EVERYTHING's pull?"
"230175571760521216","230159002716233728","8710082","","","2012-07-31 05:38:27 +0000","<a href=""http://itunes.apple.com/us/app/twitter/id409789998?mt=12"" rel=""nofollow"">Twitter for Mac</a>","@matthickey Which documentary was it? I'd love to see it. Can't get gravity out of my head."
"230153987054247937","","","","","2012-07-31 04:12:41 +0000","<a href=""http://tapbots.com/tweetbot"" rel=""nofollow"">Tweetbot for iOS</a>","Awesome! RT @jbruin: Saga, an intelligent companion for iPhone, aims to do what Siri can't http://t.co/MPwEuxFQ /cc @andyhickl","http://bit.ly/OhCaIb"
"230150961128153089","","","","","2012-07-31 04:00:39 +0000","<a href=""http://instagr.am"" rel=""nofollow"">Instagram</a>","8:36pm Niko pointed to the dark green dot and said ""fast out"" to explain the sloppiness I presume http://t.co/EDyfLwym","http://instagr.am/p/NuyLk-I0KJ/"
"230144350200406016","","","","","2012-07-31 03:34:23 +0000","<a href=""http://tapbots.com/tweetbot"" rel=""nofollow"">Tweetbot for iOS</a>","Opening apps is too much work for most things. I agree that @TheFlockApp  is an early sign of a big new trend. http://t.co/NpcyJcn7","http://bit.ly/MguGK1"
"230117395782590466","","","","","2012-07-31 01:47:17 +0000","<a href=""http://tapbots.com/software/tweetbot/mac"" rel=""nofollow"">Tweetbot for Mac</a>","Does every particle of matter have a gravitational pull on every other particle of matter in the universe at all times? /cc @neiltyson"
"230112066210504704","","","","","2012-07-31 01:26:06 +0000","<a href=""http://twitter.com/tweetbutton"" rel=""nofollow"">Tweet Button</a>","Have any of you read ""Eating Animals"" by Jonathan Safran Foer? Worth it? http://t.co/V0HPiJmu","http://www.amazon.com/gp/product/0316069884/ref=as_li_ss_tl?ie=UTF8&camp=1789&creative=390957&creativeASIN=0316069884&linkCode=as2&tag=mockerybird"
"230075366218268672","","","225648867700514816","19725644","2012-07-30 23:00:16 +0000","web","RT @neiltyson: Scientific Method is doing whatever it takes not to fool oneself into thinking what's true is false, or what's false is true."
"230000184669638656","","","229999367929614338","9698942","2012-07-30 18:01:31 +0000","<a href=""http://www.tweetdeck.com"" rel=""nofollow"">TweetDeck</a>","RT @austinkleon: Holy shnikes. MT @juliebosman: Jonah Lehrer Resigns From New Yorker After Making Up Dylan Quotes for His Book http://t. ..."
"229996547901911041","229786065601454080","195863654","","","2012-07-30 17:47:04 +0000","<a href=""http://tapbots.com/software/tweetbot/mac"" rel=""nofollow"">Tweetbot for Mac</a>","@marihuertas Yes, I?m beta testing it right now and it?s pretty dang slick. Definitely worth trying out."
"229964789953212416","","","229941955679907842","148857281","2012-07-30 15:40:53 +0000","<a href=""http://tapbots.com/tweetbot"" rel=""nofollow"">Tweetbot for iOS</a>","RT @PosPositive: Want to Have More Fun? Go on a Mission. http://t.co/BSlgtJxc by @gretchenrubin","http://bit.ly/LVuhLA"
"229963275012562945","","","229813835803000833","15032404","2012-07-30 15:34:51 +0000","<a href=""http://tapbots.com/tweetbot"" rel=""nofollow"">Tweetbot for iOS</a>","RT @jmtame: ""it's hard to do a really good job on anything you don't think about in the shower."" - @paulg"
"229787642433257472","","","","","2012-07-30 03:56:57 +0000","<a href=""http://flickr.com/services/twitter/"" rel=""nofollow"">Flickr</a>","8:36pm Reading a new Little Blue Truck book for bedtime http://t.co/iyaUFTqs","http://flic.kr/p/cG8RGL"
"229689674602536960","","","229676248471851009","1159301","2012-07-29 21:27:40 +0000","<a href=""http://tapbots.com/tweetbot"" rel=""nofollow"">Tweetbot for iOS</a>","RT @joshdilworth: By Nadav Gur, CEO of new stealth SRI spinout Desti -- Beyond Siri and Search in @techcrunch http://t.co/3CHtd819","http://techcrunch.com/2012/07/28/from-information-to-understanding-moving-beyond-search-in-the-age-of-siri/"
"229683242335342592","","","229681029986779137","37570179","2012-07-29 21:02:06 +0000","<a href=""http://tapbots.com/tweetbot"" rel=""nofollow"">Tweetbot for iOS</a>","RT @arrington: Craigslist (and Silicon Valley) Greatly Offends The NY Times: http://t.co/E9IC6fhH via @Uncrunched","http://wp.me/p1RmvN-il"
"229646242450374657","","","","","2012-07-29 18:35:05 +0000","<a href=""http://tapbots.com/tweetbot"" rel=""nofollow"">Tweetbot for iOS</a>","Cool idea RT @ShaneMac: 3 weeks ago, I set a daily reminder to email me this video - Love it. http://t.co/3Ri9F2G7","http://bit.ly/O9DgZf"
"229645908105654272","","","","","2012-07-29 18:33:45 +0000","<a href=""http://tapbots.com/tweetbot"" rel=""nofollow"">Tweetbot for iOS</a>","Smart stuff RT @daltonc: New blog post, ""Critical Mass vs Network Effects"": http://t.co/VGGABibf","http://bit.ly/P6JS73"
"229595008955719682","","","","","2012-07-29 15:11:30 +0000","<a href=""http://tapbots.com/tweetbot"" rel=""nofollow"">Tweetbot for iOS</a>","I hope Google Fiber disrupts broadband service just as Gmail did for email (seems like a huge project though) http://t.co/LESm6rcB","http://read.bi/P5Oom4"
"229420726795501568","","","","","2012-07-29 03:38:58 +0000","<a href=""http://instagr.am"" rel=""nofollow"">Instagram</a>","8:36pm Lazy part of the party http://t.co/m3PgBR7W","http://instagr.am/p/NpmUgmI0Kh/"
"229385949279289344","","","","","2012-07-29 01:20:46 +0000","<a href=""http://instagr.am"" rel=""nofollow"">Instagram</a>","Likes a mean burger at a block party http://t.co/KU7bzrwL","http://instagr.am/p/NpWdaPo0M4/"
"229326139741593600","229319874546118656","2015","","","2012-07-28 21:23:07 +0000","<a href=""http://itunes.apple.com/us/app/twitter/id409789998?mt=12"" rel=""nofollow"">Twitter for Mac</a>","@joshc Hm? yeah, I'm sure they'll be around. There are definitely businesses around coupons and gambling, they just aren't very interesting."
"229315104603242496","229306885872959489","112037009","","","2012-07-28 20:39:16 +0000","<a href=""http://tapbots.com/tweetbot"" rel=""nofollow"">Tweetbot for iOS</a>","@oliverburkeman @edyong209 Yes: Tweetbot."
"229314416716439554","","","","","2012-07-28 20:36:32 +0000","<a href=""http://tapbots.com/tweetbot"" rel=""nofollow"">Tweetbot for iOS</a>","#Predictions for 5 years from now: Apple, Twitter, and Facebook valuations are way up, Groupon and Zynga?s valuations are way down."
"229285573960032256","","","","","2012-07-28 18:41:55 +0000","<a href=""http://instagr.am"" rel=""nofollow"">Instagram</a>","Nikopus  @ Seattle Aquarium http://t.co/Xh5kQbJZ","http://instagr.am/p/NoopvOo0JY/"
"229244562852438017","229244180285751296","14803483","","","2012-07-28 15:58:57 +0000","<a href=""http://itunes.apple.com/us/app/twitter/id409789998?mt=12"" rel=""nofollow"">Twitter for Mac</a>","@evanjacobs @calbucci I've decided to just skip watching the Olympics rather than figure out cable. I'll watch via Twitter."
"229058451660238848","","","","","2012-07-28 03:39:25 +0000","<a href=""http://flickr.com/services/twitter/"" rel=""nofollow"">Flickr</a>","8:36pm Locked out and wondering where Kellianne and Niko are. Who's seen them? http://t.co/ZOsJnP8G","http://flic.kr/p/cETfoh"
"228951989365645312","228951794020147200","123116307","","","2012-07-27 20:36:22 +0000","<a href=""http://tapbots.com/software/tweetbot/mac"" rel=""nofollow"">Tweetbot for Mac</a>","@LilHossler Yeah, me too. I just turn it on and am surprised when things work, but don?t expect it to. Mountain Lion makes it better tho."
"228951428381691904","228917694945173504","123116307","","","2012-07-27 20:34:08 +0000","<a href=""http://tapbots.com/software/tweetbot/mac"" rel=""nofollow"">Tweetbot for Mac</a>","@LilHossler It actually works with iCloud, I think? so you don?t even need to upload them to Flickr/Instagram/etc to share them."
"228919561402068992","228917220644900865","9525212","","","2012-07-27 18:27:31 +0000","<a href=""http://tapbots.com/tweetbot"" rel=""nofollow"">Tweetbot for iOS</a>","@dandean Yes! Are you in Seattle today? Come to Cal Anderson tonight?"
"228916033468125184","","","","","2012-07-27 18:13:30 +0000","<a href=""http://www.apple.com"" rel=""nofollow"">iOS</a>","Can more of you install this Flock app so I can see if the magical photo-gathering works? Thanks! http://t.co/p1xsVgkZ","http://itun.es/us/yk_yG.i"
"228894463089598465","228893886880309248","786818","","","2012-07-27 16:47:47 +0000","<a href=""http://tapbots.com/software/tweetbot/mac"" rel=""nofollow"">Tweetbot for Mac</a>","@webwright @berkun Yes, I strongly believe so. Product/person fit. Also applies to services and ideas."
"228892093240733696","228891853448179712","30495974","","","2012-07-27 16:38:22 +0000","<a href=""http://tapbots.com/software/tweetbot/mac"" rel=""nofollow"">Tweetbot for Mac</a>","@berkun @webwright Another way to look at it, there?s no such thing as quality, only fit."
"228858815796363266","","","228844047165431808","52441862","2012-07-27 14:26:08 +0000","<a href=""http://tapbots.com/tweetbot"" rel=""nofollow"">Tweetbot for iOS</a>","RT @larrymcsheffery: Esther Dyson on health data, ?preemptive healthcare? and the next big thing http://t.co/Xr8pE26A","http://ow.ly/cxHqQ"
"228695438822342657","","","","","2012-07-27 03:36:56 +0000","<a href=""http://instagr.am"" rel=""nofollow"">Instagram</a>","8:36pm Sunset family beach times  @ Golden Gardens Park http://t.co/jBgFElt3","http://instagr.am/p/Nkbg3Ro0F7/"
"228692626751250432","","","","","2012-07-27 03:25:45 +0000","<a href=""http://instagr.am"" rel=""nofollow"">Instagram</a>","Seattle is being purty again  @ Golden Gardens Park http://t.co/5lJN7QBG","http://instagr.am/p/NkbMeJI0Fu/"
"228688347927822336","","","","","2012-07-27 03:08:45 +0000","<a href=""http://www.apple.com"" rel=""nofollow"">YouTube on iOS</a>","Obligatory ""Whoop, there it is"" moment http://t.co/s5jEKncc","http://www.youtube.com/watch?v=tHjd45FpC_Y&feature=youtube_gdata_player"
"228598974276321280","","","","","2012-07-26 21:13:37 +0000","<a href=""http://tapbots.com/software/tweetbot/mac"" rel=""nofollow"">Tweetbot for Mac</a>","OH ?Nominalization is a nominalization.?"
"228582107050561538","228581823964393472","14620776","","","2012-07-26 20:06:35 +0000","<a href=""http://tapbots.com/software/tweetbot/mac"" rel=""nofollow"">Tweetbot for Mac</a>","@ellenchisa Yeah, I was confused about that too? tried to edit it to say 8:36pm but unfortunately it?s not editable. /cc @vizify"
"228578423709265921","","","","","2012-07-26 19:51:57 +0000","<a href=""http://twitter.com/tweetbutton"" rel=""nofollow"">Tweet Button</a>","VERY impressed with what @vizify has cooked up. Check out my graphical bio: https://t.co/nN8XZVaQ","https://www.vizify.com/buster-benson"
"228393281325764608","228392391772610560","7777252","","","2012-07-26 07:36:16 +0000","<a href=""http://itunes.apple.com/us/app/twitter/id409789998?mt=12"" rel=""nofollow"">Twitter for Mac</a>","@xenocid He bought 6000 rounds via mail order. What benefit do we get from that that outweighs mass murders and enabling crazy people?"
"228391946077483009","228384781379964928","7777252","","","2012-07-26 07:30:57 +0000","<a href=""http://itunes.apple.com/us/app/twitter/id409789998?mt=12"" rel=""nofollow"">Twitter for Mac</a>","@xenocid Which stricter rules? Buying 6000 rounds via mail order is probably one easy rule to avoid."
"228333718102761472","","","","","2012-07-26 03:39:35 +0000","<a href=""http://flickr.com/services/twitter/"" rel=""nofollow"">Flickr</a>","8:36pm Carinna's back! http://t.co/KjKVls5i","http://flic.kr/p/cDPG7b"
"228303522179985408","228281091507761154","12426422","","","2012-07-26 01:39:36 +0000","<a href=""http://tapbots.com/tweetbot"" rel=""nofollow"">Tweetbot for iOS</a>","@CoriReady Hi! Yeah lots going on. We should hang out soon!"
"228289455134494721","","","","","2012-07-26 00:43:42 +0000","<a href=""http://www.apple.com/"" rel=""nofollow"">OS X</a>","Tweeting from my new notification center in Mountain Lion. The notebook paper aesthetic is a little weird, but okay."
"228265925709811712","228256728880406529","16252045","","","2012-07-25 23:10:12 +0000","<a href=""http://tapbots.com/software/tweetbot/mac"" rel=""nofollow"">Tweetbot for Mac</a>","@Lowrha That?s pretty hilarious. Welcome back to #reality, Laura. :)"
"228245951284932608","228240614490243073","629344793","","","2012-07-25 21:50:50 +0000","<a href=""http://tapbots.com/tweetbot"" rel=""nofollow"">Tweetbot for iOS</a>","@effectivefforts Thank you! Yes, good catch on the missing tip too."
"228209478162608130","","","","","2012-07-25 19:25:54 +0000","<a href=""http://tapbots.com/software/tweetbot/mac"" rel=""nofollow"">Tweetbot for Mac</a>","Hey @bjfogg I?d love your feedback on this if you have some time today: http://t.co/4ukpmA39","http://branch.com/b/what-are-your-current-best-practices-for-building-habits"
"228202259186601984","228201132256808960","23723225","","","2012-07-25 18:57:13 +0000","<a href=""http://tapbots.com/software/tweetbot/mac"" rel=""nofollow"">Tweetbot for Mac</a>","@johnmdonahue That?s a really cool habit trick. :)"
"228200728164958208","228200080618958848","123116307","","","2012-07-25 18:51:08 +0000","<a href=""http://tapbots.com/software/tweetbot/mac"" rel=""nofollow"">Tweetbot for Mac</a>","@LilHossler Thanks, Aimee! Lots of stuff in the works now? hope to make the best of an unfortunate situation."
"228200374157340672","","","228197264542281728","3392991","2012-07-25 18:49:43 +0000","<a href=""http://tapbots.com/software/tweetbot/mac"" rel=""nofollow"">Tweetbot for Mac</a>","RT @elyseholladay: @busterbenson ? definitely agree with planning for bad days. that's how i always screw myself up! +1 for ""inspiration ..."
"228192373027528704","","","","","2012-07-25 18:17:55 +0000","<a href=""http://tapbots.com/software/tweetbot/mac"" rel=""nofollow"">Tweetbot for Mac</a>","Looking for feedback on this habit manifesto I just posted. Which of the 11 points do you agree/disagree with? http://t.co/4Wi5ziAh","http://wayoftheduck.com/habit-manifesto"
"228192097566601217","","","","","2012-07-25 18:16:50 +0000","<a href=""http://tapbots.com/software/tweetbot/mac"" rel=""nofollow"">Tweetbot for Mac</a>","Invited a few of my most admired habit-studiers to a conversation about habit best practices: http://t.co/4ukpmA39 Who else wants to join?","http://branch.com/b/what-are-your-current-best-practices-for-building-habits"
"228191405565165568","","15859268","","","2012-07-25 18:14:05 +0000","<a href=""http://www.branch.com"" rel=""nofollow"">Branch Inc</a>","@zen_habits Will you join my conversation on Branch? http://t.co/YSvzK3EU","http://branch.com/b/what-are-your-current-best-practices-for-building-habits?showsignin=true&inviter=Buster%20Benson"
"228184448456327169","","","228184270856937472","761628","2012-07-25 17:46:26 +0000","<a href=""http://tapbots.com/tweetbot"" rel=""nofollow"">Tweetbot for iOS</a>","RT @RickWebb: If Twitter and Yahoo are ""media companies"" isn't Google just an Ad Agency?"
"228182999777288192","228182688891297792","140711007","","","2012-07-25 17:40:41 +0000","<a href=""http://tapbots.com/tweetbot"" rel=""nofollow"">Tweetbot for iOS</a>","@lookatpete Something screwey with that. Try http://t.co/EKvwzvyT","http://bit.ly/QFcauY"
"228160305904099328","228159506008375296","171754967","","","2012-07-25 16:10:30 +0000","<a href=""http://itunes.apple.com/us/app/twitter/id409789998?mt=12"" rel=""nofollow"">Twitter for Mac</a>","@1CharlesH Thanks, Charles!"
"228158513455718400","","","","","2012-07-25 16:03:23 +0000","<a href=""http://itunes.apple.com/us/app/twitter/id409789998?mt=12"" rel=""nofollow"">Twitter for Mac</a>","Just posted my habit manifesto which includes everything I (currently) know about hot to start and keep habits: http://t.co/4Wi5ziAh","http://wayoftheduck.com/habit-manifesto"
"228125695572865024","228125409663930368","7482","","","2012-07-25 13:52:58 +0000","<a href=""http://tapbots.com/tweetbot"" rel=""nofollow"">Tweetbot for iOS</a>","@arainert Totally. I end up following most of the people on my lists just because I?m never gonna see them otherwise."
"228125130415550465","228092597749559296","7482","","","2012-07-25 13:50:44 +0000","<a href=""http://tapbots.com/tweetbot"" rel=""nofollow"">Tweetbot for iOS</a>","@arainert That?s a pretty great idea. I recently made a @bestofbuster script but I think your idea is way more useful."
"227996580807065601","227988798896754688","7777252","","","2012-07-25 05:19:55 +0000","<a href=""http://tapbots.com/tweetbot"" rel=""nofollow"">Tweetbot for iOS</a>","@xenocid @nrhm That?s all I?m personally interested in: strict rules for who can carry a gun. A ?well-regulated militia? sounds right to me."
"227970436711972865","","","","","2012-07-25 03:36:02 +0000","<a href=""http://instagr.am"" rel=""nofollow"">Instagram</a>","8:36pm Seattle is purty http://t.co/mKkr8gIm","http://instagr.am/p/NfSx18I0BQ/"
"227956198098497536","227955326828294144","14127387","","","2012-07-25 02:39:27 +0000","<a href=""http://tapbots.com/tweetbot"" rel=""nofollow"">Tweetbot for iOS</a>","@dollarshort Wait, you mean it gets worse? - parent of 2yo"
"227954762874773504","","","","","2012-07-25 02:33:45 +0000","<a href=""http://tapbots.com/tweetbot"" rel=""nofollow"">Tweetbot for iOS</a>","If someone created a bill outlawing cars AND guns, I?d vote for it. Good chaos would ensue. How would you vote?"
"227953223279996930","227952503717769216","7777252","","","2012-07-25 02:27:38 +0000","<a href=""http://tapbots.com/tweetbot"" rel=""nofollow"">Tweetbot for iOS</a>","@xenocid @nrhm That would only matter if 12 deaths in a movie theater or 10,000 per year were acceptable. What do we get for these losses?"
"227951692153503745","227950208007430144","7777252","","","2012-07-25 02:21:33 +0000","<a href=""http://tapbots.com/tweetbot"" rel=""nofollow"">Tweetbot for iOS</a>","@xenocid @nrhm I agree that all should be considered, weighed, and tested. Each can be worked on independently and in parallel."
"227951195229126657","227949720893550593","7777252","","","2012-07-25 02:19:34 +0000","<a href=""http://tapbots.com/tweetbot"" rel=""nofollow"">Tweetbot for iOS</a>","@xenocid @nrhm There is *statistical evidence* that fewer people would die. Why not at least consider, weigh, and test potential remedies?"
"227950429651230720","227949544929910784","7777252","","","2012-07-25 02:16:32 +0000","<a href=""http://tapbots.com/tweetbot"" rel=""nofollow"">Tweetbot for iOS</a>","@xenocid @nrhm Just because *all* homicides aren?t caused by guns doesn?t mean they should stay easily accessible. More red herring."
"227949675683119104","227948898751229952","7777252","","","2012-07-25 02:13:32 +0000","<a href=""http://tapbots.com/tweetbot"" rel=""nofollow"">Tweetbot for iOS</a>","@xenocid I?m just saying that it?s not a coincidence that gun ownership and homicides are statistically linked. Are you arguing otherwise?"
"227947396745809920","227937544405413889","7777252","","","2012-07-25 02:04:29 +0000","<a href=""http://tapbots.com/tweetbot"" rel=""nofollow"">Tweetbot for iOS</a>","@xenocid @RickWebb When guns are involved it?s not a stretch to assume that guns DO cause homicides. That?s what they are for."
"227946966724784128","227936440854659073","7777252","","","2012-07-25 02:02:46 +0000","<a href=""http://tapbots.com/tweetbot"" rel=""nofollow"">Tweetbot for iOS</a>","@xenocid @nrhm They might try, but probably won?t kill 20 people and injure 40 more. Again: better tools = better results."
"227946504269217792","227936105721380864","7777252","","","2012-07-25 02:00:56 +0000","<a href=""http://tapbots.com/tweetbot"" rel=""nofollow"">Tweetbot for iOS</a>","@xenocid @nrhm Two wrongs don?t make a right fallacy. Also, red herring fallacy."
"227928210216726529","227925653452910592","16366882","","","2012-07-25 00:48:14 +0000","<a href=""http://tapbots.com/software/tweetbot/mac"" rel=""nofollow"">Tweetbot for Mac</a>","@octavekitten @LilHossler I think I skipped that one. Oops."
"227925584695664640","227923161084223488","16366882","","","2012-07-25 00:37:48 +0000","<a href=""http://tapbots.com/software/tweetbot/mac"" rel=""nofollow"">Tweetbot for Mac</a>","@octavekitten @LilHossler Which books did you ever like by him? He?s a great reader but I?ve never liked his books."
"227879958863806464","227824655568879616","7777252","","","2012-07-24 21:36:30 +0000","<a href=""http://tapbots.com/software/tweetbot/mac"" rel=""nofollow"">Tweetbot for Mac</a>","@xenocid @nrhm Does 10,000 deaths a year seem acceptable?"
"227787602143612929","227785063889264640","4011261","","","2012-07-24 15:29:31 +0000","<a href=""http://itunes.apple.com/us/app/twitter/id409789998?mt=12"" rel=""nofollow"">Twitter for Mac</a>","@nrhm @xenocid Did the guards kill 31,224 people last year? That's how many gun-related homicides there were in the US in 2007."
"227610274729963520","","","","","2012-07-24 03:44:52 +0000","<a href=""http://instagr.am"" rel=""nofollow"">Instagram</a>","8:36pm Cleaning up train track fossils http://t.co/YddoJOR2","http://instagr.am/p/Ncu8kNo0As/"
"227609304457424897","","","","","2012-07-24 03:41:01 +0000","<a href=""http://tapbots.com/tweetbot"" rel=""nofollow"">Tweetbot for iOS</a>","#teamsparrow RT @timoreilly: The Sparrow Problem: analysis of just how hard it is to make a living via the App Store http://t.co/EvCJ8XP2","http://bit.ly/SRaFbC"
"227607300590948352","","","227606806770352129","389974502","2012-07-24 03:33:03 +0000","<a href=""http://tapbots.com/tweetbot"" rel=""nofollow"">Tweetbot for iOS</a>","RT @ANNELAMOTT: My friend Paul O said that we're like children in those car seats w/ steering wheels, convinced we're making the car tur ..."
"227547411927666689","227547037435047936","91969309","","","2012-07-23 23:35:05 +0000","<a href=""http://tapbots.com/tweetbot"" rel=""nofollow"">Tweetbot for iOS</a>","@murphyslawyer22 Maybe you?d be matched together but not told which strongly held belief you differ on?"
"227547149724962816","227546714888884224","6579512","","","2012-07-23 23:34:02 +0000","<a href=""http://tapbots.com/tweetbot"" rel=""nofollow"">Tweetbot for iOS</a>","@dshanahan 1) think of question 2) ask twitter 3) think some more. :) But no, haven?t written much about it. It seems intangible."
"227546826159554561","","","227546276777046016","24254084","2012-07-23 23:32:45 +0000","<a href=""http://tapbots.com/tweetbot"" rel=""nofollow"">Tweetbot for iOS</a>","RT @noUpside: @busterbenson beyond beliefs, i'd be interested in a penpal w/different lifestyle choices.  curious about stay-at-home mom ..."
"227546823445860353","227546276777046016","24254084","","","2012-07-23 23:32:44 +0000","<a href=""http://tapbots.com/tweetbot"" rel=""nofollow"">Tweetbot for iOS</a>","@noUpside Ooh that?s a great idea. Hadn?t thought of that angle."
"227546686254354432","227546244996816896","91969309","","","2012-07-23 23:32:12 +0000","<a href=""http://tapbots.com/tweetbot"" rel=""nofollow"">Tweetbot for iOS</a>","@murphyslawyer22 Maybe. I think the double opt-in of both people wanting to talk might allow more open communication. Haven?t tested it tho."
"227546371132108800","","","227545878351720449","7943892","2012-07-23 23:30:57 +0000","<a href=""http://tapbots.com/tweetbot"" rel=""nofollow"">Tweetbot for iOS</a>","RT @ingopixel: @busterbenson I'd like to talk to a creationist about evolution. or a sexist man or woman about women's rights. or a vega ..."
"227545815391010816","","","227545522498588673","6579512","2012-07-23 23:28:44 +0000","<a href=""http://tapbots.com/tweetbot"" rel=""nofollow"">Tweetbot for iOS</a>","RT @dshanahan: @busterbenson Technology; broadly optimistic vs pessimistic (I'm the former)."
"227545791043100672","227545522498588673","6579512","","","2012-07-23 23:28:38 +0000","<a href=""http://tapbots.com/tweetbot"" rel=""nofollow"">Tweetbot for iOS</a>","@dshanahan I like that one and hadn?t thought of it before."
"227545598738452480","227544698275909632","91969309","","","2012-07-23 23:27:52 +0000","<a href=""http://tapbots.com/tweetbot"" rel=""nofollow"">Tweetbot for iOS</a>","@murphyslawyer22 Would potentially volatile conversations be less volatile in a friendly penpal context maybe?"
"227545215026724864","","","","","2012-07-23 23:26:21 +0000","<a href=""http://tapbots.com/tweetbot"" rel=""nofollow"">Tweetbot for iOS</a>","For the previous penpal question, assume that your identities are both protected during the duration of said penpalship."
"227544373343186944","","","","","2012-07-23 23:23:00 +0000","<a href=""http://tapbots.com/tweetbot"" rel=""nofollow"">Tweetbot for iOS</a>","If you could get a penpal who differed from you in one strongly held belief, which issue would you want to talk about?"
"227487412077604864","227485516700999680","7777252","","","2012-07-23 19:36:40 +0000","<a href=""http://tapbots.com/software/tweetbot/mac"" rel=""nofollow"">Tweetbot for Mac</a>","@xenocid Would you believe studies that have confirmed gun control lowers suicide and homicide rates internationally? http://t.co/8qdYfLzw","http://www.unicri.eu/documentation_centre/publications/series/understanding/19_GUN_OWNERSHIP.pdf"
"227482227393564673","","","227481957368463360","14986129","2012-07-23 19:16:04 +0000","<a href=""http://tapbots.com/software/tweetbot/mac"" rel=""nofollow"">Tweetbot for Mac</a>","RT @irondavy: AWESOME question: What are cool, inexpensive home science experiments can I do to blow my son's mind? 8 Answers: http://t. ..."
"227481408522813440","","","227465338340651008","502177948","2012-07-23 19:12:48 +0000","<a href=""http://tapbots.com/software/tweetbot/mac"" rel=""nofollow"">Tweetbot for Mac</a>","RT @BoldAcademy: Fail-proof your habit decisions. A story by #boldacademy mentor @busterbenson http://t.co/3f6hwg8c","http://www.boldacademy.com/fail-proof-your-habit-decisions/"
"227479991347204099","227477359207526400","1118691","","","2012-07-23 19:07:10 +0000","<a href=""http://tapbots.com/software/tweetbot/mac"" rel=""nofollow"">Tweetbot for Mac</a>","@bjfogg Finally, here?s the full story of how my 8:36pm habit got started, and has continued for 4+ years: http://t.co/LuHmv0Jt","http://www.geekwire.com/2012/day-rest-life/"
"227479768830988288","227477359207526400","1118691","","","2012-07-23 19:06:17 +0000","<a href=""http://tapbots.com/software/tweetbot/mac"" rel=""nofollow"">Tweetbot for Mac</a>","@bjfogg Another phone-related habit is to drink 2 glasses of water before looking at my phone in the morning."
"227479529906655232","227477359207526400","1118691","","","2012-07-23 19:05:20 +0000","<a href=""http://tapbots.com/software/tweetbot/mac"" rel=""nofollow"">Tweetbot for Mac</a>","@bjfogg I have a 8:30am alarm to do 33 pushups, a 3pm alarm to stand up &amp; stretch, &amp; an 8:36pm alarm to take a picture. Happy to talk more!"
"227473888697802752","227467371147845633","780991","","","2012-07-23 18:42:55 +0000","<a href=""http://tapbots.com/software/tweetbot/mac"" rel=""nofollow"">Tweetbot for Mac</a>","@amyjokim @bjfogg Same here. I have started and maintained several long-term habits with simple alarms."
"227471348392411137","227470020316372992","7777252","","","2012-07-23 18:32:50 +0000","<a href=""http://tapbots.com/tweetbot"" rel=""nofollow"">Tweetbot for iOS</a>","@xenocid I think crazy people can kill more people with guns than knives. Even more if bombs were legal. Better tools = better results."
"227413230283272192","227343103739187200","7777252","","","2012-07-23 14:41:53 +0000","<a href=""http://itunes.apple.com/us/app/twitter/id409789998?mt=12"" rel=""nofollow"">Twitter for Mac</a>","@xenocid I think it's so that fewer people get killed by them / kill with them."
"227261970942926849","227231423759785984","14095370","","","2012-07-23 04:40:50 +0000","<a href=""http://tapbots.com/tweetbot"" rel=""nofollow"">Tweetbot for iOS</a>","@OffbeatAriel Yeah he?s definitely expanding my understanding of the depth of train videos on YouTube."
"227261338869710849","","","","","2012-07-23 04:38:20 +0000","<a href=""http://tapbots.com/tweetbot"" rel=""nofollow"">Tweetbot for iOS</a>","On team @rickwebb as he talks about guns and drugs today via Tumblr Q&amp;A: http://t.co/gaLUwIgO","http://bit.ly/MieiUE"
"227246302436683777","","","","","2012-07-23 03:38:35 +0000","<a href=""http://flickr.com/services/twitter/"" rel=""nofollow"">Flickr</a>","8:36pm Eating grilled cheese http://t.co/N4H2hHxA","http://flic.kr/p/cBZ8SA"
"227201644675354624","227201406690525184","2185","","","2012-07-23 00:41:07 +0000","<a href=""http://itunes.apple.com/us/app/twitter/id409789998?mt=12"" rel=""nofollow"">Twitter for Mac</a>","@busterbenson Thanks, Niko."
"227201406690525184","","","","","2012-07-23 00:40:11 +0000","<a href=""http://www.apple.com"" rel=""nofollow"">YouTube on iOS</a>","@. @##v kkkiiiuuuuiuhuujhnbbb http://t.co/wbVNtDI2","http://www.youtube.com/watch?v=GcH9ZhZPaJU&feature=youtube_gdata_player"
"227200373088219136","","","","","2012-07-23 00:36:04 +0000","<a href=""http://itunes.apple.com/us/app/twitter/id409789998?mt=12"" rel=""nofollow"">Twitter for Mac</a>","Our ridiculous approach to retirement (I haven't added to my 401K since starting my own businesses): http://t.co/Nldf2jEA /via @noahi","http://www.nytimes.com/2012/07/22/opinion/sunday/our-ridiculous-approach-to-retirement.html"
"227168665332764672","","","","","2012-07-22 22:30:05 +0000","<a href=""http://instagr.am"" rel=""nofollow"">Instagram</a>","After several hours of debate I learn ""No nap!"" only applies to bedroom naps http://t.co/y0MB3Lpv","http://instagr.am/p/NZmE3ko0Ga/"
"226761607068393473","","","","","2012-07-21 19:32:34 +0000","<a href=""http://instagr.am"" rel=""nofollow"">Instagram</a>","Ping pong on our first Saturday Familyday ever!  @ Twilight Exit http://t.co/9l8r2BGF","http://instagr.am/p/NWtCUyI0GE/"
"226728793971240960","226727910801817601","627303","","","2012-07-21 17:22:11 +0000","<a href=""http://tapbots.com/tweetbot"" rel=""nofollow"">Tweetbot for iOS</a>","@kastner They had 128 processors. :)"
"226727026873225216","","","","","2012-07-21 17:15:10 +0000","<a href=""http://foursquare.com"" rel=""nofollow"">foursquare</a>","I just reached Level 7 of the ""Fresh Brew"" badge on @foursquare. I?ve checked in at 30 different coffee shops! http://t.co/6oYGnMhb","http://4sq.com/ONasoP"
"226562923840036864","","","","","2012-07-21 06:23:05 +0000","<a href=""http://flickr.com/services/twitter/"" rel=""nofollow"">Flickr</a>","8:36pm Was watching The Proposal with Loren and Tyler but forgot to take a picture [rerun] http://t.co/WUqWtSg0","http://flic.kr/p/cANfT3"
"226511900014432257","","","","","2012-07-21 03:00:20 +0000","<a href=""http://instagr.am"" rel=""nofollow"">Instagram</a>","I love my team http://t.co/EB47RVb7","http://instagr.am/p/NU7f4no0O3/"
"226509475689930752","","","","","2012-07-21 02:50:42 +0000","<a href=""http://tapbots.com/tweetbot"" rel=""nofollow"">Tweetbot for iOS</a>","Idea: email penpal service that matches you with someone from a demographic that you?re prejudiced against or who is prejudiced against you."
"226416150660145152","","","","","2012-07-20 20:39:51 +0000","<a href=""http://tapbots.com/software/tweetbot/mac"" rel=""nofollow"">Tweetbot for Mac</a>","Modeling the lifespan of the simplest cell takes 128 computers and 10 hours of crunching. How long til we can do it faster than nature?"
"226414231048843264","","","","","2012-07-20 20:32:13 +0000","<a href=""http://tapbots.com/software/tweetbot/mac"" rel=""nofollow"">Tweetbot for Mac</a>","?Running a simulation for a single cell to divide only 1 time takes 10 hours and generates .5GB of data.? - Dr. Covert
http://t.co/MsIKMXyK","http://www.nytimes.com/2012/07/21/science/in-a-first-an-entire-organism-is-simulated-by-software.html"
"226355546486366209","226354070754045952","2182141","","","2012-07-20 16:39:02 +0000","<a href=""http://tapbots.com/software/tweetbot/mac"" rel=""nofollow"">Tweetbot for Mac</a>","@cap @k And also explains why they haven?t gotten it working in iOS 6.0 beta yet. Formatting is broken. I hope they at least fix that."
"226126975742377985","226120895096303616","2854761","","","2012-07-20 01:30:46 +0000","<a href=""http://tapbots.com/tweetbot"" rel=""nofollow"">Tweetbot for iOS</a>","@galenward The universe loves you anyway."
"226126696389165057","","","","","2012-07-20 01:29:40 +0000","<a href=""http://instagr.am"" rel=""nofollow"">Instagram</a>","""Honey bee hat"" http://t.co/a4EpLCWb","http://instagr.am/p/NSMSI8o0PB/"
"226116777610977280","","","","","2012-07-20 00:50:15 +0000","<a href=""http://tapbots.com/software/tweetbot/mac"" rel=""nofollow"">Tweetbot for Mac</a>","Beautiful demonstration of the scale of things in our universe (zoom all the way out first): http://t.co/oLWaVWW0 /via @askotzko","http://htwins.net/scale2/"
"226114036079673344","226103847075074050","22135588","","","2012-07-20 00:39:21 +0000","<a href=""http://tapbots.com/software/tweetbot/mac"" rel=""nofollow"">Tweetbot for Mac</a>","@sarajensen Or your bras are."
"226075672341254146","","","","","2012-07-19 22:06:55 +0000","<a href=""http://tapbots.com/software/tweetbot/mac"" rel=""nofollow"">Tweetbot for Mac</a>","Right on! RT @berkun: How to become creative: the short honest truth http://t.co/KXgubZuI #ideas #creativity","http://wp.me/p4vkk-2wB"
"226046864632471552","226037848111996928","2035631","","","2012-07-19 20:12:26 +0000","<a href=""http://tapbots.com/software/tweetbot/mac"" rel=""nofollow"">Tweetbot for Mac</a>","@ianmcall Great! What time tomorrow can you come by to get it?"
"226026643167272960","","","","","2012-07-19 18:52:05 +0000","<a href=""http://tapbots.com/tweetbot"" rel=""nofollow"">Tweetbot for iOS</a>","Anybody in Seattle want a freestanding pull up bar? It?s free if you can come pick it up in SLU by tomorrow!"
"226015473144328192","","","","","2012-07-19 18:07:42 +0000","<a href=""http://twitter.com/tweetbutton"" rel=""nofollow"">Tweet Button</a>","Flickr responds: ""#dearinternet - thanks! Come make Flickr awesomer."" http://t.co/NbtElVQe (previously: http://t.co/3hdalGYl)","http://www.flickr.com/dearinternet","http://dearmarissamayer.com"
"226007082225266688","226006465507377152","17550502","","","2012-07-19 17:34:22 +0000","<a href=""http://tapbots.com/software/tweetbot/mac"" rel=""nofollow"">Tweetbot for Mac</a>","@trbriones Oh, that?s so awesome. I?m jealous. What can you make with them?"
"225825204516036608","","","","","2012-07-19 05:31:39 +0000","<a href=""http://flickr.com/services/twitter/"" rel=""nofollow"">Flickr</a>","8:36pm Reading Gone Girl http://t.co/fZ98qE3R","http://flic.kr/p/czJSPu"
"225789690475868160","","","","","2012-07-19 03:10:31 +0000","<a href=""http://tapbots.com/tweetbot"" rel=""nofollow"">Tweetbot for iOS</a>","I like this! RT @quantifiedself: Interesting! @measuredme talks about a framework for measuring impact/karma - http://t.co/Nzy4DB6b","http://bit.ly/NQLeSy"
"225771484109488128","225769724397633536","772386","","","2012-07-19 01:58:11 +0000","<a href=""http://tapbots.com/tweetbot"" rel=""nofollow"">Tweetbot for iOS</a>","@WilloToons Bummer, I was just there! Had to leave to catch a flight. Hello!"
"225771243377422336","225768108089040896","19699682","","","2012-07-19 01:57:13 +0000","<a href=""http://tapbots.com/tweetbot"" rel=""nofollow"">Tweetbot for iOS</a>","@helena @mg Tell me about your new shoes! Do they/can they track time standing?"
"225767959187034112","","","","","2012-07-19 01:44:10 +0000","<a href=""http://tapbots.com/tweetbot"" rel=""nofollow"">Tweetbot for iOS</a>","Someone should build a gadget that simply measures time standing up per day. Pressure sensitive Bluetooth socks anyone?"
"225763721438449664","","","","","2012-07-19 01:27:20 +0000","<a href=""http://www.tumblr.com/"" rel=""nofollow"">Tumblr</a>","""Habit is the intersection of knowledge (what to do), skill (how to do), and desire (want to do)."" - Steven... http://t.co/Daw20Y3k","http://tmblr.co/ZQJvayPeUGJp"
"225608333149732864","","","","","2012-07-18 15:09:52 +0000","<a href=""http://tapbots.com/software/tweetbot/mac"" rel=""nofollow"">Tweetbot for Mac</a>","Can?t wait til Niko can play with these RT @timoreilly: Can Littlebits become the Legos of a new era? http://t.co/3Z5ra1NY","http://bit.ly/MkrQ4v"
"225607901669097475","","","","","2012-07-18 15:08:10 +0000","<a href=""http://tapbots.com/software/tweetbot/mac"" rel=""nofollow"">Tweetbot for Mac</a>","Yesterday was the 6-yr bday for my Twitter account and the 6-yr anniversary of going to Rendezvous to see Todd?s band: https://t.co/BLUSTzt7","https://twitter.com/busterbenson/status/11195/"
"225454122491588608","225451252434210816","2374611","","","2012-07-18 04:57:06 +0000","<a href=""http://tapbots.com/tweetbot"" rel=""nofollow"">Tweetbot for iOS</a>","@bigs If it was a look-alike that would be a huge coincidence since I was definitely on that street! Hello!"
"225443168752111618","","","","","2012-07-18 04:13:34 +0000","<a href=""http://flickr.com/services/twitter/"" rel=""nofollow"">Flickr</a>","8:36pm Waiting for the train http://t.co/z6fDk07U","http://flic.kr/p/cz9o9s"
"225402824597581824","225396636870909954","14514761","","","2012-07-18 01:33:15 +0000","<a href=""http://tapbots.com/tweetbot"" rel=""nofollow"">Tweetbot for iOS</a>","@geriayn Thank you! Not sure what?s next exactly but still very interested in the problem."
"225402611531124739","225395045996560384","786818","","","2012-07-18 01:32:25 +0000","<a href=""http://tapbots.com/tweetbot"" rel=""nofollow"">Tweetbot for iOS</a>","@webwright Not enough time on this trip but will be back soon I?m sure."
"225392797606354947","","","","","2012-07-18 00:53:25 +0000","<a href=""http://instagr.am"" rel=""nofollow"">Instagram</a>","Seattle -&gt; San Francisco for a day inspires song  @ Seattle-Tacoma International Airport (SEA) http://t.co/JB7s76Jr","http://instagr.am/p/NM-d-bI0Ai/"
"225315775911690240","225315315716861952","448","","","2012-07-17 19:47:21 +0000","<a href=""http://tapbots.com/software/tweetbot/mac"" rel=""nofollow"">Tweetbot for Mac</a>","@Maggie Thanks, Maggie."
"225257873364615169","225257672621047809","4636","","","2012-07-17 15:57:16 +0000","<a href=""http://tapbots.com/tweetbot"" rel=""nofollow"">Tweetbot for iOS</a>","@RyanLuikens Totally."
"225228369472667648","","","","","2012-07-17 14:00:02 +0000","<a href=""http://www.tumblr.com/"" rel=""nofollow"">Tumblr</a>","Letter to people who've played @healthmonth: http://t.co/8hKmldlH","http://tmblr.co/ZQJvayPXZr12"
"225091746122563585","","","225079323676254209","8917142","2012-07-17 04:57:08 +0000","<a href=""http://tapbots.com/tweetbot"" rel=""nofollow"">Tweetbot for iOS</a>","RT @dakami: ""The real problem of humanity is the following: we have paleolithic emotions; medieval institutions; and god-like technology ..."
"225090888207052801","225081917735837696","22483","","","2012-07-17 04:53:44 +0000","<a href=""http://tapbots.com/tweetbot"" rel=""nofollow"">Tweetbot for iOS</a>","@pinwheel Why didn?t you like her? I thought everyone liked her."
"225074010164178944","225071391706333188","10959642","","","2012-07-17 03:46:40 +0000","web","@tara Woah."
"225073545217196032","","","","","2012-07-17 03:44:49 +0000","<a href=""http://flickr.com/services/twitter/"" rel=""nofollow"">Flickr</a>","8:36pm Considering dinner http://t.co/PczCMMvi","http://flic.kr/p/cyvN8m"
"225062647220023296","","","","","2012-07-17 03:01:31 +0000","<a href=""http://tapbots.com/tweetbot"" rel=""nofollow"">Tweetbot for iOS</a>","I love his books. #obitoftheday RT @NYTObits: Donald J. Sobol, Creator of Encyclopedia Brown, Dies at 87 http://t.co/fS2UdAgS","http://bit.ly/Q0P2GW"
"225051836015575041","225050173439623169","1118691","","","2012-07-17 02:18:33 +0000","<a href=""http://tapbots.com/tweetbot"" rel=""nofollow"">Tweetbot for iOS</a>","@bjfogg AA by far, it seems to me."
"225051568439963650","","","","","2012-07-17 02:17:29 +0000","<a href=""http://tapbots.com/tweetbot"" rel=""nofollow"">Tweetbot for iOS</a>","I?m suddenly rooting for Yahoo. Let?s go! RT @Techmeme: Marc Andreessen Tells Us What He Thinks Of New Yahoo CEO http://t.co/45KzL8Rc","http://bit.ly/MC66xI"
"225024659052171264","","","","","2012-07-17 00:30:34 +0000","<a href=""http://tapbots.com/software/tweetbot/mac"" rel=""nofollow"">Tweetbot for Mac</a>","Friends who write: apply! RT @dcurtis: About to invite a few people to Svbtle. If you want to apply, now is the time: https://t.co/TvjctWXl","https://svbtle.com/apply"
"225017903752290304","","","","","2012-07-17 00:03:43 +0000","<a href=""http://tapbots.com/software/tweetbot/mac"" rel=""nofollow"">Tweetbot for Mac</a>","http://t.co/JOgTdjt5 (@eveninged) is brilliant. Nice work, @muledesign!","http://evening-edition.com"
"224996687146520576","224965776438853632","6726182","","","2012-07-16 22:39:25 +0000","<a href=""http://tapbots.com/software/tweetbot/mac"" rel=""nofollow"">Tweetbot for Mac</a>","@TheCulprit Thanks, Scott!  And thanks for being a big part of what made it all meaningful."
"224964228006686722","224963089060200448","780991","","","2012-07-16 20:30:26 +0000","<a href=""http://tapbots.com/software/tweetbot/mac"" rel=""nofollow"">Tweetbot for Mac</a>","@amyjokim I?m writing something up about training yourself to be triggerable. I think it?s a major reason for habit failure."
"224963611896983553","","","219483668807299072","17503180","2012-07-16 20:27:59 +0000","<a href=""http://tapbots.com/software/tweetbot/mac"" rel=""nofollow"">Tweetbot for Mac</a>","RT @marissamayer: Finally breaking in to Breaking Bad after tons of recommendations.  Am going to try to watch just one episode a day.   ..."
"224963473262657536","224963089060200448","780991","","","2012-07-16 20:27:26 +0000","<a href=""http://tapbots.com/software/tweetbot/mac"" rel=""nofollow"">Tweetbot for Mac</a>","@amyjokim I use alarms to remember things that happen daily and weekly. Then, force myself to hit snooze until I actually do them."
"224961596366143488","","","224959440087031809","761628","2012-07-16 20:19:58 +0000","<a href=""http://tapbots.com/software/tweetbot/mac"" rel=""nofollow"">Tweetbot for Mac</a>","RT @RickWebb: Marissa Mayhem!! Somebody invent a cocktail! A dance move! A salute! SO EXCITING."
"224961528108023809","224959783847985152","780991","","","2012-07-16 20:19:42 +0000","<a href=""http://tapbots.com/software/tweetbot/mac"" rel=""nofollow"">Tweetbot for Mac</a>","@amyjokim How about the alarm clock app?  :)"
"224952239360450561","224951356128108544","7362142","","","2012-07-16 19:42:48 +0000","<a href=""http://tapbots.com/software/tweetbot/mac"" rel=""nofollow"">Tweetbot for Mac</a>","@kellianne Congrats, you?re from Bangladesh! http://t.co/eQiT8HE2","http://twitter.com/busterbenson/status/224952239360450561/photo/1"
"224951149848035328","224950956977160194","7362142","","","2012-07-16 19:38:28 +0000","<a href=""http://tapbots.com/software/tweetbot/mac"" rel=""nofollow"">Tweetbot for Mac</a>","@kellianne Want me to fill it in for you and send you the results?"
"224949260578328576","224949108522221568","95100239","","","2012-07-16 19:30:57 +0000","<a href=""http://tapbots.com/software/tweetbot/mac"" rel=""nofollow"">Tweetbot for Mac</a>","@NickAnderegg We ran out of money."
"224948850513813505","224947347199754240","17490227","","","2012-07-16 19:29:19 +0000","<a href=""http://tapbots.com/software/tweetbot/mac"" rel=""nofollow"">Tweetbot for Mac</a>","@maxdaniels Thank YOU for helping make the community there awesome. Definitely its greatest strength."
"224948748093104128","224940814210572289","95100239","","","2012-07-16 19:28:55 +0000","<a href=""http://tapbots.com/software/tweetbot/mac"" rel=""nofollow"">Tweetbot for Mac</a>","@NickAnderegg For now, just getting my life in order and starting to think about options."
"224945429505261569","","","","","2012-07-16 19:15:44 +0000","web","The #BBCNews body fat calculator says I'm most like someone from Malaysia (&amp; slimmer than 87% of US males my age) http://t.co/0pChHXj4","http://www.bbc.co.uk/news/health-18770328"
"224915814032216065","224911243029389312","14749562","","","2012-07-16 17:18:03 +0000","<a href=""http://tapbots.com/tweetbot"" rel=""nofollow"">Tweetbot for iOS</a>","@PhilipSkillern On the first day."
"224915646796922880","224915073624317953","23123041","","","2012-07-16 17:17:23 +0000","<a href=""http://tapbots.com/tweetbot"" rel=""nofollow"">Tweetbot for iOS</a>","@amelapay Ha, yes true! I hope I don?t lose everyone!"
"224914634640068612","","","","","2012-07-16 17:13:22 +0000","<a href=""http://itunes.apple.com/us/app/twitter/id409789998?mt=12"" rel=""nofollow"">Twitter for Mac</a>","Testing a @bestofbuster twitter account, which only has the tweets that someone likes. Thanks @yo_stellar for making it easy. Unfollow me!"
"224902248583544832","","180817904","","","2012-07-16 16:24:09 +0000","<a href=""http://itunes.apple.com/us/app/twitter/id409789998?mt=12"" rel=""nofollow"">Twitter for Mac</a>","@yo_stellar I want to use Stellar to create a ""best of"" feed for myself, but the feed doesn't consistently include tweet id. Pretty please?"
"224740419941040130","224555465458192384","5469512","","","2012-07-16 05:41:06 +0000","<a href=""http://tapbots.com/software/tweetbot/mac"" rel=""nofollow"">Tweetbot for Mac</a>","@micah Thanks, Micah. Didn?t realize til after choosing the new blog name that we?re both duck-related! Quack."
"224739921515118592","224739491234070529","1186","","","2012-07-16 05:39:07 +0000","<a href=""http://tapbots.com/software/tweetbot/mac"" rel=""nofollow"">Tweetbot for Mac</a>","@chrismessina Thanks. I?ve got to get my house in order a bit, but hope to be back in the game shortly."
"224737414550265856","224736613790523392","1186","","","2012-07-16 05:29:09 +0000","<a href=""http://tapbots.com/software/tweetbot/mac"" rel=""nofollow"">Tweetbot for Mac</a>","@chrismessina I think the new owners will do good things with it."
"224711893632290818","","","","","2012-07-16 03:47:45 +0000","<a href=""http://instagr.am"" rel=""nofollow"">Instagram</a>","8:36pm ""Dada bye bye. Mama home. Nurse. No nap!"" http://t.co/6yYWIyWF","http://instagr.am/p/NIIS8uI0I2/"
"224652750951153664","224651121841541121","4558","","","2012-07-15 23:52:44 +0000","<a href=""http://tapbots.com/software/tweetbot/mac"" rel=""nofollow"">Tweetbot for Mac</a>","@harryh Ooh, I need a new bag to carry my laptop too? I?ll keep an eye on your replies."
"224649378491678722","224643583779684353","30495974","","","2012-07-15 23:39:20 +0000","<a href=""http://tapbots.com/software/tweetbot/mac"" rel=""nofollow"">Tweetbot for Mac</a>","@berkun Once I get my life in order a bit, I think that might be a great idea. Would you be in?"
"224640548991008770","","","","","2012-07-15 23:04:15 +0000","<a href=""http://tapbots.com/software/tweetbot/mac"" rel=""nofollow"">Tweetbot for Mac</a>","A cool idea from @sarahkpeck: a walk + talk meetup group: http://t.co/tNEm1ovR","http://itstartswith.com/movement/walk-talk/"
"224613814526685184","","","","","2012-07-15 21:18:01 +0000","<a href=""http://tapbots.com/tweetbot"" rel=""nofollow"">Tweetbot for iOS</a>","There?s something awesome here RT @GOOD: How $5 changed the way I read the internet http://t.co/rRoKNqvj","http://bit.ly/NtCvLo"
"224348498798190592","","","","","2012-07-15 03:43:44 +0000","<a href=""http://instagr.am"" rel=""nofollow"">Instagram</a>","8:36pm Best dressed!  @ The Corson Building http://t.co/BAr1wBfp","http://instagr.am/p/NFjpjZI0Il/"
"224322471338319872","","","","","2012-07-15 02:00:19 +0000","<a href=""http://instagr.am"" rel=""nofollow"">Instagram</a>","Bounce cup  @ The Corson Building http://t.co/44nK4OrM","http://instagr.am/p/NFX1_2o0O5/"
"224294586456096772","","","","","2012-07-15 00:09:31 +0000","<a href=""http://foursquare.com"" rel=""nofollow"">foursquare</a>","Happy Bastille Day F?te! (@ The Corson Building w/ @samantham @andypixel @ingopixel) http://t.co/FuWMrbo0","http://4sq.com/Mqbs4o"
"224284429235929089","224284094274600962","220226736","","","2012-07-14 23:29:09 +0000","<a href=""http://tapbots.com/software/tweetbot/mac"" rel=""nofollow"">Tweetbot for Mac</a>","@digitalmiss You definitely have a point. It?s not all unidirectional, but more of a positive feedback loop for the experience as a whole."
"224284162004234240","224283680871428096","93478440","","","2012-07-14 23:28:05 +0000","<a href=""http://tapbots.com/software/tweetbot/mac"" rel=""nofollow"">Tweetbot for Mac</a>","@brianmwang I think that implies good things for your future. :)"
"224283922622713857","224283583609712640","220226736","","","2012-07-14 23:27:08 +0000","<a href=""http://tapbots.com/software/tweetbot/mac"" rel=""nofollow"">Tweetbot for Mac</a>","@digitalmiss Hm? possible, though arguable it?s also easiest to follow crushes on Twitter."
"224283540026699777","224283434669981696","220226736","","","2012-07-14 23:25:37 +0000","<a href=""http://tapbots.com/software/tweetbot/mac"" rel=""nofollow"">Tweetbot for Mac</a>","@digitalmiss What do you mean?"
"224283247490777090","","","","","2012-07-14 23:24:27 +0000","<a href=""http://tapbots.com/software/tweetbot/mac"" rel=""nofollow"">Tweetbot for Mac</a>","RT @paulmwatson: @busterbenson Twitter and Twitter."
"224282633872474113","","","","","2012-07-14 23:22:01 +0000","<a href=""http://tapbots.com/software/tweetbot/mac"" rel=""nofollow"">Tweetbot for Mac</a>","Where do you have the most crushes: Twitter, Facebook, Path, Instagram, or Foursquare? Unrelated: which app do you like most?"
"224280847518400513","224280266003316736","113988145","","","2012-07-14 23:14:55 +0000","<a href=""http://tapbots.com/software/tweetbot/mac"" rel=""nofollow"">Tweetbot for Mac</a>","@jchenry Not with @path. They?re much more interesting on Twitter or Instagram."
"224280697718849536","","","","","2012-07-14 23:14:19 +0000","<a href=""http://tapbots.com/software/tweetbot/mac"" rel=""nofollow"">Tweetbot for Mac</a>","Theory: in order to actually like any new app or social network you need to have a crush or two in there."
"224279968643952642","224279604817428480","113988145","","","2012-07-14 23:11:26 +0000","<a href=""http://tapbots.com/software/tweetbot/mac"" rel=""nofollow"">Tweetbot for Mac</a>","@jchenry I do like the people in my network, though. I?ve pruned it a couple times."
"224279412676366337","224279099689025536","113988145","","","2012-07-14 23:09:13 +0000","<a href=""http://tapbots.com/software/tweetbot/mac"" rel=""nofollow"">Tweetbot for Mac</a>","@jchenry It is difficult to scan and relatively low levels of ?interesting? stuff per page of scrolling."
"224279021402324993","224278800744194048","16366882","","","2012-07-14 23:07:40 +0000","<a href=""http://tapbots.com/software/tweetbot/mac"" rel=""nofollow"">Tweetbot for Mac</a>","@octavekitten Yeah, that was a big fumble for sure. I?d forgive them if I just liked the app, though. :)"
"224278904565809152","224278616945594368","2543461","","","2012-07-14 23:07:12 +0000","<a href=""http://tapbots.com/software/tweetbot/mac"" rel=""nofollow"">Tweetbot for Mac</a>","@austingovella I?ve looked at it consistently since launch, each time hoping for some kind of reason to come back."
"224278384400797696","224278204775538688","16366882","","","2012-07-14 23:05:08 +0000","<a href=""http://tapbots.com/software/tweetbot/mac"" rel=""nofollow"">Tweetbot for Mac</a>","@octavekitten I think it?s done ?well? in the sense of quality work, but it just doesn?t resonate with my actual life at all."
"224278089352486913","","","","","2012-07-14 23:03:58 +0000","<a href=""http://tapbots.com/software/tweetbot/mac"" rel=""nofollow"">Tweetbot for Mac</a>","I wish I liked @path."
"224269604585881600","","34383091","","","2012-07-14 22:30:15 +0000","<a href=""http://tapbots.com/software/tweetbot/mac"" rel=""nofollow"">Tweetbot for Mac</a>","@cjlikearockstar this is for you. RT @hipsterrunoff: #FROYOLO: u only pick ur toppings once."
"224205283243720705","","","","","2012-07-14 18:14:39 +0000","<a href=""http://foursquare.com"" rel=""nofollow"">foursquare</a>","Working before heading to Bastille Day party at the Corson Building later. (@ Caff? Vita w/ @andypixel) http://t.co/4VgQvzLS","http://4sq.com/LY09vG"
"224204993048223744","","","","","2012-07-14 18:13:30 +0000","<a href=""http://tapbots.com/software/tweetbot/mac"" rel=""nofollow"">Tweetbot for Mac</a>","Scala is pretty neat."
"224170716671643649","224155542808047616","1239971","","","2012-07-14 15:57:18 +0000","<a href=""http://tapbots.com/tweetbot"" rel=""nofollow"">Tweetbot for iOS</a>","@BillSeitz Yes! That?s my plan on http://t.co/aJpKFA6k once I get my life in order a bit.","http://bit.ly/M92VRg"
"224004340753498112","","","","","2012-07-14 04:56:11 +0000","<a href=""http://tapbots.com/software/tweetbot/mac"" rel=""nofollow"">Tweetbot for Mac</a>","The hungrier I get, the more I want a hamburger. But the later it gets, the more I want a hotdog. This will get interesting."
"223984716192296961","","","","","2012-07-14 03:38:12 +0000","<a href=""http://flickr.com/services/twitter/"" rel=""nofollow"">Flickr</a>","8:36pm Studying under fluorescent lights http://t.co/HHdakZed","http://flic.kr/p/cwyLW3"
"223960266965135360","","104558396","","","2012-07-14 02:01:03 +0000","<a href=""http://twitter.com/tweetbutton"" rel=""nofollow"">Tweet Button</a>","@AppDotNet I'm joining the movement and backing http://t.co/AE3mquHi. Sign up here: http://t.co/J1nqe302 #joinus","http://App.net","http://join.app.net/ngdpqvnk"
"223946656134070273","","","223943440138911744","418","2012-07-14 01:06:58 +0000","<a href=""http://tapbots.com/software/tweetbot/mac"" rel=""nofollow"">Tweetbot for Mac</a>","RT @dens: Great car game: 2 people each throw out a word, the words form a company name, third person has to pitch a fictional startup b ..."
"223900426750279681","223894913497051136","123116307","","","2012-07-13 22:03:16 +0000","<a href=""http://tapbots.com/software/tweetbot/mac"" rel=""nofollow"">Tweetbot for Mac</a>","@LilHossler That?s one of the strangest questions I?ve ever heard! How did you answer?"
"223898732431810560","223898479322337280","20404593","","","2012-07-13 21:56:32 +0000","<a href=""http://tapbots.com/software/tweetbot/mac"" rel=""nofollow"">Tweetbot for Mac</a>","@Alan_Au Is it important to do in PERL versus other languages?"
"223894142231650305","","","","","2012-07-13 21:38:17 +0000","<a href=""http://tapbots.com/software/tweetbot/mac"" rel=""nofollow"">Tweetbot for Mac</a>","What are the best technical interview questions you?ve ever asked or been asked?"
"223885829922242561","223885457270902785","15856582","","","2012-07-13 21:05:16 +0000","<a href=""http://tapbots.com/software/tweetbot/mac"" rel=""nofollow"">Tweetbot for Mac</a>","@mmcgovern I?m happy to hear that you made it! Email me at busterbenson@gmail.com? I?d love to hear more."
"223885533691125760","223884995389952001","15856582","","","2012-07-13 21:04:05 +0000","<a href=""http://tapbots.com/software/tweetbot/mac"" rel=""nofollow"">Tweetbot for Mac</a>","@mmcgovern I have a rather crazy belief that we can?t change what we do without changing who we are. I should probably write it up."
"223872553905684480","223856547636326403","15856582","","","2012-07-13 20:12:30 +0000","<a href=""http://tapbots.com/software/tweetbot/mac"" rel=""nofollow"">Tweetbot for Mac</a>","@mmcgovern In my mind, they?re the same, but I?d love to hear your thoughts."
"223800612595306497","223800435176243201","9609062","","","2012-07-13 15:26:38 +0000","<a href=""http://itunes.apple.com/us/app/twitter/id409789998?mt=12"" rel=""nofollow"">Twitter for Mac</a>","@aarondcoleman They got rid of the glass in front of the screen. Glare is said to be down 70% but I haven't tested it yet."
"223800068430499841","223799825123127296","9609062","","","2012-07-13 15:24:28 +0000","<a href=""http://itunes.apple.com/us/app/twitter/id409789998?mt=12"" rel=""nofollow"">Twitter for Mac</a>","@aarondcoleman The glossy is WAY better than before."
"223638994758541312","223638682685550592","259","","","2012-07-13 04:44:26 +0000","<a href=""http://tapbots.com/tweetbot"" rel=""nofollow"">Tweetbot for iOS</a>","@ian It?s the fonts that really bug me. I assume they?ll fix it soon and then I?ll switch back."
"223638192736317441","223629802966487040","123116307","","","2012-07-13 04:41:14 +0000","<a href=""http://tapbots.com/tweetbot"" rel=""nofollow"">Tweetbot for iOS</a>","@LilHossler 2.6. But I thought the choice was between 2.6 and 2.7?"
"223638003011170305","","","","","2012-07-13 04:40:29 +0000","<a href=""http://tapbots.com/tweetbot"" rel=""nofollow"">Tweetbot for iOS</a>","Wow Chrome really looks terrible on the new Retina display."
"223629289634021377","","","","","2012-07-13 04:05:52 +0000","<a href=""http://tapbots.com/tweetbot"" rel=""nofollow"">Tweetbot for iOS</a>","I?ve decided not to import all the crap from my previous MacBook onto this new one. Using Dropbox instead. And being picky about apps."
"223628966521614336","","","","","2012-07-13 04:04:35 +0000","<a href=""http://flickr.com/services/twitter/"" rel=""nofollow"">Flickr</a>","8:36pm Got my new retina MacBook Pro! http://t.co/0f5bzS7n","http://flic.kr/p/cw3oZG"
"223499830117408770","","","223496106020052992","7943892","2012-07-12 19:31:26 +0000","<a href=""http://tapbots.com/tweetbot"" rel=""nofollow"">Tweetbot for iOS</a>","RT @ingopixel: Required reading for any person who ever said a thing to make another person laugh. So. Everyone. http://t.co/qhtSmkhw","http://jezebel.com/5925186/how-to-make-a-rape-joke"
"223451435843600385","223448460119113728","21135674","","","2012-07-12 16:19:08 +0000","<a href=""http://tapbots.com/tweetbot"" rel=""nofollow"">Tweetbot for iOS</a>","@e_ramirez Thank you, Ernesto."
"223451251776569344","","","","","2012-07-12 16:18:24 +0000","<a href=""http://tapbots.com/tweetbot"" rel=""nofollow"">Tweetbot for iOS</a>","First post on my new ducky http://t.co/brUHcFST blog: http://t.co/fPwSrzvF","http://bit.ly/KUfWO0","http://bit.ly/Nk3vfg"
"223433247705665536","223431340832464896","236176051","","","2012-07-12 15:06:52 +0000","<a href=""http://tapbots.com/tweetbot"" rel=""nofollow"">Tweetbot for iOS</a>","@angelwingsweb No that?s not my domain but if you search Google for pocket mod you?ll probably find the right instructions."
"223427076877856768","","","","","2012-07-12 14:42:20 +0000","<a href=""http://tapbots.com/tweetbot"" rel=""nofollow"">Tweetbot for iOS</a>","Awesome news! RT @twilio: SMS Everywhere: Twilio Now Enables Messaging to over 150 Countries Worldwide http://t.co/Ue9rRB1U","http://bit.ly/OA3wsh"
"223426183797288961","","","223418357381210112","14620544","2012-07-12 14:38:47 +0000","<a href=""http://tapbots.com/tweetbot"" rel=""nofollow"">Tweetbot for iOS</a>","RT @iftf: Think GPS is cool? IPS will blow your mind - http://t.co/LZ4cBypL #InternetHuman","http://www.extremetech.com/extreme/126843-think-gps-is-cool-ips-will-blow-your-mind"
"223301963956236288","223301158704394240","19888257","","","2012-07-12 06:25:11 +0000","<a href=""http://itunes.apple.com/us/app/twitter/id409789998?mt=12"" rel=""nofollow"">Twitter for Mac</a>","@ashbhoopathy Thank you! Yeah, it's a bummer but is part of the deal that I signed up for. And yeah, Svbtle is pretty cool."
"223300705597931520","223300545300008961","11604","","","2012-07-12 06:20:11 +0000","<a href=""http://itunes.apple.com/us/app/twitter/id409789998?mt=12"" rel=""nofollow"">Twitter for Mac</a>","@torrez You pick your logo from http://t.co/nS6REHi7 and your color from http://t.co/J4zurvyC. Pretty clever way to do it!","http://thenounproject.com","http://colourlovers.com"
"223299537589116929","","","","","2012-07-12 06:15:33 +0000","<a href=""http://itunes.apple.com/us/app/twitter/id409789998?mt=12"" rel=""nofollow"">Twitter for Mac</a>","Look! My new http://t.co/SpjyBjZP blog: http://t.co/bBJaraQw","http://svbtle.com","http://wayoftheduck.com"
"223276596952436736","","","","","2012-07-12 04:44:23 +0000","<a href=""http://tapbots.com/tweetbot"" rel=""nofollow"">Tweetbot for iOS</a>","Stoked to have an invite to http://t.co/brUHcFST.","http://bit.ly/KUfWO0"
"223264566912614400","","","223256732447678465","579299426","2012-07-12 03:56:35 +0000","<a href=""http://tapbots.com/tweetbot"" rel=""nofollow"">Tweetbot for iOS</a>","RT @stevenstrogatz: Here are two words with all the vowels in order: Facetiously &amp; Abstemiously. Any others?"
"223261132511645696","","","","","2012-07-12 03:42:56 +0000","<a href=""http://flickr.com/services/twitter/"" rel=""nofollow"">Flickr</a>","8:36pm Just Eatery'd this in the backyard http://t.co/fjEmz47k","http://flic.kr/p/cvvnh5"
"223241943788949504","","","","","2012-07-12 02:26:41 +0000","web","Niko's version of ""If you're happy and you know it"": http://t.co/oLKXAQDp","http://www.youtube.com/watch?v=nuuyx0fpGt8"
"222897601220050946","","","","","2012-07-11 03:38:24 +0000","<a href=""http://flickr.com/services/twitter/"" rel=""nofollow"">Flickr</a>","8:36pm Cracking up at Patrick's in-between reader banter at Salon of Shame http://t.co/jyBoZnp0","http://flic.kr/p/cuWAhf"
"222888851054665729","","","","","2012-07-11 03:03:37 +0000","<a href=""http://foursquare.com"" rel=""nofollow"">foursquare</a>","Salon of Shame! (@ Theatre Off Jackson w/ 9 others) http://t.co/eRR23DEl","http://4sq.com/NkE8su"
"222879961193783296","222787780730822656","35141809","","","2012-07-11 02:28:18 +0000","<a href=""http://twitter.com/download/iphone"" rel=""nofollow"">Twitter for iPhone</a>","@JimmyJameson @cjlikearockstar I think I can commit to that! Need to double check."
"222715440185618432","","","","","2012-07-10 15:34:33 +0000","<a href=""http://itunes.apple.com/us/app/twitter/id409789998?mt=12"" rel=""nofollow"">Twitter for Mac</a>","Ooh? my MacBook Pro w/ Retina is finally preparing for shipment!"
"222576964656046081","222575870005612545","115230056","","","2012-07-10 06:24:18 +0000","<a href=""http://itunes.apple.com/us/app/twitter/id409789998?mt=12"" rel=""nofollow"">Twitter for Mac</a>","@newobject Healio."
"222548160831176704","222546790082285568","18297300","","","2012-07-10 04:29:50 +0000","<a href=""http://tapbots.com/tweetbot"" rel=""nofollow"">Tweetbot for iOS</a>","@tylepard @girlonfoot It was Healio?s tahini veggie bowl that made me feel sick?"
"222547278697738240","222546790082285568","18297300","","","2012-07-10 04:26:20 +0000","<a href=""http://tapbots.com/tweetbot"" rel=""nofollow"">Tweetbot for iOS</a>","@tylepard @girlonfoot I?m very serious!"
"222540637793288192","","","","","2012-07-10 03:59:57 +0000","<a href=""http://flickr.com/services/twitter/"" rel=""nofollow"">Flickr</a>","8:36pm Tried a new vegan restaurant and now feel nauseous http://t.co/mWIR8SuZ","http://flic.kr/p/cukHzy"
"222540141993000961","","","","","2012-07-10 03:57:59 +0000","<a href=""http://tapbots.com/tweetbot"" rel=""nofollow"">Tweetbot for iOS</a>","What?s a good relaxing iPhone game I should get?"
"222469690348404737","","","222467893827338240","219952089","2012-07-09 23:18:02 +0000","<a href=""http://itunes.apple.com/us/app/twitter/id409789998?mt=12"" rel=""nofollow"">Twitter for Mac</a>","RT @waxylinks: Rabble digs into the history of the @reply on Twitter: using Kellan's oldtweets, a searchable archive of Twitter... http: ..."
"222360574397394944","","","","","2012-07-09 16:04:26 +0000","<a href=""http://tapbots.com/tweetbot"" rel=""nofollow"">Tweetbot for iOS</a>","Pretty high apparently RT @micah: What?s the probability we live in the Matrix now? http://t.co/UUlGQL7G","http://bit.ly/ROtZGd"
"222197724907450369","222197390365573120","1054551","","","2012-07-09 05:17:20 +0000","<a href=""http://tapbots.com/tweetbot"" rel=""nofollow"">Tweetbot for iOS</a>","@tikkers Yeah haven?t gotten to that section yet. :)"
"222195390202646528","","","","","2012-07-09 05:08:03 +0000","<a href=""http://itunes.apple.com/us/app/twitter/id409789998?mt=12"" rel=""nofollow"">Twitter for Mac</a>","Ducks bear no grudges."
"222193133327368192","222193011558318080","108109409","","","2012-07-09 04:59:05 +0000","<a href=""http://itunes.apple.com/us/app/twitter/id409789998?mt=12"" rel=""nofollow"">Twitter for Mac</a>","@kev_mcg You're welcome!"
"222191888776708096","","","","","2012-07-09 04:54:09 +0000","<a href=""http://itunes.apple.com/us/app/twitter/id409789998?mt=12"" rel=""nofollow"">Twitter for Mac</a>","""The desire for security and the feeling of insecurity are the same thing. To hold your breath is to lose your breath."" http://t.co/zYbfN0wJ","http://bustr.me/post/26813501615/what-were-really-doing-when-we-attempt-to-achieve"
"222173274564599808","","","","","2012-07-09 03:40:11 +0000","<a href=""http://flickr.com/services/twitter/"" rel=""nofollow"">Flickr</a>","8:36pm Reading while Niko learns to float in the bathtub http://t.co/k7oX0lLM","http://flic.kr/p/ctDTpC"
"222153199010848768","","","","","2012-07-09 02:20:24 +0000","<a href=""http://tapbots.com/tweetbot"" rel=""nofollow"">Tweetbot for iOS</a>","?The more you try to avoid suffering, the more you suffer, because more insignificant things begin to torture you.? - The Antidote pg 135"
"222141808052944896","","","","","2012-07-09 01:35:08 +0000","<a href=""http://itunes.apple.com/us/app/twitter/id409789998?mt=12"" rel=""nofollow"">Twitter for Mac</a>","I'm not positive that these are my oldest tweets, but they're at least grandpa age in Internet Years: http://t.co/4FzM10Cu /thx @kellan","http://kellan.io/oldtweets?q=userid%3Abusterbenson&search=Search"
"222130311193047040","222128188619366400","34383091","","","2012-07-09 00:49:27 +0000","<a href=""http://tapbots.com/tweetbot"" rel=""nofollow"">Tweetbot for iOS</a>","@cjlikearockstar Yeah cheese and ice cream have been making me ignore the obvious for years."
"222127732618821632","","","","","2012-07-09 00:39:13 +0000","<a href=""http://tapbots.com/tweetbot"" rel=""nofollow"">Tweetbot for iOS</a>","I?m pretty much over dairy. RT @tara: ?Got Milk? You Don?t Need It? FYI: 50M people in the US are lactose intolerant. http://t.co/DT5cAmEX","http://nyti.ms/RJhHim"
"222119140809379840","","","","","2012-07-09 00:05:04 +0000","<a href=""http://tapbots.com/tweetbot"" rel=""nofollow"">Tweetbot for iOS</a>","#obitoftheday RT @NYTObits: Daphne Zepos, Cheese Expert, Dies at 52 http://t.co/ejMPer17","http://bit.ly/LXnIHe"
"222109152086994944","","","","","2012-07-08 23:25:23 +0000","<a href=""http://foursquare.com"" rel=""nofollow"">foursquare</a>","Choospotting a day early because he couldn't wait. (@ Old Spaghetti Factory) http://t.co/LMxlI78M","http://4sq.com/N9Trmc"
"222080321099808770","222078651074744320","35141809","","","2012-07-08 21:30:49 +0000","<a href=""http://itunes.apple.com/us/app/twitter/id409789998?mt=12"" rel=""nofollow"">Twitter for Mac</a>","@JimmyJameson @cjlikearockstar I've been busy this last couple weeks too but that should be clearing up soon! Let's hang out!"
"222062511195832320","","","","","2012-07-08 20:20:03 +0000","<a href=""http://tapbots.com/tweetbot"" rel=""nofollow"">Tweetbot for iOS</a>","I?m getting back into using @massivehealth?s Eatery app? it?s pretty great. Anyone else using it?"
"222029358729150465","","","","","2012-07-08 18:08:18 +0000","<a href=""http://itunes.apple.com/us/app/twitter/id409789998?mt=12"" rel=""nofollow"">Twitter for Mac</a>","""Most of the time I think of myself as a failure. When I'm optimistic I think I'm just a late bloomer"" http://t.co/7m48TTyY /by @davemcclure","http://500hats.com/late-bloomer"
"222029187614121985","222025524430635008","1017201","","","2012-07-08 18:07:38 +0000","<a href=""http://itunes.apple.com/us/app/twitter/id409789998?mt=12"" rel=""nofollow"">Twitter for Mac</a>","@AllTom Oops, wrong url: http://t.co/7m48TTyY :)","http://500hats.com/late-bloomer"
"221811081646055425","","","","","2012-07-08 03:40:57 +0000","<a href=""http://flickr.com/services/twitter/"" rel=""nofollow"">Flickr</a>","8:36pm Looking out from bathtime http://t.co/8DL9oDi5","http://flic.kr/p/csWfJo"
"221795017335902209","","","","","2012-07-08 02:37:07 +0000","<a href=""http://instagr.am"" rel=""nofollow"">Instagram</a>","Eating the bird http://t.co/Bvs1LcUy","http://instagr.am/p/MzaaMTI0AD/"
"221792376883134464","","","","","2012-07-08 02:26:38 +0000","<a href=""http://instagr.am"" rel=""nofollow"">Instagram</a>","Jungle park baby badminton   @ Cal Anderson Park http://t.co/d09xYyDd","http://instagr.am/p/MzZQ4lI0PI/"
"221702368952188928","","","221266483756531715","14326765","2012-07-07 20:28:58 +0000","web","RT @johnhcook: Report: Yep, Amazon is making its own smartphone: http://t.co/9VKYs6SD","http://www.geekwire.com/2012/report-yep-amazon-making-smartphone/"
"221698629495304193","","","221693396241219584","12514","2012-07-07 20:14:06 +0000","<a href=""http://tapbots.com/tweetbot"" rel=""nofollow"">Tweetbot for iOS</a>","RT @tomcoates: Apparently dolphins might communicate by sending echo-location like noise pictures of objects to each other. Which is awe ..."
"221696417465499648","","","","","2012-07-07 20:05:19 +0000","<a href=""http://tapbots.com/tweetbot"" rel=""nofollow"">Tweetbot for iOS</a>","This is big! RT @robinsloan: Perfect use for Twitter's new search: find out what your peeps think about a new movie. http://t.co/9ubP871b","http://bit.ly/L0yNTP"
"221670794298785793","","","","","2012-07-07 18:23:30 +0000","<a href=""http://twitter.com/tweetbutton"" rel=""nofollow"">Tweet Button</a>","Look! @dianakimball is reading the entirety of ""The Information"" by James Gleick in 1 day and live-tweeting it: http://t.co/lmpZ54HC","http://blog.dianakimball.com/post/26707936522"
"221666340820357121","221658202419363841","14471007","","","2012-07-07 18:05:48 +0000","web","@dianakimball I totally love that you're doing this! I wish there was a RunKeeper-like app that let us follow your reading in real time."
"221666024137818113","221635991407042560","14471007","","","2012-07-07 18:04:33 +0000","web","@dianakimball I read G?del, Escher, Bach years ago but it is still one of my favorites ever."
"221644488274219008","","","","","2012-07-07 16:38:58 +0000","<a href=""http://itunes.apple.com/us/app/twitter/id409789998?mt=12"" rel=""nofollow"">Twitter for Mac</a>","Playing with the feeling of ""feeling like it"" (or not) http://t.co/HfViHYMM","http://bustr.me/post/26703115535/the-feeling-of-feeling-like-it-or-not"
"221636007987122177","221635711344967680","14210174","","","2012-07-07 16:05:16 +0000","<a href=""http://itunes.apple.com/us/app/twitter/id409789998?mt=12"" rel=""nofollow"">Twitter for Mac</a>","@FailedImitator There isn't, yet, primarily for that reason. Typing 750 words is going to be tedious on a phone?"
"221471691560321024","","","","","2012-07-07 05:12:20 +0000","<a href=""http://flickr.com/services/twitter/"" rel=""nofollow"">Flickr</a>","8:36pm Being boring and tired http://t.co/GE3PtvM9","http://flic.kr/p/cspero"
"221426583280435201","","","","","2012-07-07 02:13:06 +0000","<a href=""http://tapbots.com/tweetbot"" rel=""nofollow"">Tweetbot for iOS</a>","It cracks me up how many disclaimers and follow-ups Ira Glass now feels compelled to provide whenever someone else tells a story."
"221414018361999361","221413806725795840","796155","","","2012-07-07 01:23:10 +0000","<a href=""http://tapbots.com/tweetbot"" rel=""nofollow"">Tweetbot for iOS</a>","@rhiannon_z Nope. :)"
"221413624470716416","","","","","2012-07-07 01:21:36 +0000","<a href=""http://tapbots.com/tweetbot"" rel=""nofollow"">Tweetbot for iOS</a>","You?ve got tweets."
"221401782264406018","","","221396277705981954","10350","2012-07-07 00:34:32 +0000","<a href=""http://tapbots.com/tweetbot"" rel=""nofollow"">Tweetbot for iOS</a>","RT @Veronica: Phew! ""Don't worry, people! NASA has a plan for moving the Earth"" via @io9 http://t.co/Kj5zdOQY","http://io9.com/5923828/dont-worry-people--nasa-has-a-plan-for-moving-the-earth"
"221387954797559808","221384199188381696","243778873","","","2012-07-06 23:39:36 +0000","<a href=""http://itunes.apple.com/us/app/twitter/id409789998?mt=12"" rel=""nofollow"">Twitter for Mac</a>","@thorntonderek Hm? let's say turning off your alarm is okay but you can't launch any apps until you drink your water."
"221379676864651264","221376964517310466","15652883","","","2012-07-06 23:06:42 +0000","<a href=""http://itunes.apple.com/us/app/twitter/id409789998?mt=12"" rel=""nofollow"">Twitter for Mac</a>","@billschoonover No, drink 2 big glasses of water.  Then coffee!  :)"
"221374847425589248","221373496041811970","75079616","","","2012-07-06 22:47:31 +0000","<a href=""http://itunes.apple.com/us/app/twitter/id409789998?mt=12"" rel=""nofollow"">Twitter for Mac</a>","@IFTTT Oooh!  Please let me be a beta tester!  :)"
"221372035270586369","221368418908114944","75079616","","","2012-07-06 22:36:20 +0000","<a href=""http://itunes.apple.com/us/app/twitter/id409789998?mt=12"" rel=""nofollow"">Twitter for Mac</a>","@IFTTT Just looking for ways to integrate with you without asking to become an official channel.  Generic webhooks would also work!"
"221367173208219648","","75079616","","","2012-07-06 22:17:01 +0000","<a href=""http://itunes.apple.com/us/app/twitter/id409789998?mt=12"" rel=""nofollow"">Twitter for Mac</a>","@IFTTT Ideally it would come from the address verified by your email channel. Would allow small sites to play nice with you."
"221366785738424321","","75079616","","","2012-07-06 22:15:29 +0000","<a href=""http://itunes.apple.com/us/app/twitter/id409789998?mt=12"" rel=""nofollow"">Twitter for Mac</a>","@IFTTT Any plans to allow recipe actions to email any address?"
"221325061032910849","","","","","2012-07-06 19:29:41 +0000","<a href=""http://tapbots.com/tweetbot"" rel=""nofollow"">Tweetbot for iOS</a>","Awesome! RT @owenthomas: Finally, you can search among your friends' tweets. FINALLY! http://t.co/0NthoO1q","http://bit.ly/MGwonf"
"221323085981298689","","","","","2012-07-06 19:21:50 +0000","<a href=""http://tapbots.com/tweetbot"" rel=""nofollow"">Tweetbot for iOS</a>","New habit challenge: don?t look at your phone in the morning until you drink 2 glasses of water. Add more steps after 7 days. Are you in?"
"221279361062551552","","","","","2012-07-06 16:28:05 +0000","<a href=""http://path.com/"" rel=""nofollow"">Path 2.0</a>","My @nikefuel stats only showed up in @path once when I first connected. Anyone else having trouble with it?"
"221274983798804482","","","","","2012-07-06 16:10:41 +0000","<a href=""http://tapbots.com/tweetbot"" rel=""nofollow"">Tweetbot for iOS</a>","Still don?t know what a Higgs Field or Higgs Boson is? This explanation is really good (and funny): http://t.co/nRN5zFgQ","http://bbc.in/MaqAPg"
"221266117245673472","","","","","2012-07-06 15:35:27 +0000","<a href=""http://itunes.apple.com/us/app/twitter/id409789998?mt=12"" rel=""nofollow"">Twitter for Mac</a>","Cheap, small, drones shaped like maple seeds with 360 degree video feeds. http://t.co/sPtlPgJO","http://idealab.talkingpointsmemo.com/2012/07/maple-seed-drones-will-swarm-the-future.php"
"221086103741018112","221085995943206913","14573883","","","2012-07-06 03:40:09 +0000","<a href=""http://tapbots.com/tweetbot"" rel=""nofollow"">Tweetbot for iOS</a>","@sethwebster ?diapers!?"
"221085304071782400","","","","","2012-07-06 03:36:58 +0000","<a href=""http://instagr.am"" rel=""nofollow"">Instagram</a>","8:36pm Hidden message from daycare on @nikobenson's diaper http://t.co/ybUuIKP9","http://instagr.am/p/MuXwLGo0G5/"
"221061359998210048","","","221010870384345088","31208130","2012-07-06 02:01:50 +0000","<a href=""http://tapbots.com/tweetbot"" rel=""nofollow"">Tweetbot for iOS</a>","RT @randeezydogge: Hey #atheists!! Guess who created you're beloved Higgs-Boson ""God particle""??? God!! To bad you are to dumb too see t ..."
"220984526661361664","","","","","2012-07-05 20:56:31 +0000","<a href=""http://itunes.apple.com/us/app/twitter/id409789998?mt=12"" rel=""nofollow"">Twitter for Mac</a>","Thank you, Stephen Wolfram, for writing this blog post: http://t.co/0Aey8ZbR","http://blog.stephenwolfram.com/2012/07/a-moment-for-particle-physics-the-end-of-a-40-year-story/"
"220977221370785792","","","","","2012-07-05 20:27:29 +0000","<a href=""http://itunes.apple.com/us/app/twitter/id409789998?mt=12"" rel=""nofollow"">Twitter for Mac</a>","I haven't seen a review this glowing in a while. Added ""Where The Heart Beats"" to top of read pile: http://t.co/fQDnuSeP /via @brainpicker","http://j.mp/PiHUqv"
"220959456371032065","","","","","2012-07-05 19:16:54 +0000","<a href=""http://mobile.twitter.com"" rel=""nofollow"">Mobile Web</a>","Right on! RT @anildash: Let's choose our apps based on how obsessed the creators are: http://t.co/1r7AE2ye","http://2.dashes.com/O9Gs3r"
"220923593343770624","220922891171151872","15280028","","","2012-07-05 16:54:23 +0000","<a href=""http://tapbots.com/tweetbot"" rel=""nofollow"">Tweetbot for iOS</a>","@mozbloke Thank you for trying it out!"
"220910591404032000","","","220236789481353216","196745496","2012-07-05 16:02:43 +0000","<a href=""http://tapbots.com/tweetbot"" rel=""nofollow"">Tweetbot for iOS</a>","RT @sarahkpeck: Life checklist? How about a life LIVE list? http://t.co/Yi0BhTjf","http://itstartswith.com/2012/07/how-to-live/"
"220707296110575616","","","","","2012-07-05 02:34:54 +0000","<a href=""http://flickr.com/services/twitter/"" rel=""nofollow"">Flickr</a>","8:36pm Denver -&gt; Seattle, missing parties and family time http://t.co/sbn99D7o","http://flic.kr/p/crdCmj"
"220699324676440066","","","","","2012-07-05 02:03:14 +0000","<a href=""http://tapbots.com/tweetbot"" rel=""nofollow"">Tweetbot for iOS</a>","These are truly awesome people RT @BoldAcademy: Snapshots from the first three days of The Bold Academy: http://t.co/KTIgbHr6 #boldacademy","http://bit.ly/M780HO"
"220696721901096960","","","","","2012-07-05 01:52:53 +0000","<a href=""http://tapbots.com/tweetbot"" rel=""nofollow"">Tweetbot for iOS</a>","I think @peacelovejp provided the straw-breaking-camel?s-back argument for me today that dairy is gross to the max. /cc @BoldAcademy"
"220683027746000896","","","","","2012-07-05 00:58:28 +0000","<a href=""http://leapfor.it"" rel=""nofollow"">Leap Application</a>","Just created the Eat Half Plants #leapchallenge on @leap. Anyone can join in. Come take me on http://t.co/Dw7F6rSG","http://leapfor.it/c/g2n"
"220678277969358848","220560902104158211","20932488","","","2012-07-05 00:39:36 +0000","<a href=""http://tapbots.com/tweetbot"" rel=""nofollow"">Tweetbot for iOS</a>","@TheAntonioNeves Thank you, Tony. I had such a blast."
"220678090567860225","220572723678683136","9469312","","","2012-07-05 00:38:51 +0000","<a href=""http://tapbots.com/tweetbot"" rel=""nofollow"">Tweetbot for iOS</a>","@basus Yeah, on the account page you can export everything in a text file."
"220674660986126337","","","","","2012-07-05 00:25:13 +0000","<a href=""http://foursquare.com"" rel=""nofollow"">foursquare</a>","It was nice of them to keep the airport open for me. (@ Denver International Airport (DEN) w/ 67 others) http://t.co/osKCvclw","http://4sq.com/Nn86e9"
"220595502817869826","","","","","2012-07-04 19:10:40 +0000","<a href=""http://foursquare.com"" rel=""nofollow"">foursquare</a>","Did my talk! Super amazing people here. (@ Bold Manor) http://t.co/s6da3YiY","http://4sq.com/MxEU7M"
"220517581415645185","","","","","2012-07-04 14:01:03 +0000","<a href=""http://www.tumblr.com/"" rel=""nofollow"">Tumblr</a>","The Hybrid Age: http://t.co/7di4R6IM","http://tmblr.co/ZQJvayOgzWrY"
"220400734032764928","","","","","2012-07-04 06:16:44 +0000","<a href=""http://flickr.com/services/twitter/"" rel=""nofollow"">Flickr</a>","8:36pm In my Bold room reading and preparing for my talk tomorrow http://t.co/aBsJGdhl","http://flic.kr/p/cqGqZj"
"220255929323634689","","","","","2012-07-03 20:41:20 +0000","<a href=""http://foursquare.com"" rel=""nofollow"">foursquare</a>","Hello, Denver! It's warm here. (@ Denver International Airport (DEN) w/ 73 others) http://t.co/XLrwdQMT","http://4sq.com/M4EoLm"
"220205574250438658","220201051448549379","16644937","","","2012-07-03 17:21:14 +0000","<a href=""http://tapbots.com/tweetbot"" rel=""nofollow"">Tweetbot for iOS</a>","@the_april Oops, I can?t watch it on my phone so will try again at a computer."
"220205323523325952","220204738673778689","448","","","2012-07-03 17:20:15 +0000","<a href=""http://tapbots.com/tweetbot"" rel=""nofollow"">Tweetbot for iOS</a>","@Maggie I?m taking the negative path to happiness! (while reading The Antidote which is sorta blowing my mind) /cc @oliverburkeman"
"220204749671247873","","","","","2012-07-03 17:17:58 +0000","<a href=""http://foursquare.com"" rel=""nofollow"">foursquare</a>","Seattle -&gt; Denver for 2 days at @boldacademy. Excited! (@ Seattle-Tacoma International Airport (SEA) w/ 63 others) http://t.co/qivvgtb3","http://4sq.com/P6Q592"
"220194808617111553","220189379757477889","237133992","","","2012-07-03 16:38:28 +0000","<a href=""http://tapbots.com/tweetbot"" rel=""nofollow"">Tweetbot for iOS</a>","@pavtalk Thanks! If you like that check out http://t.co/Bb1p0svp as well and let me know what you think.","http://bit.ly/NxOJUj"
"220194531545591808","","","","","2012-07-03 16:37:21 +0000","<a href=""http://tapbots.com/tweetbot"" rel=""nofollow"">Tweetbot for iOS</a>","Remember you and I will die. #cheers"
"220001309070344192","","","","","2012-07-03 03:49:34 +0000","<a href=""http://instagr.am"" rel=""nofollow"">Instagram</a>","8:36pm ""No nap."" http://t.co/a5CBr7Tr","http://instagr.am/p/MmqtSuI0Fg/"
"219966048554852352","","","219965935740649473","252827423","2012-07-03 01:29:27 +0000","<a href=""http://itunes.apple.com/us/app/twitter/id409789998?mt=12"" rel=""nofollow"">Twitter for Mac</a>","RT @azumioinc: How do you moderate your #stress and what advice would you give to others?"
"219807906843987968","","","","","2012-07-02 15:01:03 +0000","<a href=""http://www.tumblr.com/"" rel=""nofollow"">Tumblr</a>","Reading the obits in the morning is my favorite new habit. Here's how you can try it too: http://t.co/TsCTGLYA","http://tmblr.co/ZQJvayOYSE-0"
"219772812917866496","","","219747862119071744","20570290","2012-07-02 12:41:36 +0000","<a href=""http://tapbots.com/tweetbot"" rel=""nofollow"">Tweetbot for iOS</a>","RT @cduhigg: The Science of Waiting and the Art of Delay http://t.co/u15qGEnR from @brainpickings","http://bit.ly/ObBxCD"
"219654223539863552","","","","","2012-07-02 04:50:22 +0000","<a href=""http://instagr.am"" rel=""nofollow"">Instagram</a>","List of things  http://t.co/m0Mju09H","http://instagr.am/p/MkM_EtI0Ny/"
"219651104626057217","","","","","2012-07-02 04:37:58 +0000","<a href=""http://simplymeasured.com"" rel=""nofollow"">Simply Measured</a>","I just used @simplymeasured to analyze my Twitter followers in Excel. http://t.co/5kjEdQHJ","http://bit.ly/owpX5r"
"219639610807029760","219639176818212865","274385610","","","2012-07-02 03:52:18 +0000","<a href=""http://itunes.apple.com/us/app/twitter/id409789998?mt=12"" rel=""nofollow"">Twitter for Mac</a>","@meditatecreate Thank you! Unfortunately not? will you take some notes for me?"
"219638593902215168","","","","","2012-07-02 03:48:16 +0000","<a href=""http://flickr.com/services/twitter/"" rel=""nofollow"">Flickr</a>","8:36pm Laughing about friends with broken gaydar http://t.co/TLhs83Si","http://flic.kr/p/cpnsyf"
"219590758641049601","219589418657382401","14097392","","","2012-07-02 00:38:11 +0000","<a href=""http://itunes.apple.com/us/app/twitter/id409789998?mt=12"" rel=""nofollow"">Twitter for Mac</a>","@nireyal Sure thing. Definitely got my thoughts moving around today, thanks for putting it together."
"219587840173031424","","","219586657987469312","3754891","2012-07-02 00:26:35 +0000","<a href=""http://itunes.apple.com/us/app/twitter/id409789998?mt=12"" rel=""nofollow"">Twitter for Mac</a>","RT @bfeld: Apple's patent absurdity exposed at last http://t.co/rIzISJxs via @guardian","http://gu.com/p/38k7e/tw"
"219585660410015745","","","","","2012-07-02 00:17:55 +0000","<a href=""http://itunes.apple.com/us/app/twitter/id409789998?mt=12"" rel=""nofollow"">Twitter for Mac</a>","""Busyness serves as a kind of existential reassurance, a hedge against emptiness."" http://t.co/ayAROzfX","http://opinionator.blogs.nytimes.com/2012/06/30/the-busy-trap/"
"219575944585805826","","","","","2012-07-01 23:39:19 +0000","<a href=""http://itunes.apple.com/us/app/twitter/id409789998?mt=12"" rel=""nofollow"">Twitter for Mac</a>","The Art of Manipulation: ""The matrix seeks to help you answer not, 'Can I hook users?' but 'Should I attempt to?'"" http://t.co/pkr1FYjK","http://techcrunch.com/2012/07/01/the-art-of-manipulation/"
"219575265142124544","","","","","2012-07-01 23:36:37 +0000","<a href=""http://itunes.apple.com/us/app/twitter/id409789998?mt=12"" rel=""nofollow"">Twitter for Mac</a>","Um? RT @emmarocks: What did you do with your extra second today?"
"219573245953847296","219572627625345024","63337932","","","2012-07-01 23:28:35 +0000","<a href=""http://itunes.apple.com/us/app/twitter/id409789998?mt=12"" rel=""nofollow"">Twitter for Mac</a>","@kaisdavis On http://t.co/rGqF5BZV I recommend setting a monthly alarm for that stuff.","http://everydayfortherestofmylife.com"
"219568842433769472","","","","","2012-07-01 23:11:06 +0000","<a href=""http://itunes.apple.com/us/app/twitter/id409789998?mt=12"" rel=""nofollow"">Twitter for Mac</a>","FF Chartwell is a font that you can use to make all kinds of charts. Neat and pretty. https://t.co/swnHuoCE","https://www.fontfont.com/how-to-use-ff-chartwell"
"219531559169032194","","","","","2012-07-01 20:42:57 +0000","<a href=""http://itunes.apple.com/us/app/twitter/id409789998?mt=12"" rel=""nofollow"">Twitter for Mac</a>","#obitoftheday RT @rcbl: Best. Obituary. Ever. http://t.co/XFzKlrH9","http://www.telegraph.co.uk/news/obituaries/9365640/Count-Robert-de-La-Rochefoucauld.html"
"219482668734226433","","","","","2012-07-01 17:28:40 +0000","<a href=""http://itunes.apple.com/us/app/twitter/id409789998?mt=12"" rel=""nofollow"">Twitter for Mac</a>","Death and social networks RT @gottafeelingApp: What's uncomfortable online: http://t.co/U4LlIgJj","http://ow.ly/bWyVX"
