"tweet_id","in_reply_to_status_id","in_reply_to_user_id","retweeted_status_id","retweeted_status_user_id","timestamp","source","text","expanded_urls"
"175087591870316544","175077097683955712","231087644","","","2012-03-01 05:18:29 +0000","<a href=""http://itunes.apple.com/us/app/twitter/id409789998?mt=12"" rel=""nofollow"">Twitter for Mac</a>","@crayonlions That's what I'm trying to say. It seems like a good idea until you actually try to think of a blackmail you'd do yourself."
"175078274182033409","","","","","2012-03-01 04:41:28 +0000","<a href=""http://flickr.com/services/twitter/"" rel=""nofollow"">Flickr</a>","8:36pm Just @calbucci and I keeping the lights on. Health startups in the house! http://t.co/3Ws17OSH","http://flic.kr/p/bmBn4w"
"175073503295455233","","","","","2012-03-01 04:22:30 +0000","<a href=""http://itunes.apple.com/us/app/twitter/id409789998?mt=12"" rel=""nofollow"">Twitter for Mac</a>","That's pretty rad. RT @JRHarbert: can only say wow / after a year of writing / every single day (thanks http://t.co/UXCYBb9J) #pegasus","http://750words.com"
"175063951997018113","175061824151105536","231087644","","","2012-03-01 03:44:33 +0000","<a href=""http://itunes.apple.com/us/app/twitter/id409789998?mt=12"" rel=""nofollow"">Twitter for Mac</a>","@crayonlions What's something you want to do, and how much will you authorize a future payment for if you don't do it?"
"174989153585475584","","","","","2012-02-29 22:47:20 +0000","<a href=""http://itunes.apple.com/us/app/twitter/id409789998?mt=12"" rel=""nofollow"">Twitter for Mac</a>","I know what I'll be doing on Feb 5th, 2040: Instagraming this with my senior citizen friends: http://t.co/UuOO6fg4","http://bustr.me/post/18514936276/massive-asteroid-to-hit-earth-in-2040"
"174953248883609600","","","","","2012-02-29 20:24:39 +0000","<a href=""http://itunes.apple.com/us/app/twitter/id409789998?mt=12"" rel=""nofollow"">Twitter for Mac</a>","BREAKING! Magic secret ingredient for success revealed inside: http://t.co/SSV9scuQ","http://bustr.me/post/18506640485/omgpop-is-a-gaming-company-that-has-been-plugging"
"174944911605510145","","","","","2012-02-29 19:51:31 +0000","<a href=""http://leapfor.it"" rel=""nofollow"">Leap Application</a>","Just created the Inbox Zero challenge on @leap. Anyone can join in. Come take me on http://t.co/EeZvFMdR","http://leapfor.it/c/9m"
"174944379121831938","","","","","2012-02-29 19:49:24 +0000","<a href=""http://www.tumblr.com/"" rel=""nofollow"">Tumblr</a>","+10 pts for using Leap Day to launch your app called Leap: http://t.co/LyJMGaRU","http://tmblr.co/ZQJvayHE_-hs"
"174914152899411968","174911951502188544","22096585","","","2012-02-29 17:49:18 +0000","<a href=""http://tapbots.com/tweetbot"" rel=""nofollow"">Tweetbot for iOS</a>","@nkkl I definitely am. I'll check it out, thanks!"
"174910299894317056","","","","","2012-02-29 17:33:59 +0000","<a href=""http://www.tumblr.com/"" rel=""nofollow"">Tumblr</a>","A formula for how altruism could evolve via natural selection: http://t.co/YM944Qaj","http://tmblr.co/ZQJvayHEgmjl"
"174732438881312768","","","","","2012-02-29 05:47:14 +0000","<a href=""http://flickr.com/services/twitter/"" rel=""nofollow"">Flickr</a>","8:36pm Was watching Pina. The kind of movie that wants to sink in a bit. http://t.co/5aGPJxCn","http://flic.kr/p/bmoayq"
"174702144694394880","","","","","2012-02-29 03:46:51 +0000","<a href=""http://instagr.am"" rel=""nofollow"">Instagram</a>","Whenever Niko doesn't want to do something, Panda Friend tries it and discovers it ain't that bad http://t.co/CNPvYjkW","http://instagr.am/p/HkzGU3I0Hn/"
"174700330804719618","","","","","2012-02-29 03:39:39 +0000","<a href=""http://tapbots.com/tweetbot"" rel=""nofollow"">Tweetbot for iOS</a>","Looks awesome. RT @djacobs: Check out @unrollme - I just unsubscribed from all my unwanted emails at once - http://t.co/K9xsmGny","http://unroll.me"
"174698720166813696","174691194876604416","7482","","","2012-02-29 03:33:15 +0000","<a href=""http://tapbots.com/tweetbot"" rel=""nofollow"">Tweetbot for iOS</a>","@arainert They definitely need a notes and highlights API. In the meantime there are a few scrapers out there..."
"174697843691495425","174688831747002370","10959642","","","2012-02-29 03:29:46 +0000","<a href=""http://tapbots.com/tweetbot"" rel=""nofollow"">Tweetbot for iOS</a>","@tara I've noticed too with Niko that denial of responsibility is the first form of deceit."
"174697207306518528","174688069751021568","19854731","","","2012-02-29 03:27:14 +0000","<a href=""http://tapbots.com/tweetbot"" rel=""nofollow"">Tweetbot for iOS</a>","@nancyhd Do you agree with that post? It seemed rather cynical and opportunistic to me."
"174686952497491968","174685440190849024","14471007","","","2012-02-29 02:46:29 +0000","<a href=""http://tapbots.com/tweetbot"" rel=""nofollow"">Tweetbot for iOS</a>","@dianakimball It definitely is. But a lot better looking."
"174680064074579968","174674727124742145","97275453","","","2012-02-29 02:19:07 +0000","<a href=""http://tapbots.com/tweetbot"" rel=""nofollow"">Tweetbot for iOS</a>","@mfstr You're right! I've been collecting Feltron reports for years. He's awesome and an inspiration."
"174654720756023296","174631778072530945","17545050","","","2012-02-29 00:38:25 +0000","<a href=""http://itunes.apple.com/us/app/twitter/id409789998?mt=12"" rel=""nofollow"">Twitter for Mac</a>","@jimmyjacobson I had to look that up. I figure we should just embrace our automatic natures until given a reason to think otherwise."
"174583008005857281","174539654400454658","17545050","","","2012-02-28 19:53:27 +0000","<a href=""http://tapbots.com/tweetbot"" rel=""nofollow"">Tweetbot for iOS</a>","@jimmyjacobson Yes, I completely agree. We are tiny riders on the elephant of our subconscious."
"174368256067506177","174367859131162626","7943892","","","2012-02-28 05:40:06 +0000","<a href=""http://itunes.apple.com/us/app/twitter/id409789998?mt=12"" rel=""nofollow"">Twitter for Mac</a>","@ingopixel Oh man, I just tried to retweet that, but you have a private account! :)"
"174355949203636224","","","","","2012-02-28 04:51:12 +0000","<a href=""http://flickr.com/services/twitter/"" rel=""nofollow"">Flickr</a>","8:36pm A day of sleeping fails but it wasn't so bad http://t.co/BPUib7AM","http://flic.kr/p/bm7uES"
"174345966353260545","","","174344558509957120","4558","2012-02-28 04:11:32 +0000","<a href=""http://tapbots.com/tweetbot"" rel=""nofollow"">Tweetbot for iOS</a>","RT @harryh: Smart people will fix everything.  #FiveWordTEDTalks"
"174334584706703360","174334186503684098","14986129","","","2012-02-28 03:26:18 +0000","<a href=""http://tapbots.com/tweetbot"" rel=""nofollow"">Tweetbot for iOS</a>","@irondavy I need some CSS organization ideas, so I might have to look into it."
"174334095910895617","174332087464239104","14986129","","","2012-02-28 03:24:22 +0000","<a href=""http://tapbots.com/tweetbot"" rel=""nofollow"">Tweetbot for iOS</a>","@irondavy Worth buying?"
"174333052300955648","","","","","2012-02-28 03:20:13 +0000","<a href=""http://instagr.am"" rel=""nofollow"">Instagram</a>","A day full of new tricks from this guy http://t.co/shWLKYs5","http://instagr.am/p/HiLS6wI0BA/"
"174326623959650304","","","","","2012-02-28 02:54:40 +0000","<a href=""http://www.tumblr.com/"" rel=""nofollow"">Tumblr</a>","Habits are the new viral: http://t.co/pzyQtaGS #behaviorchange","http://tmblr.co/ZQJvayH5ZClu"
"174323987738918912","","","","","2012-02-28 02:44:12 +0000","<a href=""http://tapbots.com/tweetbot"" rel=""nofollow"">Tweetbot for iOS</a>","What was your first BBS/Internet username? Mine was ignorantuser10. /inspired by @buzz"
"174308410429415424","","2015","","","2012-02-28 01:42:18 +0000","<a href=""http://itunes.apple.com/us/app/twitter/id409789998?mt=12"" rel=""nofollow"">Twitter for Mac</a>","@joshc For some reason I can't reply to your Tumblr replies on Tumblr. But Google Latitude etc don't have easy APIs to get data back."
"174221974543941632","","","","","2012-02-27 19:58:50 +0000","<a href=""http://www.tumblr.com/"" rel=""nofollow"">Tumblr</a>","Learn to pause: http://t.co/MtnNOuXX /via @zen_habits #behaviorchange","http://tmblr.co/ZQJvayH8A7Jj"
"174214578920620032","174213871949721601","408","","","2012-02-27 19:29:27 +0000","<a href=""http://itunes.apple.com/us/app/twitter/id409789998?mt=12"" rel=""nofollow"">Twitter for Mac</a>","@endquote Let me know what it is if you remember it!"
"174214465343062016","174213871949721601","408","","","2012-02-27 19:28:59 +0000","<a href=""http://itunes.apple.com/us/app/twitter/id409789998?mt=12"" rel=""nofollow"">Twitter for Mac</a>","@endquote Hmm? I don't think I do know of that one. Sounds vaguely like EpicWinApp, but for health? Nike+ is sorta like that too..."
"174214259692154881","","","174213262819344386","37570179","2012-02-27 19:28:10 +0000","<a href=""http://itunes.apple.com/us/app/twitter/id409789998?mt=12"" rel=""nofollow"">Twitter for Mac</a>","RT @arrington: What's Wrong With Sensationalist Media http://t.co/bJ9GMZKi","http://www.avc.com/a_vc/2012/02/whats-wrong-with-traditional-media.html"
"174200095158439936","","","","","2012-02-27 18:31:53 +0000","<a href=""http://www.tumblr.com/"" rel=""nofollow"">Tumblr</a>","Initial thoughts on combining openpaths.cc data with @foursquare's api: http://t.co/lx1KRhx2","http://tmblr.co/ZQJvayH7ybyP"
"174194362723483649","174193558163693568","17843236","","","2012-02-27 18:09:07 +0000","<a href=""http://itunes.apple.com/us/app/twitter/id409789998?mt=12"" rel=""nofollow"">Twitter for Mac</a>","@SusannahFox I am now! Thanks."
"174192100273963009","","","","","2012-02-27 18:00:07 +0000","<a href=""http://www.tumblr.com/"" rel=""nofollow"">Tumblr</a>","A shotgun approach to motivation: http://t.co/iPE5DUG3 #motivation","http://tmblr.co/ZQJvayH7t-Eq"
"174185946105921537","174184381924122626","17843236","","","2012-02-27 17:35:40 +0000","<a href=""http://tapbots.com/tweetbot"" rel=""nofollow"">Tweetbot for iOS</a>","@SusannahFox Ha. I think I just woke up on the wrong side of the bed. Wishing informed smart articles could compete with sensationalism."
"174182415533748224","","","","","2012-02-27 17:21:38 +0000","<a href=""http://tapbots.com/tweetbot"" rel=""nofollow"">Tweetbot for iOS</a>","We need a bullshit button."
"174175848138686464","","","","","2012-02-27 16:55:32 +0000","<a href=""http://tapbots.com/tweetbot"" rel=""nofollow"">Tweetbot for iOS</a>","Gotta love the experts who swarm in on the latest successful businesses and translate their brilliant secrets for the rest of us."
"174153556960620544","","","","","2012-02-27 15:26:58 +0000","<a href=""http://www.tumblr.com/"" rel=""nofollow"">Tumblr</a>","Humans and neurons http://t.co/fKJEgY5f #globalbrain","http://tmblr.co/ZQJvayH7ahKr"
"174015842869198849","174010840620605440","9525212","","","2012-02-27 06:19:44 +0000","<a href=""http://itunes.apple.com/us/app/twitter/id409789998?mt=12"" rel=""nofollow"">Twitter for Mac</a>","@dandean It IS awesome. Though there are a lot of things that could be even better about it, I'm finding."
"174008800343375872","174008523385094144","418","","","2012-02-27 05:51:45 +0000","<a href=""http://itunes.apple.com/us/app/twitter/id409789998?mt=12"" rel=""nofollow"">Twitter for Mac</a>","@dens For sure! Will write it up in my tumblr if anything interesting comes out of it."
"174004637383409665","","","","","2012-02-27 05:35:13 +0000","<a href=""http://flickr.com/services/twitter/"" rel=""nofollow"">Flickr</a>","8:36pm Playing around with an openpaths.cc + @foursquare mashup http://t.co/fLXgbIDb","http://flic.kr/p/bkQtGd"
"173953339116109824","","","173873692487593984","46063","2012-02-27 02:11:22 +0000","<a href=""http://tapbots.com/tweetbot"" rel=""nofollow"">Tweetbot for iOS</a>","RT @hunterwalk: The 5,765 person Oscar voting committee is 94% white, 77% male & 86% age 50 or older #OccupyOscars"
"173933204720459777","173929866197086210","47","","","2012-02-27 00:51:22 +0000","<a href=""http://tapbots.com/tweetbot"" rel=""nofollow"">Tweetbot for iOS</a>","@kellan @rk I'm pretty sure you can't. I'm not explaining it well. I want a filtered stream of the ""best"" tweets by people I follow."
"173927330677403648","173925418322247681","19853","","","2012-02-27 00:28:01 +0000","<a href=""http://itunes.apple.com/us/app/twitter/id409789998?mt=12"" rel=""nofollow"">Twitter for Mac</a>","@rk I'm looking to filter my timeline to only show the favorited/retweeted tweets? not to get favorites/retweets from people I follow."
"173895514700529665","173894746606022658","8299212","","","2012-02-26 22:21:36 +0000","<a href=""http://itunes.apple.com/us/app/twitter/id409789998?mt=12"" rel=""nofollow"">Twitter for Mac</a>","@mattritchie I see the option to see retweets by people I follow. But what about? which tweets by people I follow have been retweeted?"
"173890528830697473","173890098784514049","14140557","","","2012-02-26 22:01:47 +0000","<a href=""http://itunes.apple.com/us/app/twitter/id409789998?mt=12"" rel=""nofollow"">Twitter for Mac</a>","@robinlayfield Thanks for the invite! Definitely looks cool, but it's not exactly what I was looking for. I want popular tweets, not links."
"173888006187520001","173887885907460096","14140557","","","2012-02-26 21:51:46 +0000","<a href=""http://itunes.apple.com/us/app/twitter/id409789998?mt=12"" rel=""nofollow"">Twitter for Mac</a>","@robinlayfield busterbenson at gmail. Thank you!"
"173887610958258176","173886744087887872","14140557","","","2012-02-26 21:50:11 +0000","<a href=""http://itunes.apple.com/us/app/twitter/id409789998?mt=12"" rel=""nofollow"">Twitter for Mac</a>","@robinlayfield That looks awesome! Have an extra invite?"
"173886046403182592","173885395799506944","12514","","","2012-02-26 21:43:58 +0000","<a href=""http://itunes.apple.com/us/app/twitter/id409789998?mt=12"" rel=""nofollow"">Twitter for Mac</a>","@tomcoates Yeah! What did he say? Why not build it? It'd probably make good money as an iPhone app. /paging @jkottke"
"173884501745872896","","","","","2012-02-26 21:37:50 +0000","<a href=""http://itunes.apple.com/us/app/twitter/id409789998?mt=12"" rel=""nofollow"">Twitter for Mac</a>","Has anyone built a filter for Twitter to only show the tweets that were favorited, replied to, or retweeted? For times when I fall behind?"
"173859150302941184","","","173849666557972481","15921173","2012-02-26 19:57:06 +0000","<a href=""http://tapbots.com/tweetbot"" rel=""nofollow"">Tweetbot for iOS</a>","RT @edyson: The true fathers of computing http://t.co/9GpKPMJg via @guardian intvw v George Dyson about Turing's Cathedral","http://gu.com/p/35kc2/tw"
"173831082771361792","","","","","2012-02-26 18:05:34 +0000","<a href=""http://www.tumblr.com/"" rel=""nofollow"">Tumblr</a>","Photo: stitchtagram: Gonna make sure this picture is on my next stitchtagram pillow. http://t.co/7JviS5Fx","http://tmblr.co/ZQJvayH4EvJg"
"173805958135431168","173803185704677376","17981363","","","2012-02-26 16:25:44 +0000","<a href=""http://tapbots.com/tweetbot"" rel=""nofollow"">Tweetbot for iOS</a>","@Rachel_pfeffer Of course! Can you get it from Instagram or do you need us to send the file over?"
"173632695107194881","","","","","2012-02-26 04:57:15 +0000","<a href=""http://instagr.am"" rel=""nofollow"">Instagram</a>","8:36pm Closest I've gotten to thumbs up so far! http://t.co/tv0E4nJW","http://instagr.am/p/HdMwpII0Bd/"
"173602632018038785","173602281512636416","4558","","","2012-02-26 02:57:47 +0000","<a href=""http://itunes.apple.com/us/app/twitter/id409789998?mt=12"" rel=""nofollow"">Twitter for Mac</a>","@harryh Want an invite to @yo_stellar? It's pretty sweet, and does exactly that. http://t.co/fVhDQfZ1","http://stellar.io/busterbenson"
"173600042408620032","","","173599865660649472","786818","2012-02-26 02:47:30 +0000","<a href=""http://itunes.apple.com/us/app/twitter/id409789998?mt=12"" rel=""nofollow"">Twitter for Mac</a>","RT @webwright: @busterbenson Favorite Steve Jobs quote: ""Don't waste your time living someone else's life."" We spend way too much time c ..."
"173590142102142976","173588920276226048","60663","","","2012-02-26 02:08:09 +0000","<a href=""http://itunes.apple.com/us/app/twitter/id409789998?mt=12"" rel=""nofollow"">Twitter for Mac</a>","@MarinaMartin That's definitely a more positive spin on it."
"173588506160005120","173587653768380416","7482","","","2012-02-26 02:01:39 +0000","<a href=""http://itunes.apple.com/us/app/twitter/id409789998?mt=12"" rel=""nofollow"">Twitter for Mac</a>","@arainert I'm just a sucker for the latest cool app. :) No Austin for me this year unfortunately? it's all work and no play over here."
"173584054229270530","","","","","2012-02-26 01:43:58 +0000","<a href=""http://itunes.apple.com/us/app/twitter/id409789998?mt=12"" rel=""nofollow"">Twitter for Mac</a>","What % of our fears can be traced back to the fear of disappointing someone who A) may or may not even be alive or B) care about us?"
"173583995173474304","173583533749714945","7482","","","2012-02-26 01:43:44 +0000","<a href=""http://itunes.apple.com/us/app/twitter/id409789998?mt=12"" rel=""nofollow"">Twitter for Mac</a>","@arainert You made me just search for it, but I see now you're using a private beta? #nofair /cc @sparrow"
"173582087297830912","173523881750044672","16001452","","","2012-02-26 01:36:09 +0000","<a href=""http://itunes.apple.com/us/app/twitter/id409789998?mt=12"" rel=""nofollow"">Twitter for Mac</a>","@pfeffunit @rachel_pfeffer We *love* the pillow. Gonna be ordering more in the next couple days, too!"
"173562809672675328","","","","","2012-02-26 00:19:33 +0000","<a href=""http://itunes.apple.com/us/app/twitter/id409789998?mt=12"" rel=""nofollow"">Twitter for Mac</a>","Saturday daydream about the global brain: http://t.co/jz53dimn #globalbrain","http://bustr.tumblr.com/post/18281108589/daydream-about-the-global-brain"
"173513219640541184","","","","","2012-02-25 21:02:29 +0000","<a href=""http://itunes.apple.com/us/app/instagram/id389801252?mt=8&uo=4"" rel=""nofollow"">Instagram on iOS</a>","Our ""I'm going to work"" routine http://t.co/dg0egmH8 /via @kellianne","http://instagr.am/p/Hb65bsuFU3/"
"173487060433383424","173485734118965248","15265271","","","2012-02-25 19:18:33 +0000","<a href=""http://itunes.apple.com/us/app/twitter/id409789998?mt=12"" rel=""nofollow"">Twitter for Mac</a>","@folktrash Looks like heroku is having some trouble. http://t.co/aH0EFtad Hope to be back up soon.","http://status.heroku.com"
"173486212642897920","173485734118965248","15265271","","","2012-02-25 19:15:10 +0000","<a href=""http://itunes.apple.com/us/app/twitter/id409789998?mt=12"" rel=""nofollow"">Twitter for Mac</a>","@folktrash Looking into it?"
"173265999137734656","","","","","2012-02-25 04:40:07 +0000","<a href=""http://flickr.com/services/twitter/"" rel=""nofollow"">Flickr</a>","8:36pm Feet and legs. http://t.co/crpiu7lV","http://flic.kr/p/bkfry1"
"173083442773377024","","","172995078804078592","29941998","2012-02-24 16:34:43 +0000","<a href=""http://tapbots.com/tweetbot"" rel=""nofollow"">Tweetbot for iOS</a>","RT @honorharger: We now continuously having to prove we're human on the internet. This is not how Turing thought it was going to work -  ..."
"172942553556070400","","","","","2012-02-24 07:14:52 +0000","<a href=""http://flickr.com/services/twitter/"" rel=""nofollow"">Flickr</a>","8:36pm Trying to figure out where all of my energy went http://t.co/I2E7LRCT","http://flic.kr/p/bxWT6i"
"172917115689512960","","","","","2012-02-24 05:33:47 +0000","<a href=""http://flickr.com/services/twitter/"" rel=""nofollow"">Flickr</a>","8:36pm Happy to be home and showered and hanging with wifey http://t.co/ATac710l","http://flic.kr/p/bxW9ce"
"172836080175951872","172835750470107136","9354282","","","2012-02-24 00:11:47 +0000","<a href=""http://tapbots.com/tweetbot"" rel=""nofollow"">Tweetbot for iOS</a>","@heychrisfox How did you become a great writer?"
"172834211466706944","172833747656392704","9354282","","","2012-02-24 00:04:21 +0000","<a href=""http://tapbots.com/tweetbot"" rel=""nofollow"">Tweetbot for iOS</a>","@heychrisfox Doesn't mastering a skill (like coding, riding a bike, or playing piano) require a habit of practice?"
"172824057526493185","","","","","2012-02-23 23:24:00 +0000","<a href=""http://tapbots.com/tweetbot"" rel=""nofollow"">Tweetbot for iOS</a>","If you haven't mastered the ability to change your own habits/behaviors when you want to, what can you ever master? #behaviorchange"
"172702151829757955","","","172700044812746752","14076943","2012-02-23 15:19:36 +0000","<a href=""http://tapbots.com/tweetbot"" rel=""nofollow"">Tweetbot for iOS</a>","RT @jhagel: Everything is connected to everything else - a 100 second explanation by physicist Brian Cox http://t.co/OLhhXe3f","http://bit.ly/yHq13E"
"172599774233624576","172519799409213440","861","","","2012-02-23 08:32:47 +0000","<a href=""http://itunes.apple.com/us/app/twitter/id409789998?mt=12"" rel=""nofollow"">Twitter for Mac</a>","@jaygoldman @bradeinarsen Thanks for the intro, Jay! Brad, I'd love to help however I can? my email is buster at http://t.co/oFUdNcs7.","http://habitlabs.com"
"172593284315746304","172579939982389248","772386","","","2012-02-23 08:07:00 +0000","<a href=""http://itunes.apple.com/us/app/twitter/id409789998?mt=12"" rel=""nofollow"">Twitter for Mac</a>","@willotoons @aubs I am sadly only here until 4pm tomorrow. :( So bummed to be missing out on all the SF fun happening this week."
"172561614485192704","","","","","2012-02-23 06:01:09 +0000","<a href=""http://flickr.com/services/twitter/"" rel=""nofollow"">Flickr</a>","8:36pm Walking around SF with Jimmy James http://t.co/aN05xNHc","http://flic.kr/p/bjNVxf"
"172471595703603200","172466484793196545","44378228","","","2012-02-23 00:03:27 +0000","<a href=""http://tapbots.com/tweetbot"" rel=""nofollow"">Tweetbot for iOS</a>","@ShaneMac @paigecraig I think it's already true! Though @klout has more work to do before it represents true reputation."
"172467305161306112","","","","","2012-02-22 23:46:24 +0000","<a href=""http://foursquare.com"" rel=""nofollow"">foursquare</a>","SEA -&gt; SFO for a day (@ Seattle-Tacoma International Airport (SEA) w/ 55 others) http://t.co/QqGVvb8a","http://4sq.com/yTj0d6"
"172451197662412800","","","","","2012-02-22 22:42:24 +0000","<a href=""http://www.quora.com/"" rel=""nofollow"">Quora</a>","What are the best estimates for total number of servers powering the Internet, number of new servers? Answer: http://t.co/pOy0nf6R on @Quora","http://qr.ae/RIwuj"
"172450032451203073","172447910888353792","14408537","","","2012-02-22 22:37:46 +0000","<a href=""http://tapbots.com/tweetbot"" rel=""nofollow"">Tweetbot for iOS</a>","@pete Awesome resource! I wonder how # of websites relates to number of servers powering them."
"172447102645972992","172444472519565314","19853","","","2012-02-22 22:26:07 +0000","<a href=""http://tapbots.com/tweetbot"" rel=""nofollow"">Tweetbot for iOS</a>","@rk Ah good call. As a pure Quora consumer I never considered asking a question."
"172443322634338304","172442475657572353","452619716","","","2012-02-22 22:11:06 +0000","<a href=""http://tapbots.com/tweetbot"" rel=""nofollow"">Tweetbot for iOS</a>","@bucketlistsoc My time-traveling friend needs to know!"
"172439587078156288","","","","","2012-02-22 21:56:15 +0000","<a href=""http://itunes.apple.com/us/app/twitter/id409789998?mt=12"" rel=""nofollow"">Twitter for Mac</a>","What's the best estimate for: 

1) Total # of servers that make up the internet 

2) # of new servers added to the internet per day"
"172373980945203200","","","","","2012-02-22 17:35:34 +0000","<a href=""http://itunes.apple.com/us/app/pixel-pix/id501717166?mt=8&uo=4"" rel=""nofollow"">Pixel Pix on iOS</a>","Testing @benbrown's awesome new @PixelPixApp. It's free right now... get it! http://t.co/canxFR7n","http://twitter.com/buster/status/172373980945203200/photo/1"
"172363297063051264","172363061372534784","2984","","","2012-02-22 16:53:07 +0000","<a href=""http://itunes.apple.com/us/app/twitter/id409789998?mt=12"" rel=""nofollow"">Twitter for Mac</a>","@go @kellan What do you like most about it?"
"172179133986635777","","","","","2012-02-22 04:41:19 +0000","<a href=""http://flickr.com/services/twitter/"" rel=""nofollow"">Flickr</a>","8:36pm Talking about old friends and things that happen http://t.co/E0Pdfzg3","http://flic.kr/p/bjxzxW"
"172158918523498498","","","","","2012-02-22 03:20:59 +0000","<a href=""http://tapbots.com/tweetbot"" rel=""nofollow"">Tweetbot for iOS</a>","Please welcome our new rulers: algorithms. Just the beginning. RT @rondiver: Computer Game Bot Turing Test. http://t.co/ywgy8ZDH","http://bit.ly/zl1a7t"
"172137327991324672","172129411393519617","14232711","","","2012-02-22 01:55:11 +0000","<a href=""http://tapbots.com/tweetbot"" rel=""nofollow"">Tweetbot for iOS</a>","@calbucci Me too!"
"172129062112862209","","","","","2012-02-22 01:22:21 +0000","<a href=""http://tapbots.com/tweetbot"" rel=""nofollow"">Tweetbot for iOS</a>","Holy moley! RT @nytimes Google to Sell Heads-Up Display Glasses by Year's End http://t.co/Dyo5WmDz","http://nyti.ms/z3RPnv"
"172025902694281216","","","","","2012-02-21 18:32:25 +0000","<a href=""http://tapbots.com/tweetbot"" rel=""nofollow"">Tweetbot for iOS</a>","It's real! RT @timoreilly: nomophobia: Fear of being without a mobile phone or without a cellular signal. http://t.co/wYR9RDhp @wordspy","http://www.wordspy.com/words/nomophobia.asp"
"171804625693982720","","","171727265527369728","246531241","2012-02-21 03:53:09 +0000","<a href=""http://tapbots.com/tweetbot"" rel=""nofollow"">Tweetbot for iOS</a>","RT @ameliagreenhall: Pitching a new idea to @busterbenson and his response: ""reminds me of peter in the new testament."""
"171647402187563009","","","","","2012-02-20 17:28:24 +0000","<a href=""http://tapbots.com/tweetbot"" rel=""nofollow"">Tweetbot for iOS</a>","Sending electricity through your brain in order to get into a flow state? Crazy, but interesting! http://t.co/AA8bwd2Q #flow","http://www.newscientist.com/mobile/article/mg21328501.600-zap-your-brain-into-the-zone-fast-track-to-pure-focus.html"
"171617392298954753","171612611207639042","665313","","","2012-02-20 15:29:09 +0000","<a href=""http://tapbots.com/tweetbot"" rel=""nofollow"">Tweetbot for iOS</a>","@rfelix That's an inspiring post! Thanks for writing it!"
"171497704495656963","","","171496659962957824","463194878","2012-02-20 07:33:33 +0000","<a href=""http://tapbots.com/tweetbot"" rel=""nofollow"">Tweetbot for iOS</a>","RT @SWRedmond: The results are in! 1: @carpoolcarma, 2: @peaclo, 3: @bm_app. Windows phones: @savegramps and @HowBoutCoffee. Blogs post  ..."
"171497645376942080","171489084437577728","399110944","","","2012-02-20 07:33:19 +0000","<a href=""http://tapbots.com/tweetbot"" rel=""nofollow"">Tweetbot for iOS</a>","@RyanAnderson529 It was fun! Which startup did you join? That's awesome!"
"171473473393278976","171446973080141824","496299999","","","2012-02-20 05:57:16 +0000","<a href=""http://tapbots.com/tweetbot"" rel=""nofollow"">Tweetbot for iOS</a>","@HowBoutCoffee You had the clearest MVP in my mind. Good job keeping it simple and clear. /cc @hillel @rahulsood"
"171472924031725568","171435937371394048","496230387","","","2012-02-20 05:55:05 +0000","<a href=""http://tapbots.com/tweetbot"" rel=""nofollow"">Tweetbot for iOS</a>","@youvalueme The idea is really interesting! Good luck with it!"
"171455334890737664","","","","","2012-02-20 04:45:11 +0000","<a href=""http://flickr.com/services/twitter/"" rel=""nofollow"">Flickr</a>","8:36pm Giving out awards to the winning Startup Weekend teams http://t.co/sCn2QBUe","http://flic.kr/p/bwpc9R"
"171369499415678976","","","","","2012-02-19 23:04:07 +0000","<a href=""http://itunes.apple.com/us/app/twitter/id409789998?mt=12"" rel=""nofollow"">Twitter for Mac</a>","Excited to be a judge with @hillel and @rahulsood for the @StartupWeekend #SWRedmond ending tonight. Heading over very soon!"
"171307882225217536","","","","","2012-02-19 18:59:16 +0000","<a href=""http://instagr.am"" rel=""nofollow"">Instagram</a>","He's excited to have his baby toilet seat adapter  @ Terra Plata http://t.co/ntO9Q90g","http://instagr.am/p/HMrgbUI0IF/"
"171123948459802624","","","","","2012-02-19 06:48:23 +0000","<a href=""http://tapbots.com/tweetbot"" rel=""nofollow"">Tweetbot for iOS</a>","Only? RT @rags: Apple's hardware revenue is $99 billion, Amazon, a channel, makes only $28 billion in the entire Electronics category"
"171123273793404928","171088153069879296","9857922","","","2012-02-19 06:45:42 +0000","<a href=""http://tapbots.com/tweetbot"" rel=""nofollow"">Tweetbot for iOS</a>","@Brethren Sure sure. I know you're a nudie foodie at heart."
"171115079889199104","","","","","2012-02-19 06:13:08 +0000","<a href=""http://flickr.com/services/twitter/"" rel=""nofollow"">Flickr</a>","8:36pm Watched a screening of The Shelf that @danielspils help write music for http://t.co/kpphWFDr","http://flic.kr/p/bvNxUe"
"171052331914379264","170983565520150528","9857922","","","2012-02-19 02:03:48 +0000","<a href=""http://itunes.apple.com/us/app/twitter/id409789998?mt=12"" rel=""nofollow"">Twitter for Mac</a>","@Brethren Cool, thanks! And thanks also for this find, only 1 click away? http://t.co/ZqU1wbna","http://thenudiefoodies.com/"
"170932052563206144","170931530464628736","43269343","","","2012-02-18 18:05:51 +0000","<a href=""http://itunes.apple.com/us/app/twitter/id409789998?mt=12"" rel=""nofollow"">Twitter for Mac</a>","@susietennant I saw Jonah Lehrer at @thsea last time he was here! He's awesome. Will definitely try to make it!"
"170931014636539906","","","","","2012-02-18 18:01:44 +0000","<a href=""http://tapbots.com/tweetbot"" rel=""nofollow"">Tweetbot for iOS</a>","Looks like a great strategy to me! RT @bsrubin: Becoming Fucking Awesome @heyamberrae style http://t.co/2cyTcPY3","http://tumblr.heyamberrae.com/post/17712004118/priorities-and-plans"
"170927161832783872","","","","","2012-02-18 17:46:25 +0000","<a href=""http://tapbots.com/tweetbot"" rel=""nofollow"">Tweetbot for iOS</a>","I gotta learn more about this NMDA receptor protein! RT @jonahlehrer: The science of habit, my latest WSJ column: http://t.co/PcLfg1jh","http://on.wsj.com/yD8Eka"
"170922246985101313","","","","","2012-02-18 17:26:53 +0000","<a href=""http://tapbots.com/tweetbot"" rel=""nofollow"">Tweetbot for iOS</a>","AMAZING interview about the early history of computers with George Dyson by Kevin Kelly: http://t.co/VMm7nJLZ /via @edyson #technium","http://www.wired.com/magazine/2012/02/ff_dysonqa/"
"170889791116812289","","","170880660578381825","14289835","2012-02-18 15:17:55 +0000","<a href=""http://tapbots.com/tweetbot"" rel=""nofollow"">Tweetbot for iOS</a>","RT @gretchenrubin: To Be Happier, Write Your Own Set of Personal Commandments: Each person's list will differ. One person's command... h ..."
"170750091232161793","","","","","2012-02-18 06:02:48 +0000","<a href=""http://instagr.am"" rel=""nofollow"">Instagram</a>","8:36pm Family dinner with friends (taken by Lucy) http://t.co/iW24q7bl","http://instagr.am/p/HIt6g_I0Cs/"
"170597448153182208","170583830372171777","15856582","","","2012-02-17 19:56:15 +0000","<a href=""http://tapbots.com/tweetbot"" rel=""nofollow"">Tweetbot for iOS</a>","@mmcgovern Thanks, I'll take a look!"
"170568240110641152","","","","","2012-02-17 18:00:12 +0000","<a href=""http://itunes.apple.com/us/app/twitter/id409789998?mt=12"" rel=""nofollow"">Twitter for Mac</a>","If you build iPhone apps or are curious about how they make money, this post by @webwright is full of awesomeness: http://t.co/SbAZLir2","http://www.tonywright.com/2012/how-to-evaluate-a-paid-iphone-app-idea"
"170556766306836480","","","","","2012-02-17 17:14:36 +0000","<a href=""http://tapbots.com/tweetbot"" rel=""nofollow"">Tweetbot for iOS</a>","Good work! RT @cay_anchor: New Badge for me on http://t.co/UXCYBb9J =  100,000 words written!! Wooots! @busterbenson http://t.co/Yc60vo59","http://750words.com","http://twitter.com/cay_anchor/status/170554588972322816/photo/1"
"170547263142240256","","","170546630922207232","5814","2012-02-17 16:36:50 +0000","<a href=""http://tapbots.com/tweetbot"" rel=""nofollow"">Tweetbot for iOS</a>","RT @tempo: The old way was make tons of money & then give back. The new way is build a company that gives back as it makes money. http:/ ..."
"170399658550636546","170398617897680897","30495974","","","2012-02-17 06:50:19 +0000","<a href=""http://itunes.apple.com/us/app/twitter/id409789998?mt=12"" rel=""nofollow"">Twitter for Mac</a>","@berkun Interesting. Craving endless possibility over singular focus is sane in early life & grows increasingly insane as time goes on."
"170397259777835008","170395877754679296","30495974","","","2012-02-17 06:40:47 +0000","<a href=""http://itunes.apple.com/us/app/twitter/id409789998?mt=12"" rel=""nofollow"">Twitter for Mac</a>","@berkun Living in constant awareness of death and cosmic insignificance, for example. Though I guess that can lead to insanity too."
"170396553079554048","170395877754679296","30495974","","","2012-02-17 06:37:58 +0000","<a href=""http://itunes.apple.com/us/app/twitter/id409789998?mt=12"" rel=""nofollow"">Twitter for Mac</a>","@berkun I'd say it's ONE way to be super-motivated. While insanity is a way to over inflate importance of actions, where are other ways too."
"170396088065466368","","","170395877754679296","30495974","2012-02-17 06:36:07 +0000","<a href=""http://itunes.apple.com/us/app/twitter/id409789998?mt=12"" rel=""nofollow"">Twitter for Mac</a>","RT @berkun: Paradox: the super-motivated drive the world, but to be super-motivated you must be insane.  #discuss"
"170393994822565888","170393799653203968","2015","","","2012-02-17 06:27:48 +0000","<a href=""http://itunes.apple.com/us/app/twitter/id409789998?mt=12"" rel=""nofollow"">Twitter for Mac</a>","@joshc @the_april @meganwelling There certainly is!"
"170393871862341632","","","","","2012-02-17 06:27:19 +0000","<a href=""http://itunes.apple.com/us/app/twitter/id409789998?mt=12"" rel=""nofollow"">Twitter for Mac</a>","Niko dropped and broke our mouse's right click and scroll ability. Makes using a computer feel like swimming in a wool coat."
"170391367778967552","170390621272551425","26166039","","","2012-02-17 06:17:22 +0000","<a href=""http://itunes.apple.com/us/app/twitter/id409789998?mt=12"" rel=""nofollow"">Twitter for Mac</a>","@MeganWelling @the_april 11am?"
"170390473201037312","170390272218378240","26166039","","","2012-02-17 06:13:49 +0000","<a href=""http://itunes.apple.com/us/app/twitter/id409789998?mt=12"" rel=""nofollow"">Twitter for Mac</a>","@MeganWelling @the_april How about Local 360? Niko likes that place."
"170389947159805952","170382115203063809","16644937","","","2012-02-17 06:11:43 +0000","<a href=""http://tapbots.com/tweetbot"" rel=""nofollow"">Tweetbot for iOS</a>","@the_april @MeganWelling What is the standard Sunday ritual these days? I'm way out of the loop!"
"170376723190398977","170375875253121024","26166039","","","2012-02-17 05:19:10 +0000","<a href=""http://itunes.apple.com/us/app/twitter/id409789998?mt=12"" rel=""nofollow"">Twitter for Mac</a>","@MeganWelling You should come over on Sunday! Or should we join brunch plans perhaps?"
"170375136782974978","","","","","2012-02-17 05:12:52 +0000","<a href=""http://flickr.com/services/twitter/"" rel=""nofollow"">Flickr</a>","8:36pm Niko was proud to show off his valentine cards today http://t.co/SeWL5ytw","http://flic.kr/p/buQBF6"
"170316669095387136","","","","","2012-02-17 01:20:32 +0000","<a href=""http://tapbots.com/tweetbot"" rel=""nofollow"">Tweetbot for iOS</a>","Excited about everything @caterina makes! RT @Caterina: Pinwheel! In Private Beta: http://t.co/pCYaJwpk Woot! @pinwheelhq","http://caterina.net/wp-archives/126"
"170254827262181376","170253631860391936","776429","","","2012-02-16 21:14:48 +0000","<a href=""http://tapbots.com/tweetbot"" rel=""nofollow"">Tweetbot for iOS</a>","@spangley @joshc But moms are also notorious with overloading old email threads with random stuff, right? Which is more annoying?"
"170253040778084352","170252355835674624","776429","","","2012-02-16 21:07:42 +0000","<a href=""http://tapbots.com/tweetbot"" rel=""nofollow"">Tweetbot for iOS</a>","@spangley @joshc Do you wish tweets had subject lines too? #letsubjectlinesdie"
"170252319236173824","170250582806896640","2015","","","2012-02-16 21:04:50 +0000","<a href=""http://tapbots.com/tweetbot"" rel=""nofollow"">Tweetbot for iOS</a>","@joshc Oh I think those messages *will* show up on your Mac. I haven't verified though."
"170249551381397505","170248085551857664","2015","","","2012-02-16 20:53:50 +0000","<a href=""http://itunes.apple.com/us/app/twitter/id409789998?mt=12"" rel=""nofollow"">Twitter for Mac</a>","@joshc Yeah, but is your dream to pay AT&T for the honor of seeing/sending SMS from your Mac?"
"170246856973107200","170246249805656065","2015","","","2012-02-16 20:43:08 +0000","<a href=""http://tapbots.com/tweetbot"" rel=""nofollow"">Tweetbot for iOS</a>","@joshc The same difference as Gmail versus Gchat, I think, right? Though Facebook is probably one step ahead with merging them."
"170241491925602305","","","","","2012-02-16 20:21:49 +0000","<a href=""http://foursquare.com"" rel=""nofollow"">foursquare</a>","I just unlocked the Level 2 ""Mall Rat"" badge on @foursquare! In it to win it! http://t.co/SpG92UUl","http://4sq.com/w5M9RE"
"170053769244053505","","","","","2012-02-16 07:55:52 +0000","<a href=""http://instagr.am"" rel=""nofollow"">Instagram</a>","Dudes reading /via @offbeatariel http://t.co/dXD2EaIP","http://instagr.am/p/HDxK19o0Ha/"
"170047599825530880","","","","","2012-02-16 07:31:21 +0000","<a href=""http://flickr.com/services/twitter/"" rel=""nofollow"">Flickr</a>","8:36pm Niko was demonstrating his counter-walking abilities to Jim and Michelle http://t.co/x9kAlFYN","http://flic.kr/p/buq9N6"
"169995781321928705","","","","","2012-02-16 04:05:27 +0000","<a href=""http://tapbots.com/tweetbot"" rel=""nofollow"">Tweetbot for iOS</a>","The quaint notion of private contact information will be replaced with smarter filters. The info is public. Access, however, never will be."
"169994834789150721","","","","","2012-02-16 04:01:41 +0000","<a href=""http://tapbots.com/tweetbot"" rel=""nofollow"">Tweetbot for iOS</a>","Interesting take. RT @Grg: My first longer piece on @PandoDaily: Your Address Book Isn't Yours http://t.co/jDge7Wgb","http://bit.ly/xDTVUb"
"169836670500356097","","","","","2012-02-15 17:33:12 +0000","<a href=""http://tapbots.com/tweetbot"" rel=""nofollow"">Tweetbot for iOS</a>","This applies to more than just sports. Talent exists, we just don't know how to find it. http://t.co/97BknGj1 /by @jonahlehrer","http://www.wired.com/wiredscience/2012/02/what-jeremy-lin-teaches-us-about-talent/"
"169622881003778048","","","","","2012-02-15 03:23:40 +0000","<a href=""http://tapbots.com/tweetbot"" rel=""nofollow"">Tweetbot for iOS</a>","The inspiration for my Valentine's fashion statement today was hipster Bill Cosby."
"169589824007831553","169583992763453440","4558","","","2012-02-15 01:12:19 +0000","<a href=""http://tapbots.com/tweetbot"" rel=""nofollow"">Tweetbot for iOS</a>","@harryh Me too except it's almost always someone's dog!"
"169587589714681856","169573837548158977","30801469","","","2012-02-15 01:03:26 +0000","<a href=""http://tapbots.com/tweetbot"" rel=""nofollow"">Tweetbot for iOS</a>","@nickcrocker Ah, Adam at http://t.co/2MMvPvS3! He's great. /cc @MyBodyTutor","http://mybodytutor.com"
"169573582127640576","169572794563174400","30801469","","","2012-02-15 00:07:47 +0000","<a href=""http://itunes.apple.com/us/app/twitter/id409789998?mt=12"" rel=""nofollow"">Twitter for Mac</a>","@nickcrocker Do you mean my reverse new year's resolution? http://t.co/wzdxuysD","http://blog.habitlabs.com/post/11061804386/a-90-day-reverse-new-years-resolution"
"169490633143222272","169485699165339648","186833531","","","2012-02-14 18:38:10 +0000","<a href=""http://tapbots.com/tweetbot"" rel=""nofollow"">Tweetbot for iOS</a>","@gubester @ForrestTheWoods Ha. Noted."
"169311158703112192","","","169307949439778816","4711","2012-02-14 06:45:00 +0000","<a href=""http://tapbots.com/tweetbot"" rel=""nofollow"">Tweetbot for iOS</a>","RT @sippey: ""To the extent that fans replace football with another sport (instead of meth or oxy)..."" http://t.co/flFhkdjz #decisionsdec ...","http://www.grantland.com/story/_/id/7559458/cte-concussion-crisis-economic-look-end-football"
"169288244331155456","","","","","2012-02-14 05:13:57 +0000","<a href=""http://itunes.apple.com/us/app/twitter/id409789998?mt=12"" rel=""nofollow"">Twitter for Mac</a>","Wow, this is really good. @al3x just became one of my favorite writers with this post: http://t.co/l2aZp8QS #business /via @crashdev","http://al3x.net/2012/02/12/on-business-madness.html"
"169286259884306433","","","","","2012-02-14 05:06:04 +0000","<a href=""http://flickr.com/services/twitter/"" rel=""nofollow"">Flickr</a>","8:36pm Passed out briefly in Niko's room. That guy is awesome. http://t.co/9X4BAd6W","http://flic.kr/p/btqem4"
"169263361308102656","168833194064478209","12495752","","","2012-02-14 03:35:04 +0000","<a href=""http://tapbots.com/tweetbot"" rel=""nofollow"">Tweetbot for iOS</a>","@leshill Thanks, I'll definitely look into that!"
"169263278978113536","168933020714283008","1026","","","2012-02-14 03:34:45 +0000","<a href=""http://tapbots.com/tweetbot"" rel=""nofollow"">Tweetbot for iOS</a>","@jfuchs It all ""seems"" to work together at first but I'm finding lots of limitations as I get into it. Too many separate frameworks!"
"169263049583243264","168957876507918337","16355060","","","2012-02-14 03:33:50 +0000","<a href=""http://tapbots.com/tweetbot"" rel=""nofollow"">Tweetbot for iOS</a>","@pugetive What's your setup for HAML and Backbone templates? Underscore is pretty limited..."
"169262629028773889","169261471736414208","1059951","","","2012-02-14 03:32:10 +0000","<a href=""http://tapbots.com/tweetbot"" rel=""nofollow"">Tweetbot for iOS</a>","@MichelleBee @berkun We do share a brain. He hogs it mostly, though."
"169260176795377665","","","169259778063876097","681813","2012-02-14 03:22:25 +0000","<a href=""http://tapbots.com/tweetbot"" rel=""nofollow"">Tweetbot for iOS</a>","RT @avantgame: ""Be kind, for everyone you meet is fighting a hard battle."" I feel like everyone should tweet this, every day."
"169260166385123328","169259778063876097","681813","","","2012-02-14 03:22:23 +0000","<a href=""http://tapbots.com/tweetbot"" rel=""nofollow"">Tweetbot for iOS</a>","@avantgame So true! I think about @craignewmark's ""give people a break"" quite often. And also apply it to myself."
"169259257034842112","","","","","2012-02-14 03:18:46 +0000","<a href=""http://tapbots.com/tweetbot"" rel=""nofollow"">Tweetbot for iOS</a>","Our inability to understand anything other than binary truths/outcomes is gonna be the end of us."
"169252007591411712","","","","","2012-02-14 02:49:57 +0000","<a href=""http://bud.ge"" rel=""nofollow"">Budge</a>","My nemesis in the Pushup Animal program is Niko climbing on me http://t.co/KKcdaMOG","http://bud.ge/n/d7u"
"169248388867559424","169175035393740800","171754967","","","2012-02-14 02:35:35 +0000","<a href=""http://tapbots.com/tweetbot"" rel=""nofollow"">Tweetbot for iOS</a>","@1CharlesH @jensmccabe Cool! Who's talk was that?"
"168804918952591361","168787201218461696","124363227","","","2012-02-12 21:13:23 +0000","<a href=""http://tapbots.com/tweetbot"" rel=""nofollow"">Tweetbot for iOS</a>","@itsninson Yes, our paths will cross some day! Are you ever in Seattle?"
"168761303056400384","168759900426604544","16451653","","","2012-02-12 18:20:04 +0000","<a href=""http://itunes.apple.com/us/app/twitter/id409789998?mt=12"" rel=""nofollow"">Twitter for Mac</a>","@ignart I'm slowly piecing it together, but would love any pointers you run across"
"168757880990859265","168757489205125120","16451653","","","2012-02-12 18:06:28 +0000","<a href=""http://itunes.apple.com/us/app/twitter/id409789998?mt=12"" rel=""nofollow"">Twitter for Mac</a>","@ignart Awesome! Any pointers or code samples of using HAML in Backbone Views?"
"168751836466126849","","","","","2012-02-12 17:42:27 +0000","<a href=""http://itunes.apple.com/us/app/twitter/id409789998?mt=12"" rel=""nofollow"">Twitter for Mac</a>","Nerd question. Has anyone seen coffee script, backbone, and haml all used together to great effect? Is it possible?"
"168731023180435456","","","","","2012-02-12 16:19:45 +0000","<a href=""http://tapbots.com/tweetbot"" rel=""nofollow"">Tweetbot for iOS</a>","This post needs a better title. I propose: News Isn't True. RT @daveschappell: Don't Call Me a Douchebag http://t.co/WY3CosJ6","http://techcrunch.com/2012/02/11/dont-call-me-a-douchebag/"
"168565976038768640","","","","","2012-02-12 05:23:55 +0000","<a href=""http://flickr.com/services/twitter/"" rel=""nofollow"">Flickr</a>","8:36pm Self-edumacation Saturday goes late. Catching up on coffeescript, bootstrap, backbone, devise, and Rails 3.2 http://t.co/RcPmEK47","http://flic.kr/p/bsfBQ4"
"168427724925444096","","","","","2012-02-11 20:14:33 +0000","<a href=""http://bud.ge"" rel=""nofollow"">Budge</a>","My nemesis in the Drinking Problems program is Charles Shaw (turns out I can still drink it!) http://t.co/Fm9IwFMO","http://bud.ge/n/cgl"
"168413005665681409","","","","","2012-02-11 19:16:04 +0000","<a href=""http://www.rdio.com"" rel=""nofollow"">Rdio</a>","? Loving this album right now! Listening to ""The Mistress"" by Yellow Ostrich on @Rdio: http://t.co/B4sItfAa #recommended #album","http://rd.io/x/QFvDPk6AeQ"
"168238347490304000","168238027729141760","223907856","","","2012-02-11 07:42:02 +0000","<a href=""http://tapbots.com/tweetbot"" rel=""nofollow"">Tweetbot for iOS</a>","@droustchev Yeah, what's your email? Email me at buster at http://t.co/oFUdNcs7 if you don't want to tweet it.","http://habitlabs.com"
"168236613204312064","168202865012260864","8710082","","","2012-02-11 07:35:08 +0000","<a href=""http://tapbots.com/tweetbot"" rel=""nofollow"">Tweetbot for iOS</a>","@matthickey Sorta crazy and workaholic unless you wanna meet Niko and I for coffee on Sun. Or try sometime next week."
"168236188505874432","168234554967072768","15486015","","","2012-02-11 07:33:27 +0000","<a href=""http://tapbots.com/tweetbot"" rel=""nofollow"">Tweetbot for iOS</a>","@ScottieYahtzee That is such a classic."
"168192135051493376","","","","","2012-02-11 04:38:24 +0000","<a href=""http://flickr.com/services/twitter/"" rel=""nofollow"">Flickr</a>","8:36pm Nice walk home thinking about logic puzzles for some reason http://t.co/Eh2Y3ZUt","http://flic.kr/p/brJPKz"
"168135749261197313","","","","","2012-02-11 00:54:21 +0000","<a href=""http://bud.ge"" rel=""nofollow"">Budge</a>","My secret ingredient for the Pushup Animal program is Niko copying me http://t.co/zYSSeDtR","http://bud.ge/n/c8g"
"168111252994932736","","","","","2012-02-10 23:17:00 +0000","<a href=""http://bud.ge"" rel=""nofollow"">Budge</a>","My secret ingredient for the Pushup Animal program is knowing that April is doing more pushups than me http://t.co/MoXin2yV","http://bud.ge/n/c8e"
"168092169465380865","168091653096214528","17490227","","","2012-02-10 22:01:10 +0000","<a href=""http://itunes.apple.com/us/app/twitter/id409789998?mt=12"" rel=""nofollow"">Twitter for Mac</a>","@maxdaniels You like it?  :)"
"168091380470648832","168090047067865088","200236063","","","2012-02-10 21:58:02 +0000","<a href=""http://itunes.apple.com/us/app/twitter/id409789998?mt=12"" rel=""nofollow"">Twitter for Mac</a>","@samuelfine Great! What's your email address?  Send it to buster at habitlabs.com if you don't want to tweet it."
"168089770138935296","168089509781704704","200236063","","","2012-02-10 21:51:38 +0000","<a href=""http://itunes.apple.com/us/app/twitter/id409789998?mt=12"" rel=""nofollow"">Twitter for Mac</a>","@samuelfine Yeah, it's a known problem? fix coming soon!"
"168088696166432769","168088323108257792","756336","","","2012-02-10 21:47:22 +0000","<a href=""http://itunes.apple.com/us/app/twitter/id409789998?mt=12"" rel=""nofollow"">Twitter for Mac</a>","@clover Great! What's your email? Send it to buster at habitlabs.com if you'd rather not tweet it."
"168088670438563840","168088261200322560","52161849","","","2012-02-10 21:47:16 +0000","<a href=""http://itunes.apple.com/us/app/twitter/id409789998?mt=12"" rel=""nofollow"">Twitter for Mac</a>","@kristiemacris Share Your Food is brand new! What's your email? Send it to buster at habitlabs.com if you'd rather not tweet it."
"168088451529441281","168088039787204608","17490227","","","2012-02-10 21:46:24 +0000","<a href=""http://itunes.apple.com/us/app/twitter/id409789998?mt=12"" rel=""nofollow"">Twitter for Mac</a>","@maxdaniels Great! What's your email? Send it to buster at habitlabs.com if you'd rather not tweet it."
"168087357843709952","","","","","2012-02-10 21:42:03 +0000","<a href=""http://bud.ge"" rel=""nofollow"">Budge</a>","My nemesis in the Share Your Food program is delicious taco trucks that stare at me all day http://t.co/cyAGXMo1","http://bud.ge/n/c7l"
"168087326944272384","","","","","2012-02-10 21:41:56 +0000","<a href=""http://itunes.apple.com/us/app/twitter/id409789998?mt=12"" rel=""nofollow"">Twitter for Mac</a>","Who wants to help test http://t.co/VSxp2sYJ? I've got some invites to give away? take a look & tell me which program you want to try!","http://bud.ge/store"
"168078001270042624","","","","","2012-02-10 21:04:52 +0000","<a href=""http://itunes.apple.com/us/app/twitter/id409789998?mt=12"" rel=""nofollow"">Twitter for Mac</a>","Super stoked that @webwright is finally building something new! This is gonna be interesting: http://t.co/ELopVkMA","http://www.tonywright.com/2012/mobile-is-whats-next-for-me/"
"168032246329126912","168031759898902528","16366882","","","2012-02-10 18:03:04 +0000","<a href=""http://itunes.apple.com/us/app/twitter/id409789998?mt=12"" rel=""nofollow"">Twitter for Mac</a>","@octavekitten Another new site that looks pretty interesting is http://t.co/JLKcCPxd","http://swole.me/"
"168030203761795073","168027954465607682","16366882","","","2012-02-10 17:54:57 +0000","<a href=""http://itunes.apple.com/us/app/twitter/id409789998?mt=12"" rel=""nofollow"">Twitter for Mac</a>","@octavekitten What kind are you looking for in particular? I reference this page a lot for specific food info: http://t.co/92Q5m151","http://whfoods.com/foodstoc.php"
"168018046412259328","","","168017137531756544","7069062","2012-02-10 17:06:38 +0000","<a href=""http://tapbots.com/tweetbot"" rel=""nofollow"">Tweetbot for iOS</a>","RT @tomharman: A new blog post about @busterbenson's 750words and the value of daily writing: http://t.co/oNRnZU1X","http://blog.harmantom.com/post/17375936929/the-value-of-daily-writing"
"168012075430461440","167990433467736065","14471007","","","2012-02-10 16:42:54 +0000","<a href=""http://tapbots.com/tweetbot"" rel=""nofollow"">Tweetbot for iOS</a>","@dianakimball @irondavy That was a great email filled with awesome ideas! Gonna put my @mentoring hat on today."
"168005944129757186","","","168002802608635906","34322822","2012-02-10 16:18:33 +0000","<a href=""http://tapbots.com/tweetbot"" rel=""nofollow"">Tweetbot for iOS</a>","RT @DrHelenFisher: Last bit of chocolate, last kiss, graduation day experienced as best (positivity effect) prob bec barriers heighten d ..."
"167848107613233153","","","","","2012-02-10 05:51:21 +0000","<a href=""http://itunes.apple.com/us/app/twitter/id409789998?mt=12"" rel=""nofollow"">Twitter for Mac</a>","I ate rice, chicken, and sweet potatoes for dinner. This is a test. #budge"
"167843221500735488","","","167842526613614592","10373972","2012-02-10 05:31:57 +0000","<a href=""http://itunes.apple.com/us/app/twitter/id409789998?mt=12"" rel=""nofollow"">Twitter for Mac</a>","RT @chrisguillebeau: Comparison is the thief of joy. (via @heyamberrae)"
"167832285939372032","","","","","2012-02-10 04:48:29 +0000","<a href=""http://flickr.com/services/twitter/"" rel=""nofollow"">Flickr</a>","8:36pm Talking Pushup Animal with its champion, @the_april http://t.co/YLGocASZ","http://flic.kr/p/briXWB"
"167478159107829761","","","","","2012-02-09 05:21:19 +0000","<a href=""http://flickr.com/services/twitter/"" rel=""nofollow"">Flickr</a>","8:36pm Walking home from a deep conversation with @skwaer http://t.co/yfZjzFdE","http://flic.kr/p/bqRUo6"
"167351558718234624","","","","","2012-02-08 20:58:15 +0000","<a href=""http://itunes.apple.com/us/app/twitter/id409789998?mt=12"" rel=""nofollow"">Twitter for Mac</a>","I've been playing around with the Stress Check app for a while. It's awesome and now we are giving some away: http://t.co/QlQQ0IXw","http://blog.habitlabs.com/post/17276843333/much-love-from-habit-labs-get-your-free-azumio-stress"
"167326678337593344","167287583473278978","43580287","","","2012-02-08 19:19:23 +0000","<a href=""http://itunes.apple.com/us/app/twitter/id409789998?mt=12"" rel=""nofollow"">Twitter for Mac</a>","@nextmat Hm... I'll look into that. What device (phone, iPad, web browser) did you click the invite link from?

Also, you should be in now"
"167107167034421248","","","","","2012-02-08 04:47:07 +0000","<a href=""http://flickr.com/services/twitter/"" rel=""nofollow"">Flickr</a>","8:36pm Talking about the highs and lows of the working life http://t.co/dhhchlwh","http://flic.kr/p/bqo5vc"
"166949005841018880","166893976488656898","1032241","","","2012-02-07 18:18:39 +0000","<a href=""http://itunes.apple.com/us/app/twitter/id409789998?mt=12"" rel=""nofollow"">Twitter for Mac</a>","@trappermarkelz Yes! But I do think that investing is not as interesting as prediction/stating beliefs with accountability."
"166759637998239745","","","166758096604114944","246531241","2012-02-07 05:46:10 +0000","<a href=""http://tapbots.com/tweetbot"" rel=""nofollow"">Tweetbot for iOS</a>","RT @ameliagreenhall: 8 out of ten people who have tried the new @budge flossing program have successfully flossed. #thesnailmakesfunofyo ..."
"166756555872673793","166755241663012865","8710082","","","2012-02-07 05:33:55 +0000","<a href=""http://tapbots.com/tweetbot"" rel=""nofollow"">Tweetbot for iOS</a>","@matthickey No, I want accountability."
"166752876784386049","166751952661790722","113988145","","","2012-02-07 05:19:18 +0000","<a href=""http://itunes.apple.com/us/app/twitter/id409789998?mt=12"" rel=""nofollow"">Twitter for Mac</a>","@jchenry Reputation has a bad rep."
"166752680763596800","","","166752600904056833","17541787","2012-02-07 05:18:31 +0000","<a href=""http://itunes.apple.com/us/app/twitter/id409789998?mt=12"" rel=""nofollow"">Twitter for Mac</a>","RT @kirillzubovsky: @busterbenson don't be hating on my php-fueled social media content aggregator for health related issues for cats ag ..."
"166752122292027392","","","166751952007467008","17977759","2012-02-07 05:16:18 +0000","<a href=""http://itunes.apple.com/us/app/twitter/id409789998?mt=12"" rel=""nofollow"">Twitter for Mac</a>","RT @iamdonte: @busterbenson Before clicking I was hoping it said ""Yo mama so fat..."""
"166751679545475072","","","","","2012-02-07 05:14:33 +0000","<a href=""http://itunes.apple.com/us/app/twitter/id409789998?mt=12"" rel=""nofollow"">Twitter for Mac</a>","Basically, I wish there was a central place to place friendly bets on non-public startups. Dealing in reputation rather than money/access."
"166750707003817984","166750215418822656","14789168","","","2012-02-07 05:10:41 +0000","<a href=""http://itunes.apple.com/us/app/twitter/id409789998?mt=12"" rel=""nofollow"">Twitter for Mac</a>","@adamdole Oh, me too! I'm generally pretty lenient with people and ideas? going out and building in the face of criticism is a rare trait."
"166749945154646016","166749229157584898","29058287","","","2012-02-07 05:07:39 +0000","<a href=""http://itunes.apple.com/us/app/twitter/id409789998?mt=12"" rel=""nofollow"">Twitter for Mac</a>","@garychou It would! Someone else would have to do it though? I'm too busy trying to avoid that fate myself! :)"
"166749010516914176","","","","","2012-02-07 05:03:56 +0000","<a href=""http://flickr.com/services/twitter/"" rel=""nofollow"">Flickr</a>","8:36pm Wish I had the guts to complete this tweet: http://t.co/WxHmlPwo","http://flic.kr/p/bpTRs6"
"166739254452559872","","","166738269986492416","14763501","2012-02-07 04:25:10 +0000","<a href=""http://itunes.apple.com/us/app/twitter/id409789998?mt=12"" rel=""nofollow"">Twitter for Mac</a>","RT @crashdev: ""The Virtues of Autonomy, Efficiency and Skepticism"" - Dr. Seuss titles deconstructed, pure genius! HT @jontinter http://t ..."
"166630642992418816","","","166584628252131328","14986129","2012-02-06 21:13:35 +0000","<a href=""http://tapbots.com/tweetbot"" rel=""nofollow"">Tweetbot for iOS</a>","RT @irondavy: A new blog by me where I write about design for the benefit of my @mentoring mentorees (mentees? manatees?): http://t.co/q ..."
"166594964866859009","166594560246558720","15265271","","","2012-02-06 18:51:49 +0000","<a href=""http://tapbots.com/tweetbot"" rel=""nofollow"">Tweetbot for iOS</a>","@folktrash Go to Broadcast Coffee on 20th and Yesler. It's a cool coffee shop as well."
"166594483641794560","166593161026732032","15265271","","","2012-02-06 18:49:54 +0000","<a href=""http://tapbots.com/tweetbot"" rel=""nofollow"">Tweetbot for iOS</a>","@folktrash Yup."
"166592226812641280","","","","","2012-02-06 18:40:56 +0000","<a href=""http://foursquare.com"" rel=""nofollow"">foursquare</a>","Just used Square's awesome tab feature for 1st time here. Only thing it didn't do was check me in on 4sq! http://t.co/MkVKmFS5","http://4sq.com/AfAaZT"
"166547512411422721","","","166522167306100736","4711","2012-02-06 15:43:15 +0000","<a href=""http://tapbots.com/tweetbot"" rel=""nofollow"">Tweetbot for iOS</a>","RT @sippey: .@kk on super bowl advertising: ""the early clips were commercials for the commercials of the commercials."" http://t.co/jY9KuiFL","http://www.kk.org/thetechnium/archives/2012/02/next_phase_of_c.php?utm_source=feedburner&utm_medium=email&utm_campaign=Feed%3A+thetechnium+%28The+Technium%29"
"166390635706843137","","","","","2012-02-06 05:19:53 +0000","<a href=""http://flickr.com/services/twitter/"" rel=""nofollow"">Flickr</a>","8:36pm Catching up on what PhoneGap has improved lately. http://t.co/8nsdFYzg","http://flic.kr/p/bpmDpX"
"166388031715151872","","","166382578511785984","326617601","2012-02-06 05:09:32 +0000","<a href=""http://itunes.apple.com/us/app/twitter/id409789998?mt=12"" rel=""nofollow"">Twitter for Mac</a>","RT @spozbo: @busterbenson the patriots had more tweets when they were in the lead, and now (after the game) the giants are in the lead"
"166299055016779779","","","","","2012-02-05 23:15:59 +0000","<a href=""http://itunes.apple.com/us/app/twitter/id409789998?mt=12"" rel=""nofollow"">Twitter for Mac</a>","What's ultimately more important for a team to get: points or tweets? Or are they the same thing?"
"166297951591862273","","","","","2012-02-05 23:11:35 +0000","<a href=""http://itunes.apple.com/us/app/twitter/id409789998?mt=12"" rel=""nofollow"">Twitter for Mac</a>","Not watching the #superbowl but this is pretty cool. RT @sacca: This site is hot: https://t.co/WPFI55Kt","https://sb46.twitter.com/"
"166018638195855360","","","","","2012-02-05 04:41:42 +0000","<a href=""http://flickr.com/services/twitter/"" rel=""nofollow"">Flickr</a>","8:36pm Celebrating birth with Aimee before heading over to celebrate with Megan http://t.co/i3sRjYNj","http://flic.kr/p/boJHui"
"165988329815412736","165936950149259264","17977759","","","2012-02-05 02:41:16 +0000","<a href=""http://itunes.apple.com/us/app/twitter/id409789998?mt=12"" rel=""nofollow"">Twitter for Mac</a>","@iamdonte According to twitter, you and @andypixel hanging out together would create a fun explosion!"
"165985736791822336","","180287955","","","2012-02-05 02:30:58 +0000","web","@Graham_Kendall Why didn't you re-run the Prisoner's Dilemma tournament in 2005? Was collusion too difficult to avoid with players?"
"165981390876323840","","","","","2012-02-05 02:13:42 +0000","<a href=""http://itunes.apple.com/us/app/twitter/id409789998?mt=12"" rel=""nofollow"">Twitter for Mac</a>","Interesting results from a 2004 competition for Iterated Prisoner's Dilemma where ""Tit for Tat"" didn't win: http://t.co/zIwE00L8 #altruism","http://www.wired.com/culture/lifestyle/news/2004/10/65317"
"165929617868337152","","","165928967545683968","3225381","2012-02-04 22:47:58 +0000","<a href=""http://tapbots.com/tweetbot"" rel=""nofollow"">Tweetbot for iOS</a>","RT @charliepark: @busterbenson I'm going to go with ?me?. Although my fun might not be everyone's. Last night: programming, by a fire, w ..."
"165929118544830464","165928366648737792","18231040","","","2012-02-04 22:45:59 +0000","<a href=""http://tapbots.com/tweetbot"" rel=""nofollow"">Tweetbot for iOS</a>","@bethbates I wish!"
"165929049477226497","165928382880694272","6726182","","","2012-02-04 22:45:42 +0000","<a href=""http://tapbots.com/tweetbot"" rel=""nofollow"">Tweetbot for iOS</a>","@TheCulprit I'm not sure about artists. But 8 year olds: yes!"
"165927668569751553","","","","","2012-02-04 22:40:13 +0000","<a href=""http://tapbots.com/tweetbot"" rel=""nofollow"">Tweetbot for iOS</a>","Who, out of everyone, has the most fun?"
"165824853725818881","","","","","2012-02-04 15:51:40 +0000","<a href=""http://www.apple.com"" rel=""nofollow"">Safari on iOS</a>","A balanced dopamine system turns out to produce the best investors. #psychology http://t.co/pNdgFcwC","http://online.wsj.com/article/SB10001424052970204740904577193413554397928.html?mod=wsj_share_tweet"
"165822974711173120","","","","","2012-02-04 15:44:12 +0000","<a href=""http://summify.com"" rel=""nofollow"">Summify</a>","Do the dead outnumber the living? http://t.co/5WnMdDXT (via @summify)","http://smf.is/1FxhJB"
"165655763249930240","","","","","2012-02-04 04:39:46 +0000","<a href=""http://flickr.com/services/twitter/"" rel=""nofollow"">Flickr</a>","8:36pm Walking home. http://t.co/xH6Lkfe8","http://flic.kr/p/boeUue"
"165326660223246336","","","","","2012-02-03 06:52:02 +0000","<a href=""http://twitter.com/tweetbutton"" rel=""nofollow"">Tweet Button</a>","I just bought 'The Evolution of Cooperation' by Robert Axelrod http://t.co/lldV5M9v (talks about iterated prisoners' dilemma strategy)","http://www.amazon.com/dp/0465005640/ref=cm_sw_r_tw_asp_ADs8D.1V3S9GH"
"165294181567311872","","","","","2012-02-03 04:42:58 +0000","<a href=""http://flickr.com/services/twitter/"" rel=""nofollow"">Flickr</a>","8:36pm Feeling a little nutty and scattered. http://t.co/RguKqqRX","http://flic.kr/p/bnNtuM"
"165275118677934080","165271504836231169","15019184","","","2012-02-03 03:27:13 +0000","<a href=""http://tapbots.com/tweetbot"" rel=""nofollow"">Tweetbot for iOS</a>","@heyamberrae You're right! I've probably watched it 5 times already! Topic is right on... AND @shawnachor is also a great speaker."
"165159951382233091","165154151188267008","174538822","","","2012-02-02 19:49:35 +0000","<a href=""http://itunes.apple.com/us/app/twitter/id409789998?mt=12"" rel=""nofollow"">Twitter for Mac</a>","@kernelsandseeds Hahaha. Babies, so easily confused. :)"
"165144878706204672","165140536334880768","9381242","","","2012-02-02 18:49:41 +0000","<a href=""http://itunes.apple.com/us/app/twitter/id409789998?mt=12"" rel=""nofollow"">Twitter for Mac</a>","@katrina_ Yeah sure! What days/times do you have available?"
"165112163848028161","","","165110346372231170","10880202","2012-02-02 16:39:42 +0000","<a href=""http://tapbots.com/tweetbot"" rel=""nofollow"">Tweetbot for iOS</a>","RT @Philanthropy: Donors Quickly Replace Planned Parenthood?s Lost Komen Funds http://t.co/UcC6I6oU","http://ow.ly/1h6poO"
"165111643355881474","","","164479399654195200","14321959","2012-02-02 16:37:38 +0000","<a href=""http://tapbots.com/tweetbot"" rel=""nofollow"">Tweetbot for iOS</a>","RT @umairh: Create a Meaningful Life Through Meaningful Work - Umair Haque - Harvard Business Review: http://t.co/Vqw2wbZi","http://bit.ly/w283BM"
"165099536660971520","","","165092960394940416","804808","2012-02-02 15:49:31 +0000","<a href=""http://tapbots.com/tweetbot"" rel=""nofollow"">Tweetbot for iOS</a>","RT @daryn: It's official: the teachstreet team has joined @amazonlocal! http://t.co/xc5olrL5","http://www.geekwire.com/2012/exclusive-amazoncom-buys-teachstreet"
"164958010194665472","164956270833573888","761628","","","2012-02-02 06:27:09 +0000","<a href=""http://itunes.apple.com/us/app/twitter/id409789998?mt=12"" rel=""nofollow"">Twitter for Mac</a>","@RickWebb Well I look forward to hearing more when the time is right!"
"164954715556290560","164953572344217600","761628","","","2012-02-02 06:14:03 +0000","<a href=""http://tapbots.com/tweetbot"" rel=""nofollow"">Tweetbot for iOS</a>","@RickWebb Ooooh! Why two?"
"164931333020327937","","","","","2012-02-02 04:41:08 +0000","<a href=""http://flickr.com/services/twitter/"" rel=""nofollow"">Flickr</a>","8:36pm Catching up on exciting gay marriage news with Sopor http://t.co/9uz3N4o4","http://flic.kr/p/bnkLtK"
"164678391742742528","","","","","2012-02-01 11:56:02 +0000","<a href=""http://tapbots.com/tweetbot"" rel=""nofollow"">Tweetbot for iOS</a>","Super scary! RT @waxylinks: Nano quadrotors flying in formation: don't miss the figure 8 pattern at the end [via]  http://t.co/1vb6RwYd","http://bit.ly/yOpm98"
