"tweet_id","in_reply_to_status_id","in_reply_to_user_id","retweeted_status_id","retweeted_status_user_id","timestamp","source","text","expanded_urls"
"197168637893804033","","","","","2012-05-01 03:40:41 +0000","<a href=""http://instagr.am"" rel=""nofollow"">Instagram</a>","8:36pm In the dark with Niko, exhausted after a day of no naps and lots of trains tags:8:36pm http://t.co/Ef31FPHu","http://instagr.am/p/KEbrDdI0N-/"
"197167937189187585","","","","","2012-05-01 03:37:54 +0000","<a href=""http://tapbots.com/tweetbot"" rel=""nofollow"">Tweetbot for iOS</a>","How little exercise do we need? http://t.co/KhABduD0 /via @joinsessions","http://nyti.ms/JmtfRw"
"197108448738017280","","","","","2012-04-30 23:41:30 +0000","<a href=""http://itunes.apple.com/us/app/twitter/id409789998?mt=12"" rel=""nofollow"">Twitter for Mac</a>","""Never heard of FOMO? You're missing out."" - @zen_habits on his 39th lesson: http://t.co/RhMA84Vl","http://zenhabits.net/39th/"
"197105676860915712","197101011800829953","27112594","","","2012-04-30 23:30:30 +0000","<a href=""http://tapbots.com/tweetbot"" rel=""nofollow"">Tweetbot for iOS</a>","@robbymet Good question. Seems less about saving money and more about spending it on better things. /cc @GOOD"
"197044184740397057","","","","","2012-04-30 19:26:09 +0000","<a href=""http://mobile.twitter.com"" rel=""nofollow"">Mobile Web</a>","Change habits and give to charity! RT @GOOD: This new microphilanthropy app helps you buy less--and give generously. http://t.co/8neiQwug","http://bit.ly/Ij8N5Y"
"197034908185673729","","","","","2012-04-30 18:49:17 +0000","<a href=""http://instagr.am"" rel=""nofollow"">Instagram</a>","Trainspotting dude date  @ Old Spaghetti Factory http://t.co/aKqo8eyS","http://instagr.am/p/KDeyyZI0C5/"
"197010922781413376","","","","","2012-04-30 17:13:58 +0000","<a href=""http://itunes.apple.com/us/app/twitter/id409789998?mt=12"" rel=""nofollow"">Twitter for Mac</a>","Has a non-fiction book ever changed your mind? What about a tweet? What's the best length for persuasive text? http://t.co/2UrBJgxv","http://www.thedominoproject.com/2012/04/tracts-and-books.html"
"197010727213608961","197010568413052928","408","","","2012-04-30 17:13:12 +0000","<a href=""http://itunes.apple.com/us/app/twitter/id409789998?mt=12"" rel=""nofollow"">Twitter for Mac</a>","@endquote The cron just sends electrodes to my brain when I need to send another text."
"197005348337483776","197005058439782400","73289095","","","2012-04-30 16:51:49 +0000","<a href=""http://itunes.apple.com/us/app/twitter/id409789998?mt=12"" rel=""nofollow"">Twitter for Mac</a>","@thuntnet Thanks! We made all the programs free and limited it to 3 at a time until we figure out our pricing model (probably $5/program)."
"197002796216758273","","","","","2012-04-30 16:41:41 +0000","<a href=""http://bud.ge"" rel=""nofollow"">Budge</a>","My secret ingredient for the Pushup Animal program is a new 7:30am alarm http://t.co/jmzC7fvC","http://bud.ge/n/1s6i"
"196806273281441792","","","","","2012-04-30 03:40:46 +0000","<a href=""http://flickr.com/services/twitter/"" rel=""nofollow"">Flickr</a>","8:36pm Falling asleep while Niko and Kellianne read http://t.co/EpWrLxDf","http://flic.kr/p/bRMRkR"
"196723298665627648","196720515581362176","15275073","","","2012-04-29 22:11:04 +0000","<a href=""http://itunes.apple.com/us/app/twitter/id409789998?mt=12"" rel=""nofollow"">Twitter for Mac</a>","@tberman Tumblr."
"196719973299785728","196719744169152512","21693","","","2012-04-29 21:57:51 +0000","<a href=""http://itunes.apple.com/us/app/twitter/id409789998?mt=12"" rel=""nofollow"">Twitter for Mac</a>","@Folletto It's pretty central to an idea that should be launching in the next month or so."
"196719399590305792","196719056152305664","21693","","","2012-04-29 21:55:34 +0000","<a href=""http://itunes.apple.com/us/app/twitter/id409789998?mt=12"" rel=""nofollow"">Twitter for Mac</a>","@Folletto Not for that exactly? but it's my current attempt at combining several different behavior change theories /cc @avantgame"
"196713544702627840","","","","","2012-04-29 21:32:18 +0000","<a href=""http://itunes.apple.com/us/app/twitter/id409789998?mt=12"" rel=""nofollow"">Twitter for Mac</a>","I'm gonna by participating in the 4-week Habit Course, starting tomorrow! You can still sign up: http://t.co/cFdkTDZy #stoked","http://habitcourse.com/"
"196709014082560000","","","","","2012-04-29 21:14:18 +0000","<a href=""http://itunes.apple.com/us/app/twitter/id409789998?mt=12"" rel=""nofollow"">Twitter for Mac</a>","Here's a bigger version of the ""how to succeed at anything"" image I drew the other day: http://t.co/l0W1owRJ","http://bustr.me/post/22075184832/heres-a-bigger-and-cleaner-version-of-the-drawing"
"196655078353018880","196651751674347520","2367271","","","2012-04-29 17:39:59 +0000","<a href=""http://tapbots.com/tweetbot"" rel=""nofollow"">Tweetbot for iOS</a>","@TerryBain Thank you. That site and the previous video are exactly what I was looking for."
"196637123993018369","196636844761427968","16366882","","","2012-04-29 16:28:38 +0000","<a href=""http://tapbots.com/tweetbot"" rel=""nofollow"">Tweetbot for iOS</a>","@octavekitten Awesome! I'm interested in anything technique-related. I'll take a look at these links too!"
"196634436245262337","196630920139251714","14290242","","","2012-04-29 16:17:57 +0000","<a href=""http://tapbots.com/tweetbot"" rel=""nofollow"">Tweetbot for iOS</a>","@maggim Yeah I'd love to hear it!"
"196628688652075008","196628377040453632","14290242","","","2012-04-29 15:55:07 +0000","<a href=""http://tapbots.com/tweetbot"" rel=""nofollow"">Tweetbot for iOS</a>","@maggim Thanks! I'm researching a hunch about behavior change in humans versus dogs. :)"
"196627258985824259","","","","","2012-04-29 15:49:26 +0000","<a href=""http://tapbots.com/tweetbot"" rel=""nofollow"">Tweetbot for iOS</a>","Dog people! I'm looking for good online resources for puppy training... what's the best you've seen?"
"196430084477960192","","","","","2012-04-29 02:45:56 +0000","<a href=""http://tapbots.com/tweetbot"" rel=""nofollow"">Tweetbot for iOS</a>","?@kellianne: U http://t.co/N3ek5HJk? &lt;-- I suspect @nikobenson's handiwork here.","http://bit.ly/KibBUW"
"196355816939470850","196346924469723138","43352336","","","2012-04-28 21:50:49 +0000","<a href=""http://itunes.apple.com/us/app/twitter/id409789998?mt=12"" rel=""nofollow"">Twitter for Mac</a>","@ryan_vanderbilt Thanks! Starting small is such a simple strategy, but it continues to work time and time again."
"196277719351300096","196274589775560706","17958179","","","2012-04-28 16:40:29 +0000","<a href=""http://itunes.apple.com/us/app/twitter/id409789998?mt=12"" rel=""nofollow"">Twitter for Mac</a>","@brennannovak It looks great!  Will it remind me to check in occasionally?"
"196265496784551939","196259986739953666","7622622","","","2012-04-28 15:51:55 +0000","<a href=""http://tapbots.com/tweetbot"" rel=""nofollow"">Tweetbot for iOS</a>","@PoorYorick Agreed!"
"196265465855750144","196262443125702656","17958179","","","2012-04-28 15:51:48 +0000","<a href=""http://tapbots.com/tweetbot"" rel=""nofollow"">Tweetbot for iOS</a>","@brennannovak I'm working on it: http://t.co/EJN3jAoe","http://bit.ly/IZMwu0"
"196260692603584514","","","","","2012-04-28 15:32:50 +0000","<a href=""http://tapbots.com/tweetbot"" rel=""nofollow"">Tweetbot for iOS</a>","One of the reasons habits are so difficult to change is because of other habits."
"196258696660131840","","","","","2012-04-28 15:24:54 +0000","web","I want a mechanical counter (the kind used to count people) that also tracks time + GPS of each click. iPhone app would work too."
"196253357516668930","","","","","2012-04-28 15:03:41 +0000","<a href=""http://bud.ge"" rel=""nofollow"">Budge</a>","My secret ingredient is Starting up a new 1,000 pushups in 30 days attempt. Also using http://t.co/GNx5IZZh! http://t.co/pxr9Jh1R","http://21habit.com","http://bud.ge/n/1qlu"
"196252415522123776","196252163809353730","7565162","","","2012-04-28 14:59:56 +0000","<a href=""http://itunes.apple.com/us/app/twitter/id409789998?mt=12"" rel=""nofollow"">Twitter for Mac</a>","@michaelmcdaniel If you read it, let me know what you think."
"196252359578484736","196252163809353730","7565162","","","2012-04-28 14:59:43 +0000","<a href=""http://itunes.apple.com/us/app/twitter/id409789998?mt=12"" rel=""nofollow"">Twitter for Mac</a>","@michaelmcdaniel I do recommend it! It's very clear about the mechanics and application of habit change. Cue -&gt; routine -&gt; reward."
"196251681598615552","196251353499176961","7565162","","","2012-04-28 14:57:01 +0000","<a href=""http://tapbots.com/tweetbot"" rel=""nofollow"">Tweetbot for iOS</a>","@michaelmcdaniel Just read it and actually thought it was pretty good!"
"196080865900634112","","","","","2012-04-28 03:38:16 +0000","<a href=""http://flickr.com/services/twitter/"" rel=""nofollow"">Flickr</a>","8:36pm At a Finishing School meetup http://t.co/kdCNWPfY","http://flic.kr/p/bChH1y"
"195999509430550528","","","","","2012-04-27 22:14:59 +0000","<a href=""http://tapbots.com/tweetbot"" rel=""nofollow"">Tweetbot for iOS</a>","Ha, best answer: RT @evanjacobs: @busterbenson 1,000,000 pushups in one lifetime"
"195993106657718272","195992822090956800","93478440","","","2012-04-27 21:49:32 +0000","<a href=""http://itunes.apple.com/us/app/twitter/id409789998?mt=12"" rel=""nofollow"">Twitter for Mac</a>","@brianmwang Yeah, something like that. Trying to see if people are more impressed by physical strength or willpower. So far 3:1."
"195990851145568256","","","","","2012-04-27 21:40:34 +0000","<a href=""http://tapbots.com/tweetbot"" rel=""nofollow"">Tweetbot for iOS</a>","Which is more impressive to you: 100 pushups in 1 set, or 1,000 pushups in 1 month?"
"195931812143431680","195923384679399424","1105771","","","2012-04-27 17:45:58 +0000","<a href=""http://itunes.apple.com/us/app/twitter/id409789998?mt=12"" rel=""nofollow"">Twitter for Mac</a>","@krrish Thanks for trying it out! Let me know what you think of it."
"195926855927341056","194939489334996994","455234794","","","2012-04-27 17:26:17 +0000","<a href=""http://twitter.com/tweetbutton"" rel=""nofollow"">Tweet Button</a>","@SlidingAutonomy Nice! What do I have to do to get included in this small group of testers?"
"195730085553246208","195722886139486208","196745496","","","2012-04-27 04:24:23 +0000","<a href=""http://itunes.apple.com/us/app/twitter/id409789998?mt=12"" rel=""nofollow"">Twitter for Mac</a>","@sarahkpeck I don't think it's possible to avoid having beliefs. Given that they're unavoidable, might as well be aware of them!"
"195722053175869440","","","","","2012-04-27 03:52:28 +0000","<a href=""http://flickr.com/services/twitter/"" rel=""nofollow"">Flickr</a>","8:36pm Still light out http://t.co/chqbGGgt","http://flic.kr/p/bQXAbt"
"195670864912592897","195670495276974080","681813","","","2012-04-27 00:29:04 +0000","<a href=""http://tapbots.com/tweetbot"" rel=""nofollow"">Tweetbot for iOS</a>","@avantgame Thanks. It's funny because it's true!"
"195669225505959937","195668569260957696","8710082","","","2012-04-27 00:22:33 +0000","<a href=""http://tapbots.com/tweetbot"" rel=""nofollow"">Tweetbot for iOS</a>","@matthickey I like that. It's my turn so hard I want to kill myself."
"195669051803049985","","","","","2012-04-27 00:21:51 +0000","<a href=""http://tapbots.com/tweetbot"" rel=""nofollow"">Tweetbot for iOS</a>","Anyone who gives you a # of days before a habit sticks is A) selling you something and B) telling you when your warranty expires on it."
"195667413176557568","","","","","2012-04-27 00:15:21 +0000","<a href=""http://tapbots.com/tweetbot"" rel=""nofollow"">Tweetbot for iOS</a>","I wish iPhone games like Draw Something would prevent me from starting too many matches. Now I don't even want to open the app!"
"195647963018706945","195624599235461121","14095370","","","2012-04-26 22:58:04 +0000","<a href=""http://tapbots.com/tweetbot"" rel=""nofollow"">Tweetbot for iOS</a>","@OffbeatAriel Niko is http://t.co/8PXFd2rd :) Can't wait to get him making stuff! What about Tavi?","http://bit.ly/IV8UVj"
"195616090510987264","","","","","2012-04-26 20:51:25 +0000","<a href=""http://itunes.apple.com/us/app/twitter/id409789998?mt=12"" rel=""nofollow"">Twitter for Mac</a>","Agreed! @diy looks right up @nikobenson's alley! MT @amyjokim: beautifully designed site + compelling value prop: DIY http://t.co/9ObSRr4o","http://bit.ly/IAgNSB"
"195590320090644480","","","195582636150894592","8070502","2012-04-26 19:09:00 +0000","web","RT @danshapiro: ""Gangbang Interviews"" and ""Bikini Shots"": Silicon Valley?s Brogrammer Problem http://t.co/rLK5QKIC by @tasneemraja","http://motherjones.com/media/2012/04/silicon-valley-brogrammer-culture-sexist-sxsw"
"195572614553538560","","","195555922670665729","947851","2012-04-26 17:58:39 +0000","<a href=""http://itunes.apple.com/us/app/twitter/id409789998?mt=12"" rel=""nofollow"">Twitter for Mac</a>","RT @dreeves: Just announced: Seattle Quantified Self Show + Tell, now at Founder's Co-op, June 13. Please join us! http://t.co/viAtzsr3  ...","http://www.meetup.com/Quantified-Self-Seattle/events/61134552/"
"195517728243728385","195515497238892545","16644937","","","2012-04-26 14:20:33 +0000","<a href=""http://tapbots.com/tweetbot"" rel=""nofollow"">Tweetbot for iOS</a>","@the_april Amazon gets a lot of their deals from Living Social but the types are basically the same."
"195503300710379521","195503010988834817","20833838","","","2012-04-26 13:23:13 +0000","<a href=""http://tapbots.com/tweetbot"" rel=""nofollow"">Tweetbot for iOS</a>","@carinnatarvin Good morning to you too! Headed to school?"
"195502260413931520","","","","","2012-04-26 13:19:05 +0000","<a href=""http://tapbots.com/tweetbot"" rel=""nofollow"">Tweetbot for iOS</a>","AmazonLocal added some personalization to their deals! http://t.co/5ZRzVTgp","http://dthin.gs/KdqLGl"
"195498233328443392","195442528164642816","56975501","","","2012-04-26 13:03:05 +0000","<a href=""http://tapbots.com/tweetbot"" rel=""nofollow"">Tweetbot for iOS</a>","@mathkas Not yet. I'll scan it later today and post it on Twitter."
"195367929506832384","195329862733541376","15727738","","","2012-04-26 04:25:18 +0000","<a href=""http://tapbots.com/tweetbot"" rel=""nofollow"">Tweetbot for iOS</a>","@cwhogg Thank you, sir!"
"195356538871885824","","","","","2012-04-26 03:40:03 +0000","<a href=""http://flickr.com/services/twitter/"" rel=""nofollow"">Flickr</a>","8:36pm Watching Dinosaur Train from our forts http://t.co/HBvfLXzR","http://flic.kr/p/bBMPE9"
"195309984047833089","195307789013368834","15489470","","","2012-04-26 00:35:03 +0000","<a href=""http://tapbots.com/tweetbot"" rel=""nofollow"">Tweetbot for iOS</a>","@bejon Thank you, sir!"
"195306971254104064","","","","","2012-04-26 00:23:05 +0000","<a href=""http://itunes.apple.com/us/app/twitter/id409789998?mt=12"" rel=""nofollow"">Twitter for Mac</a>","Woah, thanks! RT @timoreilly: How to succeed at anything http://t.co/2OTNxpmn Very nicely done @busterbenson!","http://bit.ly/I2dO2O"
"195306525458309121","195296190970085376","62136032","","","2012-04-26 00:21:18 +0000","<a href=""http://itunes.apple.com/us/app/twitter/id409789998?mt=12"" rel=""nofollow"">Twitter for Mac</a>","@dantebriones He's just a slacker. Practice makes perfect."
"195268700658606080","195258870090838017","28364425","","","2012-04-25 21:51:00 +0000","<a href=""http://itunes.apple.com/us/app/twitter/id409789998?mt=12"" rel=""nofollow"">Twitter for Mac</a>","@hdyar I think that's a true statement. :)"
"195256150537678851","195253254416908288","260","","","2012-04-25 21:01:08 +0000","<a href=""http://itunes.apple.com/us/app/twitter/id409789998?mt=12"" rel=""nofollow"">Twitter for Mac</a>","@sharon Hm? yeah, I guess it does. I sympathize with the struggle! :("
"195251391793602561","195250647845707777","9526102","","","2012-04-25 20:42:14 +0000","<a href=""http://tapbots.com/tweetbot"" rel=""nofollow"">Tweetbot for iOS</a>","@LBStone That's true. I'm thinking more on the level of ""I tried to learn how to juggle but failed"" and tried 9 other times..."
"195251135643271168","195250111528443905","761628","","","2012-04-25 20:41:12 +0000","<a href=""http://tapbots.com/tweetbot"" rel=""nofollow"">Tweetbot for iOS</a>","@RickWebb I think individually."
"195249627291852800","195249148277178368","761628","","","2012-04-25 20:35:13 +0000","<a href=""http://tapbots.com/tweetbot"" rel=""nofollow"">Tweetbot for iOS</a>","@RickWebb I'd love to see the list! I think they do exist (I have a bunch too), but that they are worth bringing more attention to."
"195249021969907713","","","","","2012-04-25 20:32:49 +0000","<a href=""http://itunes.apple.com/us/app/twitter/id409789998?mt=12"" rel=""nofollow"">Twitter for Mac</a>","How many things have to really tried to do 10 times, and have failed to do all 10 times?"
"195247093311475714","","","","","2012-04-25 20:25:09 +0000","<a href=""http://instagr.am"" rel=""nofollow"">Instagram</a>","4 steps to succeed at anything and everything! http://t.co/nPTZ8Vxu","http://instagr.am/p/J2x46Xo0PD/"
"195198375715553280","","","","","2012-04-25 17:11:34 +0000","<a href=""http://itunes.apple.com/us/app/twitter/id409789998?mt=12"" rel=""nofollow"">Twitter for Mac</a>","Notes like this from patrons of http://t.co/UXCYBb9J make me really happy: http://t.co/2wzVO407 #consistency #behaviorchange","http://750words.com","http://750words.com/patrons/note/2550"
"195180197555867649","","","","","2012-04-25 15:59:20 +0000","<a href=""http://www.tumblr.com/"" rel=""nofollow"">Tumblr</a>","Listening to Headin' For The Top Now from Spiritualized's new album: http://t.co/uydRXN9x","http://tmblr.co/ZQJvayKIZXLP"
"195169522884419584","195169378566811648","16366882","","","2012-04-25 15:16:54 +0000","<a href=""http://itunes.apple.com/us/app/twitter/id409789998?mt=12"" rel=""nofollow"">Twitter for Mac</a>","@octavekitten Same guy!"
"195167039927754753","","","","","2012-04-25 15:07:03 +0000","<a href=""http://itunes.apple.com/us/app/twitter/id409789998?mt=12"" rel=""nofollow"">Twitter for Mac</a>","If you've got flash, check this out (and wait a bit for it to load): http://t.co/4UO3JLm1 #donothing","http://calm.com/"
"195017064799412224","","","","","2012-04-25 05:11:06 +0000","<a href=""http://instagr.am"" rel=""nofollow"">Instagram</a>","Checkin it out  @ The Upstairs http://t.co/HjB3jjXB","http://instagr.am/p/J1JNmdI0EB/"
"195008109377359872","","","","","2012-04-25 04:35:31 +0000","<a href=""http://flickr.com/services/twitter/"" rel=""nofollow"">Flickr</a>","8:36pm Talking about believing in magic on date night http://t.co/bMLpV49j","http://flic.kr/p/bQrpVn"
"194902394335801344","194901609233387520","20089412","","","2012-04-24 21:35:26 +0000","<a href=""http://itunes.apple.com/us/app/twitter/id409789998?mt=12"" rel=""nofollow"">Twitter for Mac</a>","@CHendriksen Nope. As far as I can tell it doesn't do anything other than check you in to the place and tell you how many points you got."
"194900310278414336","","","","","2012-04-24 21:27:09 +0000","<a href=""http://itunes.apple.com/us/app/twitter/id409789998?mt=12"" rel=""nofollow"">Twitter for Mac</a>","People who use @foursquare: check out Checkie: a super fast way to check in with 1-click: http://t.co/AwHedNLN #recommended","http://itunes.apple.com/us/app/checkie/id382356167?ls=1&mt=8"
"194860849129717760","194857824122175488","7565162","","","2012-04-24 18:50:21 +0000","<a href=""http://itunes.apple.com/us/app/twitter/id409789998?mt=12"" rel=""nofollow"">Twitter for Mac</a>","@michaelmcdaniel They could, in theory. But their brands haven't quite risen above the payment plan, especially as their biz models suffer."
"194853033153265664","194851682054713344","11604","","","2012-04-24 18:19:17 +0000","<a href=""http://itunes.apple.com/us/app/twitter/id409789998?mt=12"" rel=""nofollow"">Twitter for Mac</a>","@torrez I didn't know that about Craftsman. That's pretty awesome."
"194850823774285825","","","","","2012-04-24 18:10:31 +0000","<a href=""http://itunes.apple.com/us/app/twitter/id409789998?mt=12"" rel=""nofollow"">Twitter for Mac</a>","My Google Drive isn't ready yet. Maybe it had a late night and is a little sleepy. https://t.co/dLBLE4vD","https://drive.google.com/start"
"194850251834789888","194850153503539201","6604252","","","2012-04-24 18:08:14 +0000","<a href=""http://itunes.apple.com/us/app/twitter/id409789998?mt=12"" rel=""nofollow"">Twitter for Mac</a>","@jonassink Actual products."
"194849631069413377","","","","","2012-04-24 18:05:46 +0000","<a href=""http://itunes.apple.com/us/app/twitter/id409789998?mt=12"" rel=""nofollow"">Twitter for Mac</a>","Can you think about any brands that are about caring about giving you long-term value (over a short-term sale)?"
"194840970506928130","","","","","2012-04-24 17:31:21 +0000","<a href=""http://itunes.apple.com/us/app/twitter/id409789998?mt=12"" rel=""nofollow"">Twitter for Mac</a>","The Habit Onion: http://t.co/Z7Bcr1ha","http://blog.habitlabs.com/post/21722194688/the-habit-onion"
"194840605120135168","194838034880016384","15949989","","","2012-04-24 17:29:54 +0000","<a href=""http://tapbots.com/tweetbot"" rel=""nofollow"">Tweetbot for iOS</a>","@shanknits Not that I'm aware. Which site are you having trouble with?"
"194810762697519104","","","","","2012-04-24 15:31:19 +0000","<a href=""http://itunes.apple.com/us/app/twitter/id409789998?mt=12"" rel=""nofollow"">Twitter for Mac</a>","Yes! --&gt; ""The key is to focus less on the device and more on the individuals using the device."" http://t.co/HOpBPMkM","http://taylordavidson.com/writing/2012/04/23/context-first"
"194633559758221312","","","","","2012-04-24 03:47:11 +0000","<a href=""http://flickr.com/services/twitter/"" rel=""nofollow"">Flickr</a>","8:36pm Guy's night: yogurt, leftovers, and lion rawrs for dinner http://t.co/1FqjRuTP","http://flic.kr/p/bBeVPU"
"194600315415302145","","","194580559962439681","389974502","2012-04-24 01:35:05 +0000","<a href=""http://mobile.twitter.com"" rel=""nofollow"">Mobile Web</a>","RT @ANNELAMOTT: You own everything that happened to you. Tell your stories. If people wanted you to write warmly about them, they should ..."
"194589718053269505","194587744419319809","776429","","","2012-04-24 00:52:58 +0000","<a href=""http://tapbots.com/tweetbot"" rel=""nofollow"">Tweetbot for iOS</a>","@spangley @ryanchris @k @tberman ""He loved this idea."""
"194588768777412608","","","","","2012-04-24 00:49:12 +0000","<a href=""http://tapbots.com/tweetbot"" rel=""nofollow"">Tweetbot for iOS</a>","So good to have him back! RT @zefrank: episode 7 : ""Thinks Like Me"" : http://t.co/Rsi3PZ6H : features stefan bucher!","http://bit.ly/I5JVm1"
"194585375971344384","","","","","2012-04-24 00:35:43 +0000","<a href=""http://tapbots.com/tweetbot"" rel=""nofollow"">Tweetbot for iOS</a>","Enjoyed the webinar on Leo Babauta's Habit Course. Does anyone know him well enough to intro me? I'd love to help."
"194565076781510656","","","","","2012-04-23 23:15:03 +0000","<a href=""http://itunes.apple.com/us/app/twitter/id409789998?mt=12"" rel=""nofollow"">Twitter for Mac</a>","Watching @zen_habits on Ustream as he talks about habits. Loving it. http://t.co/k1lIP031","http://www.ustream.tv/channel/the-habit-course"
"194555268263182336","194554879954534400","4558","","","2012-04-23 22:36:05 +0000","<a href=""http://itunes.apple.com/us/app/twitter/id409789998?mt=12"" rel=""nofollow"">Twitter for Mac</a>","@harryh That's why I am so obsessed with the intersection of those two points."
"194540605911728128","194538917662433280","95100239","","","2012-04-23 21:37:49 +0000","<a href=""http://itunes.apple.com/us/app/twitter/id409789998?mt=12"" rel=""nofollow"">Twitter for Mac</a>","@NickAnderegg Awesome. Post it!"
"194536157739102208","194535118260535296","95100239","","","2012-04-23 21:20:08 +0000","<a href=""http://itunes.apple.com/us/app/twitter/id409789998?mt=12"" rel=""nofollow"">Twitter for Mac</a>","@NickAnderegg Interesting! I think most of them are pretty common, but I'd be interested in what's different..."
"194536051430273025","194534444252676096","16376925","","","2012-04-23 21:19:43 +0000","<a href=""http://itunes.apple.com/us/app/twitter/id409789998?mt=12"" rel=""nofollow"">Twitter for Mac</a>","@jplattel Yes, I highly encourage it. It was fun and enlightening even to myself."
"194535962909478912","194534190178500608","16366882","","","2012-04-23 21:19:22 +0000","<a href=""http://itunes.apple.com/us/app/twitter/id409789998?mt=12"" rel=""nofollow"">Twitter for Mac</a>","@octavekitten Thank you! It was fun to make."
"194532668384362497","","","","","2012-04-23 21:06:17 +0000","<a href=""http://itunes.apple.com/us/app/twitter/id409789998?mt=12"" rel=""nofollow"">Twitter for Mac</a>","A hodgepodge collection of beliefs that occurred to me as I compiled them: http://t.co/8AyTZ35v (open to feedback!) (you should do this too)","http://bustr.me/post/21665972078/what-i-believe-v1"
"194509251178274818","","","194497117996326913","17636894","2012-04-23 19:33:13 +0000","<a href=""http://tapbots.com/tweetbot"" rel=""nofollow"">Tweetbot for iOS</a>","RT @the99percent: ""the best article that will ever be written about the creation of the Huffington Post"" - http://t.co/zGdECGlG","http://bit.ly/Jm9Eay"
"194300840322928640","194300500374589441","12061042","","","2012-04-23 05:45:04 +0000","<a href=""http://itunes.apple.com/us/app/twitter/id409789998?mt=12"" rel=""nofollow"">Twitter for Mac</a>","@ryanmcminn May I recommend @austinkleon's book, ""Steal Like An Artist""? :)"
"194299710603927552","194298921080725504","12061042","","","2012-04-23 05:40:35 +0000","<a href=""http://itunes.apple.com/us/app/twitter/id409789998?mt=12"" rel=""nofollow"">Twitter for Mac</a>","@ryanmcminn They do seem pretty slick. But how do you compete with them?"
"194298395890950145","194269721108021248","12061042","","","2012-04-23 05:35:22 +0000","<a href=""http://itunes.apple.com/us/app/twitter/id409789998?mt=12"" rel=""nofollow"">Twitter for Mac</a>","@ryanmcminn What was the product that you saw?"
"194273324564611073","","","","","2012-04-23 03:55:44 +0000","<a href=""http://flickr.com/services/twitter/"" rel=""nofollow"">Flickr</a>","8:36pm First awesome BBQ of the year http://t.co/ZbAmWRfW","http://flic.kr/p/bAVGwf"
"194267556071219201","","","","","2012-04-23 03:32:49 +0000","<a href=""http://instagr.am"" rel=""nofollow"">Instagram</a>","Sunglasses inside  @ Pixel Palace Hostel and Petting Zoo http://t.co/0kzxMiHW","http://instagr.am/p/Jv0cFfI0Jh/"
"194236240059576320","194235049204391937","646533","","","2012-04-23 01:28:23 +0000","<a href=""http://itunes.apple.com/us/app/twitter/id409789998?mt=12"" rel=""nofollow"">Twitter for Mac</a>","@meyerweb @cdixon @derekpowazek Technically, yeah."
"194219158022524928","","","","","2012-04-23 00:20:30 +0000","<a href=""http://itunes.apple.com/us/app/twitter/id409789998?mt=12"" rel=""nofollow"">Twitter for Mac</a>","Great dramatization of Prisoner's Dilemma. RT @cdixon: If you are at all interested in game theory, this is amazing. http://t.co/TqYkXbor","http://www.youtube.com/watch?v=S0qjK3TWZE8"
"194198698140504064","194197192712519680","702253","","","2012-04-22 22:59:12 +0000","<a href=""http://itunes.apple.com/us/app/twitter/id409789998?mt=12"" rel=""nofollow"">Twitter for Mac</a>","@stringfellow @bash @jtauber @habitualist No I haven't seen that yet. Looks interesting though, would love to try it out!"
"194187169055772672","194186854592028672","14322946","","","2012-04-22 22:13:23 +0000","<a href=""http://itunes.apple.com/us/app/twitter/id409789998?mt=12"" rel=""nofollow"">Twitter for Mac</a>","@flexewebs @bash I see where you're coming from. I just DO think it's okay to fail. Difference in approach..."
"194185913574752256","194185518534234114","14322946","","","2012-04-22 22:08:24 +0000","<a href=""http://itunes.apple.com/us/app/twitter/id409789998?mt=12"" rel=""nofollow"">Twitter for Mac</a>","@flexewebs @bash ""I will"" is a lie. ""I'm gonna try"" is honest. I believe that the best way to change behavior is to face the truth."
"194181539033120769","194180225792344064","14322946","","","2012-04-22 21:51:01 +0000","<a href=""http://itunes.apple.com/us/app/twitter/id409789998?mt=12"" rel=""nofollow"">Twitter for Mac</a>","@flexewebs I differ with you there. Trying is all we can do, and failing to succeed is okay. Just keep trying. /cc @bash"
"194177926730756097","","","","","2012-04-22 21:36:40 +0000","<a href=""http://itunes.apple.com/us/app/twitter/id409789998?mt=12"" rel=""nofollow"">Twitter for Mac</a>","Test your smile score here (I got 77): http://t.co/cUTX84Fx","http://incubator.quasimondo.com/moodbattle/"
"194177524228567041","194175992590376960","1032241","","","2012-04-22 21:35:04 +0000","<a href=""http://itunes.apple.com/us/app/twitter/id409789998?mt=12"" rel=""nofollow"">Twitter for Mac</a>","@trappermarkelz Yeah, someone should make it!"
"194177462299660288","","","194177209253105664","22517707","2012-04-22 21:34:49 +0000","<a href=""http://itunes.apple.com/us/app/twitter/id409789998?mt=12"" rel=""nofollow"">Twitter for Mac</a>","RT @AliMoonGoddess: @busterbenson which do you believe came first, the chicken, the egg or the mongoose?"
"194175753661845505","","","","","2012-04-22 21:28:01 +0000","<a href=""http://itunes.apple.com/us/app/twitter/id409789998?mt=12"" rel=""nofollow"">Twitter for Mac</a>","It's getting meta! RT @troyd: @busterbenson what belief do you consider most beneficial to society? most detrimental?"
"194172985966469120","","","","","2012-04-22 21:17:02 +0000","<a href=""http://itunes.apple.com/us/app/twitter/id409789998?mt=12"" rel=""nofollow"">Twitter for Mac</a>","Awesome one. Thx. RT @sarahkpeck: @busterbenson ... that the internet is a good thing?"
"194172888264343552","","","","","2012-04-22 21:16:38 +0000","<a href=""http://itunes.apple.com/us/app/twitter/id409789998?mt=12"" rel=""nofollow"">Twitter for Mac</a>","Perfect. Thanks. RT @EvanHahn: @busterbenson Do you believe in fate? Soul mates? Afterlife?"
"194172550132146176","","","","","2012-04-22 21:15:18 +0000","<a href=""http://itunes.apple.com/us/app/twitter/id409789998?mt=12"" rel=""nofollow"">Twitter for Mac</a>","I need examples of interesting beliefs to add to my belief doc. Ask me questions! (i.e. ""Do you believe in X?)"
"194171433188999168","","","","","2012-04-22 21:10:51 +0000","<a href=""http://www.tumblr.com/"" rel=""nofollow"">Tumblr</a>","I'm not very good at smiling on demand. Can you get better than 77? http://t.co/w6lrCLn8","http://tmblr.co/ZQJvayK7RtgN"
"194150234295779328","","","","","2012-04-22 19:46:37 +0000","<a href=""http://instagr.am"" rel=""nofollow"">Instagram</a>","Whatcha gonna do bout it? http://t.co/4X9cPApr","http://instagr.am/p/Ju_EpCI0Am/"
"194141565655064576","","","194141349170266112","142467448","2012-04-22 19:12:10 +0000","<a href=""http://tapbots.com/tweetbot"" rel=""nofollow"">Tweetbot for iOS</a>","RT @nikobenson: The world is divided into two things: choo and choo track."
"194126720897519618","","","","","2012-04-22 18:13:11 +0000","<a href=""http://instagr.am"" rel=""nofollow"">Instagram</a>","Niko's wood chip displacement program at work  @ Seattle University Quad http://t.co/tV3UCvhr","http://instagr.am/p/Ju0R4uo0L4/"
"194112640631574528","","","","","2012-04-22 17:17:14 +0000","<a href=""http://twitter.com/tweetbutton"" rel=""nofollow"">Tweet Button</a>","I'm gonna try to make a list of my beliefs by tomorrow. http://t.co/FHqyoJuG #gonnatry","http://gonnatry.com/to/make-a-list-of-my-beliefs/by/2012-04-23/507"
"194111032506060800","194109700848099328","16818880","","","2012-04-22 17:10:51 +0000","<a href=""http://itunes.apple.com/us/app/twitter/id409789998?mt=12"" rel=""nofollow"">Twitter for Mac</a>","@jeremymeyers That's pretty broad? which part of the self?"
"194109289139421189","","","","","2012-04-22 17:03:55 +0000","<a href=""http://itunes.apple.com/us/app/twitter/id409789998?mt=12"" rel=""nofollow"">Twitter for Mac</a>","Which categories of belief are interesting (to you) to explore? Religion, politics, tech, free will, ghosts, ice cream flavors? ?"
"194104522421964801","","","","","2012-04-22 16:44:59 +0000","<a href=""http://www.tumblr.com/"" rel=""nofollow"">Tumblr</a>","Gonna try something today: make a list of things I believe. You should do it too! http://t.co/cLIOiKTh","http://tmblr.co/ZQJvayK6E47J"
"193909115100205058","","","","","2012-04-22 03:48:30 +0000","<a href=""http://flickr.com/services/twitter/"" rel=""nofollow"">Flickr</a>","8:36pm Walking home, head in a weird foggy hyper bouncing place http://t.co/UbIhXICk","http://flic.kr/p/bAziqw"
"193896357977800705","193874839927398400","6629572","","","2012-04-22 02:57:48 +0000","<a href=""http://tapbots.com/tweetbot"" rel=""nofollow"">Tweetbot for iOS</a>","@jheitzeb That's what I liked about it too."
"193896240029777921","193875085780725760","452619716","","","2012-04-22 02:57:20 +0000","<a href=""http://tapbots.com/tweetbot"" rel=""nofollow"">Tweetbot for iOS</a>","@bucketlistsoc I agree!"
"193873533485584384","","","","","2012-04-22 01:27:07 +0000","<a href=""http://itunes.apple.com/us/app/twitter/id409789998?mt=12"" rel=""nofollow"">Twitter for Mac</a>","Don't ignore your dreams; don't work too much; say what you think; cultivate friendships; be happy. http://t.co/yT7zqrZI /via @arainert","http://paulgraham.com/todo.html"
"193860659002351616","","","","","2012-04-22 00:35:57 +0000","<a href=""http://twitter.com/tweetbutton"" rel=""nofollow"">Tweet Button</a>","""Why We Havent Met Any Aliens"" http://t.co/lhNt2H0P","http://rdd.me/tapxiwuc"
"193828499461644288","","","","","2012-04-21 22:28:10 +0000","<a href=""http://www.tumblr.com/"" rel=""nofollow"">Tumblr</a>","Photo:  http://t.co/MyrMfAFI","http://tmblr.co/ZQJvayK3AJVi"
"193553585634676739","","","","","2012-04-21 04:15:45 +0000","<a href=""http://flickr.com/services/twitter/"" rel=""nofollow"">Flickr</a>","8:36pm Watching sloth orphanage videos on YouTube with Tyler http://t.co/4dPJABIm","http://flic.kr/p/bPe3aR"
"193432057962184705","","","","","2012-04-20 20:12:51 +0000","<a href=""http://itunes.apple.com/us/app/twitter/id409789998?mt=12"" rel=""nofollow"">Twitter for Mac</a>","""Write the [tweet] you want to read."" - paraphrase from @austinkleon's ""Steal Like an Artist"""
"193430917291843584","193430617038401536","5622042","","","2012-04-20 20:08:19 +0000","<a href=""http://itunes.apple.com/us/app/twitter/id409789998?mt=12"" rel=""nofollow"">Twitter for Mac</a>","@ironfroggy True. There's clearly an algorithm behind it - trying to reverse engineer it a bit. And maybe come up with something better?"
"193430361244569600","","","","","2012-04-20 20:06:06 +0000","<a href=""http://itunes.apple.com/us/app/twitter/id409789998?mt=12"" rel=""nofollow"">Twitter for Mac</a>","I got 19 Fuel for walking one block, and 18 for running the same block. Shouldn't running be worth more? /cc @nikefuel #makeitcount"
"193419224289521665","","","","","2012-04-20 19:21:51 +0000","<a href=""http://itunes.apple.com/us/app/twitter/id409789998?mt=12"" rel=""nofollow"">Twitter for Mac</a>","""Everything that needs to be said has already been said. But since nobody was listening, everything must be said again."" via @austinkleon"
"193414233357164545","193413880918196224","15019184","","","2012-04-20 19:02:01 +0000","<a href=""http://tapbots.com/tweetbot"" rel=""nofollow"">Tweetbot for iOS</a>","@heyamberrae Names are magic that way."
"193413756615798784","193413286157488128","15019184","","","2012-04-20 19:00:07 +0000","<a href=""http://tapbots.com/tweetbot"" rel=""nofollow"">Tweetbot for iOS</a>","@heyamberrae That's awesome! Congrats! Do you feel like a new person?"
"193395809440628736","193395643459436544","11604","","","2012-04-20 17:48:48 +0000","<a href=""http://itunes.apple.com/us/app/twitter/id409789998?mt=12"" rel=""nofollow"">Twitter for Mac</a>","@torrez Awesome. Let me know if you need someone to help test it. :)"
"193395293604163584","187617518578438144","11604","","","2012-04-20 17:46:45 +0000","<a href=""http://twitter.com/tweetbutton"" rel=""nofollow"">Tweet Button</a>","@torrez You should totally make that."
"193389958424313856","","","","","2012-04-20 17:25:33 +0000","<a href=""http://itunes.apple.com/us/app/twitter/id409789998?mt=12"" rel=""nofollow"">Twitter for Mac</a>","Quote from an Atlantic article on digital willpower: http://t.co/fMclVuuO","http://bustr.me/post/21441635599/in-article-after-article-one-theme-emerges-from"
"193367324441579520","193365072985325569","18603224","","","2012-04-20 15:55:37 +0000","<a href=""http://itunes.apple.com/us/app/twitter/id409789998?mt=12"" rel=""nofollow"">Twitter for Mac</a>","@e_ramirez @awarenesss That was my first instinct too."
"193361615314370560","","","","","2012-04-20 15:32:56 +0000","<a href=""http://itunes.apple.com/us/app/twitter/id409789998?mt=12"" rel=""nofollow"">Twitter for Mac</a>","Impressed by this face-detection API: http://t.co/b9RkpOk7 What cool things could we do with it? /via @e_ramirez","http://developers.face.com/"
"193348491270037504","","","","","2012-04-20 14:40:47 +0000","<a href=""http://tapbots.com/tweetbot"" rel=""nofollow"">Tweetbot for iOS</a>","""There are infinitely many infinities, each one infinitely bigger than the last."" http://t.co/445wgbnr","http://bit.ly/It5z0C"
"193204297050238976","","","","","2012-04-20 05:07:48 +0000","<a href=""http://flickr.com/services/twitter/"" rel=""nofollow"">Flickr</a>","8:36pm My number one fan http://t.co/aH8sbOuS","http://flic.kr/p/bA61Ro"
"193174905255231489","","","","","2012-04-20 03:11:01 +0000","<a href=""http://www.tumblr.com/"" rel=""nofollow"">Tumblr</a>","Photo: fitocracy: I like this. http://t.co/7B4NMeV2","http://tmblr.co/ZQJvayJygZN3"
"193085091960983552","","","193082818094579715","132017361","2012-04-19 21:14:07 +0000","<a href=""http://tapbots.com/tweetbot"" rel=""nofollow"">Tweetbot for iOS</a>","RT @toutapp: Email: Email Is Not Broken; We Are - @Lifehacker http://t.co/A79tCaQA","http://lifehacker.com/5903086/email-is-not-broken-we-are"
"193063263892811776","","","193018911111913472","15040500","2012-04-19 19:47:23 +0000","web","RT @ShaunaCausey: New Launch at @Decide today: Technology that predicts the lowest price, or pays you the difference: http://t.co/bOPi0nle","http://bit.ly/HTuOHl"
"193011685668302848","192859156091387905","11815632","","","2012-04-19 16:22:26 +0000","<a href=""http://itunes.apple.com/us/app/twitter/id409789998?mt=12"" rel=""nofollow"">Twitter for Mac</a>","@joshumami I think that's getting closer. Logic is the attempt to tie facts together. But even facts get fuzzy around the edges sometimes."
"192852916619583490","192842960751165440","6726182","","","2012-04-19 05:51:33 +0000","<a href=""http://tapbots.com/tweetbot"" rel=""nofollow"">Tweetbot for iOS</a>","@TheCulprit Isn't that a bit like saying ""this house I built might have hidden rooms""? Let's bring this up again when we meet next week!"
"192840009840205824","192837970691235840","6726182","","","2012-04-19 05:00:15 +0000","<a href=""http://tapbots.com/tweetbot"" rel=""nofollow"">Tweetbot for iOS</a>","@TheCulprit What about G?del's Incompleteness Theorem? Mu? Something from nothing? Before the beginning? Infinity? Isn't logic man made?"
"192837475134214144","192835422316003329","187354174","","","2012-04-19 04:50:11 +0000","<a href=""http://tapbots.com/tweetbot"" rel=""nofollow"">Tweetbot for iOS</a>","@tavisrudd Yeah it's on indefinite hiatus. It's just not in their DNA."
"192837354032074754","","","","","2012-04-19 04:49:42 +0000","<a href=""http://tapbots.com/tweetbot"" rel=""nofollow"">Tweetbot for iOS</a>","We live in a universe where logic has been proven wrong. T/F?"
"192834679697702912","192834140519940096","30801469","","","2012-04-19 04:39:04 +0000","<a href=""http://tapbots.com/tweetbot"" rel=""nofollow"">Tweetbot for iOS</a>",".@nickcrocker Hardware is 9/10, software is 6/10 on simplicity/MVP, 2/10 on social, 0/10 on data portability/API. #nikefuel"
"192833903541760001","192833666353856512","30801469","","","2012-04-19 04:35:59 +0000","<a href=""http://tapbots.com/tweetbot"" rel=""nofollow"">Tweetbot for iOS</a>","@nickcrocker I approved the message but am disappointed that it didn't link to my profile."
"192832866579791874","","","","","2012-04-19 04:31:52 +0000","<a href=""http://www.nike.com"" rel=""nofollow"">Nike Application</a>","I quadrupled my Daily Goal. See how my Nike+ FuelBand helps me blast off: http://t.co/lkrykiQ3","http://nikeplus.com/fuelband"
"192830992078209024","","","","","2012-04-19 04:24:25 +0000","<a href=""http://flickr.com/services/twitter/"" rel=""nofollow"">Flickr</a>","8:36pm On a self-date at Unicorn http://t.co/k4pwURLE","http://flic.kr/p/bzQ9Lq"
"192806841305141249","192801344124497921","16366882","","","2012-04-19 02:48:27 +0000","<a href=""http://tapbots.com/tweetbot"" rel=""nofollow"">Tweetbot for iOS</a>","@octavekitten I wonder if that's what they used to say about driving, or flying. ""If we were meant to fly God would have made us birds!"""
"192788919987879936","","","","","2012-04-19 01:37:15 +0000","<a href=""http://www.tumblr.com/"" rel=""nofollow"">Tumblr</a>","Ambiguous one-sided excerpt from a chat today: http://t.co/tLb4KBsK","http://tmblr.co/ZQJvayJv1fuq"
"192786952314032131","","","","","2012-04-19 01:29:25 +0000","<a href=""http://itunes.apple.com/us/app/twitter/id409789998?mt=12"" rel=""nofollow"">Twitter for Mac</a>","+100 RT @crashdev: Inspired by @al3x -- a hasty and impassioned defense of our technological future http://t.co/SUre0utn","http://www.crashdev.com/2012/04/human-empowerment.html"
"192785633998155776","","","","","2012-04-19 01:24:11 +0000","<a href=""http://itunes.apple.com/us/app/twitter/id409789998?mt=12"" rel=""nofollow"">Twitter for Mac</a>","To be seen and heard, comfort, fun, connection, sugar, fat, salt, certainty, progress, respect, autonomy, mastery, purpose. #thingsiwant"
"192458531272798209","","","","","2012-04-18 03:44:24 +0000","<a href=""http://flickr.com/services/twitter/"" rel=""nofollow"">Flickr</a>","8:36pm Staying in for date night: ice cream and The New Girl. Glad to be back home! http://t.co/cc42eX1o","http://flic.kr/p/bNsUqV"
"192428405558480897","192428121109180416","35141809","","","2012-04-18 01:44:41 +0000","<a href=""http://tapbots.com/tweetbot"" rel=""nofollow"">Tweetbot for iOS</a>","@JimmyJameson Yes! We're back too! Ready for hanging out and travel tales!"
"192427045756739584","192426652184215552","34383091","","","2012-04-18 01:39:17 +0000","<a href=""http://tapbots.com/tweetbot"" rel=""nofollow"">Tweetbot for iOS</a>","@cjlikearockstar Woah! Hats off to you. How did you do it??"
"192418111968915456","","","192415632749363200","22084427","2012-04-18 01:03:47 +0000","<a href=""http://tapbots.com/tweetbot"" rel=""nofollow"">Tweetbot for iOS</a>","RT @robdelaney: + 1 RT @dooce: Righteously indignant about the idea of universal healthcare? Go read @xeni's twitter stream and get back ..."
"192410364347031552","192408134311092225","761628","","","2012-04-18 00:33:00 +0000","<a href=""http://itunes.apple.com/us/app/twitter/id409789998?mt=12"" rel=""nofollow"">Twitter for Mac</a>","@RickWebb It was one of those sites that never got much past domain registration and some drawings, but I still think about it sometimes."
"192402511557165057","192402358653820929","204025261","","","2012-04-18 00:01:48 +0000","<a href=""http://itunes.apple.com/us/app/twitter/id409789998?mt=12"" rel=""nofollow"">Twitter for Mac</a>","@Michelle_Furedy Thank you!"
"192402447564673024","192402069909544961","761628","","","2012-04-18 00:01:32 +0000","<a href=""http://itunes.apple.com/us/app/twitter/id409789998?mt=12"" rel=""nofollow"">Twitter for Mac</a>","@RickWebb I like it! I once started a site that would only be open at noon and midnight, and would be generally unusable. Friction is fun!"
"192401799196581889","","","","","2012-04-17 23:58:58 +0000","<a href=""http://itunes.apple.com/us/app/twitter/id409789998?mt=12"" rel=""nofollow"">Twitter for Mac</a>","I think I finally get @rickwebb's idea of the anti-social network that he's been talking about for hears: http://t.co/2Gw7vyul #groupmeh","http://www.betabeat.com/2012/04/17/a-call-for-an-anti-social-network/"
"192360694224666624","","","192356508418318336","17636894","2012-04-17 21:15:38 +0000","<a href=""http://tapbots.com/tweetbot"" rel=""nofollow"">Tweetbot for iOS</a>","RT @the99percent: ""Create things that are hilarious, sad, beautiful, interesting inspiring or simply awesome."" On getting more FB likes  ..."
"192356671547375616","192344477745168384","16366882","","","2012-04-17 20:59:38 +0000","<a href=""http://tapbots.com/tweetbot"" rel=""nofollow"">Tweetbot for iOS</a>","@octavekitten Ears of fennec fox, eyes of husky pup, cheeks of hamster, fur of chinchilla, poses of meerkat, useless wings of baby penguin."
"192302842109890560","","","","","2012-04-17 17:25:45 +0000","<a href=""http://itunes.apple.com/us/app/twitter/id409789998?mt=12"" rel=""nofollow"">Twitter for Mac</a>","Wow! Stoked to be nominated for ""Geek of the Year"" by @geekwire. I'm up against some SERIOUS geeks here: http://t.co/4YzrWWGg #startupawards","http://www.geekwire.com/events/geekwire-presents-seattle-20-startup-awards/#custom"
"192276696039301120","","","","","2012-04-17 15:41:51 +0000","<a href=""http://itunes.apple.com/us/app/twitter/id409789998?mt=12"" rel=""nofollow"">Twitter for Mac</a>","From what I can tell, Nike built an API for @nikefuel band, publicized it, then retreated shortly after the SXSW test. Hope it comes back."
"192269303767236611","","","","","2012-04-17 15:12:28 +0000","<a href=""http://itunes.apple.com/us/app/twitter/id409789998?mt=12"" rel=""nofollow"">Twitter for Mac</a>","Is one planned? Were all the tech blogs misleading us? @NikeFuel: @busterbenson There's not a public API for Nike+ FuelBand at this time."
"192268347281387520","192267871072698368","11822502","","","2012-04-17 15:08:40 +0000","<a href=""http://itunes.apple.com/us/app/twitter/id409789998?mt=12"" rel=""nofollow"">Twitter for Mac</a>","@mko @cap Well that is disappointing. Bad support or just vague CS guidance? Hoping the latter."
"192267130320863232","192266855522639874","2182141","","","2012-04-17 15:03:50 +0000","<a href=""http://itunes.apple.com/us/app/twitter/id409789998?mt=12"" rel=""nofollow"">Twitter for Mac</a>","@cap From what I can tell, @path has access to Nike+ GPS and FuelBand is coming soon? but no confirmation there."
"192266950016106496","192266556166778883","2182141","","","2012-04-17 15:03:07 +0000","<a href=""http://itunes.apple.com/us/app/twitter/id409789998?mt=12"" rel=""nofollow"">Twitter for Mac</a>","@cap Having friends figured out and an API are sort of deal breakers for me? hope they get sorted soon."
"192266765877776387","","","","","2012-04-17 15:02:23 +0000","<a href=""http://itunes.apple.com/us/app/twitter/id409789998?mt=12"" rel=""nofollow"">Twitter for Mac</a>","I heard that @nikefuel was opening up an API for some at SXSW, but can't find any news about it opening more than that. Anybody know?"
"192266134169460736","192264814607859712","2182141","","","2012-04-17 14:59:53 +0000","<a href=""http://itunes.apple.com/us/app/twitter/id409789998?mt=12"" rel=""nofollow"">Twitter for Mac</a>","@cap Awesome! Do you like it? And how do I add you as a friend?"
"192264687205883904","","","","","2012-04-17 14:54:08 +0000","<a href=""http://itunes.apple.com/us/app/twitter/id409789998?mt=12"" rel=""nofollow"">Twitter for Mac</a>","Got my @nikefuel band courtesy of @jthomas (thank you!). Who else has one?"
"192255216505196544","","","192240535581376514","14378113","2012-04-17 14:16:30 +0000","<a href=""http://tapbots.com/tweetbot"" rel=""nofollow"">Tweetbot for iOS</a>","RT @DanielPink: Why Netflix Never Implemented The Algorithm That Won The Netflix $1 Million Challenge http://t.co/fOotnShP via @Techdirt","http://www.techdirt.com/blog/innovation/articles/20120409/03412518422/why-netflix-never-implemented-algorithm-that-won-netflix-1-million-challenge.shtml"
"192083663599579138","","","192074912373014528","9207632","2012-04-17 02:54:48 +0000","<a href=""http://tapbots.com/tweetbot"" rel=""nofollow"">Tweetbot for iOS</a>","RT @brainpicker: Oh, snap. In one fell swoop, David Shields annihilates Jonathan Franzen http://t.co/WeAKTw2I","http://j.mp/IQxMSp"
"192066320991404032","","","","","2012-04-17 01:45:54 +0000","<a href=""http://flickr.com/services/twitter/"" rel=""nofollow"">Flickr</a>","8:36pm Niko past bedtime in Dallas airport being obsessed with everything remotely ""choo""-like http://t.co/ZjlUDBuT","http://flic.kr/p/bNa6Bt"
"191900164515053568","","","","","2012-04-16 14:45:39 +0000","<a href=""http://foursquare.com"" rel=""nofollow"">foursquare</a>","I just unlocked the ?4sqDay 2012? badge on @foursquare! Cupcakes and crowns for all! http://t.co/VaybZHhX","http://4sq.com/HN3nlZ"
"191877331252543488","191731133204004865","19028099","","","2012-04-16 13:14:55 +0000","<a href=""http://tapbots.com/tweetbot"" rel=""nofollow"">Tweetbot for iOS</a>","@MarshallHaas I once owned http://t.co/GZZNk6B4 but let it expire.","http://bit.ly/INWyCL"
"191861746573639681","","","","","2012-04-16 12:12:59 +0000","<a href=""http://www.apple.com"" rel=""nofollow"">Safari on iOS</a>","Great explanation of how AI-inspired tech has evolved over last few decades:  http://t.co/9j0lnhm5","http://urbanhonking.com/ideasfordozens/2012/04/15/ai-unbundled/"
"191693114333872128","","","","","2012-04-16 01:02:54 +0000","<a href=""http://flickr.com/services/twitter/"" rel=""nofollow"">Flickr</a>","8:36pm Finishing awesome burgers with this happy guy http://t.co/7S1I2JdL","http://flic.kr/p/bMQcni"
"191659012973006849","191653807409741825","792738","","","2012-04-15 22:47:24 +0000","<a href=""http://tapbots.com/tweetbot"" rel=""nofollow"">Tweetbot for iOS</a>","@Cruftbox Thanks! I'm interested in any novels that attempt to dramatize the singularity."
"191647440523370499","","","","","2012-04-15 22:01:25 +0000","<a href=""http://tapbots.com/tweetbot"" rel=""nofollow"">Tweetbot for iOS</a>","Just finished Fire Upon The Deep on the beach (the ideal Kindle environment). Now starting Accelerando. Who's read it? #books"
"191328570344353793","","","","","2012-04-15 00:54:20 +0000","<a href=""http://flickr.com/services/twitter/"" rel=""nofollow"">Flickr</a>","8:36pm Deliciousness at the best restaurant in Delray http://t.co/HfNs5iTx","http://flic.kr/p/bMtYjV"
"191262130434088960","","","","","2012-04-14 20:30:20 +0000","<a href=""http://instagr.am"" rel=""nofollow"">Instagram</a>","Under a banyan with Kathy and Kayla  @ Lake Ida East Park http://t.co/QH6mEcko","http://instagr.am/p/Jadr8Qo0Oi/"
"190979379604635651","","","","","2012-04-14 01:46:46 +0000","<a href=""http://flickr.com/services/twitter/"" rel=""nofollow"">Flickr</a>","8:36pm This is a nice place to hang out http://t.co/yMTODuMd","http://flic.kr/p/byj2sh"
"190875358529191937","","","","","2012-04-13 18:53:26 +0000","<a href=""http://instagr.am"" rel=""nofollow"">Instagram</a>","Thunderstorm and mojitos  @ Cabana http://t.co/ww6ave1p","http://instagr.am/p/JXtwffo0BN/"
"190604127083036673","","","","","2012-04-13 00:55:39 +0000","<a href=""http://flickr.com/services/twitter/"" rel=""nofollow"">Flickr</a>","8:36pm Watching the first episode of Game of Thrones... why not? http://t.co/eREEqTQX","http://flic.kr/p/bLXxR4"
"190543966410780672","","","","","2012-04-12 20:56:36 +0000","<a href=""http://www.tumblr.com/"" rel=""nofollow"">Tumblr</a>","It's Take-a-metaphor-too-far Thursday! http://t.co/uS7DdOW1","http://tmblr.co/ZQJvayJYaz0J"
"190508924338843648","","","","","2012-04-12 18:37:21 +0000","<a href=""http://instagr.am"" rel=""nofollow"">Instagram</a>","The VegiFi  @ Burgerfi http://t.co/rT9d5N1j","http://instagr.am/p/JVHPO7o0I6/"
"190506293398745088","","","","","2012-04-12 18:26:54 +0000","<a href=""http://foursquare.com"" rel=""nofollow"">foursquare</a>","I just unlocked the ?Flame Broiled? badge on @foursquare! Cheeseburgers all around! http://t.co/M4dnDbRQ","http://4sq.com/HBf2Fg"
"190491757853683713","190448984496668672","16366882","","","2012-04-12 17:29:08 +0000","<a href=""http://tapbots.com/tweetbot"" rel=""nofollow"">Tweetbot for iOS</a>","@octavekitten @carinnatarvin Kindle actually makes the footnote back and forth a bit easier to navigate. Plus you don't look pretentious!"
"190473877317627906","","","","","2012-04-12 16:18:05 +0000","<a href=""http://foursquare.com"" rel=""nofollow"">foursquare</a>","I just unlocked the Level 2 ""Swimmies"" badge on @foursquare! In it to win it! http://t.co/A7NjKnU3","http://4sq.com/I6neej"
"190473876919156736","","","","","2012-04-12 16:18:05 +0000","<a href=""http://foursquare.com"" rel=""nofollow"">foursquare</a>","I just unlocked the Level 2 ""Great Outdoors"" badge on @foursquare! In it to win it! http://t.co/jW3uqVDD","http://4sq.com/I6ncmE"
"190473871269437440","","","","","2012-04-12 16:18:04 +0000","<a href=""http://instagr.am"" rel=""nofollow"">Instagram</a>","Beach times  @ The Beach @ Delray Beach http://t.co/VdibYreA","http://instagr.am/p/JU2_k7o0C3/"
"190448746050490368","","","","","2012-04-12 14:38:14 +0000","<a href=""http://www.tumblr.com/"" rel=""nofollow"">Tumblr</a>","""A generalized economic theory of social networks"": http://t.co/7tK6OnXM /via @buzz","http://tmblr.co/ZQJvayJXc6A9"
"190444811579424770","190351888976330752","20833838","","","2012-04-12 14:22:36 +0000","<a href=""http://tapbots.com/tweetbot"" rel=""nofollow"">Tweetbot for iOS</a>","@carinnatarvin You're clearly not taking ""infinite"" as literally as I am."
"190249423408861184","190242085377540096","4981271","","","2012-04-12 01:26:11 +0000","<a href=""http://tapbots.com/tweetbot"" rel=""nofollow"">Tweetbot for iOS</a>","@sourjayne Sort of! A much-delayed vacation with key work-related day trips."
"190241205777469440","","","","","2012-04-12 00:53:32 +0000","<a href=""http://flickr.com/services/twitter/"" rel=""nofollow"">Flickr</a>","8:36pm Dinner with Kathy and Patrick in Delray Beach, FL http://t.co/B3fhEgaF","http://flic.kr/p/bxMp4u"
"190233558005194753","","","189840484674449409","1118691","2012-04-12 00:23:09 +0000","<a href=""http://tapbots.com/tweetbot"" rel=""nofollow"">Tweetbot for iOS</a>","RT @bjfogg: Get happier, fast, by creating Tiny Love Habits. I know it sounds wacky, but I'm convinced this matters: http://t.co/Tupu1rVR","http://tinyhabits.com/love"
"189886545023614976","","","","","2012-04-11 01:24:14 +0000","<a href=""http://flickr.com/services/twitter/"" rel=""nofollow"">Flickr</a>","8:36pm Learning about acupuncture, reiki, and other fun things with Kellianne's old friends http://t.co/mcpceTMm","http://flic.kr/p/bxvKPs"
"189833668674588674","","","189824493026426882","141335663","2012-04-10 21:54:08 +0000","<a href=""http://tapbots.com/tweetbot"" rel=""nofollow"">Tweetbot for iOS</a>","RT @TheAtlanticTECH: Hillary Clinton has responded to her meme ... with a meme http://t.co/GsKL2px6","http://theatln.tc/HuXned"
"189827229251944449","","","189731654594596864","25372760","2012-04-10 21:28:32 +0000","<a href=""http://tapbots.com/tweetbot"" rel=""nofollow"">Tweetbot for iOS</a>","RT @betabeat: Instagram and the Age of Upsets by @RickWebb via @Betabeat http://t.co/gCsaVaw6","http://betabeat.com?p=38352"
"189527902084276225","","","","","2012-04-10 01:39:07 +0000","<a href=""http://flickr.com/services/twitter/"" rel=""nofollow"">Flickr</a>","8:36pm @Aubs is telling me about her crazy shoes and snowflake socks http://t.co/du8vazj5","http://flic.kr/p/bL8dA6"
"189479485291241472","","","","","2012-04-09 22:26:44 +0000","<a href=""http://foursquare.com"" rel=""nofollow"">foursquare</a>","Who's out and about in NYC tonight? Hi! (@ Mesa Grill) http://t.co/PcOw2AhE","http://4sq.com/IsNrSb"
"189477543387213824","","","189409071311491072","360907906","2012-04-09 22:19:01 +0000","<a href=""http://tapbots.com/tweetbot"" rel=""nofollow"">Tweetbot for iOS</a>","RT @joinsessions: Our new website is up and running! Check it out: https://t.co/PKSw1EW5","https://www.joinsessions.com/"
"189477068772347906","189462465644478464","5500","","","2012-04-09 22:17:08 +0000","<a href=""http://tapbots.com/tweetbot"" rel=""nofollow"">Tweetbot for iOS</a>","@iseff Thanks! I didn't even know I was a finalist. Sweet!"
"189421340065923072","189420665525387264","784078","","","2012-04-09 18:35:41 +0000","<a href=""http://tapbots.com/tweetbot"" rel=""nofollow"">Tweetbot for iOS</a>","@alicetiara I'm taking the bus TO the Amtrak! Some $57 tickets available... are you in town? Getting dinner with @Aubs if you wanna join!"
"189418306665586688","189418178839973888","2781","","","2012-04-09 18:23:38 +0000","<a href=""http://tapbots.com/tweetbot"" rel=""nofollow"">Tweetbot for iOS</a>","@Aubs Yeah!"
"189417430878126080","189417175415660545","2781","","","2012-04-09 18:20:09 +0000","<a href=""http://tapbots.com/tweetbot"" rel=""nofollow"">Tweetbot for iOS</a>","@Aubs Arriving around 5 or so, staying with Rick probably. Whatcha doing tonight?"
"189415477750149120","","","","","2012-04-09 18:12:23 +0000","<a href=""http://instagr.am"" rel=""nofollow"">Instagram</a>","Do buses actually run in Wilmington, Delaware? Headed to NYC for a day, hopefully.  http://t.co/ssJs4W66","http://instagr.am/p/JNV9Bfo0AD/"
"189403358862389248","","","","","2012-04-09 17:24:14 +0000","<a href=""http://instagr.am"" rel=""nofollow"">Instagram</a>","#facebookbuysinstagram http://t.co/jRxooRR8","http://instagr.am/p/JNQaHtI0Nw/"
"189401755770028032","","","","","2012-04-09 17:17:52 +0000","web","Facebook buys Instagram for a beeeellion dollars? Cue some disappointed tweeters. http://t.co/iXRKxv8s","http://blog.instagram.com/post/20785013897/instagram-facebook"
"189396580762255361","","","","","2012-04-09 16:57:18 +0000","<a href=""http://foursquare.com"" rel=""nofollow"">foursquare</a>","I just unlocked the Level 6 ""Fresh Brew"" badge on @foursquare! Huzzah! http://t.co/e0HBOnQB","http://4sq.com/Hsk1IE"
"189371069285666816","","","","","2012-04-09 15:15:55 +0000","<a href=""http://tapbots.com/tweetbot"" rel=""nofollow"">Tweetbot for iOS</a>","I'm team @alexia on this one. RT @alexia: Silicon Valley Needs To Take Itself More Seriously* http://t.co/I62PNXSF","http://bit.ly/IgvEP4"
"189355416239620098","189355226925510656","21883399","","","2012-04-09 14:13:43 +0000","<a href=""http://tapbots.com/tweetbot"" rel=""nofollow"">Tweetbot for iOS</a>","@TaskRabbit Thanks, I will try that."
"189355109535326210","189354823638974465","220137029","","","2012-04-09 14:12:30 +0000","<a href=""http://tapbots.com/tweetbot"" rel=""nofollow"">Tweetbot for iOS</a>","@jasongelman Thanks for the offer! Someone else already offered... I'll follow up if that dpesn't work out."
"189354348072022020","189353887285784576","21883399","","","2012-04-09 14:09:29 +0000","<a href=""http://tapbots.com/tweetbot"" rel=""nofollow"">Tweetbot for iOS</a>","@TaskRabbit I had trouble figuring out which task type to use. Is it shopping? And I couldn't find Niketown on the map step."
"189352516075532288","","","","","2012-04-09 14:02:12 +0000","<a href=""http://tapbots.com/tweetbot"" rel=""nofollow"">Tweetbot for iOS</a>","Trying to get @taskrabbit or @zaarly to buy me a Nike FuelBand at Niketown in NYC and mail it to me. Anyone know how to do this?"
"189336930406764545","","","","","2012-04-09 13:00:16 +0000","<a href=""http://www.tumblr.com/"" rel=""nofollow"">Tumblr</a>","HOW DO WE CHANGE OURSELVES? http://t.co/pQt5nYuO","http://tmblr.co/ZQJvayJMLNzh"
"189207241461743616","189196975915286528","26166039","","","2012-04-09 04:24:56 +0000","<a href=""http://tapbots.com/tweetbot"" rel=""nofollow"">Tweetbot for iOS</a>","@MeganWelling He sounds like the anti-Buster to me."
"189151326524030976","","","","","2012-04-09 00:42:45 +0000","<a href=""http://flickr.com/services/twitter/"" rel=""nofollow"">Flickr</a>","8:36pm Headed back to Wilmington after visiting the Jersey Shore http://t.co/gbgWfpM9","http://flic.kr/p/bwRfWS"
"189066215694663680","","","","","2012-04-08 19:04:33 +0000","<a href=""http://instagr.am"" rel=""nofollow"">Instagram</a>","First skeptical sand castle http://t.co/UvSQX12M","http://instagr.am/p/JK3LulI0KI/"
"189063497794076672","","","","","2012-04-08 18:53:45 +0000","<a href=""http://instagr.am"" rel=""nofollow"">Instagram</a>","""bee!""  @ North Wildwood 19th St Beach http://t.co/Xu9ccOuZ","http://instagr.am/p/JK17kNI0Jd/"
"189025487262195712","","","189025058709180417","17636894","2012-04-08 16:22:42 +0000","<a href=""http://tapbots.com/tweetbot"" rel=""nofollow"">Tweetbot for iOS</a>","RT @the99percent: How Angry Birds, Tetris, and other Hyperaddictive 'Stupid Games' control our attention - http://t.co/KfLFK93p","http://nyti.ms/HXozWZ"
"188799496795332609","","","","","2012-04-08 01:24:42 +0000","<a href=""http://tapbots.com/tweetbot"" rel=""nofollow"">Tweetbot for iOS</a>","What's worth most to you: a twitter fave, a facebook like, a tumblr like, or an instagram like?"
"188789737367154688","","","","","2012-04-08 00:45:55 +0000","<a href=""http://flickr.com/services/twitter/"" rel=""nofollow"">Flickr</a>","8:36pm Keeping Niko up late with his family http://t.co/MbrH586b","http://flic.kr/p/bwx38f"
"188695500856373248","188695024832225281","761975","","","2012-04-07 18:31:27 +0000","<a href=""http://tapbots.com/tweetbot"" rel=""nofollow"">Tweetbot for iOS</a>","@mathowie Ooh can't wait! I do love the fitbit but it's the API that's really great about both."
"188694007906439168","188679591794188288","761975","","","2012-04-07 18:25:31 +0000","<a href=""http://tapbots.com/tweetbot"" rel=""nofollow"">Tweetbot for iOS</a>","@mathowie So that's why my NYC friends seem to have all the luck with them. I'll start recruiting over there."
"188677938382766080","","","","","2012-04-07 17:21:40 +0000","<a href=""http://tapbots.com/tweetbot"" rel=""nofollow"">Tweetbot for iOS</a>","Does anyone have a Nike FuelBand or live in a city selling them, that would send one to me? I'll pay extra!"
"188595124966662144","188481152607195136","11822502","","","2012-04-07 11:52:36 +0000","<a href=""http://tapbots.com/tweetbot"" rel=""nofollow"">Tweetbot for iOS</a>","@mko Shoot I was trying to look into that yesterday but must not have fixed it. It's still sending?"
"188476825419268096","","","","","2012-04-07 04:02:31 +0000","<a href=""https://kindle.amazon.com"" rel=""nofollow"">Kindle</a>","""You can do what you decide to do but you cannot decide what you will decide to do."" http://t.co/rKmEu3r3 #Kindle","http://amzn.com/k/2MHW66U2K2K0L"
"188437239112540160","","","","","2012-04-07 01:25:13 +0000","<a href=""http://flickr.com/services/twitter/"" rel=""nofollow"">Flickr</a>","8:36pm Watching YouTube videos of the train we took today http://t.co/S2X5FuKm","http://flic.kr/p/bKbHmX"
"188299938877288448","","","","","2012-04-06 16:19:38 +0000","<a href=""http://instagr.am"" rel=""nofollow"">Instagram</a>","So ready to ride the choo with GG Pavina! http://t.co/Wx8ccKoS","http://instagr.am/p/JFaqoOo0PL/"
"188299431836258306","","","","","2012-04-06 16:17:37 +0000","<a href=""http://instagr.am"" rel=""nofollow"">Instagram</a>","Steam engine!  @ Wilmington Western Railroad http://t.co/EVoPt2Md","http://instagr.am/p/JFaaXhI0PF/"
"188288340255195137","","","","","2012-04-06 15:33:33 +0000","<a href=""http://instagr.am"" rel=""nofollow"">Instagram</a>","1-bit Niko (this app is sorta awesome) http://t.co/CYwHL6Cl","http://instagr.am/p/JFVcMCI0Nc/"
"188279657370632193","","","","","2012-04-06 14:59:03 +0000","<a href=""http://instagr.am"" rel=""nofollow"">Instagram</a>","1-bit family http://t.co/aWnI6UYb","http://instagr.am/p/JFRh4TI0Lu/"
"188063542468018177","","","","","2012-04-06 00:40:17 +0000","<a href=""http://flickr.com/services/twitter/"" rel=""nofollow"">Flickr</a>","8:36pm Atlanta airport: where they point up and say ""everything happens for a reason"" to explain why their delays cau http://t.co/calOcS7m","http://flic.kr/p/bJVoQz"
"188063498163601408","188060446119571456","776429","","","2012-04-06 00:40:06 +0000","<a href=""http://tapbots.com/tweetbot"" rel=""nofollow"">Tweetbot for iOS</a>","@spangley That would be taking too much credit. They're attached."
"188059798221225986","","","","","2012-04-06 00:25:24 +0000","<a href=""http://instagr.am"" rel=""nofollow"">Instagram</a>","We missed our connection in ATL but Niko is stoked about getting to ride more trains http://t.co/aGARmoLd","http://instagr.am/p/JDtjqqo0Aq/"
"187952091233386498","187951703100882944","21135674","","","2012-04-05 17:17:25 +0000","<a href=""http://tapbots.com/tweetbot"" rel=""nofollow"">Tweetbot for iOS</a>","@e_ramirez Cool! I love a revamp."
"187951721509687297","","","187945662208417792","20","2012-04-05 17:15:57 +0000","<a href=""http://tapbots.com/tweetbot"" rel=""nofollow"">Tweetbot for iOS</a>","RT @ev: Clay Shirky: ?But now it is an act of significant discipline to say, 'I?m going to stare out the window.'? http://t.co/0fTcV5IR","http://blog.findings.com/post/20527246081/how-we-will-read-clay-shirky"
"187949769166032897","187943744799117312","21135674","","","2012-04-05 17:08:11 +0000","<a href=""http://tapbots.com/tweetbot"" rel=""nofollow"">Tweetbot for iOS</a>","@e_ramirez That's awesome! Are you gonna blog it on QS or somewhere else?"
"187919455987302401","","","","","2012-04-05 15:07:44 +0000","<a href=""http://foursquare.com"" rel=""nofollow"">foursquare</a>","Rescheduled flight, went home and back, lost some money and time but all is well again. http://t.co/KUItSCuw","http://4sq.com/HpcEQ1"
"187918357130002433","","","","","2012-04-05 15:03:22 +0000","<a href=""http://tapbots.com/tweetbot"" rel=""nofollow"">Tweetbot for iOS</a>","Keep trying and trying and trying to do what you really want to do. http://t.co/nXtGPCXJ /via @agregov","http://bit.ly/HXYi7C"
"187916478958411776","","","","","2012-04-05 14:55:54 +0000","<a href=""http://tapbots.com/tweetbot"" rel=""nofollow"">Tweetbot for iOS</a>","""The year things get weird."" I think that's about right. RT @bryce: Web 2.0 Ends With Data Monopolies http://t.co/28GCBXMF","http://bit.ly/I0OzRn"
"187910450330083329","187907116999262208","10959642","","","2012-04-05 14:31:57 +0000","<a href=""http://tapbots.com/tweetbot"" rel=""nofollow"">Tweetbot for iOS</a>","@tara I'm surprised my brain continues to function at all (debatable). Must be all the sleep I'm getting."
"187910045646864385","","","","","2012-04-05 14:30:20 +0000","<a href=""http://tapbots.com/tweetbot"" rel=""nofollow"">Tweetbot for iOS</a>","I think babies + startup life has trained me well to just roll with setbacks and have fun on the roller coaster. Wee!"
"187906427162083330","","","","","2012-04-05 14:15:58 +0000","<a href=""http://tapbots.com/tweetbot"" rel=""nofollow"">Tweetbot for iOS</a>","In better news, Niko learned how to use a drinking fountain and cracked me up."
"187904863861096448","","","","","2012-04-05 14:09:45 +0000","<a href=""http://tapbots.com/tweetbot"" rel=""nofollow"">Tweetbot for iOS</a>","This morning has been a comedy of errors. Left bag at home, flight was actually for yesterday, keys are locked in house."
"187786473171451904","","","187785923256258560","14370584","2012-04-05 06:19:18 +0000","<a href=""http://itunes.apple.com/us/app/twitter/id409789998?mt=12"" rel=""nofollow"">Twitter for Mac</a>","RT @tewy: lol: what google glasses will really be like to use http://t.co/OVwy25nG (via @TheNextWeb)","http://www.youtube.com/watch?v=t3TAOYXT840"
"187756033635123200","","","","","2012-04-05 04:18:21 +0000","<a href=""http://instagr.am"" rel=""nofollow"">Instagram</a>","Bare branches at night II http://t.co/jzkgeYcl","http://instagr.am/p/JBjYBjI0MC/"
"187754804632760321","","","","","2012-04-05 04:13:28 +0000","<a href=""http://instagr.am"" rel=""nofollow"">Instagram</a>","Bare branches at night http://t.co/s44uGrLf","http://instagr.am/p/JBi0qqo0L8/"
"187754041634340865","","","","","2012-04-05 04:10:26 +0000","<a href=""http://instagr.am"" rel=""nofollow"">Instagram</a>","Cherry blossoms at night http://t.co/wQiCqdmM","http://instagr.am/p/JBidDBI0L0/"
"187752879719841793","","","","","2012-04-05 04:05:49 +0000","<a href=""http://flickr.com/services/twitter/"" rel=""nofollow"">Flickr</a>","8:36pm Just heading home after good conversations with @rdicker and @galenward http://t.co/6zgkbNAU","http://flic.kr/p/bvNqsS"
"187708040353546240","","","","","2012-04-05 01:07:38 +0000","<a href=""http://tapbots.com/tweetbot"" rel=""nofollow"">Tweetbot for iOS</a>","Who crunched time?"
"187649278691385345","","","","","2012-04-04 21:14:09 +0000","<a href=""http://itunes.apple.com/us/app/twitter/id409789998?mt=12"" rel=""nofollow"">Twitter for Mac</a>","Want to know more about @budge? Check out this cool new tour page @ameliagreenhall put together: http://t.co/QybVKY3a","http://bud.ge/tour"
"187612880273801218","","","","","2012-04-04 18:49:30 +0000","<a href=""http://www.tumblr.com/"" rel=""nofollow"">Tumblr</a>","The new crazy Google Glasses demo video: http://t.co/MzBRmj8R","http://tmblr.co/ZQJvayJ4XwVW"
"187602040350965760","187595629642522624","11822502","","","2012-04-04 18:06:26 +0000","<a href=""http://itunes.apple.com/us/app/twitter/id409789998?mt=12"" rel=""nofollow"">Twitter for Mac</a>","@mko Isn't that just an extension of a current obligation you feel to be considerate of other people, rather than something new?"
"187592648809394177","187591992379834370","2182141","","","2012-04-04 17:29:07 +0000","<a href=""http://itunes.apple.com/us/app/twitter/id409789998?mt=12"" rel=""nofollow"">Twitter for Mac</a>","@cap @mko I don't see how it would create social obligation. It's just another piece of feedback."
"187591686065623040","187590395377631232","11822502","","","2012-04-04 17:25:17 +0000","<a href=""http://itunes.apple.com/us/app/twitter/id409789998?mt=12"" rel=""nofollow"">Twitter for Mac</a>","@mko @cap It would definitely disrupt existing social dynamics. However, is it possible that it might help build better ones?"
"187591310306320384","187590465422495747","2015","","","2012-04-04 17:23:48 +0000","<a href=""http://itunes.apple.com/us/app/twitter/id409789998?mt=12"" rel=""nofollow"">Twitter for Mac</a>","@joshc You can guess, but it's subjective. I think having an objective measure would change how we thought about it."
"187589578008440833","187586584453988352","11822502","","","2012-04-04 17:16:55 +0000","<a href=""http://itunes.apple.com/us/app/twitter/id409789998?mt=12"" rel=""nofollow"">Twitter for Mac</a>","@mko @cap I agree that it would be a short-term disaster but that as the novelty wore off it would create new interesting advantages."
"187588732831010816","187587329244921856","9981012","","","2012-04-04 17:13:33 +0000","<a href=""http://itunes.apple.com/us/app/twitter/id409789998?mt=12"" rel=""nofollow"">Twitter for Mac</a>","@adamtr Yeah, wishful thinking I guess. Have you used any heart rate watches + chest straps that would work well over a whole day?"
"187584754961485825","187583844013182976","14439930","","","2012-04-04 16:57:45 +0000","<a href=""http://tapbots.com/tweetbot"" rel=""nofollow"">Tweetbot for iOS</a>","@strickvl I love @azumioinc apps and use them regularly. I want something that run all the time though, and lets me know of big jumps."
"187583566983598082","","","187583230197776385","2182141","2012-04-04 16:53:02 +0000","<a href=""http://tapbots.com/tweetbot"" rel=""nofollow"">Tweetbot for iOS</a>","RT @cap: @busterbenson Oh god the trolling? #umad"
"187583498931023872","187582975284756481","21135674","","","2012-04-04 16:52:45 +0000","<a href=""http://tapbots.com/tweetbot"" rel=""nofollow"">Tweetbot for iOS</a>","@e_ramirez @strickvl Cool! Anything launched yet?"
"187583100258238465","","","","","2012-04-04 16:51:10 +0000","<a href=""http://tapbots.com/tweetbot"" rel=""nofollow"">Tweetbot for iOS</a>","How would social interactions change (other than being nerdier) if we could see each others' stress levels in real time?"
"187582198856159235","187581774174490624","14439930","","","2012-04-04 16:47:35 +0000","<a href=""http://tapbots.com/tweetbot"" rel=""nofollow"">Tweetbot for iOS</a>","@strickvl @e_ramirez Would wearing a strap all day every day be possible? How long does the battery last?"
"187581806541938689","187581311521792001","792738","","","2012-04-04 16:46:02 +0000","<a href=""http://tapbots.com/tweetbot"" rel=""nofollow"">Tweetbot for iOS</a>","@Cruftbox Awesome. Any tips on best ones?"
"187581413590183936","","","","","2012-04-04 16:44:28 +0000","<a href=""http://tapbots.com/tweetbot"" rel=""nofollow"">Tweetbot for iOS</a>","All I really want to know is when my heart rate significantly changes. Find my stress triggers. Bonus points for not triggering when moving."
"187581004419055617","187580413743599617","21135674","","","2012-04-04 16:42:51 +0000","<a href=""http://tapbots.com/tweetbot"" rel=""nofollow"">Tweetbot for iOS</a>","@e_ramirez I was just looking into Polar. Have you used them at all?"
"187579934682791937","187579568108998657","21135674","","","2012-04-04 16:38:36 +0000","<a href=""http://tapbots.com/tweetbot"" rel=""nofollow"">Tweetbot for iOS</a>","@e_ramirez @mybasis Yes, but I've been waiting years for them to launch. Anyone else to buy in the meantime?"
"187579265259274240","","","","","2012-04-04 16:35:56 +0000","<a href=""http://tapbots.com/tweetbot"" rel=""nofollow"">Tweetbot for iOS</a>","I would wear a watch that, instead of the time, constantly displayed my heart rate. Does one exist yet?"
"187397490348265475","","","","","2012-04-04 04:33:38 +0000","<a href=""http://flickr.com/services/twitter/"" rel=""nofollow"">Flickr</a>","8:36pm Trying to blend in http://t.co/3NRu5p9Q","http://flic.kr/p/bvxzjJ"
"187327543379116032","","","","","2012-04-03 23:55:41 +0000","<a href=""http://www.tumblr.com/"" rel=""nofollow"">Tumblr</a>","The knight can visit each chess board square exactly once: http://t.co/bg4drcIL /via @ilovecharts","http://tmblr.co/ZQJvayJ24FW-"
"187313090042413056","","","","","2012-04-03 22:58:15 +0000","<a href=""http://www.tumblr.com/"" rel=""nofollow"">Tumblr</a>","On motivation: http://t.co/SRTJRoY6","http://tmblr.co/ZQJvayJ1sH4f"
"187274180784427008","187274007488372737","1026","","","2012-04-03 20:23:38 +0000","<a href=""http://tapbots.com/tweetbot"" rel=""nofollow"">Tweetbot for iOS</a>","@jfuchs On @budge, yes. Why do you ask?"
"187268956678144000","","","","","2012-04-03 20:02:53 +0000","<a href=""http://twitter.com/tweetbutton"" rel=""nofollow"">Tweet Button</a>","Headfirst and Goal: http://t.co/vLiNLe9F (this is where all the people have been coming from) /thx @nttd","http://shar.es/pLyAE"
"187250138446696449","","","","","2012-04-03 18:48:06 +0000","<a href=""http://itunes.apple.com/us/app/twitter/id409789998?mt=12"" rel=""nofollow"">Twitter for Mac</a>","Urban Airship's context-aware mobile messaging gets smarter: http://t.co/3I18CzRD #serendipity","http://bustr.me/post/20418085074/urban-airships-mobile-messaging-gets-smarter"
"187227591189610496","","","","","2012-04-03 17:18:30 +0000","<a href=""http://itunes.apple.com/us/app/twitter/id409789998?mt=12"" rel=""nofollow"">Twitter for Mac</a>","Announcing 2 spankin' new @budge programs: Stretch Animal and Plank Animal: http://t.co/nBxvIu5p (plank is my favorite new exercise)","http://bustr.me/post/20414381013/whoa-2-new-programs-now-free"
"187215127924314113","187211067741581312","2854761","","","2012-04-03 16:28:59 +0000","<a href=""http://tapbots.com/tweetbot"" rel=""nofollow"">Tweetbot for iOS</a>","@galenward @msg It's surprisingly versatile advice, for many an occasion! #suck"
"187204362211295232","187203368928817152","73289095","","","2012-04-03 15:46:12 +0000","<a href=""http://itunes.apple.com/us/app/twitter/id409789998?mt=12"" rel=""nofollow"">Twitter for Mac</a>","@thuntnet You're very welcome!"
"187203374897315841","187203043224338432","12426422","","","2012-04-03 15:42:17 +0000","<a href=""http://itunes.apple.com/us/app/twitter/id409789998?mt=12"" rel=""nofollow"">Twitter for Mac</a>","@CoriReady A couple months ago. It just popped in my head one day and I had to build it."
"187203238066532354","","","","","2012-04-03 15:41:44 +0000","<a href=""http://www.tumblr.com/"" rel=""nofollow"">Tumblr</a>","2 different kinds of personal assistants from the future: http://t.co/ArQQcQFi #serendipity #ai","http://tmblr.co/ZQJvayJ0aw6d"
"187200839184687105","","","","","2012-04-03 15:32:12 +0000","<a href=""http://www.tumblr.com/"" rel=""nofollow"">Tumblr</a>","""Put yourself out there and give yourself permission to suck"" http://t.co/DhJXxNWb /via @msg","http://tmblr.co/ZQJvayJ0Zhqd"
"187187741602217984","","","","","2012-04-03 14:40:10 +0000","<a href=""http://tapbots.com/tweetbot"" rel=""nofollow"">Tweetbot for iOS</a>","A big surge of people are coming to http://t.co/cVFrj69Y all of a sudden this morning, but no idea why. Still, cool!","http://bit.ly/Hc26kE"
"187040020769669120","","","","","2012-04-03 04:53:10 +0000","<a href=""http://flickr.com/services/twitter/"" rel=""nofollow"">Flickr</a>","8:36pm Watching Mad Men while waiting for late night Chinese take-out http://t.co/qOoVMcym","http://flic.kr/p/bJc4Q6"
"187016155683233793","187014824306290688","115230056","","","2012-04-03 03:18:20 +0000","<a href=""http://tapbots.com/tweetbot"" rel=""nofollow"">Tweetbot for iOS</a>","@newobject I don't, but he is pretty dismissive of any possibility of quantum theory helping improve chances for free will."
"187014140911550468","187010383557562368","326617601","","","2012-04-03 03:10:20 +0000","<a href=""http://tapbots.com/tweetbot"" rel=""nofollow"">Tweetbot for iOS</a>","@spozbo Yeah, number. I couldn't find a mass estimation in my brief google research. Half a gallon by volume, though."
"187007517140852736","","","187007319551393793","22483","2012-04-03 02:44:01 +0000","<a href=""http://tapbots.com/tweetbot"" rel=""nofollow"">Tweetbot for iOS</a>","RT @pinwheel: @busterbenson anti-bacterial soap has some explaining to do."
"187005972827471872","","","","","2012-04-03 02:37:52 +0000","<a href=""http://itunes.apple.com/us/app/twitter/id409789998?mt=12"" rel=""nofollow"">Twitter for Mac</a>","Did you know that 90% of the cells of our body are actually not ours, but bacteria?"
"186993385289166849","186992188238987264","681813","","","2012-04-03 01:47:51 +0000","<a href=""http://itunes.apple.com/us/app/twitter/id409789998?mt=12"" rel=""nofollow"">Twitter for Mac</a>","@avantgame Can you add that as a @superbetter power up pls?"
"186991521738915840","","","","","2012-04-03 01:40:27 +0000","<a href=""http://itunes.apple.com/us/app/twitter/id409789998?mt=12"" rel=""nofollow"">Twitter for Mac</a>","Sam Harris's great 1-hour talk on the illusion of free will: http://t.co/uQqR4CYZ

Does anyone else see the Agent Smith resemblance here?","http://bustr.me/post/20382230397/a-1-hour-talk-by-sam-harris-about-the-illusion-of"
"186974995115802624","186974649865879552","677733","","","2012-04-03 00:34:47 +0000","<a href=""http://itunes.apple.com/us/app/twitter/id409789998?mt=12"" rel=""nofollow"">Twitter for Mac</a>","@wka That's true, but the same probably holds for companies, right?  If not now, in a billion years it will be more likely."
"186974054916440065","","","","","2012-04-03 00:31:03 +0000","<a href=""http://itunes.apple.com/us/app/twitter/id409789998?mt=12"" rel=""nofollow"">Twitter for Mac</a>","""The soul that allows you to stay on a diet is just as mysterious as the soul that tempts you to eat a hot fudge sundae."" - Sam Harris"
"186942865186885634","186929554269536257","19853","","","2012-04-02 22:27:06 +0000","<a href=""http://itunes.apple.com/us/app/twitter/id409789998?mt=12"" rel=""nofollow"">Twitter for Mac</a>","@rk Only because random mutation is a slowly learning system. Tech can evolve with human and market help in fewer generations, right?"
"186921699080536064","","","186920859548651521","2391","2012-04-02 21:03:00 +0000","<a href=""http://itunes.apple.com/us/app/twitter/id409789998?mt=12"" rel=""nofollow"">Twitter for Mac</a>","RT @mulegirl: @busterbenson @tomcoates While scientific metaphors can go too far, or all wrong, Darwinism is all about success in a cont ..."
"186921662099374083","186920849901764608","12514","","","2012-04-02 21:02:51 +0000","<a href=""http://itunes.apple.com/us/app/twitter/id409789998?mt=12"" rel=""nofollow"">Twitter for Mac</a>","@tomcoates I'm mostly just trying to say that incremental changes don't limit your upside on awesomeness."
"186920528601288704","186920058918928386","12514","","","2012-04-02 20:58:21 +0000","<a href=""http://itunes.apple.com/us/app/twitter/id409789998?mt=12"" rel=""nofollow"">Twitter for Mac</a>","@tomcoates What evidence is there that big refactors handle local maxima or extinction any better than incremental improvements over time?"
"186919548744773632","","","","","2012-04-02 20:54:27 +0000","<a href=""http://itunes.apple.com/us/app/twitter/id409789998?mt=12"" rel=""nofollow"">Twitter for Mac</a>","Anyone that thinks that incremental improvements aren't effective enough and big refactors are needed to survive should talk to Darwin."
"186899297437102081","","","186898975339708416","15227832","2012-04-02 19:33:59 +0000","<a href=""http://tapbots.com/tweetbot"" rel=""nofollow"">Tweetbot for iOS</a>","RT @collinferry: @busterbenson I watched Sam Harris lecture on the illusion Free Will. Very persuasive. Thus, do we have free will? http ..."
"186897366647975936","","","","","2012-04-02 19:26:19 +0000","<a href=""http://tapbots.com/tweetbot"" rel=""nofollow"">Tweetbot for iOS</a>","What's your current biggest unanswered question about life? I gotta think about that a bit."
"186896941110665217","","","186895815112007680","9207632","2012-04-02 19:24:37 +0000","<a href=""http://tapbots.com/tweetbot"" rel=""nofollow"">Tweetbot for iOS</a>","RT @brainpicker: ""Being a scientist requires having faith in uncertainty, finding pleasure in mystery, and learning to cultivate doubt."" ..."
"186872371951579136","186870984559706112","11604","","","2012-04-02 17:47:00 +0000","<a href=""http://tapbots.com/tweetbot"" rel=""nofollow"">Tweetbot for iOS</a>","@torrez Yeah, maybe. There is a difference, and the specific words and labels haven't quite sorted themselves out yet. It's mostly silly."
"186861884291555331","","","","","2012-04-02 17:05:19 +0000","<a href=""http://itunes.apple.com/us/app/twitter/id409789998?mt=12"" rel=""nofollow"">Twitter for Mac</a>","What do you need in order to be a ""programmer""? http://t.co/op6acHvz","http://bustr.me/post/20354548499/no-upside-learn-to-code"
"186844132143140865","186843517904105473","21135674","","","2012-04-02 15:54:47 +0000","<a href=""http://tapbots.com/tweetbot"" rel=""nofollow"">Tweetbot for iOS</a>","@e_ramirez Not yet but it's definitely on my list for travel next week."
"186683230844485632","","","","","2012-04-02 05:15:25 +0000","<a href=""http://flickr.com/services/twitter/"" rel=""nofollow"">Flickr</a>","8:36pm Watching a cheesy romantic comedy with my hiding wife. Morning Glory, or something? http://t.co/qfUfgdDB","http://flic.kr/p/buZq5w"
"186657852734177280","","","186530374157991936","19725644","2012-04-02 03:34:34 +0000","<a href=""http://tapbots.com/tweetbot"" rel=""nofollow"">Tweetbot for iOS</a>","RT @neiltyson: Yup. If pasta & antipasta ever touch, they annihilate. For your safety, that's why restaurants never serve them together."
"186636443085578240","186635881401155584","9469312","","","2012-04-02 02:09:30 +0000","<a href=""http://tapbots.com/tweetbot"" rel=""nofollow"">Tweetbot for iOS</a>","@basus Increasing productivity is a subtractive process not an addititive one."
"186633553885409280","","","","","2012-04-02 01:58:01 +0000","<a href=""http://tapbots.com/tweetbot"" rel=""nofollow"">Tweetbot for iOS</a>","The better the productivity app, the worse it works."
"186632703842590720","","142677301","","","2012-04-02 01:54:38 +0000","<a href=""http://tapbots.com/tweetbot"" rel=""nofollow"">Tweetbot for iOS</a>","@newscrier Please stop mine too! RT @OffbeatAriel: @newscrier stop mentions"
"186620060280963072","","","","","2012-04-02 01:04:24 +0000","<a href=""http://instagr.am"" rel=""nofollow"">Instagram</a>","Sunday afternoon @instagram question... http://t.co/heh8qjX0","http://instagr.am/p/I5ew3do0D9/"
"186554680418119680","","","186534306498363394","97704318","2012-04-01 20:44:36 +0000","<a href=""http://itunes.apple.com/us/app/twitter/id409789998?mt=12"" rel=""nofollow"">Twitter for Mac</a>","RT @luckyisgood: Can't stick to your plan or rules of life, universe and everything? Try @healthmonth - http://t.co/kRG1E8VF - it works","http://www.healthmonth.com"
"186544489618354176","186529228651626498","121250669","","","2012-04-01 20:04:06 +0000","<a href=""http://itunes.apple.com/us/app/twitter/id409789998?mt=12"" rel=""nofollow"">Twitter for Mac</a>","@bmndr Don't worry, you'll be getting an invoice. :)"
"186499870872449024","","","","","2012-04-01 17:06:48 +0000","<a href=""http://instagr.am"" rel=""nofollow"">Instagram</a>","""bee!"" http://t.co/hRd5sfOc","http://instagr.am/p/I4oL1Po0F8/"
"186486667782266880","186481307977650176","246531241","","","2012-04-01 16:14:21 +0000","<a href=""http://tapbots.com/tweetbot"" rel=""nofollow"">Tweetbot for iOS</a>","@ameliagreenhall My naturopath might be up for that..."
"186460181071269889","","","186448590393192448","5511","2012-04-01 14:29:06 +0000","<a href=""http://tapbots.com/tweetbot"" rel=""nofollow"">Tweetbot for iOS</a>","RT @f: Draw Something may be a success, but their CEO (@tfadp) turning into an arrogant a-hole is sad. No excuse for this: http://t.co/O ..."
"186355919007907840","","","","","2012-04-01 07:34:48 +0000","<a href=""http://itunes.apple.com/us/app/jittergram/id511639656?mt=8&uo=4"" rel=""nofollow"">Jittergram on iOS</a>","Kellianne rediscovers Plants vs Zombies #jittergram http://t.co/tQ5vdsRQ","http://www.jittergramapp.com/#p/69F73FB8-3234-4B3D-A239-4289B78B6F42"
"186352040987996161","","","","","2012-04-01 07:19:23 +0000","<a href=""http://itunes.apple.com/us/app/twitter/id409789998?mt=12"" rel=""nofollow"">Twitter for Mac</a>","I'm on team @anildash and @tomcoates."
