"tweet_id","in_reply_to_status_id","in_reply_to_user_id","retweeted_status_id","retweeted_status_user_id","timestamp","source","text","expanded_urls"
"219287571094704130","","","","","2012-07-01 04:33:25 +0000","<a href=""http://flickr.com/services/twitter/"" rel=""nofollow"">Flickr</a>","8:36pm Working on slides http://t.co/Sz0CzQIq","http://flic.kr/p/coG1p1"
"219272738567766017","219233900545847297","252827423","","","2012-07-01 03:34:29 +0000","web","@azumioinc That's awesome. Now if only I could access that export programatically!"
"219232022231654400","","","219229762038669312","360907906","2012-07-01 00:52:41 +0000","<a href=""http://tapbots.com/tweetbot"" rel=""nofollow"">Tweetbot for iOS</a>","RT @joinsessions: All calories are not alike! Small changes in diet can bring huge benefits. http://t.co/tj9abzni","http://nyti.ms/KTJVGK"
"219228206895607808","","","","","2012-07-01 00:37:32 +0000","<a href=""http://tapbots.com/tweetbot"" rel=""nofollow"">Tweetbot for iOS</a>","Nothing is black-and-white, including this statement."
"219224097689845762","","","","","2012-07-01 00:21:12 +0000","<a href=""http://tapbots.com/tweetbot"" rel=""nofollow"">Tweetbot for iOS</a>","This is hilarious. What are your unsung skills? http://t.co/jogaacdk /by @oliverburkeman","http://bit.ly/N8lDpG"
"219192103241134080","","","","","2012-06-30 22:14:04 +0000","<a href=""http://instagr.am"" rel=""nofollow"">Instagram</a>","List of behavior change projects I've worked on, for my @boldacademy talk next week http://t.co/DFKWmgPu","http://instagr.am/p/Mg6tq_o0Ct/"
"219089242238889984","","","","","2012-06-30 15:25:20 +0000","<a href=""http://flickr.com/services/twitter/"" rel=""nofollow"">Flickr</a>","8:36pm from last night. Eating with Joe and Venessa helping them raise money for their new food truck, Pickle http://t.co/RpCtzbod","http://flic.kr/p/comjUb"
"218883364885770240","","","218875123476865025","17997789","2012-06-30 01:47:15 +0000","<a href=""http://tapbots.com/tweetbot"" rel=""nofollow"">Tweetbot for iOS</a>","RT @danariely: 54 Smart Thinkers Everyone Should Follow On Twitter.  Why #3? http://t.co/ETFO8kCx","http://read.bi/LGijpT"
"218862737143513088","218859207791869953","9395832","","","2012-06-30 00:25:17 +0000","<a href=""http://tapbots.com/tweetbot"" rel=""nofollow"">Tweetbot for iOS</a>","@dcurtis That?s awesome! You should host that file on Github, like this:  http://t.co/QYugOvuu

I?m gonna add predictions.txt soon too.","http://bit.ly/MH9Dhl"
"218854765122162688","218853954698756096","502177948","","","2012-06-29 23:53:36 +0000","<a href=""http://tapbots.com/tweetbot"" rel=""nofollow"">Tweetbot for iOS</a>","@BoldAcademy Looking forward to next week! See you Wednesday!"
"218846461448818688","","","218052452820336641","26802954","2012-06-29 23:20:37 +0000","web","RT @greggretsch: Since release of iPhone 5 years ago, market caps of companies most affected - $AAPL +376%; $GOOG +9%; $RIMM -85%; $NOK -89%"
"218757248602746881","218753010921246724","10015122","","","2012-06-29 17:26:07 +0000","<a href=""http://itunes.apple.com/us/app/twitter/id409789998?mt=12"" rel=""nofollow"">Twitter for Mac</a>","@andypixel How are you wearing pants??"
"218751154551656451","218750559254093825","10959642","","","2012-06-29 17:01:54 +0000","<a href=""http://tapbots.com/tweetbot"" rel=""nofollow"">Tweetbot for iOS</a>","@tara Interesting. And do you believe that that?s true for everyone all the time?"
"218750165505417216","218748387015667712","18132818","","","2012-06-29 16:57:58 +0000","<a href=""http://tapbots.com/tweetbot"" rel=""nofollow"">Tweetbot for iOS</a>","@andrewtlove I disagree. That?s just the best we can do. The best way to know what?s inside a locked box is not to observe its cover."
"218745972421963776","218745554673471488","18132818","","","2012-06-29 16:41:18 +0000","<a href=""http://tapbots.com/tweetbot"" rel=""nofollow"">Tweetbot for iOS</a>","@andrewtlove True self."
"218745938632650754","218744853750747136","10959642","","","2012-06-29 16:41:10 +0000","<a href=""http://tapbots.com/tweetbot"" rel=""nofollow"">Tweetbot for iOS</a>","@tara Yeah. But don?t you think some contexts are more you than others?"
"218745608222150656","218744754861645824","10015122","","","2012-06-29 16:39:51 +0000","<a href=""http://tapbots.com/tweetbot"" rel=""nofollow"">Tweetbot for iOS</a>","@andypixel When you?re wearing pants."
"218744524812451841","","","","","2012-06-29 16:35:33 +0000","<a href=""http://tapbots.com/tweetbot"" rel=""nofollow"">Tweetbot for iOS</a>","When are you most like yourself?"
"218731782697263104","218730208973422594","597623360","","","2012-06-29 15:44:55 +0000","<a href=""http://itunes.apple.com/us/app/twitter/id409789998?mt=12"" rel=""nofollow"">Twitter for Mac</a>","@notaustintexas I think @Fitbit's a better product overall."
"218714998514515970","","","","","2012-06-29 14:38:13 +0000","<a href=""http://itunes.apple.com/us/app/twitter/id409789998?mt=12"" rel=""nofollow"">Twitter for Mac</a>","Connected up Nike+ FuelBand to @path: http://t.co/GK37lMRD","http://blog.path.com/post/26138738807/fuelband"
"218588717915451392","","","218473469288005633","9684932","2012-06-29 06:16:26 +0000","<a href=""http://tapbots.com/tweetbot"" rel=""nofollow"">Tweetbot for iOS</a>","RT @andyhickl: If you'd like Google Now later, you'd like @arodotcom's #Saga, uh, soon. http://t.co/dTPVkgIL #googleNow","http://getsaga.com"
"218549984772100097","","","","","2012-06-29 03:42:31 +0000","<a href=""http://flickr.com/services/twitter/"" rel=""nofollow"">Flickr</a>","8:36pm Grateful for @spangley's Shoes Are For Gazing @rdio playlist. I like the new design too. http://t.co/rRQzjPZF","http://flic.kr/p/cnCf2C"
"218493107849801729","218492416330702848","2015","","","2012-06-28 23:56:30 +0000","<a href=""http://tapbots.com/tweetbot"" rel=""nofollow"">Tweetbot for iOS</a>","@joshc On first try it seemed just as fast, and I like the UI. I use Chrome on my computers, so syncing is nice. We?ll see though?"
"218490161187655680","","","","","2012-06-28 23:44:48 +0000","<a href=""http://itunes.apple.com/us/app/twitter/id409789998?mt=12"" rel=""nofollow"">Twitter for Mac</a>","The new Chrome iPhone app is slick. It is replacing Safari in my dock for now..."
"218464286127816705","","","","","2012-06-28 22:01:59 +0000","<a href=""http://itunes.apple.com/us/app/twitter/id409789998?mt=12"" rel=""nofollow"">Twitter for Mac</a>","Super stoked about @foursquare's new connected apps API. Hoping I get some time to play around with it soon: http://t.co/beja1oxg","http://blog.foursquare.com/2012/06/28/developer-preview-build-your-app-directly-into-foursquare-with-our-new-connected-apps-platform/"
"218456693837803521","","","","","2012-06-28 21:31:49 +0000","<a href=""http://itunes.apple.com/us/app/twitter/id409789998?mt=12"" rel=""nofollow"">Twitter for Mac</a>","I need some new shirts, but no time to shop. Can you find some ideas for me please? :) http://t.co/9uSkiZXl","http://www.facebook.com/questions/10150980020933647/?qa_ref=ssp"
"218455736009760769","218352212932440066","678033","","","2012-06-28 21:28:00 +0000","<a href=""http://itunes.apple.com/us/app/twitter/id409789998?mt=12"" rel=""nofollow"">Twitter for Mac</a>","@heathr Have you tried Plank Animal on @budge yet? :)"
"218345956108804097","","","218332676569051195","36843988","2012-06-28 14:11:47 +0000","<a href=""http://tapbots.com/tweetbot"" rel=""nofollow"">Tweetbot for iOS</a>","RT @TEDNews: Want to see the science that says online gaming boosts happiness? Head to: http://t.co/LwCc5V9o @avantgame","http://showmethescience.com"
"218211236456833025","","","","","2012-06-28 05:16:27 +0000","<a href=""http://tapbots.com/tweetbot"" rel=""nofollow"">Tweetbot for iOS</a>","Catching up on this crazy stuff: RT @ThePeterHa: Project Glass Is The Future Of Google http://t.co/U5ZglaCp","http://bit.ly/OApQYl"
"218202841834192896","218177298669649922","14178713","","","2012-06-28 04:43:06 +0000","<a href=""http://tapbots.com/tweetbot"" rel=""nofollow"">Tweetbot for iOS</a>","@bradwayland Just that I have narrowed it down to a couple people and am working with them directly."
"218201227836657664","","","","","2012-06-28 04:36:41 +0000","<a href=""http://flickr.com/services/twitter/"" rel=""nofollow"">Flickr</a>","8:36pm Working late on too many different projects http://t.co/dGFCPnmJ","http://flic.kr/p/cn7qwo"
"218080487388876802","218068410897154048","10286","","","2012-06-27 20:36:54 +0000","<a href=""http://itunes.apple.com/us/app/twitter/id409789998?mt=12"" rel=""nofollow"">Twitter for Mac</a>","@larrywright Not yet. I'll check it out though, thanks for the tip."
"218064965570015233","","","","","2012-06-27 19:35:13 +0000","<a href=""http://tapbots.com/tweetbot"" rel=""nofollow"">Tweetbot for iOS</a>","I?m using Fireworks for the first time and sort of digging it."
"218000200655044610","217989826207678467","93478440","","","2012-06-27 15:17:52 +0000","<a href=""http://tapbots.com/tweetbot"" rel=""nofollow"">Tweetbot for iOS</a>","@brianmwang Yes that?s been happening to me too all day. Let me know if you find the cause or fix."
"217846710465069059","217845746467217408","20833838","","","2012-06-27 05:07:57 +0000","<a href=""http://tapbots.com/tweetbot"" rel=""nofollow"">Tweetbot for iOS</a>","@carinnatarvin Say konichiwa to my people!"
"217838799693156353","","","","","2012-06-27 04:36:31 +0000","<a href=""http://tapbots.com/tweetbot"" rel=""nofollow"">Tweetbot for iOS</a>","So maybe rotate my restrictions each weekday, and weekends off? RT @pinwheel: @busterbenson Sure?But not at the same time."
"217833011675283456","","","","","2012-06-27 04:13:31 +0000","<a href=""http://tapbots.com/tweetbot"" rel=""nofollow"">Tweetbot for iOS</a>","Disclaimer: I know enough about myself to know that I couldn?t become that even if I wanted."
"217832052609916928","","","","","2012-06-27 04:09:43 +0000","<a href=""http://tapbots.com/tweetbot"" rel=""nofollow"">Tweetbot for iOS</a>","Should I become an organic gluten-free raw food vegan locavore?"
"217824229071126529","","","","","2012-06-27 03:38:37 +0000","<a href=""http://instagr.am"" rel=""nofollow"">Instagram</a>","8:36pm This place is converting us  @ Thrive http://t.co/heZI3Lbt","http://instagr.am/p/MXMy7rI0Ia/"
"217775187725266944","","","","","2012-06-27 00:23:45 +0000","<a href=""http://itunes.apple.com/us/app/twitter/id409789998?mt=12"" rel=""nofollow"">Twitter for Mac</a>","Training us to like it cloudy. RT @Uber_SEA: It's currently partly cloudy in Seattle. Enter the code UBERELLA &amp; get 50% off a ride today!"
"217753222734024704","217747621727567872","29274115","","","2012-06-26 22:56:28 +0000","<a href=""http://tapbots.com/tweetbot"" rel=""nofollow"">Tweetbot for iOS</a>","@Graizur Thanks for the advice."
"217745956651794433","217745141962772480","29274115","","","2012-06-26 22:27:36 +0000","<a href=""http://tapbots.com/tweetbot"" rel=""nofollow"">Tweetbot for iOS</a>","@Graizur I don?t get it. What are you trying to say?"
"217742435290320898","","","","","2012-06-26 22:13:36 +0000","<a href=""http://tapbots.com/tweetbot"" rel=""nofollow"">Tweetbot for iOS</a>","Do you think back in the day that mammals? lizard brains were as obsessed with their new cerebral cortexes as we are now with our phones?"
"217741203540684800","217725640495996928","33425369","","","2012-06-26 22:08:43 +0000","<a href=""http://tapbots.com/tweetbot"" rel=""nofollow"">Tweetbot for iOS</a>","@Chris_NWA @marieforleo Thanks! I?ve used both in the past and have nothing against them. Building APIs was the deciding factor."
"217485391962439681","","","","","2012-06-26 05:12:12 +0000","<a href=""http://itunes.apple.com/us/app/twitter/id409789998?mt=12"" rel=""nofollow"">Twitter for Mac</a>","AKA Amazing! RT @waxpancake: Robot and Frank = best romantic comedy/jewelry heist/robot-senior buddy film this year. http://t.co/lkaVwCRc","http://www.youtube.com/watch?v=qrQbkjhrANs&hd=1"
"217462880294019072","","","","","2012-06-26 03:42:45 +0000","<a href=""http://instagr.am"" rel=""nofollow"">Instagram</a>","8:36pm Funny faces pt 835, toad edition http://t.co/6y5zThbP","http://instagr.am/p/MUoe3jI0L0/"
"217422393923211264","","","","","2012-06-26 01:01:52 +0000","<a href=""http://tapbots.com/tweetbot"" rel=""nofollow"">Tweetbot for iOS</a>","Neat! I never use their camera. RT @keeg: Cool @instagram 2.5 trick: Long press on the camera button to access your camera roll."
"217412582397579264","","","","","2012-06-26 00:22:53 +0000","<a href=""http://itunes.apple.com/us/app/twitter/id409789998?mt=12"" rel=""nofollow"">Twitter for Mac</a>","Wow, I have a 100+ non-spam messages in my ""Other Messages"" folder on Facebook that I didn't know about."
"217340017352261632","","","","","2012-06-25 19:34:32 +0000","<a href=""http://tapbots.com/tweetbot"" rel=""nofollow"">Tweetbot for iOS</a>","Great article on the quantified life! RT @AliciaMorga: ""They will regard the doctor as more consultant than oracle.""  http://t.co/BWrroqLM","http://bit.ly/MTIeUW"
"217335125468397568","","","217331134537793536","62413270","2012-06-25 19:15:06 +0000","<a href=""http://tapbots.com/tweetbot"" rel=""nofollow"">Tweetbot for iOS</a>","RT @HygeiaKate: I love this: Dad?s Secret Graduation Present To Daughter Took 13 Years To Make http://t.co/jsQch4OJ","http://nedhardy.com/2012/06/18/dads-secret-graduation-present-to-daughter-took-13-years-to-make/"
"217333776840261633","217322591914958851","761628","","","2012-06-25 19:09:44 +0000","<a href=""http://tapbots.com/tweetbot"" rel=""nofollow"">Tweetbot for iOS</a>","@RickWebb That?s rad."
"217277782001065984","217148683563700225","112037009","","","2012-06-25 15:27:14 +0000","<a href=""http://itunes.apple.com/us/app/twitter/id409789998?mt=12"" rel=""nofollow"">Twitter for Mac</a>","@oliverburkeman I ordered it! Shipping cost as much as the book. Too bad Kindle version can't be available worldwide."
"217100182007975936","","","","","2012-06-25 03:41:31 +0000","<a href=""http://instagr.am"" rel=""nofollow"">Instagram</a>","8:36pm Bad mood time out  @ Canon http://t.co/G1MsB09L","http://instagr.am/p/MSDfeco0P7/"
"217089439950835713","","","217084025175670784","10221","2012-06-25 02:58:50 +0000","<a href=""http://tapbots.com/tweetbot"" rel=""nofollow"">Tweetbot for iOS</a>","RT @thatdrew: simplicity. http://t.co/dCCmWxxQ","http://scriggity.com/simplicity"
"217074294008709120","217073607820582912","7853992","","","2012-06-25 01:58:39 +0000","<a href=""http://tapbots.com/tweetbot"" rel=""nofollow"">Tweetbot for iOS</a>","@codeodor I think the excerpt from the book explained well. Failure sucks. But fearing it at all costs will only make it worse."
"217072183627890688","217071772384759813","7853992","","","2012-06-25 01:50:16 +0000","<a href=""http://tapbots.com/tweetbot"" rel=""nofollow"">Tweetbot for iOS</a>","@codeodor It?s true. I think failure only becomes really interesting when it stops seeming interesting from the outside."
"217054980404809728","","","","","2012-06-25 00:41:54 +0000","<a href=""http://instagr.am"" rel=""nofollow"">Instagram</a>","Hitting the town for some exciting errands http://t.co/Qxle8kqi","http://instagr.am/p/MRu8pcI0Dh/"
"217043445691330561","217042098350866432","34383091","","","2012-06-24 23:56:04 +0000","<a href=""http://itunes.apple.com/us/app/twitter/id409789998?mt=12"" rel=""nofollow"">Twitter for Mac</a>","@cjlikearockstar This'll be a good discussion! But don't you agree that too much positivity can re-enforce fear and anxiety of the unknown?"
"217041643197579265","217041367958958083","34383091","","","2012-06-24 23:48:54 +0000","<a href=""http://itunes.apple.com/us/app/twitter/id409789998?mt=12"" rel=""nofollow"">Twitter for Mac</a>","@cjlikearockstar Hah, yes. I'd love to discuss! But first, read this excerpt for background: http://t.co/sLx82iWU","http://www.guardian.co.uk/lifeandstyle/2012/jun/15/happiness-is-being-a-loser-burkeman"
"217038835484340224","","112037009","","","2012-06-24 23:37:45 +0000","web","@oliverburkeman Very excited about your new book. Any way for someone in the US to get it before November?"
"217037627495428097","","","","","2012-06-24 23:32:57 +0000","<a href=""http://itunes.apple.com/us/app/twitter/id409789998?mt=12"" rel=""nofollow"">Twitter for Mac</a>","""The worst thing about any future event that you feel anxious about is usually your exaggerated belief in its horror."" http://t.co/sLx82iWU","http://www.guardian.co.uk/lifeandstyle/2012/jun/15/happiness-is-being-a-loser-burkeman"
"217025321529122816","","","","","2012-06-24 22:44:03 +0000","<a href=""http://www.tumblr.com/"" rel=""nofollow"">Tumblr</a>","""Ease up on all this positive thinking and learn instead to bathe in insecurity, uncertainty, and failure"": http://t.co/FggH5dJp","http://tmblr.co/ZQJvayO2RaNe"
"217019321149431810","","14435477","","","2012-06-24 22:20:12 +0000","<a href=""http://itunes.apple.com/us/app/twitter/id409789998?mt=12"" rel=""nofollow"">Twitter for Mac</a>","@dingstweets Just saw your TEDx talk from last Nov and was SUPER surprised/excited to get the shout out at the end. Thank you!"
"217000115062308866","216999075189506049","65407254","","","2012-06-24 21:03:53 +0000","<a href=""http://tapbots.com/tweetbot"" rel=""nofollow"">Tweetbot for iOS</a>","@joeldart Not really, but I can see how it might be interpreted that way."
"216995132224966656","","","","","2012-06-24 20:44:05 +0000","<a href=""http://tapbots.com/tweetbot"" rel=""nofollow"">Tweetbot for iOS</a>","#obitoftheday RT @NYTObits: Lesley Brown, Mother of First Test-Tube Baby, Dies at 64 http://t.co/IqMNsDfU","http://bit.ly/NpsOJa"
"216984659630899202","","","","","2012-06-24 20:02:28 +0000","<a href=""http://tapbots.com/tweetbot"" rel=""nofollow"">Tweetbot for iOS</a>","Stop trying to be someone else."
"216982697740992513","","","216949385425203200","3452941","2012-06-24 19:54:41 +0000","<a href=""http://tapbots.com/tweetbot"" rel=""nofollow"">Tweetbot for iOS</a>","RT @moniguzman: Why Seattle cartoonist @oatmeal's brilliant joke may have backfired, w/ thoughts from @charlescarreon &amp; @cwgabriel h ..."
"216740322171035648","","","","","2012-06-24 03:51:34 +0000","<a href=""http://instagr.am"" rel=""nofollow"">Instagram</a>","8:36pm He just unlocked ""night night, [fill in the blank]"" in his brain http://t.co/h4dueNxn","http://instagr.am/p/MPf1kbI0Iw/"
"216728015294574592","216724995420848128","21678279","","","2012-06-24 03:02:40 +0000","<a href=""http://tapbots.com/tweetbot"" rel=""nofollow"">Tweetbot for iOS</a>","@agaricus Maybe create a trash folder and put that and stocks in there."
"216698803997253633","216697470720290816","14372614","","","2012-06-24 01:06:35 +0000","<a href=""http://tapbots.com/tweetbot"" rel=""nofollow"">Tweetbot for iOS</a>","@hsofia You have stocks on your dock? Replace replace!"
"216698694819516416","216697550248488960","2015","","","2012-06-24 01:06:09 +0000","<a href=""http://tapbots.com/tweetbot"" rel=""nofollow"">Tweetbot for iOS</a>","@joshc Yeah, replace that with Tweetbot to have the same lineup that I do."
"216698509812961281","216697002464002048","6604252","","","2012-06-24 01:05:25 +0000","<a href=""http://tapbots.com/tweetbot"" rel=""nofollow"">Tweetbot for iOS</a>","@jonassink You should just go ahead and replace it now."
"216696553249841154","","","","","2012-06-24 00:57:38 +0000","<a href=""http://tapbots.com/tweetbot"" rel=""nofollow"">Tweetbot for iOS</a>","If you had to remove an app from your iPhone dock, which would it be?"
"216663772956344320","","","","","2012-06-23 22:47:23 +0000","<a href=""http://www.tumblr.com/"" rel=""nofollow"">Tumblr</a>","Great animated trailer for a new book ""Antidote: Happiness for people who can't stand positive thinking"": http://t.co/7chl2lqs","http://tmblr.co/ZQJvayN_MBCe"
"216634831176605696","","","","","2012-06-23 20:52:23 +0000","<a href=""http://tapbots.com/tweetbot"" rel=""nofollow"">Tweetbot for iOS</a>","#obitoftheday RT @NYTObits: Richard Adler, Collaborator on ?Pajama Game? and ?Damn Yankees,? Dies at 90 http://t.co/aJavV14G","http://bit.ly/O78jWg"
"216615302216159233","216613328301195264","196745496","","","2012-06-23 19:34:47 +0000","<a href=""http://itunes.apple.com/us/app/twitter/id409789998?mt=12"" rel=""nofollow"">Twitter for Mac</a>","@sarahkpeck Exactly."
"216611771832741889","","","","","2012-06-23 19:20:45 +0000","<a href=""http://itunes.apple.com/us/app/twitter/id409789998?mt=12"" rel=""nofollow"">Twitter for Mac</a>","I wish my iPhone had 2 unlock sliders. One would say ""I know what I'm gonna do"" and the other would say ""I have no idea why I'm doing this""."
"216603903498792960","","","","","2012-06-23 18:49:29 +0000","<a href=""http://itunes.apple.com/us/app/twitter/id409789998?mt=12"" rel=""nofollow"">Twitter for Mac</a>","Behavior change is a skill, like learning to play the guitar. You gotta practice. And it's your subconscious that is the guitar."
"216550887647215617","216401216446533633","12835992","","","2012-06-23 15:18:49 +0000","<a href=""http://tapbots.com/tweetbot"" rel=""nofollow"">Tweetbot for iOS</a>","@milkshakepants Solstice is the longest day but some friends throw a party on the latest day, which comes a few days later?"
"216384032064282624","","","","","2012-06-23 04:15:48 +0000","<a href=""http://flickr.com/services/twitter/"" rel=""nofollow"">Flickr</a>","8:36pm Celebrating latest day of the year with Dickers and this guy is hitting his wall http://t.co/uLPfGqmM","http://flic.kr/p/cj1kUu"
"216343540047953920","216334645015486464","958581","","","2012-06-23 01:34:54 +0000","<a href=""http://tapbots.com/tweetbot"" rel=""nofollow"">Tweetbot for iOS</a>","@rdicker Okay, we will!"
"216333403107237888","216330931890421763","958581","","","2012-06-23 00:54:37 +0000","<a href=""http://tapbots.com/tweetbot"" rel=""nofollow"">Tweetbot for iOS</a>","@rdicker Agreed. If it comes out we?ll come by for a bit!"
"216329358544080896","216329072282845184","15353121","","","2012-06-23 00:38:32 +0000","<a href=""http://tapbots.com/tweetbot"" rel=""nofollow"">Tweetbot for iOS</a>","@Swizec Why not? There?s nothing wrong with in following people!"
"216328263151267841","","","","","2012-06-23 00:34:11 +0000","<a href=""http://tapbots.com/tweetbot"" rel=""nofollow"">Tweetbot for iOS</a>","I got 44 tweets in the last 15 minutes. How many did you get?"
"216321759476064256","","","","","2012-06-23 00:08:21 +0000","<a href=""http://www.apple.com"" rel=""nofollow"">Safari on iOS</a>","Fill in the blank: my kingdom for _____."
"216298429662498816","","","","","2012-06-22 22:35:38 +0000","<a href=""http://itunes.apple.com/us/app/twitter/id409789998?mt=12"" rel=""nofollow"">Twitter for Mac</a>","We lie and cheat if 1) there's motivation 2) there's gray area in interpretation and 3) we can rationalize it
http://t.co/kN8Hol79","http://www.wired.com/business/2012/06/why-we-lie-cheat-go-to-prison-and-eat-chocolate-cake-10-questions-with-dan-ariely/"
"216257999717675008","","","","","2012-06-22 19:54:59 +0000","<a href=""http://www.tumblr.com/"" rel=""nofollow"">Tumblr</a>","What's in your empire hand? http://t.co/7leTsPrL","http://tmblr.co/ZQJvayNvjbc2"
"216220601289949184","216219499278516224","937961","","","2012-06-22 17:26:23 +0000","<a href=""http://itunes.apple.com/us/app/twitter/id409789998?mt=12"" rel=""nofollow"">Twitter for Mac</a>","@msg Good call. Duh."
"216218933575950337","","","","","2012-06-22 17:19:45 +0000","<a href=""http://itunes.apple.com/us/app/twitter/id409789998?mt=12"" rel=""nofollow"">Twitter for Mac</a>","Can someone make a Chrome plugin that allows only 1 tab and 1 window to be open at a time? Is that possible?"
"216218668554649600","","","","","2012-06-22 17:18:42 +0000","<a href=""http://itunes.apple.com/us/app/twitter/id409789998?mt=12"" rel=""nofollow"">Twitter for Mac</a>","Notifications no more: a post mortem by @mg http://t.co/wdmqV7Fj","http://mgalligan.com/post/25648656268/notifications-no-more-a-post-mortem"
"216188479900622849","","","216183038357413889","196745496","2012-06-22 15:18:44 +0000","<a href=""http://tapbots.com/tweetbot"" rel=""nofollow"">Tweetbot for iOS</a>","RT @sarahkpeck: It's okay. http://t.co/TDBCOOat","http://bit.ly/LjSH1S"
"216187791195910144","","","","","2012-06-22 15:16:00 +0000","<a href=""http://tapbots.com/tweetbot"" rel=""nofollow"">Tweetbot for iOS</a>","#obitoftheday RT @NYTObits: Andrew Sarris, one of the most influential film critics/champion of auteur theory http://t.co/acAkO6kv","http://bit.ly/PI0O6G"
"216184029228179456","","","","","2012-06-22 15:01:03 +0000","<a href=""http://www.tumblr.com/"" rel=""nofollow"">Tumblr</a>","Documents are dead, long live the note! http://t.co/kQcp8PmN /via @fetchnotes","http://tmblr.co/ZQJvayNujdZq"
"216044128633503745","","","","","2012-06-22 05:45:08 +0000","<a href=""http://twitter.com/tweetbutton"" rel=""nofollow"">Tweet Button</a>","Awesome post, @medinism. I make this mistake often. ""Startup Delusion and Embracing the Schlep"" http://t.co/8AnPGgh2 via @pandodaily","http://pandodaily.com/2012/06/21/startup-delusion-and-embracing-the-schlep/"
"216037568477806592","216015925529415682","15792969","","","2012-06-22 05:19:04 +0000","<a href=""http://itunes.apple.com/us/app/twitter/id409789998?mt=12"" rel=""nofollow"">Twitter for Mac</a>","@andrewrosenthal I draw the line at sharing my footsie pajamas with the world. :)"
"216014926643335170","","","","","2012-06-22 03:49:06 +0000","<a href=""http://flickr.com/services/twitter/"" rel=""nofollow"">Flickr</a>","8:36pm In my pjs re-renting Wanderlust from iTunes because I didn't finish it in time. I am dog tired. http://t.co/NrCijDGB","http://flic.kr/p/ciuHmf"
"215988277746995200","215983271710961665","121250669","","","2012-06-22 02:03:12 +0000","<a href=""http://tapbots.com/tweetbot"" rel=""nofollow"">Tweetbot for iOS</a>","@bmndr @dreeves @adamloving I?m starting to believe that competition/comparison of any kind only ends in fear/guilt-based motivation."
"215987764930420736","215983271710961665","121250669","","","2012-06-22 02:01:10 +0000","<a href=""http://tapbots.com/tweetbot"" rel=""nofollow"">Tweetbot for iOS</a>","@bmndr @dreeves @adamloving The best daily goal is to simply show up. Put whatever you can in the pot (steps, minutes, whatever you track)."
"215976657272586240","215670078325272577","809641","","","2012-06-22 01:17:02 +0000","<a href=""http://itunes.apple.com/us/app/twitter/id409789998?mt=12"" rel=""nofollow"">Twitter for Mac</a>","@adamloving @dreeves @dreev Totals so that number goes up. Also, highlight streaks when they exist, hide when they don't."
"215976315176751105","215670078325272577","809641","","","2012-06-22 01:15:40 +0000","<a href=""http://itunes.apple.com/us/app/twitter/id409789998?mt=12"" rel=""nofollow"">Twitter for Mac</a>","@adamloving @dreeves @dreev Chiming in late but wanted to say I'm a big fan of trailing 30-day totals (not averages)."
"215950329718636544","215931570635292673","34383091","","","2012-06-21 23:32:25 +0000","<a href=""http://tapbots.com/tweetbot"" rel=""nofollow"">Tweetbot for iOS</a>","@cjlikearockstar Thanks, Chris. I propose we all celebrate with a nap."
"215709095620132865","","","","","2012-06-21 07:33:50 +0000","<a href=""http://tapbots.com/tweetbot"" rel=""nofollow"">Tweetbot for iOS</a>","For the most part, pinball makes no sense."
"215708546594127873","","","","","2012-06-21 07:31:39 +0000","<a href=""http://tapbots.com/tweetbot"" rel=""nofollow"">Tweetbot for iOS</a>","Learning about pinball history while playing pinball in Portland with @waxpancake, @lane, and @pinwheel."
"215670699510075392","215656138086154243","13461","","","2012-06-21 05:01:16 +0000","<a href=""http://tapbots.com/tweetbot"" rel=""nofollow"">Tweetbot for iOS</a>","@waxpancake I would come wherever you are! Name a time and place!"
"215652142428590080","215645288206041091","541","","","2012-06-21 03:47:32 +0000","<a href=""http://tapbots.com/tweetbot"" rel=""nofollow"">Tweetbot for iOS</a>","@lane @pinwheel I?m at a table in the back with a friend!"
"215651232440795138","","","","","2012-06-21 03:43:55 +0000","<a href=""http://instagr.am"" rel=""nofollow"">Instagram</a>","8:36pm Liene, who has written http://t.co/UXCU3B0z 851 days in a row and counting! Woah.   @ Clyde Common http://t.co/AheP7WSB","http://750words.com","http://instagr.am/p/MHwnMcI0N3/"
"215646780711370752","","","","","2012-06-21 03:26:13 +0000","<a href=""http://foursquare.com"" rel=""nofollow"">foursquare</a>","Are you in Portland? Come join! (@ Clyde Common w/ 8 others) http://t.co/1JkJOFq2","http://4sq.com/M7qhVR"
"215645038040977410","215644844356415490","22483","","","2012-06-21 03:19:18 +0000","<a href=""http://tapbots.com/tweetbot"" rel=""nofollow"">Tweetbot for iOS</a>","@pinwheel @lane Come to Clyde Commons! Headed there now?"
"215644787389382658","","","","","2012-06-21 03:18:18 +0000","<a href=""http://tapbots.com/tweetbot"" rel=""nofollow"">Tweetbot for iOS</a>","Portland is so friendly that the hotel front desk lady offered her couch to me. #maybetoofriendly?"
"215643987833405440","","","","","2012-06-21 03:15:07 +0000","<a href=""http://tapbots.com/tweetbot"" rel=""nofollow"">Tweetbot for iOS</a>","Twitter, @hoteltonight is the perfect enabler for non-planners. Thanks for the tip!"
"215641229323538433","215639879579729921","22483","","","2012-06-21 03:04:10 +0000","<a href=""http://tapbots.com/tweetbot"" rel=""nofollow"">Tweetbot for iOS</a>","@pinwheel Thanks, decided to bite the bullet when they offered a big discount. Will know where I?m going soon!"
"215641018475872256","215640797100519424","9525212","","","2012-06-21 03:03:19 +0000","<a href=""http://tapbots.com/tweetbot"" rel=""nofollow"">Tweetbot for iOS</a>","@dandean Nah, bit the bullet when the nice front desk people gave me a huge discount. Thanks though!"
"215639800500322305","215637300669988864","24254084","","","2012-06-21 02:58:29 +0000","<a href=""http://tapbots.com/tweetbot"" rel=""nofollow"">Tweetbot for iOS</a>","@noUpside Ooh, didn?t know about that! Will check. Thanks."
"215636808858480640","","","","","2012-06-21 02:46:36 +0000","<a href=""http://tapbots.com/tweetbot"" rel=""nofollow"">Tweetbot for iOS</a>","Twitter! I?m in Portland for the night and everything?s booked except one $350 room. Anyone have a spare couch? :) #notaplanner"
"215556652248743936","","","215556390217990145","14990751","2012-06-20 21:28:05 +0000","<a href=""http://tapbots.com/tweetbot"" rel=""nofollow"">Tweetbot for iOS</a>","RT @AlisonAgosti: In space, no one can hear you scream for ice cream.

Even if we all do it."
"215540283641823233","215540037356494848","119166791","","","2012-06-20 20:23:02 +0000","<a href=""http://tapbots.com/tweetbot"" rel=""nofollow"">Tweetbot for iOS</a>","@Amtrak Of course! Send me a link to it too when you do."
"215535546573926401","","","","","2012-06-20 20:04:13 +0000","<a href=""http://instagr.am"" rel=""nofollow"">Instagram</a>","Mt Rainier is pretty  @ Amtrak Cascades http://t.co/rXt8Q42c","http://instagr.am/p/MG79aWI0N4/"
"215534397754052608","","","","","2012-06-20 19:59:39 +0000","<a href=""http://tapbots.com/tweetbot"" rel=""nofollow"">Tweetbot for iOS</a>","#obitoftheday RT @NYTObits: Victor Spinetti Dies at 82; Actor in All 3 Beatles? Films http://t.co/4yuWEa7E","http://bit.ly/MjaQLE"
"215532872231157760","215530350967930881","15936194","","","2012-06-20 19:53:35 +0000","<a href=""http://tapbots.com/tweetbot"" rel=""nofollow"">Tweetbot for iOS</a>","@twilio Thanks. Email sent."
"215529655200002048","215528265304125441","677703","","","2012-06-20 19:40:48 +0000","<a href=""http://tapbots.com/tweetbot"" rel=""nofollow"">Tweetbot for iOS</a>","@delfuego @anildash @torrez Totally! You guys are funny."
"215527403303342080","","","","","2012-06-20 19:31:51 +0000","<a href=""http://tapbots.com/tweetbot"" rel=""nofollow"">Tweetbot for iOS</a>","One of the paradoxes of behavior change that I?ve noticed is that caring too much about success often leads to increased odds of failure."
"215524712011415552","","15936194","","","2012-06-20 19:21:10 +0000","<a href=""http://tapbots.com/tweetbot"" rel=""nofollow"">Tweetbot for iOS</a>","@twilio I?m getting a charge error on every card I try to pay with. Is there a known problem on your side? I need to recharge my funds soon!"
"215518238434525184","","","","","2012-06-20 18:55:26 +0000","<a href=""http://tapbots.com/tweetbot"" rel=""nofollow"">Tweetbot for iOS</a>","Great summary by @jkottke on all the pieces you need to compete with the iPad. It?s quite daunting.  http://t.co/FoWnI913","http://bit.ly/M7esRR"
"215516577418850305","215514227505508353","22483","","","2012-06-20 18:48:50 +0000","<a href=""http://tapbots.com/tweetbot"" rel=""nofollow"">Tweetbot for iOS</a>","@pinwheel I?m gonna be out somewhere this evening! I?ll let you know. Would love to see ya!"
"215501618731421696","","","","","2012-06-20 17:49:24 +0000","<a href=""http://foursquare.com"" rel=""nofollow"">foursquare</a>","SEA -&gt; PDX for the day. (@ King Street Station - Seattle Amtrak (SEA) w/ 5 others) http://t.co/jabfxy9e","http://4sq.com/M74e3I"
"215288611166363650","","","","","2012-06-20 03:42:59 +0000","<a href=""http://flickr.com/services/twitter/"" rel=""nofollow"">Flickr</a>","8:36pm Books before bed http://t.co/fV5aiwqg","http://flic.kr/p/chpYAf"
"215287741791993856","215287020275245057","937961","","","2012-06-20 03:39:32 +0000","<a href=""http://tapbots.com/tweetbot"" rel=""nofollow"">Tweetbot for iOS</a>","@msg Jobs, Zuck, Bezos, are the easy ones."
"215285302619668483","215282121537896448","937961","","","2012-06-20 03:29:50 +0000","<a href=""http://tapbots.com/tweetbot"" rel=""nofollow"">Tweetbot for iOS</a>","@msg Any leader who?s more interested in solving a human problem than anything else. It?s difficult to stay focused at early stage cos."
"215279088951238657","","","","","2012-06-20 03:05:09 +0000","<a href=""http://tapbots.com/tweetbot"" rel=""nofollow"">Tweetbot for iOS</a>","I resent declarations of business success for simply growing, raising money, or even making money unless there?s also LOTS of heart in it."
"215236178687950848","","","215088876157546496","16826020","2012-06-20 00:14:38 +0000","<a href=""http://tapbots.com/tweetbot"" rel=""nofollow"">Tweetbot for iOS</a>","RT @doodlers: 12 drawings a day (a hand-drawn animation on used paper from the copy room) EPIC! http://t.co/BbRdk3Lb","http://ow.ly/bF3RC"
"215172558205616131","","","","","2012-06-19 20:01:50 +0000","<a href=""http://itunes.apple.com/us/app/twitter/id409789998?mt=12"" rel=""nofollow"">Twitter for Mac</a>","Holy levitating slinky [vid]: http://t.co/vGBC0bq8 /via @kottke 

It makes sense but it's triply to watch.","http://kottke.org/12/06/holy-levitating-slinky"
"215157032146317312","215155616073793537","7777252","","","2012-06-19 19:00:08 +0000","<a href=""http://tapbots.com/tweetbot"" rel=""nofollow"">Tweetbot for iOS</a>","@xenocid I totally agree. My order is ?processing? and not estimated to arrive for another 3 weeks at least."
"215140962316468224","215140522233303041","14270791","","","2012-06-19 17:56:17 +0000","<a href=""http://tapbots.com/tweetbot"" rel=""nofollow"">Tweetbot for iOS</a>","@Caesar_X That made me laugh! Thank you."
"215138601858641920","","","","","2012-06-19 17:46:54 +0000","<a href=""http://tapbots.com/tweetbot"" rel=""nofollow"">Tweetbot for iOS</a>","I?d rather have a broken foot than a broken work computer. At least, today."
"215135343199010817","","","","","2012-06-19 17:33:57 +0000","<a href=""http://tapbots.com/tweetbot"" rel=""nofollow"">Tweetbot for iOS</a>","#obitoftheday RT @NYTObits: Erica Kennedy, whose novel ""Bling"" brought chick-lit to a black audience http://t.co/FIkRItoh","http://bit.ly/Plyk2i"
"215128532588838912","","","","","2012-06-19 17:06:53 +0000","<a href=""http://tapbots.com/tweetbot"" rel=""nofollow"">Tweetbot for iOS</a>","Alicia?s mini book helped remind me of my values as an entrepreneur. Recommended! RT @AliciaMorga: Lessons learned:  http://t.co/kGgw4bMM","http://bit.ly/NMWoOv"
"215110673410166784","","","","","2012-06-19 15:55:55 +0000","<a href=""http://itunes.apple.com/us/app/twitter/id409789998?mt=12"" rel=""nofollow"">Twitter for Mac</a>","Has anyone used http://t.co/gpyUx4yS?","http://vook.com"
"215107313688772609","215106742625898496","19053875","","","2012-06-19 15:42:34 +0000","<a href=""http://itunes.apple.com/us/app/twitter/id409789998?mt=12"" rel=""nofollow"">Twitter for Mac</a>","@AliciaMorga Have you written up the experience anywhere? I'm about to start researching similar things and would love any advice."
"215102401114415105","215102172600352769","822030","","","2012-06-19 15:23:03 +0000","<a href=""http://itunes.apple.com/us/app/twitter/id409789998?mt=12"" rel=""nofollow"">Twitter for Mac</a>","@sixfoot6 You definitely should. I have a special place in my heart for projects that use themselves to get built."
"215099496193990657","215096834421563393","19053875","","","2012-06-19 15:11:30 +0000","<a href=""http://itunes.apple.com/us/app/twitter/id409789998?mt=12"" rel=""nofollow"">Twitter for Mac</a>","@AliciaMorga Bought it! Are you using the iBooks Author tool to write these?"
"215097989604179972","215091210916855808","822030","","","2012-06-19 15:05:31 +0000","<a href=""http://tapbots.com/tweetbot"" rel=""nofollow"">Tweetbot for iOS</a>","@sixfoot6 It?s really slick. So many live blogging tools suck. Well done. Now I just wish I had something to live blog."
"215088631210180608","","","","","2012-06-19 14:28:20 +0000","<a href=""http://tapbots.com/tweetbot"" rel=""nofollow"">Tweetbot for iOS</a>","Wow. RT @MacRumors: Teardown of New MacBook Pro?s Retina Display Reveals ?Engineering Marvel? http://t.co/p6gkdSad","http://bit.ly/KQP6DK"
"214964788336410624","214964466226446336","16644937","","","2012-06-19 06:16:14 +0000","<a href=""http://tapbots.com/tweetbot"" rel=""nofollow"">Tweetbot for iOS</a>","@the_april Something to do with chia seeds, oatmeal, and mason jars. I?ll let you know more tomorrow. /cc @kellianne"
"214961059528839169","","","","","2012-06-19 06:01:25 +0000","<a href=""http://flickr.com/services/twitter/"" rel=""nofollow"">Flickr</a>","8:36pm Was sleeping in Niko's room. Now helping Kellianne with some crazy new breakfast idea. http://t.co/1bBEjSDP","http://flic.kr/p/cgSQPf"
"214909356225986561","214908631219585024","60663","","","2012-06-19 02:35:58 +0000","<a href=""http://tapbots.com/tweetbot"" rel=""nofollow"">Tweetbot for iOS</a>","@MarinaMartin I know, that was unfair. I feel bad now for my negative knee jerk reaction. I?m sure it?s a great product."
"214894974041456641","","","","","2012-06-19 01:38:49 +0000","<a href=""http://instagr.am"" rel=""nofollow"">Instagram</a>","Hands up if you like trains http://t.co/azOFlUIo","http://instagr.am/p/MCYwiQI0HO/"
"214868301426335745","","","","","2012-06-18 23:52:49 +0000","<a href=""http://itunes.apple.com/us/app/twitter/id409789998?mt=12"" rel=""nofollow"">Twitter for Mac</a>","Watching the Microsoft Surface launch is like watching an old ex tell you about how they fixed all those things you dumped them for."
"214800030110982144","","","214798352188059648","20570290","2012-06-18 19:21:32 +0000","<a href=""http://tapbots.com/tweetbot"" rel=""nofollow"">Tweetbot for iOS</a>","RT @cduhigg: Tunes without composers: music naturally evolves on DarwinTunes http://bit.ly/NHt7oz from @edyong209"
"214799530758115328","","","","","2012-06-18 19:19:33 +0000","<a href=""http://tapbots.com/tweetbot"" rel=""nofollow"">Tweetbot for iOS</a>","Spread-Too-Thin-O-Meter: 10"
"214790160418734082","","","","","2012-06-18 18:42:19 +0000","<a href=""http://tapbots.com/tweetbot"" rel=""nofollow"">Tweetbot for iOS</a>","Awesome post, Chelsea! RT @manojalpa: Right, I wrote this thing: Gameful Design vs. Gamification - http://t.co/gM8kGBWJ","http://bit.ly/N0HzC0"
"214729589648392193","","","214716180924080131","765","2012-06-18 14:41:38 +0000","<a href=""http://tapbots.com/tweetbot"" rel=""nofollow"">Tweetbot for iOS</a>","RT @seanbonner: Think Tank vs. Think-And-Action Tank"
"214568636034191360","","","","","2012-06-18 04:02:03 +0000","<a href=""http://tapbots.com/tweetbot"" rel=""nofollow"">Tweetbot for iOS</a>","#obitoftheday RT @NYTObits: Bob Chappuis, Halfback Rescued in World War II, Dies at 89 http://t.co/6gkaa356","http://bit.ly/M5XEXo"
"214563846352941056","","","","","2012-06-18 03:43:02 +0000","<a href=""http://instagr.am"" rel=""nofollow"">Instagram</a>","8:36pm Niko wanted to end Father's Day dinner early so we could play more of this  http://t.co/2ykyB6tR","http://instagr.am/p/MACEDjo0FH/"
"214538221776945154","","","","","2012-06-18 02:01:12 +0000","<a href=""http://path.com/"" rel=""nofollow"">Path 2.0</a>","Bus tunnel (with Kellianne at @vivapoquitos) [vid] ? http://t.co/UTWWYOPe","http://path.com/p/5heRL"
"214494873376653313","214491592063582208","7389212","","","2012-06-17 23:08:57 +0000","<a href=""http://itunes.apple.com/us/app/twitter/id409789998?mt=12"" rel=""nofollow"">Twitter for Mac</a>","@Quazie You'll have to verify for me that it works, but there's now a quiet mode setting on the account page."
"214493376920305666","214491592063582208","7389212","","","2012-06-17 23:03:00 +0000","<a href=""http://itunes.apple.com/us/app/twitter/id409789998?mt=12"" rel=""nofollow"">Twitter for Mac</a>","@Quazie That's weird. I have no idea but I'll look into it."
"214491152978690048","214490720298479616","7389212","","","2012-06-17 22:54:10 +0000","<a href=""http://itunes.apple.com/us/app/twitter/id409789998?mt=12"" rel=""nofollow"">Twitter for Mac</a>","@Quazie Can you send me a screenshot?"
"214489055067516928","214488943046037505","7389212","","","2012-06-17 22:45:50 +0000","<a href=""http://itunes.apple.com/us/app/twitter/id409789998?mt=12"" rel=""nofollow"">Twitter for Mac</a>","@Quazie I can add that for ya. Give me a bit."
"214487795207651329","214487182998646784","7389212","","","2012-06-17 22:40:50 +0000","<a href=""http://itunes.apple.com/us/app/twitter/id409789998?mt=12"" rel=""nofollow"">Twitter for Mac</a>","@Quazie AWESOME. :) Let me know what you think of it after you use it a bit. I'm trying to keep it as simple as possible while being useful."
"214486823685193728","214486559775408129","7389212","","","2012-06-17 22:36:58 +0000","<a href=""http://itunes.apple.com/us/app/twitter/id409789998?mt=12"" rel=""nofollow"">Twitter for Mac</a>","@Quazie Yeah, it's completely private. No social stuff at all, other than a list of people who've updated recently."
"214485270517661696","214484962227929088","7389212","","","2012-06-17 22:30:48 +0000","<a href=""http://itunes.apple.com/us/app/twitter/id409789998?mt=12"" rel=""nofollow"">Twitter for Mac</a>","@Quazie No fear of updating wrong account, easier to search/tag, more visualization. I updated the logged out homepage: http://t.co/ZwsjY1DS","http://peabrain.co"
"214483559816237056","214483221814059008","63337932","","","2012-06-17 22:24:00 +0000","<a href=""http://itunes.apple.com/us/app/twitter/id409789998?mt=12"" rel=""nofollow"">Twitter for Mac</a>","@kaisdavis Thanks! It's very new so let me know how you end up using it, and any other feedback you have."
"214459502362230787","214459278252187648","11604","","","2012-06-17 20:48:24 +0000","<a href=""http://itunes.apple.com/us/app/twitter/id409789998?mt=12"" rel=""nofollow"">Twitter for Mac</a>","@torrez Ooh, I'd love your feedback specifically. You can sign up here, it's open: http://t.co/c1l8PQcg","http://peabrain.co/users/sign_up"
"214457418367770626","","","","","2012-06-17 20:40:07 +0000","<a href=""http://www.tumblr.com/"" rel=""nofollow"">Tumblr</a>","Screenshot of a new tiny project, Peabrain: http://t.co/2C3aC8FN","http://tmblr.co/ZQJvayNapkgS"
"214450952390983680","214449713049636865","937961","","","2012-06-17 20:14:26 +0000","<a href=""http://itunes.apple.com/us/app/twitter/id409789998?mt=12"" rel=""nofollow"">Twitter for Mac</a>","@msg Another similar product is @fetchnotes. I'm focused on using it to track and remember important things, not as todo or task list."
"214447850229211136","214447502110363649","937961","","","2012-06-17 20:02:06 +0000","<a href=""http://itunes.apple.com/us/app/twitter/id409789998?mt=12"" rel=""nofollow"">Twitter for Mac</a>","@msg I'm working on a side project that you might like: http://t.co/ZwsjY1DS It's a private sms journal that tracks and visualizes stuff.","http://peabrain.co"
"214446804945743872","214446012759162880","937961","","","2012-06-17 19:57:57 +0000","<a href=""http://itunes.apple.com/us/app/twitter/id409789998?mt=12"" rel=""nofollow"">Twitter for Mac</a>","@msg Ooh, I haven't seen that one before. I'll check it out. What would the perfect tool be to help you systemize this?"
"214435804930506752","","","214432198848286721","19663706","2012-06-17 19:14:14 +0000","<a href=""http://tapbots.com/tweetbot"" rel=""nofollow"">Tweetbot for iOS</a>","RT @sweden: I made a video for you, where I talk a little about this week. http://t.co/LMqgjdXw LOVE // @hejsonja","http://www.youtube.com/watch?v=5HADIO5dhXU"
"214423546720559104","","","","","2012-06-17 18:25:31 +0000","<a href=""http://instagr.am"" rel=""nofollow"">Instagram</a>","Father's Day portrait http://t.co/WHMi9hlb","http://instagr.am/p/L_CSwsI0E2/"
"214386112460894208","","","","","2012-06-17 15:56:46 +0000","<a href=""http://tapbots.com/tweetbot"" rel=""nofollow"">Tweetbot for iOS</a>","Amazing stuff, Cal! RT @iamcal: My latest project: World of MapCraft http://t.co/MnaL0T6W","http://bit.ly/KEFkcv"
"214223541439168512","","","214171029285773312","19575586","2012-06-17 05:10:47 +0000","<a href=""http://tapbots.com/tweetbot"" rel=""nofollow"">Tweetbot for iOS</a>","RT @hackernewsbot: How we gave colors names and it messed with our brains (part II)... http://t.co/Uo26YOiM","http://www.empiricalzeal.com/2012/06/11/the-crayola-fication-of-the-world-how-we-gave-colors-names-and-it-messed-with-our-brains-part-ii/"
"214214257913503745","","","","","2012-06-17 04:33:53 +0000","<a href=""http://itunes.apple.com/us/app/twitter/id409789998?mt=12"" rel=""nofollow"">Twitter for Mac</a>","Apparently a lot of pretty weather happened tonight all over the country. /via @instagram."
"214202031924191232","","","","","2012-06-17 03:45:18 +0000","<a href=""http://instagr.am"" rel=""nofollow"">Instagram</a>","8:36pm Double rainbow #sointense http://t.co/W76d0Yh0","http://instagr.am/p/L9dnUQI0DZ/"
"214151812746452992","214148344686182400","46498656","","","2012-06-17 00:25:45 +0000","<a href=""http://tapbots.com/tweetbot"" rel=""nofollow"">Tweetbot for iOS</a>","@akhomenko @openSNPorg @gedankenstuecke That?s exactly what I was looking for. Thanks for the tip off."
"214140147032272896","","","","","2012-06-16 23:39:24 +0000","<a href=""http://itunes.apple.com/us/app/twitter/id409789998?mt=12"" rel=""nofollow"">Twitter for Mac</a>","Coffee grounds + balloon + air = versatile robot hand! https://t.co/oGszVOp8 /via @greglinden","https://www.youtube.com/watch?v=ZKOI_lVDPpw"
"214135903394861056","214135643176046593","15741355","","","2012-06-16 23:22:32 +0000","<a href=""http://itunes.apple.com/us/app/twitter/id409789998?mt=12"" rel=""nofollow"">Twitter for Mac</a>","@allisonurban Cool, let me know when you do!"
"214133981690597376","214133790187065344","15727738","","","2012-06-16 23:14:54 +0000","<a href=""http://itunes.apple.com/us/app/twitter/id409789998?mt=12"" rel=""nofollow"">Twitter for Mac</a>","@cwhogg Ooh, let me play! :) /cc @100plus"
"214132146644844547","","","","","2012-06-16 23:07:36 +0000","<a href=""http://www.tumblr.com/"" rel=""nofollow"">Tumblr</a>","Why I'm doing /public: http://t.co/Iwa64SBO","http://tmblr.co/ZQJvayNXFwlh"
"214130601165455361","214130468294107137","11822502","","","2012-06-16 23:01:28 +0000","<a href=""http://itunes.apple.com/us/app/twitter/id409789998?mt=12"" rel=""nofollow"">Twitter for Mac</a>","@mko Yup, @23andme."
"214130355106619392","214128510527217665","200236063","","","2012-06-16 23:00:29 +0000","<a href=""http://itunes.apple.com/us/app/twitter/id409789998?mt=12"" rel=""nofollow"">Twitter for Mac</a>","@samuelfine I'm optimistic that we have more to gain by learning about/sharing our genome than to lose. But I'm crazy like that."
"214127851081957377","214127333370634240","9469312","","","2012-06-16 22:50:32 +0000","<a href=""http://itunes.apple.com/us/app/twitter/id409789998?mt=12"" rel=""nofollow"">Twitter for Mac</a>","@basus Yeah, @23andme has a raw data export option."
"214126982978469888","214126750949588993","200236063","","","2012-06-16 22:47:05 +0000","<a href=""http://itunes.apple.com/us/app/twitter/id409789998?mt=12"" rel=""nofollow"">Twitter for Mac</a>","@samuelfine Yeah, I want to know anything that anyone can figure out about my genome as soon as possible."
"214126812291268609","214126520854249472","9469312","","","2012-06-16 22:46:24 +0000","<a href=""http://itunes.apple.com/us/app/twitter/id409789998?mt=12"" rel=""nofollow"">Twitter for Mac</a>","@basus As long as they're willing to submit a pull request for new major features, that sounds awesome."
"214126382802939906","","","","","2012-06-16 22:44:42 +0000","<a href=""http://itunes.apple.com/us/app/twitter/id409789998?mt=12"" rel=""nofollow"">Twitter for Mac</a>","I just uploaded my genome to my public Github repository, but unfortunately it's too big to view in their code browser."
"214125301825945600","214124841392021504","12514","","","2012-06-16 22:40:24 +0000","<a href=""http://itunes.apple.com/us/app/twitter/id409789998?mt=12"" rel=""nofollow"">Twitter for Mac</a>","@tomcoates Not at all! Can I have some visitation rights with my clone when he grows up a bit?"
"214124538731044864","","","","","2012-06-16 22:37:22 +0000","<a href=""http://itunes.apple.com/us/app/twitter/id409789998?mt=12"" rel=""nofollow"">Twitter for Mac</a>","I just downloaded my genome from @23andme. Is there any compelling reason NOT to make it public?"
"214065973110648834","214064536163074048","776429","","","2012-06-16 18:44:39 +0000","<a href=""http://tapbots.com/tweetbot"" rel=""nofollow"">Tweetbot for iOS</a>","@spangley @harryh Wow. That?s sort of why this whole project is so interesting."
"214062515884261376","214061981685129216","4558","","","2012-06-16 18:30:55 +0000","<a href=""http://tapbots.com/tweetbot"" rel=""nofollow"">Tweetbot for iOS</a>","@harryh No, I?ve only been following sporadically. How many @sweden occupants ago was that? Yikes, but also hope they don?t censor."
"214060893934329856","","","","","2012-06-16 18:24:28 +0000","<a href=""http://tapbots.com/tweetbot"" rel=""nofollow"">Tweetbot for iOS</a>","The current @sweden is really good."
"214058633670041601","","","213983717545353216","19663706","2012-06-16 18:15:29 +0000","<a href=""http://tapbots.com/tweetbot"" rel=""nofollow"">Tweetbot for iOS</a>","RT @sweden: It looked like a wing placed in what appeared to me as one of my moms sauces, but I knew it wasn't, even though her sauce wa ..."
"214058623863750656","","","213980236797317121","19663706","2012-06-16 18:15:27 +0000","<a href=""http://tapbots.com/tweetbot"" rel=""nofollow"">Tweetbot for iOS</a>","RT @sweden: As a kid I once took a dead bird, placed it in a plastic bag, dug it down. After a few weeks, dug it up, just to see what it ..."
"213847332465291264","213844875173576705","14095370","","","2012-06-16 04:15:51 +0000","<a href=""http://tapbots.com/tweetbot"" rel=""nofollow"">Tweetbot for iOS</a>","@OffbeatAriel Woah. Portlandia fan fiction?"
"213839731178475520","","","","","2012-06-16 03:45:39 +0000","<a href=""http://flickr.com/services/twitter/"" rel=""nofollow"">Flickr</a>","8:36pm Just said bye to Ariel and Tavi, now hanging on the porch http://t.co/DDDOLvYJ","http://flic.kr/p/ceW6Eu"
"213814107944660997","","","","","2012-06-16 02:03:50 +0000","<a href=""http://tapbots.com/tweetbot"" rel=""nofollow"">Tweetbot for iOS</a>","Remember when we were all kids?"
"213717427354222592","213715954193022977","2015","","","2012-06-15 19:39:40 +0000","<a href=""http://itunes.apple.com/us/app/twitter/id409789998?mt=12"" rel=""nofollow"">Twitter for Mac</a>","@joshc DO IT! Start a kickstarter to raise funds to buy one."
"213715100421459968","213714668441714688","2015","","","2012-06-15 19:30:25 +0000","<a href=""http://itunes.apple.com/us/app/twitter/id409789998?mt=12"" rel=""nofollow"">Twitter for Mac</a>","@joshc They mention July for the 2nd run of coats, so I think yes!"
"213713919632609280","","2015","","","2012-06-15 19:25:43 +0000","<a href=""http://itunes.apple.com/us/app/twitter/id409789998?mt=12"" rel=""nofollow"">Twitter for Mac</a>","@joshc You should get one of these: http://t.co/y67gDy1X","http://www.kickstarter.com/projects/hansr/griz-coat/posts"
"213671658509176832","","","","","2012-06-15 16:37:47 +0000","<a href=""http://instagr.am"" rel=""nofollow"">Instagram</a>","Don't put baby in a box http://t.co/EZjQKXwu","http://instagr.am/p/L5sdDMo0Mg/"
"213653479447724032","","","","","2012-06-15 15:25:33 +0000","<a href=""http://itunes.apple.com/us/app/twitter/id409789998?mt=12"" rel=""nofollow"">Twitter for Mac</a>","Super interesting musings on ""the slow web"" http://t.co/GTaAFIuv /by @jackcheng","http://blog.jackcheng.com/post/25160553986/the-slow-web"
"213480336364027904","","","","","2012-06-15 03:57:33 +0000","<a href=""http://flickr.com/services/twitter/"" rel=""nofollow"">Flickr</a>","8:36pm Allison bought me this drink which I drank http://t.co/jWWFRmA1","http://flic.kr/p/ceAyob"
"213472666127056896","213472136424202241","21135674","","","2012-06-15 03:27:04 +0000","<a href=""http://tapbots.com/tweetbot"" rel=""nofollow"">Tweetbot for iOS</a>","@e_ramirez Someone else mentioned eye-tracking inputs too. That might be fun."
"213471860921352193","213470900622860288","21135674","","","2012-06-15 03:23:52 +0000","<a href=""http://tapbots.com/tweetbot"" rel=""nofollow"">Tweetbot for iOS</a>","@e_ramirez We don?t think of thoughts as real yet, but in order to capture them we?d have to make them real somehow. Could be tough though."
"213469196980457473","","","","","2012-06-15 03:13:17 +0000","<a href=""http://tapbots.com/tweetbot"" rel=""nofollow"">Tweetbot for iOS</a>","Cave wall -&gt; stone tablet -&gt; papyrus -&gt; printing press -&gt; keyboard -&gt; multi-touch -&gt; ??? (mind-readers in 20 years?)"
"213466538836111362","","","213316662965972992","5380022","2012-06-15 03:02:43 +0000","<a href=""http://tapbots.com/tweetbot"" rel=""nofollow"">Tweetbot for iOS</a>","RT @emckean: ""We want to eliminate willpower as a factor in achieving goals."" &lt;-- huge: help make it happen at Lift! http://t.co/b2xXyFcl","http://bit.ly/MShpVf"
"213466439032643585","","","212947947627876352","14992855","2012-06-15 03:02:19 +0000","<a href=""http://tapbots.com/tweetbot"" rel=""nofollow"">Tweetbot for iOS</a>","RT @theophani: Dear male developer, Do you want more women speakers at confs? Then please RT this speaker resource I'm building: http:// ..."
"213382092371922946","213326147495276544","2067141","","","2012-06-14 21:27:09 +0000","<a href=""http://tapbots.com/tweetbot"" rel=""nofollow"">Tweetbot for iOS</a>","@jfew Does the window mount obscure your driving vision at all?"
"213304822483533824","213294783404314625","1059951","","","2012-06-14 16:20:07 +0000","<a href=""http://itunes.apple.com/us/app/twitter/id409789998?mt=12"" rel=""nofollow"">Twitter for Mac</a>","@MichelleBee @mike_colman @uber_sea Yes! I'd love to know what Uber uses."
"213291603849256962","213036074522521600","7675672","","","2012-06-14 15:27:35 +0000","<a href=""http://itunes.apple.com/us/app/twitter/id409789998?mt=12"" rel=""nofollow"">Twitter for Mac</a>","@jasongrimes @johnhcook I think meditation is a no-brainer (ha) when it comes to productivity."
"213291359526850560","","34383091","","","2012-06-14 15:26:37 +0000","<a href=""http://itunes.apple.com/us/app/twitter/id409789998?mt=12"" rel=""nofollow"">Twitter for Mac</a>","@cjlikearockstar @JimmyJameson Are we still on for drinks tonight? I'm ready!"
"213290502936739840","","","","","2012-06-14 15:23:13 +0000","<a href=""http://itunes.apple.com/us/app/twitter/id409789998?mt=12"" rel=""nofollow"">Twitter for Mac</a>","What's the best product that mounts an iPhone to your car dash, now that turn by turn is working?"
"212797526540169216","","","","","2012-06-13 06:44:18 +0000","<a href=""http://instagr.am"" rel=""nofollow"">Instagram</a>","I love this tattoo on @oldmeal's arm: Phil Collins, Paul Simon, Huey Lewis, Mark Twain as Mt Rushmo  @ Smith http://t.co/yfRqYqdr","http://instagr.am/p/LzehF3o0Oq/"
"212723041761902593","212717969053188098","20833838","","","2012-06-13 01:48:20 +0000","<a href=""http://tapbots.com/tweetbot"" rel=""nofollow"">Tweetbot for iOS</a>","@carinnatarvin That?s awesome! Now I want to use Edmodo."
"212702440737357824","","","","","2012-06-13 00:26:28 +0000","<a href=""http://www.tumblr.com/"" rel=""nofollow"">Tumblr</a>","Snake, meet your tail: http://t.co/Rbj2AzMP /via @parislemon","http://tmblr.co/ZQJvayNHR5QZ"
"212602239292948480","212601607001616384","408","","","2012-06-12 17:48:18 +0000","<a href=""http://tapbots.com/tweetbot"" rel=""nofollow"">Tweetbot for iOS</a>","@endquote Yeah good question! Probably worth it, considering. Or maybe they?re calling it ?pick a booger to refresh? to get around it?"
"212596249440944129","","","","","2012-06-12 17:24:30 +0000","<a href=""http://tapbots.com/tweetbot"" rel=""nofollow"">Tweetbot for iOS</a>","The pull to refresh animation in iOS 6?s Mail app is like a little booger."
"212573336834818048","","","","","2012-06-12 15:53:27 +0000","<a href=""http://www.tumblr.com/"" rel=""nofollow"">Tumblr</a>","""Read obituaries. They're just like biographies, only shorter."" http://t.co/jRQFPqJO","http://tmblr.co/ZQJvayNFaGY3"
"212430922983800834","","","","","2012-06-12 06:27:33 +0000","<a href=""http://itunes.apple.com/us/app/twitter/id409789998?mt=12"" rel=""nofollow"">Twitter for Mac</a>","REALLY cool. RT @ario: Cool idea, cool app, cool site, cool product video. http://t.co/hIAmjSiB #cool #instacrt #fb","http://instacrt.com/"
"212386022623944705","","","","","2012-06-12 03:29:08 +0000","<a href=""http://itunes.apple.com/us/app/twitter/id409789998?mt=12"" rel=""nofollow"">Twitter for Mac</a>","""People mentioned that they might feel chased if the Joggobot was behind them."" RT @bfeld: Joggobot: http://t.co/nCqf3GgW","http://youtu.be/4x4d8IX_0kI"
"212377860936183811","212377390230417408","2781","","","2012-06-12 02:56:42 +0000","<a href=""http://itunes.apple.com/us/app/twitter/id409789998?mt=12"" rel=""nofollow"">Twitter for Mac</a>","@Aubs @mko If you want the hack that @rickwebb brought to my attention, bookmark this page to your homepage: https://t.co/T9VUABZV","https://foursquare.com/mobile/"
"212376095415214080","212375919866806272","2781","","","2012-06-12 02:49:41 +0000","<a href=""http://itunes.apple.com/us/app/twitter/id409789998?mt=12"" rel=""nofollow"">Twitter for Mac</a>","@Aubs The check in."
"212365337553940480","","","","","2012-06-12 02:06:56 +0000","<a href=""http://tapbots.com/tweetbot"" rel=""nofollow"">Tweetbot for iOS</a>","Does Apple have more credit card numbers than Amazon?"
"212362084187508736","","","","","2012-06-12 01:54:01 +0000","<a href=""http://foursquare.com"" rel=""nofollow"">foursquare</a>","I'm at Poquitos w/ @hiitskim http://t.co/Veoobqkp","http://4sq.com/KykO6N"
"212341262915866624","","","","","2012-06-12 00:31:16 +0000","<a href=""http://foursquare.com"" rel=""nofollow"">foursquare</a>","""Siri, check in on Foursquare"" at least opened the app. Opening to the check in page would be amazing. #iOS6 http://t.co/FgCG4B7U","http://4sq.com/L13IDo"
"212319224654344192","212319051500896259","204025261","","","2012-06-11 23:03:42 +0000","<a href=""http://itunes.apple.com/us/app/twitter/id409789998?mt=12"" rel=""nofollow"">Twitter for Mac</a>","@m_furedy I tend to just wait for the next non-interrupting moment to post. Even if that's a couple hours away."
"212310212386881536","212305772246335489","204025261","","","2012-06-11 22:27:53 +0000","<a href=""http://itunes.apple.com/us/app/twitter/id409789998?mt=12"" rel=""nofollow"">Twitter for Mac</a>","@m_furedy Thank you! They're fun to do? why don't you give it a try?"
"212289916636368896","212289609546219522","16366882","","","2012-06-11 21:07:14 +0000","<a href=""http://itunes.apple.com/us/app/twitter/id409789998?mt=12"" rel=""nofollow"">Twitter for Mac</a>","@octavekitten Yeah, I think that's the slot the retina one now fills. It's a super hybrid of Air and Pro."
"212289042941886464","212288492078768129","16366882","","","2012-06-11 21:03:46 +0000","<a href=""http://itunes.apple.com/us/app/twitter/id409789998?mt=12"" rel=""nofollow"">Twitter for Mac</a>","@octavekitten Not for Air. Kellianne has a 13"" Air though and I use it and it's plenty of screen."
"212286913594392577","212286689396260866","16366882","","","2012-06-11 20:55:18 +0000","<a href=""http://itunes.apple.com/us/app/twitter/id409789998?mt=12"" rel=""nofollow"">Twitter for Mac</a>","@octavekitten The 13"" Air is probably for you then!"
"212284884222349312","212284057101414400","16366882","","","2012-06-11 20:47:15 +0000","<a href=""http://tapbots.com/tweetbot"" rel=""nofollow"">Tweetbot for iOS</a>","@octavekitten Let me know if you have any questions. I just spent a while looking at all the updates."
"212283192445648897","212282698755096576","16366882","","","2012-06-11 20:40:31 +0000","<a href=""http://tapbots.com/tweetbot"" rel=""nofollow"">Tweetbot for iOS</a>","@octavekitten Are you getting the new retina one too? It?s pricey but looks pretty amazing."
"212281012384829441","","","","","2012-06-11 20:31:52 +0000","<a href=""http://itunes.apple.com/us/app/twitter/id409789998?mt=12"" rel=""nofollow"">Twitter for Mac</a>","The 8:36pm post on @geekwire was first posted to @tbtty http://t.co/Wjrrjpuy which you should all subscribe to.","http://membership.thebestthingthisyear.com/"
"212277590851981315","","","","","2012-06-11 20:18:16 +0000","<a href=""http://itunes.apple.com/us/app/twitter/id409789998?mt=12"" rel=""nofollow"">Twitter for Mac</a>","I guest-posted on @geekwire about 4 years of doing 8:36pm! ""What I?ve learned taking photos every day at 8:36 p.m."" http://t.co/07bhBlJ6","http://goo.gl/fb/5i6Sq"
"212269450496458755","","","","","2012-06-11 19:45:55 +0000","<a href=""http://itunes.apple.com/us/app/twitter/id409789998?mt=12"" rel=""nofollow"">Twitter for Mac</a>","New MacBook Pro (with retina) purchased! I hope the 3-5 week ship date is an under-promise."
"212261510418939904","212254650416635904","17069950","","","2012-06-11 19:14:22 +0000","<a href=""http://tapbots.com/tweetbot"" rel=""nofollow"">Tweetbot for iOS</a>","@meredithmo @kellianne I have always understood it as a divvy it up kinda deal. There are many interpretations and extremes around though."
"212234262114598912","","","","","2012-06-11 17:26:05 +0000","<a href=""http://itunes.apple.com/us/app/twitter/id409789998?mt=12"" rel=""nofollow"">Twitter for Mac</a>","YAY! RT @RickWebb: THIRD LAPTOP LINE???"
"212229742328414208","","","","","2012-06-11 17:08:08 +0000","<a href=""http://itunes.apple.com/us/app/twitter/id409789998?mt=12"" rel=""nofollow"">Twitter for Mac</a>","Wow. RT @nickbilton: Tim Cook: Customers have now downloaded 30 billion apps. Apple has also forked over $5 billion to app makers."
"212193949933240320","","","","","2012-06-11 14:45:54 +0000","<a href=""http://tapbots.com/tweetbot"" rel=""nofollow"">Tweetbot for iOS</a>","Calling all startups! RT @crashdev: Get your applications in! The @TechStars #Seattle application deadline is this Fri. http://t.co/0Ro0G6zp","http://bit.ly/LUP26h"
"212089058833334272","","","","","2012-06-11 07:49:06 +0000","<a href=""http://instagr.am"" rel=""nofollow"">Instagram</a>","My personality according to the Personality app  @ Canon http://t.co/KqdqX2qF","http://instagr.am/p/LucuiNI0K5/"
"212084268644573184","","","","","2012-06-11 07:30:04 +0000","<a href=""http://tapbots.com/tweetbot"" rel=""nofollow"">Tweetbot for iOS</a>","This is so good! RT @nickbilton: Swedes? Twitter Voice: Anyone, Saying (Blush) Almost Anything. http://t.co/Si8JhyUF","http://bit.ly/MxOpOB"
"212084065191469057","212081190725881856","34383091","","","2012-06-11 07:29:16 +0000","<a href=""http://tapbots.com/tweetbot"" rel=""nofollow"">Tweetbot for iOS</a>","@cjlikearockstar Let?s share break downs on Thurs at Vito?s!"
"212079797982076928","","","","","2012-06-11 07:12:18 +0000","<a href=""http://foursquare.com"" rel=""nofollow"">foursquare</a>","Talking to strangers. (@ Canon w/ 2 others) http://t.co/W6FZbh6P","http://4sq.com/LTmRVr"
"212065141892718592","","","","","2012-06-11 06:14:04 +0000","<a href=""http://flickr.com/services/twitter/"" rel=""nofollow"">Flickr</a>","8:36pm Was watching an epicly long series of previews before Prometheus, which I ended up liking http://t.co/ZdS3IRlU","http://flic.kr/p/cdrtis"
"212009245665800193","212008757788545028","7747172","","","2012-06-11 02:31:57 +0000","<a href=""http://tapbots.com/tweetbot"" rel=""nofollow"">Tweetbot for iOS</a>","@kbiceling Not offhand. Do you remember anything else that might jog my (bad) memory a bit? Approximate date? Medium?"
"212006504553922561","","","","","2012-06-11 02:21:04 +0000","<a href=""http://tapbots.com/tweetbot"" rel=""nofollow"">Tweetbot for iOS</a>","Niko still refuses to say his own name but I did just hear him point to his legs and say ?knee cold!? I?m counting that."
"211912882017927168","211911674595262465","2015","","","2012-06-10 20:09:02 +0000","<a href=""http://tapbots.com/tweetbot"" rel=""nofollow"">Tweetbot for iOS</a>","@joshc It might just be me but I?m just as interested in knowing about people/places in NYC and SF as Seattle. /cc @harryh @arainert"
"211899625299382273","","","","","2012-06-10 19:16:22 +0000","<a href=""http://tapbots.com/tweetbot"" rel=""nofollow"">Tweetbot for iOS</a>","I like seeing what everyone?s up to in the #allnew4sq. Count my vote for keeping global view as the default. /cc @harryh @arainert"
"211893862170505216","","","","","2012-06-10 18:53:28 +0000","<a href=""http://foursquare.com"" rel=""nofollow"">foursquare</a>","Choo-spotting a day early so I can watch WWDC tomorrow. (@ The Old Spaghetti Factory) http://t.co/p3DoqfxY","http://4sq.com/OciE0G"
"211664748142526465","","","","","2012-06-10 03:43:03 +0000","<a href=""http://flickr.com/services/twitter/"" rel=""nofollow"">Flickr</a>","8:36pm Impromptu toddler jam http://t.co/BGiG2CFA","http://flic.kr/p/bVGhLM"
"211585414375538690","211582320862429184","7362142","","","2012-06-09 22:27:48 +0000","<a href=""http://tapbots.com/tweetbot"" rel=""nofollow"">Tweetbot for iOS</a>","@kellianne @alicetiara Maybe they?re not checking Twitter for announcements of proper conduct. Which is further proof of their foolishness."
"211502934582771715","211498447260491778","268453413","","","2012-06-09 17:00:03 +0000","<a href=""http://tapbots.com/tweetbot"" rel=""nofollow"">Tweetbot for iOS</a>","@sfposhy It?s so bad!"
"211497191485874176","211495587185561603","15275073","","","2012-06-09 16:37:14 +0000","<a href=""http://tapbots.com/tweetbot"" rel=""nofollow"">Tweetbot for iOS</a>","@tberman Truly. Though I can?t say I?m not a little jealous of her title as President of Sparkling Beverages."
"211494573690728449","","","","","2012-06-09 16:26:50 +0000","<a href=""http://www.apple.com"" rel=""nofollow"">iOS</a>","""When my son gets home from school, he needs a pick-up with calories and great taste."" - Coke exec http://t.co/ztk4SuMa","http://www.usatoday.com/money/industries/food/story/2012-06-07/coke-q-and-a-coca-cola-mayor-bloomberg/55453016/1"
"211487178432315392","","","211483484454260736","780991","2012-06-09 15:57:27 +0000","<a href=""http://tapbots.com/tweetbot"" rel=""nofollow"">Tweetbot for iOS</a>","RT @amyjokim: Pixar's 22 Rules of Storytelling http://t.co/uUWu7v0A","http://bit.ly/O3PNvp"
"211301696465412098","","","","","2012-06-09 03:40:24 +0000","<a href=""http://flickr.com/services/twitter/"" rel=""nofollow"">Flickr</a>","8:36pm Just getting home http://t.co/1IPnkDxF","http://flic.kr/p/ccMHAU"
"211285178193154049","211276420033421313","2035631","","","2012-06-09 02:34:46 +0000","<a href=""http://tapbots.com/tweetbot"" rel=""nofollow"">Tweetbot for iOS</a>","@ianmcall Thanks for that link, by the way. I was cracking up though the whole thing."
"211274145055514626","","","211268793106833409","2035631","2012-06-09 01:50:56 +0000","<a href=""http://tapbots.com/tweetbot"" rel=""nofollow"">Tweetbot for iOS</a>","RT @ianmcall: Trying to decide if I'm a chaos muppet or an order muppet. Friends, can you help me decide?  http://t.co/otEPENUM","http://www.slate.com/articles/life/low_concept/2012/06/what_kind_of_muppet_are_you_chaos_or_order_.html?tid=sm_tw_button_chunky"
"211273908358348800","211268793106833409","2035631","","","2012-06-09 01:49:59 +0000","<a href=""http://tapbots.com/tweetbot"" rel=""nofollow"">Tweetbot for iOS</a>","@ianmcall If you have to know, you?re an order muppet."
"211176041413226497","","","","","2012-06-08 19:21:06 +0000","<a href=""http://tapbots.com/tweetbot"" rel=""nofollow"">Tweetbot for iOS</a>","Because everything is unique. Sort of a cop out. RT @rands: How do we know that every snowflake is unique? http://t.co/A7ze8xod","http://bit.ly/KpbXpP"
"211120323913977856","","","211115651442552833","18567018","2012-06-08 15:39:42 +0000","<a href=""http://tapbots.com/tweetbot"" rel=""nofollow"">Tweetbot for iOS</a>","RT @bigthink: Radiolab's Jad Abumrad on Digital Shamanism @jgots http://t.co/qyUY3tmz #art #science #storytelling","http://ow.ly/brUxd"
"211119284770967552","","","211114224338993153","4168801","2012-06-08 15:35:34 +0000","<a href=""http://tapbots.com/tweetbot"" rel=""nofollow"">Tweetbot for iOS</a>","RT @chriscognito: The greatest gift we can give is our full attention: What Captures Your Attention Controls Your Life http://t.co/d4tHt ..."
"211118557835169793","211111971666403332","200236063","","","2012-06-08 15:32:41 +0000","<a href=""http://tapbots.com/tweetbot"" rel=""nofollow"">Tweetbot for iOS</a>","@samuelfine I think Pair is pretty great too. My experiment is about private journaling, like a micro version of http://t.co/UXCU3B0z.","http://750words.com"
"211110590620512257","","","","","2012-06-08 15:01:01 +0000","<a href=""http://www.tumblr.com/"" rel=""nofollow"">Tumblr</a>","A tiny private sms journaling experiment: http://t.co/o3dUivDy","http://tmblr.co/ZQJvayM-4nJr"
"210962605903327232","","","","","2012-06-08 05:12:59 +0000","<a href=""http://tapbots.com/tweetbot"" rel=""nofollow"">Tweetbot for iOS</a>","Woah, I?m sorry for tweeting all of those links to @thefancy. I was just playing around on the site and had no clue it was doing that. Bad!"
"210939159710400513","","","","","2012-06-08 03:39:49 +0000","<a href=""http://flickr.com/services/twitter/"" rel=""nofollow"">Flickr</a>","8:36pm Downloading some apps from the ""creative cloud"" http://t.co/UFqRqJ9K","http://flic.kr/p/ccwtDL"
"210884911438114818","","","","","2012-06-08 00:04:15 +0000","<a href=""http://tapbots.com/tweetbot"" rel=""nofollow"">Tweetbot for iOS</a>","I learned at least 3 things from this article. RT @jonahlehrer: Why don?t more people believe in science?
http://t.co/ZoIeUeom","http://bit.ly/Kfy1I0"
"210825483879841792","210823145878327296","14582941","","","2012-06-07 20:08:06 +0000","<a href=""http://tapbots.com/tweetbot"" rel=""nofollow"">Tweetbot for iOS</a>","@ezrabutler @aza @KernelMag You?re asking good questions! I?d love to be part of the conversation if it gets sparked."
"210627801794101248","210623536954478594","34383091","","","2012-06-07 07:02:35 +0000","<a href=""http://tapbots.com/tweetbot"" rel=""nofollow"">Tweetbot for iOS</a>","@cjlikearockstar @JimmyJameson Count me in! Calendar is marked!"
"210614351806205954","","","210613701567451136","37570179","2012-06-07 06:09:09 +0000","<a href=""http://itunes.apple.com/us/app/twitter/id409789998?mt=12"" rel=""nofollow"">Twitter for Mac</a>","RT @arrington: Foursquare Redesign: So What if the Check-In is Dead? http://t.co/2dAJondQ via @pandodaily","http://pandodaily.com/2012/06/06/foursquare-redesign-so-what-if-the-check-in-is-dead/"
"210606937321119744","210606648409079808","52667079","","","2012-06-07 05:39:41 +0000","<a href=""http://itunes.apple.com/us/app/twitter/id409789998?mt=12"" rel=""nofollow"">Twitter for Mac</a>","@ecologythinking It's similar to the Facebook or Instagram like buttons. It's a the easiest way to let someone know that you approve."
"210605680615366656","210605148379168768","123116307","","","2012-06-07 05:34:41 +0000","<a href=""http://itunes.apple.com/us/app/twitter/id409789998?mt=12"" rel=""nofollow"">Twitter for Mac</a>","@LilHossler I think the point of hearting is similar to the point of high-5ing.  Intrinsic!  You have the new app, right?"
"210602810201489408","","","","","2012-06-07 05:23:17 +0000","<a href=""http://itunes.apple.com/us/app/twitter/id409789998?mt=12"" rel=""nofollow"">Twitter for Mac</a>","I'm already addicted to the #allnew4sq heart button. I dare you to check in."
"210602581381222400","210602380566343682","10959642","","","2012-06-07 05:22:22 +0000","<a href=""http://itunes.apple.com/us/app/twitter/id409789998?mt=12"" rel=""nofollow"">Twitter for Mac</a>","@tara I did! It cracked me up. I'm still too anxious to actually use Airtime, apparently."
"210601382087102464","210600516181430272","10959642","","","2012-06-07 05:17:36 +0000","<a href=""http://itunes.apple.com/us/app/twitter/id409789998?mt=12"" rel=""nofollow"">Twitter for Mac</a>","@tara I actually seem to be somewhat addicted to Clear.  Mostly for random things people mention that I want to remember, and grocery lists."
"210589083456651265","","","","","2012-06-07 04:28:44 +0000","<a href=""http://instagr.am"" rel=""nofollow"">Instagram</a>","Installing the #allnew4s....... http://t.co/73qouNzq","http://instagr.am/p/LjyniJI0NC/"
"210582721347584000","","","","","2012-06-07 04:03:27 +0000","<a href=""http://flickr.com/services/twitter/"" rel=""nofollow"">Flickr</a>","8:36pm Checking out the garden http://t.co/odgYKkM0","http://flic.kr/p/ccfnPY"
"210571888701865984","","","","","2012-06-07 03:20:25 +0000","<a href=""http://mobile.twitter.com"" rel=""nofollow"">Mobile Web</a>","'Twas the night before #allnew4sq RT @dens: Uh oh, Ludacris' ""Roll Out"" playing on the office @Sonos. Superfans should know what that means."
"210569096419491840","210568200138657792","14174697","","","2012-06-07 03:09:19 +0000","<a href=""http://tapbots.com/tweetbot"" rel=""nofollow"">Tweetbot for iOS</a>","@jbtec Don?t most highly respected athletes downplay competition and emphasize mastery of a particular talent?"
"210565735217500161","210563090251644929","780991","","","2012-06-07 02:55:58 +0000","<a href=""http://tapbots.com/tweetbot"" rel=""nofollow"">Tweetbot for iOS</a>","@amyjokim Would need to blog it out to explain, though."
"210565538919874560","210563090251644929","780991","","","2012-06-07 02:55:11 +0000","<a href=""http://tapbots.com/tweetbot"" rel=""nofollow"">Tweetbot for iOS</a>","@amyjokim I?d argue that both war and college admissions are effects of competition, not causes of it."
"210562858734452736","210561959265968128","798542","","","2012-06-07 02:44:32 +0000","<a href=""http://tapbots.com/tweetbot"" rel=""nofollow"">Tweetbot for iOS</a>","@helenjane That was my first reaction too!"
"210561743829741569","","","","","2012-06-07 02:40:06 +0000","<a href=""http://tapbots.com/tweetbot"" rel=""nofollow"">Tweetbot for iOS</a>","Close but no cigar. :) ?@andrewtlove: @busterbenson  Restate this blurb without revealing it?s origin.?"
"210561111253196801","","","","","2012-06-07 02:37:35 +0000","<a href=""http://tapbots.com/tweetbot"" rel=""nofollow"">Tweetbot for iOS</a>","Competitiveness is motivation generated by the fear that someone is better than you. T/F?"
"210558929279791107","","","210557301935980544","780991","2012-06-07 02:28:55 +0000","<a href=""http://tapbots.com/tweetbot"" rel=""nofollow"">Tweetbot for iOS</a>","RT @amyjokim: Abundance changes the basic rules, making hoarding and secrecy much less interesting than generosity and transparency. htt ..."
"210556922204651520","","","","","2012-06-07 02:20:56 +0000","<a href=""http://tapbots.com/tweetbot"" rel=""nofollow"">Tweetbot for iOS</a>","Paraphrase this tweet in your own words without referencing it."
"210550934454009857","","","","","2012-06-07 01:57:09 +0000","<a href=""http://tapbots.com/tweetbot"" rel=""nofollow"">Tweetbot for iOS</a>","My brain wants to have its feet rubbed."
"210470134463209472","","","","","2012-06-06 20:36:05 +0000","<a href=""http://tapbots.com/tweetbot"" rel=""nofollow"">Tweetbot for iOS</a>","Favorite new tumblr: http://t.co/ZbhZJQIf","http://bit.ly/Ltoira"
"210390788297867265","","","","","2012-06-06 15:20:47 +0000","<a href=""http://itunes.apple.com/us/app/twitter/id409789998?mt=12"" rel=""nofollow"">Twitter for Mac</a>","The new awesome @metric album streaming on http://t.co/xZdjxFfs. I'm a sucker for everything they release.","http://ilovemetric.com"
"210264603224051712","","","","","2012-06-06 06:59:22 +0000","<a href=""http://flickr.com/services/twitter/"" rel=""nofollow"">Flickr</a>","8:36pm Double date night with Jimmy and Michelle at my fave restaurant: Tavolata! http://t.co/23Bz9diS","http://flic.kr/p/bUBMB6"
"210100118819586050","210095457756651521","11604","","","2012-06-05 20:05:46 +0000","<a href=""http://itunes.apple.com/us/app/twitter/id409789998?mt=12"" rel=""nofollow"">Twitter for Mac</a>","@torrez I tried the grilled chicken but there was also some ground beef. It even smelled like chicken, it was weird."
"210099879899435008","","","","","2012-06-05 20:04:49 +0000","<a href=""http://itunes.apple.com/us/app/twitter/id409789998?mt=12"" rel=""nofollow"">Twitter for Mac</a>","I hold with those who favor fire. http://t.co/jB2Te3YD","http://bustr.me/post/24487387084/fire-and-ice"
"210089510871109632","210089208927371264","10959642","","","2012-06-05 19:23:37 +0000","<a href=""http://tapbots.com/tweetbot"" rel=""nofollow"">Tweetbot for iOS</a>","@tara Ha! I think I left it open on my home computer. I promise to reply when I get home. :)"
"210089254750126083","","","","","2012-06-05 19:22:36 +0000","<a href=""http://tapbots.com/tweetbot"" rel=""nofollow"">Tweetbot for iOS</a>","I tasted some! I couldn?t believe it wasn?t? RT @biz: Obvious Goes Beyond http://t.co/MrWmXHLo","http://bit.ly/MdK6eq"
"210075746167820288","","","210064568523833344","14372143","2012-06-05 18:28:55 +0000","<a href=""http://tapbots.com/tweetbot"" rel=""nofollow"">Tweetbot for iOS</a>","RT @jasonfried: Vooza is the web app you didn't even know you needed. What does it do? Find out here: http://t.co/9BKkQ7cD","http://vooza.com"
"210075142339051521","","","","","2012-06-05 18:26:31 +0000","<a href=""http://tapbots.com/tweetbot"" rel=""nofollow"">Tweetbot for iOS</a>","This is cool: RT @geekwire: Introducing GeekWire?s new resource center for startups http://t.co/ozw1jaYG","http://bit.ly/MzsxbS"
"210071877052403712","","","","","2012-06-05 18:13:33 +0000","<a href=""http://www.apple.com"" rel=""nofollow"">iOS</a>","I'm surprised how enjoyable the LevelUp experience is. If you haven't tried it, use this code for $5 free: https://t.co/oXqOf49e","https://www.thelevelup.com/join/?promotion_code=68529"
"209853087337287680","","","","","2012-06-05 03:44:09 +0000","<a href=""http://flickr.com/services/twitter/"" rel=""nofollow"">Flickr</a>","8:36pm Just working http://t.co/POBUy4XA","http://flic.kr/p/bUfYcc"
"209793359924051970","","","","","2012-06-04 23:46:49 +0000","<a href=""http://tapbots.com/tweetbot"" rel=""nofollow"">Tweetbot for iOS</a>","I wish I was going to @chrisguillebeau?s talk tonight at Town Hall on his new book, $100 Startup. If you go, take good notes!"
"209792824261091329","","","","","2012-06-04 23:44:41 +0000","<a href=""http://tapbots.com/tweetbot"" rel=""nofollow"">Tweetbot for iOS</a>","I?m really happy it?s becoming more acceptable for non-.com domains to be taken seriously. If only to screw over domain squatter biz models."
"209770789040431105","209770553492504577","27112594","","","2012-06-04 22:17:08 +0000","<a href=""http://itunes.apple.com/us/app/twitter/id409789998?mt=12"" rel=""nofollow"">Twitter for Mac</a>","@robbymet For that particular case, I highly recommend the app called Checkie. Quickest checkins ever."
"209710498567036931","","","","","2012-06-04 18:17:33 +0000","<a href=""http://itunes.apple.com/us/app/twitter/id409789998?mt=12"" rel=""nofollow"">Twitter for Mac</a>","One of the problems with the mobile revolution is that opening an app is too much work for most things apps want to help you with."
"209696020836257793","","","","","2012-06-04 17:20:01 +0000","<a href=""http://www.tumblr.com/"" rel=""nofollow"">Tumblr</a>","What do you want to remember? http://t.co/oz0fRKhZ","http://tmblr.co/ZQJvayMkyB8w"
"209687886507945984","209686443956781056","820129","","","2012-06-04 16:47:42 +0000","<a href=""http://tapbots.com/tweetbot"" rel=""nofollow"">Tweetbot for iOS</a>","@egrigg9000 I wanna see that!"
"209661044296134656","","","","","2012-06-04 15:01:02 +0000","<a href=""http://www.tumblr.com/"" rel=""nofollow"">Tumblr</a>","My take on ""mastery"": http://t.co/6MQFeyUc /inspired by @gapingvoid's recent post","http://tmblr.co/ZQJvayMkcCD0"
"209658637382189057","","","","","2012-06-04 14:51:29 +0000","<a href=""http://tapbots.com/tweetbot"" rel=""nofollow"">Tweetbot for iOS</a>","This just blew my mind. I want to learn more! RT @ryancarson: Wow. ?Our universe may exist inside a black hole.? http://t.co/beeVFCov","http://bit.ly/M5sD4w"
"209653962125750273","","","209634312201584642","14348594","2012-06-04 14:32:54 +0000","<a href=""http://tapbots.com/tweetbot"" rel=""nofollow"">Tweetbot for iOS</a>","RT @hodgman: GO @xeni: http://t.co/tfhhDDJr via @BoingBoing","http://boingboing.net/2012/06/03/nyt-men-invented-the-inter.html"
"209560887932092417","209554663786299392","12514","","","2012-06-04 08:23:03 +0000","<a href=""http://tapbots.com/tweetbot"" rel=""nofollow"">Tweetbot for iOS</a>","@tomcoates I was gonna retweet that but it sounded too good to be true. :)"
"209552151087812608","","","","","2012-06-04 07:48:20 +0000","<a href=""http://www.tumblr.com/"" rel=""nofollow"">Tumblr</a>","How do you make an idea feel ""real""? http://t.co/lfvjzIew","http://tmblr.co/ZQJvayMjw8E4"
"209549322046550016","","","","","2012-06-04 07:37:06 +0000","<a href=""http://itunes.apple.com/us/app/twitter/id409789998?mt=12"" rel=""nofollow"">Twitter for Mac</a>","Having a little human creature brings out all kinds of weird old emotions, and invents new ones. It's one of the perks, I think."
"209531096990367744","209529334724177920","12514","","","2012-06-04 06:24:41 +0000","<a href=""http://itunes.apple.com/us/app/twitter/id409789998?mt=12"" rel=""nofollow"">Twitter for Mac</a>","@lmorchard @tomcoates Smarts should be in the software, not the hardware."
"209529284790980608","","","","","2012-06-04 06:17:29 +0000","<a href=""http://itunes.apple.com/us/app/twitter/id409789998?mt=12"" rel=""nofollow"">Twitter for Mac</a>","Leap Year wasn't as bad as the reviews said. Amy Adams reminds me of @kellianne a bit, who I haven't seen in 3 days. That probably helped."
"209522232496623616","209521419137191936","34383091","","","2012-06-04 05:49:27 +0000","<a href=""http://tapbots.com/tweetbot"" rel=""nofollow"">Tweetbot for iOS</a>","@cjlikearockstar Plenty of fear, just no ability to fake it til I make it."
"209519663896469504","","","","","2012-06-04 05:39:15 +0000","<a href=""http://tapbots.com/tweetbot"" rel=""nofollow"">Tweetbot for iOS</a>","My advantage, and maybe curse, is that nobody else would ever really come up with the ideas I come up with."
"209495284902932483","209472498448875520","776429","","","2012-06-04 04:02:22 +0000","<a href=""http://tapbots.com/tweetbot"" rel=""nofollow"">Tweetbot for iOS</a>","@spangley I vote for A."
"209491007706898432","","","","","2012-06-04 03:45:23 +0000","<a href=""http://flickr.com/services/twitter/"" rel=""nofollow"">Flickr</a>","8:36pm The flower book gets pulled from the archives http://t.co/rSre0iOu","http://flic.kr/p/caYTCb"
"209483946319294464","209232747376545792","34383091","","","2012-06-04 03:17:19 +0000","<a href=""http://tapbots.com/tweetbot"" rel=""nofollow"">Tweetbot for iOS</a>","@cjlikearockstar @JimmyJameson Pick a place and time, I will be there!"
"209440519812681731","209434672340541440","12514","","","2012-06-04 00:24:45 +0000","<a href=""http://tapbots.com/tweetbot"" rel=""nofollow"">Tweetbot for iOS</a>","@tomcoates I think @fitbit could come out with a wristband and clean them out. Nike?s lack of API and terrible website will be their end."
"209434386700046337","209433253352976384","12514","","","2012-06-04 00:00:23 +0000","<a href=""http://tapbots.com/tweetbot"" rel=""nofollow"">Tweetbot for iOS</a>","@tomcoates Yeah. I was shocked at how many people were wearing them in SF when I visited last week. Almost every nerd I saw (incl. myself)."
"209427584411373568","","","","","2012-06-03 23:33:21 +0000","<a href=""http://tapbots.com/tweetbot"" rel=""nofollow"">Tweetbot for iOS</a>","What should I tweet about? 

A) Niko
B) aspirational riddles
C) something meta

(as much as I love those topics, I need to mix things up)"
"209426506655612929","209425984951291906","385436920","","","2012-06-03 23:29:04 +0000","<a href=""http://tapbots.com/tweetbot"" rel=""nofollow"">Tweetbot for iOS</a>","@lisacurriEEE Yeah, it?s pretty fun having a mini me."
"209421601450639361","","","","","2012-06-03 23:09:35 +0000","<a href=""http://instagr.am"" rel=""nofollow"">Instagram</a>","Niko rode his bike so much yesterday that the seat hurts today.  http://t.co/NSGE0Reg","http://instagr.am/p/LbftIzI0HL/"
"209374036243922945","","","","","2012-06-03 20:00:34 +0000","<a href=""http://www.apple.com"" rel=""nofollow"">iOS</a>","I like it. On Mastery, by @gapingvoid http://t.co/CjdJKKHx","http://gapingvoid.com/2012/05/31/on-mastery/"
"209371545058029568","209371227364659200","16644937","","","2012-06-03 19:50:40 +0000","<a href=""http://tapbots.com/tweetbot"" rel=""nofollow"">Tweetbot for iOS</a>","@the_april Just might! After 3:30 or so okay?"
"209348860135477251","","","","","2012-06-03 18:20:32 +0000","<a href=""http://tapbots.com/tweetbot"" rel=""nofollow"">Tweetbot for iOS</a>","I?ve had @nikobenson for the last 3 days while @kellianne is in Boston for @rickwebb?s birthday. Brain has reverted to 2-yo levels."
"209338815825985537","209337364651323393","22091098","","","2012-06-03 17:40:37 +0000","<a href=""http://tapbots.com/tweetbot"" rel=""nofollow"">Tweetbot for iOS</a>","@jedwardbecker Looks great! I?ll be signing up. Email me at this username at gmail?"
"209328838616948736","","","","","2012-06-03 17:00:58 +0000","<a href=""http://tapbots.com/tweetbot"" rel=""nofollow"">Tweetbot for iOS</a>","What do you want to remember about the last year or so? Where are those memories best captured? How easy will it be to remember them again?"
"209141138328784896","","","","","2012-06-03 04:35:07 +0000","<a href=""http://flickr.com/services/twitter/"" rel=""nofollow"">Flickr</a>","8:36pm Was putting this guy to bed http://t.co/aqc41ATe","http://flic.kr/p/cahiZA"
"209115274824261632","","","","","2012-06-03 02:52:21 +0000","<a href=""http://www.apple.com"" rel=""nofollow"">Safari on iOS</a>","""You will be (mis-)judged or you will be ignored. Up to you."" - @thisissethsblog http://t.co/BSNl0OmZ)","http://sethgodin.typepad.com/seths_blog/2012/05/you-will-be-judged-or-you-will-be-ignored.html?utm_source=feedburner&utm_medium=feed&utm_campaign=Feed:%20typepad/sethsmainblog%20(Seth's%20Blog"
"209054876666306560","209012419601776645","14803483","","","2012-06-02 22:52:21 +0000","<a href=""http://tapbots.com/tweetbot"" rel=""nofollow"">Tweetbot for iOS</a>","@evanjacobs I did see it and got excited til I actually downloaded it. Seems more like an ad than an app."
"208984727355539456","","","","","2012-06-02 18:13:36 +0000","<a href=""http://tapbots.com/tweetbot"" rel=""nofollow"">Tweetbot for iOS</a>","A soccer ball that generates energy when you kick it. So awesome! Video: http://t.co/hDGmFFKc /via @jason","http://bit.ly/L9cC0v"
"208981753103257600","","","208955384352882688","46063","2012-06-02 18:01:47 +0000","<a href=""http://tapbots.com/tweetbot"" rel=""nofollow"">Tweetbot for iOS</a>","RT @hunterwalk: Life: Spend as much time as possible with PEOPLE you love in a PLACE you want to be on a THING you are passionate about. ..."
"208969489797226496","","","","","2012-06-02 17:13:03 +0000","<a href=""http://www.apple.com"" rel=""nofollow"">Safari on iOS</a>","Just bought The Magic of Reality for Niko (and myself). A new Richard Dawkins book. http://t.co/5gcrNblX","http://www.amazon.com/gp/aw/d/1439192812/ref=redir_mdp_mobile?ref_=as_li_ss_til&tag=braipick-20&linkCode=as4&camp=213381&adid=1ZMR9Z8K1Q0PAS7PW1DS&creative=390973&creativeASIN=1439192812"
"208770646728130561","","","","","2012-06-02 04:02:55 +0000","<a href=""http://instagr.am"" rel=""nofollow"">Instagram</a>","8:36pm Taking a look at @feltron's latest report, beautiful as always http://t.co/ywwLxxg4","http://instagr.am/p/LW3c83I0HE/"
"208635923821379584","","","208634731502370817","14278978","2012-06-01 19:07:35 +0000","<a href=""http://tapbots.com/tweetbot"" rel=""nofollow"">Tweetbot for iOS</a>","RT @ericries: Thanks @sivers for this incredibly detailed #LeanStartup summary + kind words: http://t.co/OhhsgPq8","http://sivers.org/book/LeanStartup"
"208634876935667713","","","","","2012-06-01 19:03:25 +0000","<a href=""http://tapbots.com/tweetbot"" rel=""nofollow"">Tweetbot for iOS</a>","1 second head start for every 100 friends difference? RT @jmckean: Handicap by # friends?"
"208633633429405697","","","","","2012-06-01 18:58:29 +0000","<a href=""http://tapbots.com/tweetbot"" rel=""nofollow"">Tweetbot for iOS</a>","2 people take a picture and post to @instagram, then put their phones down. 1st to get a like wins. #instagramduel"
"208628381082857472","","","","","2012-06-01 18:37:36 +0000","<a href=""http://instagr.am"" rel=""nofollow"">Instagram</a>","Happy to be back on the choo program  @ Old Spaghetti Factory http://t.co/HmfEeuxc","http://instagr.am/p/LV23-WI0BN/"
