"tweet_id","in_reply_to_status_id","in_reply_to_user_id","retweeted_status_id","retweeted_status_user_id","timestamp","source","text","expanded_urls"
"252641975088607233","","","252641467116441600","7362142","2012-10-01 05:31:55 +0000","<a href=""http://twitter.com/download/iphone"" rel=""nofollow"">Twitter for iPhone</a>","RT @kellianne: Tonight @nikobenson threw @busterbenson's nose out the window to San Francisco and then said, ""Go get your boogers!"""
"252638436996026370","","","","","2012-10-01 05:17:51 +0000","<a href=""http://twitter.com/#!/download/ipad"" rel=""nofollow"">Twitter for iPad</a>","I remember really liking Mary from the Amazon days. Good interview. RT @carr2n: Mary Meeker talks shop with @wired http://t.co/kfHEm63u","http://bit.ly/StzaNt"
"252597501549498368","252596743458418688","10221","","","2012-10-01 02:35:12 +0000","web","Looks like my iOS 6 beta expired. Even though I couldn't upgrade via regular software updates. Lame! Thx @thatdrew @couch for the clue."
"252596481805139968","","","","","2012-10-01 02:31:08 +0000","web","My iPhone suddenly requires activation, and can't sync to iTunes or be restored to factory settings. Heard of this before?"
"252545309966749696","252544790372155393","4558","","","2012-09-30 23:07:48 +0000","<a href=""http://twitter.com"" rel=""nofollow"">Twitter for  iPhone</a>","@harryh Damn spreadsheets are impossible to beat."
"252544331104280576","252537252259975168","4558","","","2012-09-30 23:03:55 +0000","<a href=""http://twitter.com"" rel=""nofollow"">Twitter for  iPhone</a>","@harryh Awesome! Using anything in particular to track stuff?"
"252455924239839232","","","","","2012-09-30 17:12:37 +0000","<a href=""http://www.apple.com"" rel=""nofollow"">iOS</a>","? ABCs http://t.co/6MRIpIKz","http://youtu.be/xYrme7VIELs"
"252445972397957121","252444175407132672","20833838","","","2012-09-30 16:33:04 +0000","<a href=""http://twitter.com"" rel=""nofollow"">Twitter for  iPhone</a>","@carinnatarvin I've been loving that app."
"252445226394849281","","","","","2012-09-30 16:30:06 +0000","<a href=""http://twitter.com"" rel=""nofollow"">Twitter for  iPhone</a>","Wish I was hearing this! ""Some of the more interesting unsolved problems are health care, medicine, human behavior"" -@edyson at #MedX"
"252252916289765376","252249308127195136","7362142","","","2012-09-30 03:45:56 +0000","<a href=""http://twitter.com"" rel=""nofollow"">Twitter for  iPhone</a>","@kellianne You bungled the URL. :)"
"252251360173649921","","","","","2012-09-30 03:39:45 +0000","<a href=""http://instagr.am"" rel=""nofollow"">Instagram</a>","8:36pm Trying to decide if Thomas is Really Useful or not  http://t.co/kjoW2uPs","http://instagr.am/p/QL0bZio0HS/"
"252205587864096769","","","","","2012-09-30 00:37:52 +0000","<a href=""http://instagr.am"" rel=""nofollow"">Instagram</a>","My weekend exercise routine!  Taken by @kellianne . http://t.co/0l3mHQsN","http://instagr.am/p/QLffdEo0BK/"
"252195151462686721","","","252194156376649728","914061","2012-09-29 23:56:24 +0000","<a href=""http://twitter.com"" rel=""nofollow"">Twitter for  iPhone</a>","RT @levie: If no one thinks your idea is crazy, it probably sucks."
"252190739868573696","252187431615463424","260","","","2012-09-29 23:38:52 +0000","<a href=""http://twitter.com"" rel=""nofollow"">Twitter for  iPhone</a>","@sharon @willotoons Ah got it. Now I know who to bug for future updates! :)"
"252185068997582848","252178419205427200","772386","","","2012-09-29 23:16:20 +0000","<a href=""http://twitter.com"" rel=""nofollow"">Twitter for  iPhone</a>","@WilloToons Wait is something happening with Baby Berman???"
"252143596948553728","","","","","2012-09-29 20:31:32 +0000","<a href=""http://instagr.am"" rel=""nofollow"">Instagram</a>","""Hey birds, come back! Hold'em!""  @ Victor Steinbrueck Park http://t.co/2PZnpVcV","http://instagr.am/p/QLDcJxo0Ea/"
"252128020058488832","","","","","2012-09-29 19:29:38 +0000","<a href=""http://twitter.com"" rel=""nofollow"">Twitter for  iPhone</a>","Even if you're just curious about programming, read this! RT @bs: If you're a programmer, read http://t.co/SfCRoIkE","http://worrydream.com/LearnableProgramming/"
"252090474393903104","252089065254572032","780991","","","2012-09-29 17:00:27 +0000","<a href=""http://twitter.com"" rel=""nofollow"">Twitter for  iPhone</a>","@amyjokim I think you've convinced me to check it out."
"252083302612221952","252081827542601728","16644937","","","2012-09-29 16:31:57 +0000","<a href=""http://twitter.com"" rel=""nofollow"">Twitter for  iPhone</a>","@the_april Ha. Yeah..."
"252083101675692032","","","","","2012-09-29 16:31:09 +0000","<a href=""http://twitter.com"" rel=""nofollow"">Twitter for  iPhone</a>","Great story, Noah. Thanks for telling it. RT @noahkagan: Why I got Fired from Facebook (a $100 Million dollar lesson) http://t.co/WOU0PfCQ","http://okdork.com/2012/09/29/why-i-got-fired-from-facebook-a-100-million-dollar-lesson/"
"252073048436510720","","","","","2012-09-29 15:51:12 +0000","<a href=""http://bufferapp.com"" rel=""nofollow"">Buffer</a>","Bill Nguyen is a textbook psychopath. http://t.co/0QGN1U0q","http://www.fastcompany.com/1784823/bill-nguyen-boy-bubble"
"251904423507415041","","","251898660097499139","10221","2012-09-29 04:41:09 +0000","<a href=""http://twitter.com"" rel=""nofollow"">Twitter for  iPhone</a>","RT @thatdrew: Here's your nightly Gangnam Style update: 308,036,998 views"
"251900488310718464","251899703615188992","14934401","","","2012-09-29 04:25:31 +0000","web","@jreichhold True. I think evolving algorithms will eventually (if not already) understand us better than we can ever understand them."
"251899611525042176","","","","","2012-09-29 04:22:02 +0000","web","Electronics need to be turned off now. Thus ends #deepthoughtsonaplane."
"251899364748972033","","","","","2012-09-29 04:21:03 +0000","web","In other words, the language of computers were designed by us to be the perfect drug for our deep need to trust that everything is solvable."
"251898663566180352","251898214771466241","26406166","","","2012-09-29 04:18:16 +0000","web","@beckyjewell Not so magic when you realize it's man-made, and therefore designed to give us back exactly what we want from it."
"251897930804498435","","","","","2012-09-29 04:15:21 +0000","web","Maybe people who think programming is magic haven't stuck with it long enough to get addicted to the answers returned by every question."
"251897410010378240","251896384884715520","62600226","","","2012-09-29 04:13:17 +0000","web","@talof2cities I believe it is, but the ""eventually"" is probably longer than a lifetime. Maybe longer than humanity's lifetime too."
"251892894800166913","","","","","2012-09-29 03:55:20 +0000","<a href=""http://flickr.com/services/twitter/"" rel=""nofollow"">Flickr</a>","8:36pm Scala on a plane http://t.co/EOvsSVb0","http://flic.kr/p/deZGKp"
"251890947527426048","251889412080799744","14934401","","","2012-09-29 03:47:36 +0000","web","@jreichhold I'm doing my functional programming in Scala homework."
"251888795396472833","","","","","2012-09-29 03:39:03 +0000","web","Writing code is addictive because everything is (eventually) understandable. Putting in effort can always results in an answer of some sort."
"251874796231593984","","","","","2012-09-29 02:43:25 +0000","<a href=""http://twitter.com"" rel=""nofollow"">Twitter for  iPhone</a>","AKA me. RT @amyjokim: Most likely buyer of a self-help book is one who bought another self-help book in the last 18mo http://t.co/5vOMPZGs","http://nyti.ms/RoGKrY"
"251832440304308224","","","","","2012-09-28 23:55:07 +0000","<a href=""http://bufferapp.com"" rel=""nofollow"">Buffer</a>","""The pursuit of truth shouldn't stop short of insanity."" - Errol Morris in latest @radiolab http://t.co/RkQWkP9N","http://www.radiolab.org/2012/sep/24/"
"251819000676356097","","","","","2012-09-28 23:01:42 +0000","<a href=""http://twitter.com"" rel=""nofollow"">Twitter for  iPhone</a>","I'm a @Radiolab junkie. Luckily today I can get my fix."
"251805523408744448","","","","","2012-09-28 22:08:09 +0000","web","According to @slackulator, I get about 4 tweets per minute (tpm), or 5,844 tpd."
"251789210812551168","251788889583390720","2129311","","","2012-09-28 21:03:20 +0000","web","@lejoe Awesome. I'll be here all week that week."
"251788671215341569","251788239525015553","2129311","","","2012-09-28 21:01:11 +0000","web","@lejoe Great meeting you too! Definitely up for a beer. Are you still in SF week after next?"
"251784856076443650","251774186610106369","16509622","","","2012-09-28 20:46:02 +0000","web","@ragnarfreyr I'm not sure yet... that's part of the fun with this experiment. I'm judging on a case by case basis."
"251759463344787456","","","","","2012-09-28 19:05:08 +0000","<a href=""http://bufferapp.com"" rel=""nofollow"">Buffer</a>","There's something wrong with the universe http://t.co/ghEoWeKs","http://bit.ly/PwmjXE"
"251733494865215488","","","","","2012-09-28 17:21:56 +0000","<a href=""http://bufferapp.com"" rel=""nofollow"">Buffer</a>","I've been playing with the new Discover stuff on Twitter and it has gotten MUCH better than it used to be. Check it. http://t.co/6LuqV0lH","http://tcrn.ch/PwoBpE"
"251728267260862464","251717311243898880","15140098","","","2012-09-28 17:01:10 +0000","web","@sasprea I think it's generally overblown, unless you really use it to figure out bus routes a lot. I just bookmarked http://t.co/YmFeplSP.","http://maps.google.com"
"251718564774572032","","","","","2012-09-28 16:22:37 +0000","<a href=""http://twitter.com"" rel=""nofollow"">Twitter for  iPhone</a>","Your favorite private journaling community, http://t.co/UXCU3B0z, is working again. What, you haven't heard of it? Go check it out!","http://750words.com"
"251709543778750464","","","","","2012-09-28 15:46:46 +0000","<a href=""http://twitter.com"" rel=""nofollow"">Twitter for  iPhone</a>","Really cool @foursquare app that pings you w/ last tweet from places you check in to https://t.co/ncPhb7zs /via @dens","https://foursquare.com/app/last-tweet/CJSPYMTCS4SEAZZJFBYQB1FFSYJUQ2WRDUXPCDPFFS3ER3PY"
"251702854941818881","251700835778695168","19344531","","","2012-09-28 15:20:11 +0000","<a href=""http://twitter.com"" rel=""nofollow"">Twitter for  iPhone</a>","@mikebodge Oh shit! That sounds horrendous."
"251700101129576448","","","","","2012-09-28 15:09:15 +0000","<a href=""http://twitter.com"" rel=""nofollow"">Twitter for  iPhone</a>","Oops,the secure server certificate for http://t.co/UXCU3B0z expired. We're working on it and should have it fixed soon.","http://750words.com"
"251566455714349056","","","251556735888785408","4711","2012-09-28 06:18:11 +0000","<a href=""http://twitter.com"" rel=""nofollow"">Twitter for  iPhone</a>","RT @sippey: Amazing ad for @BarackObama. http://t.co/iGKdP5Rs","http://www.youtube.com/watch?feature=player_embedded&v=B9xCCaseop4"
"251565637040754688","251561067958906880","14095370","","","2012-09-28 06:14:56 +0000","<a href=""http://twitter.com"" rel=""nofollow"">Twitter for  iPhone</a>","@OffbeatAriel Yay! I thought you'd like it."
"251549913186443264","","","251539071783010304","989","2012-09-28 05:12:27 +0000","<a href=""http://twitter.com"" rel=""nofollow"">Twitter for  iPhone</a>","RT @om: .@donna blog is now open &amp; now you can learn about one of coolest apps. Coming soon 2 iPhone home screens near you 
http://t ..."
"251537179812184065","","","251536414699835393","21678279","2012-09-28 04:21:51 +0000","<a href=""http://twitter.com"" rel=""nofollow"">Twitter for  iPhone</a>","RT @agaricus: @busterbenson for our memories: topics included kids, words, numbers, silence, animals, and -not changing-."
"251527518849478657","","","","","2012-09-28 03:43:28 +0000","<a href=""http://instagr.am"" rel=""nofollow"">Instagram</a>","8:36pm Met and had a great conversation with one of my long time heroes, Gary Wolf / @agaricus! http://t.co/DuvzVgrQ","http://instagr.am/p/QGrBnrI0CL/"
"251470943162093568","251463652748709888","21778255","","","2012-09-27 23:58:39 +0000","web","@sledwith Yes, but were they meant for factory farming? #trolling"
"251470085556928512","","","","","2012-09-27 23:55:15 +0000","<a href=""http://bufferapp.com"" rel=""nofollow"">Buffer</a>","Woah this is sort of awesome and depressing at the same time. Tracking homophobic tweets: http://t.co/MrAnsSLH /via @miradu","http://bit.ly/PswVGT"
"251424255110172672","251413952968392705","13257392","","","2012-09-27 20:53:08 +0000","web","@eismcc I'm talking more about the fact that most animals are raised in torturous conditions, etc before moving."
"251397074560630784","","","","","2012-09-27 19:05:07 +0000","<a href=""http://bufferapp.com"" rel=""nofollow"">Buffer</a>","True or false? ""By far the most cruel thing any of us does each day is consume animals (and their products)."" http://t.co/EJTbsNf5","http://bit.ly/Qrcjlu"
"251348279038709761","","","","","2012-09-27 15:51:14 +0000","<a href=""http://bufferapp.com"" rel=""nofollow"">Buffer</a>","If you see me with an alcoholic drink and it's not red wine, I'll give you a dollar. http://t.co/hhC4enXB","http://bit.ly/PmLlZ4"
"251347362184839171","","","","","2012-09-27 15:47:35 +0000","<a href=""http://twitter.com"" rel=""nofollow"">Twitter for  iPhone</a>","Working on moving to this (slowly) RT @zen_habits: on zenhabits: A Guide to Eating a Plant-Based Diet http://t.co/L9gSPeSA","http://zenhabits.net/plants/"
"251209153350094848","251207893964177408","34383091","","","2012-09-27 06:38:24 +0000","<a href=""http://twitter.com"" rel=""nofollow"">Twitter for  iPhone</a>","@cjlikearockstar Are you ever in SF?"
"251207435413508098","251205554544975872","761975","","","2012-09-27 06:31:34 +0000","<a href=""http://twitter.com"" rel=""nofollow"">Twitter for  iPhone</a>","@mathowie @buzz But yeah I think you're right. And yet another part of me doesn't care if I sabotage myself by calling a spade a spade."
"251206459814182913","251205554544975872","761975","","","2012-09-27 06:27:41 +0000","<a href=""http://twitter.com"" rel=""nofollow"">Twitter for  iPhone</a>","@mathowie @buzz Yeah I can't believe you said that about me. #jk #maybe"
"251204246605795328","251203658446958593","752553","","","2012-09-27 06:18:54 +0000","<a href=""http://twitter.com"" rel=""nofollow"">Twitter for  iPhone</a>","@rgcottrell If i was, I'd now tell you that you owe me a buck."
"251204016791486464","251203595251372032","528","","","2012-09-27 06:17:59 +0000","<a href=""http://twitter.com"" rel=""nofollow"">Twitter for  iPhone</a>","@buzz Yup. Like all things I'm making it a public game to help me find my own line."
"251203420323733504","251202781162119168","14857106","","","2012-09-27 06:15:37 +0000","<a href=""http://twitter.com"" rel=""nofollow"">Twitter for  iPhone</a>","@joewallin Yup! For complaints, gossip, junk food, and most alcohol. See http://t.co/bBJaraQw...","http://wayoftheduck.com"
"251203102500347905","","","251202276683816961","528","2012-09-27 06:14:21 +0000","<a href=""http://twitter.com"" rel=""nofollow"">Twitter for  iPhone</a>","RT @buzz: @busterbenson Shit talking can serve a social function. All that it takes for evil to triumph is for good people not to shit talk."
"251202986905333760","251202276683816961","528","","","2012-09-27 06:13:53 +0000","<a href=""http://twitter.com"" rel=""nofollow"">Twitter for  iPhone</a>","@buzz I totally agree. I take pride in not concealing bad behavior of others. But I'm trying try keep it civil rather than personal."
"251202439435411456","251200760497438721","140362289","","","2012-09-27 06:11:43 +0000","<a href=""http://twitter.com"" rel=""nofollow"">Twitter for  iPhone</a>","@FertilityFlower Yup! Now it's all modernized etc."
"251200196371947520","","","","","2012-09-27 06:02:48 +0000","<a href=""http://twitter.com"" rel=""nofollow"">Twitter for  iPhone</a>","My new game has made me realize how often I talk shit about people. I'm not even counting the purely factual stuff that reflects badly..."
"251198518956535808","251196561990774784","34383091","","","2012-09-27 05:56:08 +0000","<a href=""http://twitter.com"" rel=""nofollow"">Twitter for  iPhone</a>","@cjlikearockstar If I complain about you that's what I will do. Only problem is that that will never happen!"
"251195634500112384","","","","","2012-09-27 05:44:40 +0000","<a href=""http://twitter.com"" rel=""nofollow"">Twitter for  iPhone</a>","Pay @curiousjordy $10 because I had 3 beers and talked negatively about at least 7 people. But his story &amp; conversation was worth it!"
"251194997536329728","251194303345459200","15310552","","","2012-09-27 05:42:09 +0000","<a href=""http://twitter.com"" rel=""nofollow"">Twitter for  iPhone</a>","@singy I like that. I'll add that too. And call you out if I see it. :)"
"251194090199326720","","","251140156386590720","15019184","2012-09-27 05:38:32 +0000","<a href=""http://twitter.com"" rel=""nofollow"">Twitter for  iPhone</a>","RT @heyamberrae: @busterbenson Wishes are complaints from optimists. I'll reply, ""You wish or you will?"" to filter importance &amp; then ..."
"251193944841535488","251155645083049985","14616067","","","2012-09-27 05:37:58 +0000","<a href=""http://twitter.com"" rel=""nofollow"">Twitter for  iPhone</a>","@luketmillar Sweets and processed carbs, mostly."
"251193719628369920","251159275173470208","15310552","","","2012-09-27 05:37:04 +0000","<a href=""http://twitter.com"" rel=""nofollow"">Twitter for  iPhone</a>","@singy Do it! @chirpify is sorta awesome and convenient for this purpose."
"251193466648936449","","","251172089233539072","7362142","2012-09-27 05:36:04 +0000","<a href=""http://twitter.com"" rel=""nofollow"">Twitter for  iPhone</a>","RT @kellianne: @busterbenson I should collect dollars when you don't call your wife!"
"251171727537762304","","","","","2012-09-27 04:09:41 +0000","<a href=""http://instagr.am"" rel=""nofollow"">Instagram</a>","8:36pm I'm gonna owe @curiousjordy a ton by the end of this night  @ The Grove http://t.co/EUAYIDnz","http://instagr.am/p/QEJccwI0BZ/"
"251155221307326464","","","","","2012-09-27 03:04:05 +0000","<a href=""http://bufferapp.com"" rel=""nofollow"">Buffer</a>","If you see me eat junk food, or drink soda, I'll give you a dollar. http://t.co/hhC4enXB","http://bit.ly/PmLlZ4"
"251134740785147904","","","","","2012-09-27 01:42:42 +0000","<a href=""http://twitter.com"" rel=""nofollow"">Twitter for  iPhone</a>","Are wishes complaints?"
"251115907793973248","251114811792957440","28838912","","","2012-09-27 00:27:52 +0000","web","Pay @kavla $1 because I complained about not having access to envelopes with answers. Oops."
"251112979230240768","251111955228672000","22273667","","","2012-09-27 00:16:14 +0000","web","@sm Yeah, I'm on the 7th floor near Pipit and Prion. No desk number since I still commute from Seattle. Let's gossip."
"251110162906099712","251109188447649792","7853992","","","2012-09-27 00:05:02 +0000","<a href=""http://twitter.com"" rel=""nofollow"">Twitter for  iPhone</a>","@codeodor It does count! And someone already collected. :)"
"251109877982830592","251109374259507200","22273667","","","2012-09-27 00:03:54 +0000","<a href=""http://twitter.com"" rel=""nofollow"">Twitter for  iPhone</a>","@sm Yeah it's just a 1 month experiment... I have no idea how often I do it and thought this would be a fun way to find out. And lose money."
"251109458887983104","","","","","2012-09-27 00:02:15 +0000","<a href=""http://twitter.com"" rel=""nofollow"">Twitter for  iPhone</a>","Who's hogging all the envelopes with the answers inside?"
"251107673976745985","","","","","2012-09-26 23:55:09 +0000","<a href=""http://bufferapp.com"" rel=""nofollow"">Buffer</a>","If you hear me speak negatively behind someone's back, and you call me on it, I'll give you a dollar. http://t.co/hhC4enXB","http://bit.ly/PmLlZ4"
"251055291960029187","251031906412535809","82801305","","","2012-09-26 20:27:00 +0000","web","@andreimpop Sorry, I never check my LinkedIn mail. My life is a bit crazy for the next few months... where do you live?"
"251054973020942336","251035229328904193","196745496","","","2012-09-26 20:25:44 +0000","web","@sarahkpeck Yeah, I meant complaint in the context of whining. Complaining about something without any effort to change it."
"251034729497886720","","","","","2012-09-26 19:05:18 +0000","<a href=""http://bufferapp.com"" rel=""nofollow"">Buffer</a>","If you hear me complain about anything, and call me out on it, I'll give you a dollar. http://t.co/hhC4enXB","http://bit.ly/PmLlZ4"
"251025239163678720","251023028664803328","19576161","","","2012-09-26 18:27:35 +0000","<a href=""http://twitter.com"" rel=""nofollow"">Twitter for  iPhone</a>","@awolfson0 Was it falsifiable before? I sort of came to this conclusion because I couldn't find any truly intrinsic motivators."
"251007019245527040","251005683800092672","17958179","","","2012-09-26 17:15:11 +0000","web","@brennannovak Yeah, I have! It's so easy to use that I can't believe it's accurate. I like the passive nature of the ring though."
"251002885423382530","","","","","2012-09-26 16:58:45 +0000","<a href=""http://twitter.com"" rel=""nofollow"">Twitter for  iPhone</a>","New hunch: all motivation is extrinsic. Our identities are wrapped up in each other and can't be fully teased apart."
"250987658979979265","250987029263949824","10221","","","2012-09-26 15:58:15 +0000","<a href=""http://twitter.com"" rel=""nofollow"">Twitter for  iPhone</a>","@thatdrew Let me know where you are and I'll come say hi."
"250986680176234497","250986132463046656","10221","","","2012-09-26 15:54:22 +0000","<a href=""http://twitter.com"" rel=""nofollow"">Twitter for  iPhone</a>","@thatdrew Yup. Are you coming by?"
"250985890216816640","","","","","2012-09-26 15:51:13 +0000","<a href=""http://bufferapp.com"" rel=""nofollow"">Buffer</a>","""$1 behavior change self-challenge"" http://t.co/hhC4enXB","http://bit.ly/PmLlZ4"
"250979375808393217","","","","","2012-09-26 15:25:20 +0000","<a href=""http://twitter.com"" rel=""nofollow"">Twitter for  iPhone</a>","I need this! RT @marciikeler: Pulse is a prototype ring that keeps track of your heart rate and syncs with your iPhone. http://t.co/FTBTEzJA","http://ow.ly/dZz8o"
"250962092935499777","250960622760628225","822724","","","2012-09-26 14:16:40 +0000","<a href=""http://twitter.com"" rel=""nofollow"">Twitter for  iPhone</a>","@spratlas Thank you! Which ones have you used / found helpful?"
"250957574625697792","250921316033646593","5622042","","","2012-09-26 13:58:43 +0000","<a href=""http://twitter.com"" rel=""nofollow"">Twitter for  iPhone</a>","@ironfroggy Yup. @mko spotted that one and has been paid. :)"
"250957399240871936","250880124931694592","16435523","","","2012-09-26 13:58:01 +0000","<a href=""http://twitter.com"" rel=""nofollow"">Twitter for  iPhone</a>","@schezar @bittman I'd love to see more evidence on either side... let me know if you find any."
"250957132260835328","250872696156606465","14767730","","","2012-09-26 13:56:57 +0000","<a href=""http://twitter.com"" rel=""nofollow"">Twitter for  iPhone</a>","@findingnewo Awesome! If you write anything up about it (now or later) let me know!"
"250867405285371904","","","","","2012-09-26 08:00:24 +0000","<a href=""http://chirpify.com"" rel=""nofollow"">Chirpify</a>","Pay @mko $1 for noticing that I complained about complaining being stupid."
"250865774313484288","250864482954383360","114971521","","","2012-09-26 07:53:56 +0000","<a href=""http://twitter.com"" rel=""nofollow"">Twitter for  iPhone</a>","@omid 7th floor near the arch of the foot if the floor plan was a foot. Hadn't considered that people might start baiting me..."
"250861517476605952","250855695749095424","681813","","","2012-09-26 07:37:01 +0000","<a href=""http://twitter.com"" rel=""nofollow"">Twitter for  iPhone</a>","@avantgame I know, right? Even if it's not 100% right, the correlation alone is rather scary. Diet-related health costs just doubled!"
"250860286616141825","","","","","2012-09-26 07:32:07 +0000","<a href=""http://bufferapp.com"" rel=""nofollow"">Buffer</a>","A new behavior-change test for myself: http://t.co/hhC4enXB","http://bit.ly/PmLlZ4"
"250835037300355072","","","","","2012-09-26 05:51:47 +0000","web","Is Alzheimer's Type 3 Diabetes? http://t.co/LufxOc4d /by @bittman Great summary of the theory, which seems plausible.","http://opinionator.blogs.nytimes.com/2012/09/25/bittman-is-alzheimers-type-3-diabetes/?smid=tw-share"
"250821455871369217","250820187295715328","13349","","","2012-09-26 04:57:49 +0000","web","@ryanchris Do we build memes (and set their turnarounds) or are memes just becoming more efficient at reproducing through us? #halfjoking"
"250819817693646848","250818108783218688","13349","","","2012-09-26 04:51:19 +0000","web","@ryanchris The older we are, the longer we can remember memes living."
"250811383267074048","250788126446977024","1497","","","2012-09-26 04:17:48 +0000","web","@harper Who is this Evan Miller fellow? I'm blown away by Wizard and would love to learn more about it."
"250810350625247232","","","","","2012-09-26 04:13:42 +0000","web","Attention all #quantifiedself-ers: your prayers have been answered. Rev up your self-tracking spreadsheets! http://t.co/QSDeuBzo","http://wizard.evanmiller.org/"
"250802674247819265","","","","","2012-09-26 03:43:11 +0000","<a href=""http://flickr.com/services/twitter/"" rel=""nofollow"">Flickr</a>","8:36pm Thinking about ideas, ideating about thoughts, you know... http://t.co/MHmtz9Ed","http://flic.kr/p/debyM5"
"250793274854494208","","","","","2012-09-26 03:05:50 +0000","<a href=""http://twitter.com"" rel=""nofollow"">Twitter for  iPhone</a>","Ooh neat! RT @harper: Awesome new easy-to-use tool for statistics and data analysis from Evan Miller - Wizard for Mac: http://t.co/OdhJ4r7a","http://gg.ly/QwAYoo"
"250763397644304385","250762847943008257","21678279","","","2012-09-26 01:07:07 +0000","web","@agaricus Interesting. I'll find out if that's available. What would you do with this data if you knew it?"
"250762337223602177","","","","","2012-09-26 01:02:54 +0000","web","""Oh my god, I should be doing something."" And we reach for the smartphone. http://t.co/MPjMdqFw","http://bustr.me/post/32298659097/when-youre-habituated-to-constant-stimulation"
"250735507783421952","","499069217","","","2012-09-25 23:16:18 +0000","web","@minboxco I'm dying. Let me in! :)"
"250732841208541185","250731798718451712","9469312","","","2012-09-25 23:05:42 +0000","web","@basus Oh yeah, I totally understand the emotions behind it."
"250732465528909825","250731733341831168","752553","","","2012-09-25 23:04:12 +0000","web","@rgcottrell I think Tweetbot has that market cornered."
"250720048073809920","250717539628363776","9469312","","","2012-09-25 22:14:52 +0000","web","@basus I disagree with your assumption, but also work at Twitter now and hope to help win people back. See also: http://t.co/2qsybcv9","http://dashes.com/anil/2012/09/what-developers-want.html"
"250715556100063232","","","","","2012-09-25 21:57:01 +0000","web","Trying to think of something to build for #twitterhackweek next week. Any ideas?"
"250647558957961216","","","","","2012-09-25 17:26:49 +0000","web","What Developers Want http://t.co/2qsybcv9 /by @anildash","http://dashes.com/anil/2012/09/what-developers-want.html"
"250646878125953024","","","250627458481659904","36823","2012-09-25 17:24:07 +0000","web","RT @anildash: Real bloggers blog."
"250476063065518080","","","","","2012-09-25 06:05:21 +0000","<a href=""http://twitter.com/download/iphone"" rel=""nofollow"">Twitter for iPhone</a>","&lt;%= ideas %&gt;"
"250439425316761601","","","","","2012-09-25 03:39:46 +0000","<a href=""http://instagr.am"" rel=""nofollow"">Instagram</a>","8:36pm Conceding defeat to @benward for last man standing  @ Twitter, Inc. http://t.co/PmghWtIm","http://instagr.am/p/P-8Z5mI0Me/"
"250273480438870016","","309073","","","2012-09-24 16:40:22 +0000","web","@bs Just learned about brittspace. Well done. :) PS. I'm in SF this week... wanna get a drink?"
"250217061354196992","","","","","2012-09-24 12:56:10 +0000","<a href=""http://twitter.com"" rel=""nofollow"">Twitter for  iPhone</a>","Excited to see Eric Vadon commuting to SF from Seattle on my flight too. Renaming it the ex-Amazon TPM shuttle."
"250216110304157696","","","","","2012-09-24 12:52:24 +0000","<a href=""http://twitter.com"" rel=""nofollow"">Twitter for  iPhone</a>","Though, what happens when 50 million years from now it's impossible to find a quartz glass sliver reader anywhere?"
"250215778970902529","","","","","2012-09-24 12:51:05 +0000","<a href=""http://twitter.com"" rel=""nofollow"">Twitter for  iPhone</a>","Need your data to last 100 million years? Slivers of quartz glass may be your preferred backup choice. http://t.co/y6riKw3r","http://phys.org/news/2012-09-japan-hitachi.html"
"250205618437238784","","","250183882744414209","11928542","2012-09-24 12:10:42 +0000","<a href=""http://twitter.com"" rel=""nofollow"">Twitter for  iPhone</a>","RT @Kotaku: The Factory That Makes The iPhone 5 Is Under Attack by Its Own Workers http://t.co/e2IeTQkx","http://bit.ly/QP30Jk"
"250204900326268929","","","250200607166717952","6981492","2012-09-24 12:07:51 +0000","<a href=""http://twitter.com"" rel=""nofollow"">Twitter for  iPhone</a>","RT @ftrain: Who will speak for the brands?"
"250198599177207809","","","","","2012-09-24 11:42:49 +0000","<a href=""http://foursquare.com"" rel=""nofollow"">foursquare</a>","Seattle -&gt; San Francisco for the whole week! (@ Seattle-Tacoma International Airport (SEA) w/ 10 others) http://t.co/x8VDrI1v","http://4sq.com/Q0PEZw"
"250079412685512705","","","","","2012-09-24 03:49:12 +0000","<a href=""http://flickr.com/services/twitter/"" rel=""nofollow"">Flickr</a>","8:36pm Bath time pouring experiments http://t.co/VRp7KGeS","http://flic.kr/p/ddy8f2"
"250072634715422720","","","","","2012-09-24 03:22:16 +0000","<a href=""http://twitter.com"" rel=""nofollow"">Twitter for  iPhone</a>","I only have 1929142 points."
"250034800738574336","","","","","2012-09-24 00:51:56 +0000","<a href=""http://instagr.am"" rel=""nofollow"">Instagram</a>","What was your first @instagram photo? I've been doing exclusive Niko photos from the beginning: http://t.co/Enmdy1R6","http://instagr.am/p/Cy6f/"
"250032264124170241","","","","","2012-09-24 00:41:51 +0000","<a href=""http://instagr.am"" rel=""nofollow"">Instagram</a>","Pancaking and driving #donttryathome http://t.co/Lo4PTqd9","http://instagr.am/p/P8DPfMI0Do/"
"250002458011639809","","","","","2012-09-23 22:43:25 +0000","web","""A history and future of formats: mind ? voice ? tablet ? scroll ? book ? scroll ? tablet ? voice ? mind"" - @KeenanCummings /via @msg"
"249976016825618433","","","249972587642380288","219952089","2012-09-23 20:58:21 +0000","<a href=""http://twitter.com"" rel=""nofollow"">Twitter for  iPhone</a>","RT @waxylinks: We Are Legion: The Story of the Hacktivists: full-length documentary on the history of Anonymous and net-based h... http: ..."
"249960484101554176","249958892719730688","14416035","","","2012-09-23 19:56:38 +0000","<a href=""http://twitter.com"" rel=""nofollow"">Twitter for  iPhone</a>","@kgdavis Woah you're right. And I'm an idiot! Thank you."
"249959754250727425","","","","","2012-09-23 19:53:44 +0000","<a href=""http://twitter.com"" rel=""nofollow"">Twitter for  iPhone</a>","I wonder if Spaghetti Factory salads have any nutritional value at all."
"249929481018544128","","","","","2012-09-23 17:53:26 +0000","<a href=""http://twitter.com"" rel=""nofollow"">Twitter for  iPhone</a>","Is there really any advantage to forgetting our mortality for any amount of time? Happy Sunday!"
"249928955304488960","","","","","2012-09-23 17:51:21 +0000","<a href=""http://twitter.com"" rel=""nofollow"">Twitter for  iPhone</a>","I wish I could more completely experience the urgency and beauty of life that @superamit must feel now. Minus the terrible leukemia part."
"249923436141506561","","","","","2012-09-23 17:29:25 +0000","<a href=""http://twitter.com"" rel=""nofollow"">Twitter for  iPhone</a>","One year ago @superamit was diagnosed. I heard from someone at one of our drives that became a match for someone too. http://t.co/pcPa6CHs","http://tumblr.amitgupta.com/post/32074225382/one-year-ago"
"249867580171513857","","","249861921015222272","9549942","2012-09-23 13:47:28 +0000","<a href=""http://twitter.com"" rel=""nofollow"">Twitter for  iPhone</a>","RT @nichcarlson: Remember what Twitter used to look like on your iPhone? This is from 2009. http://t.co/Vd6E8KPj","http://twitter.com/nichcarlson/status/249861921015222272/photo/1"
"249867309433380865","","","249848403826204672","14435477","2012-09-23 13:46:23 +0000","<a href=""http://twitter.com"" rel=""nofollow"">Twitter for  iPhone</a>","RT @dingstweets: Is mindfulness the most important benefit of a #quantifiedself? http://t.co/FLdMRi6n","http://j.mp/QswgrM"
"249724982769373184","249721994831081472","1657191","","","2012-09-23 04:20:50 +0000","<a href=""http://twitter.com"" rel=""nofollow"">Twitter for  iPhone</a>","@matty8r That is certainly true!"
"249721308882034688","249715088209104896","1657191","","","2012-09-23 04:06:14 +0000","<a href=""http://twitter.com"" rel=""nofollow"">Twitter for  iPhone</a>","@matty8r Not sure really. Just self-correct whenever documenting starts to detract from enjoying the moment."
"249713879037399042","","","","","2012-09-23 03:36:42 +0000","<a href=""http://instagr.am"" rel=""nofollow"">Instagram</a>","8:36pm Niko enjoys loitering here as much as I do  @ Apple Store http://t.co/g5XEope7","http://instagr.am/p/P5ygdFo0Le/"
"249678184176553985","","","","","2012-09-23 01:14:52 +0000","<a href=""http://instagr.am"" rel=""nofollow"">Instagram</a>","Trying to teach @nikobenson how to use a camera http://t.co/tQaXEIvZ","http://instagr.am/p/P5iQ2Oo0Mu/"
"249674164296900608","","","","","2012-09-23 00:58:54 +0000","<a href=""http://instagr.am"" rel=""nofollow"">Instagram</a>","Caw caw http://t.co/F4oGhquy","http://instagr.am/p/P5ghjco0Kz/"
"249634087881555968","249615000841371648","60663","","","2012-09-22 22:19:39 +0000","<a href=""http://twitter.com"" rel=""nofollow"">Twitter for  iPhone</a>","@MarinaMartin Depends on the person but plank for a minute, pushups, or just sitting still all classify for me."
"249580559217594368","249214495321370625","1594021","","","2012-09-22 18:46:56 +0000","<a href=""http://tapbots.com/software/tweetbot/mac"" rel=""nofollow"">Tweetbot for Mac</a>","@marcjohns Thanks a lot, Marc! It?s fun to be writing again."
"249572980034793473","","","","","2012-09-22 18:16:49 +0000","<a href=""http://tapbots.com/software/tweetbot/mac"" rel=""nofollow"">Tweetbot for Mac</a>","One habit to rule them all. ?The ?I don?t want to? habit?: http://t.co/Ib6QTs8p","http://wayoftheduck.com/the-i-dont-want-to-habit/"
"249396064610840576","","","","","2012-09-22 06:33:50 +0000","<a href=""http://tapbots.com/software/tweetbot/mac"" rel=""nofollow"">Tweetbot for Mac</a>","Earned most of these badges, plus #deadpool :) MT @danshapiro: It's Startupville! The game I invented with @jheitzeb. http://t.co/avjGWVKA","http://www.geekwire.com/2012/startupville-hot-social-game-play-future/"
"249386371624611841","249383180560392192","309073","","","2012-09-22 05:55:19 +0000","<a href=""http://tapbots.com/software/tweetbot/mac"" rel=""nofollow"">Tweetbot for Mac</a>","@bs See previous tweet, which linked to this: http://t.co/16nhlX9O (and following tweet, for balance)","http://www.theatlantic.com/health/archive/2012/09/study-athletes-perform-better-under-pressure-when-they-make-a-fist-with-their-left-hand/262605/"
"249382681937330176","","","","","2012-09-22 05:40:39 +0000","<a href=""http://tapbots.com/software/tweetbot/mac"" rel=""nofollow"">Tweetbot for Mac</a>","That kind of science is almost too tweetable to be true."
"249382543571423232","","","","","2012-09-22 05:40:06 +0000","<a href=""http://tapbots.com/software/tweetbot/mac"" rel=""nofollow"">Tweetbot for Mac</a>","Shake your left fist in the air when you?re under pressure. It?ll prime the right side of your brain to perform, and prevent over-thinking."
"249381815096340480","","","","","2012-09-22 05:37:12 +0000","<a href=""http://tapbots.com/software/tweetbot/mac"" rel=""nofollow"">Tweetbot for Mac</a>","?According to the researchers, freaking out is primarily associated with the left hemisphere of the brain.? http://t.co/16nhlX9O","http://www.theatlantic.com/health/archive/2012/09/study-athletes-perform-better-under-pressure-when-they-make-a-fist-with-their-left-hand/262605/"
"249381627317329920","249379184273657857","681813","","","2012-09-22 05:36:27 +0000","<a href=""http://tapbots.com/software/tweetbot/mac"" rel=""nofollow"">Tweetbot for Mac</a>","@avantgame @SuperBetter @rosical @JohnWrede That article is awesome."
"249376924961484800","","","","","2012-09-22 05:17:46 +0000","<a href=""http://twitter.com"" rel=""nofollow"">Twitter for  iPhone</a>","Knowing and relating to both sides of the story make it harder to come up with simple angry quips."
"249375352990863360","","","249249411643883520","1175221","2012-09-22 05:11:31 +0000","<a href=""http://twitter.com"" rel=""nofollow"">Twitter for  iPhone</a>","RT @digiphile: ""When can we download all of our tweets?""-@EmilyBell ""Before the end of the year""-@DickC, with a caveat on an engineer's  ..."
"249374569230635008","","","249309623054651392","975731","2012-09-22 05:08:25 +0000","<a href=""http://twitter.com"" rel=""nofollow"">Twitter for  iPhone</a>","RT @CraigSilverman: My story about @emilybell's excellent Q&amp;A with Twitter's CEO at #ONA12: http://t.co/GzsVb3dB","http://silvr.me/OKdUnj"
"249373271219380224","","","","","2012-09-22 05:03:15 +0000","<a href=""http://twitter.com"" rel=""nofollow"">Twitter for  iPhone</a>","Lots of clear answers in here RT @davewiner: MP3 of @dickc interview with @emilybell at #ona12 about APIs &amp; developers. http://t.co/kS2F0ZOc","http://blork.ly/SfTPWu"
"249355061405294593","","","","","2012-09-22 03:50:54 +0000","<a href=""http://instagr.am"" rel=""nofollow"">Instagram</a>","8:36pm Finally understood what this guy was saying under his sobs, thus making him happy again. http://t.co/ZoALemgW","http://instagr.am/p/P3PSMvI0Bs/"
"249315846403526656","","","","","2012-09-22 01:15:04 +0000","<a href=""http://instagr.am"" rel=""nofollow"">Instagram</a>","One way to send me stuff is to mail it to my favorite coffee shop.   @ Bedlam Coffee http://t.co/YvBrj2fa","http://instagr.am/p/P29b8Mo0DS/"
"249266259882033153","249258160244813824","58502284","","","2012-09-21 21:58:02 +0000","<a href=""http://www.tweetdeck.com"" rel=""nofollow"">TweetDeck</a>","@JakeHarding @endform @eismcc Are you doing the Coursera course and/or the Intro to Scala course?"
"249265683257507840","249258338037166080","16644937","","","2012-09-21 21:55:44 +0000","<a href=""http://www.tweetdeck.com"" rel=""nofollow"">TweetDeck</a>","@the_april $299 for the 32GB, instead of $549 or whatever. I'm sure you can talk them into it too!"
"249255729083609088","249245323535458305","25319959","","","2012-09-21 21:16:11 +0000","<a href=""http://www.tweetdeck.com"" rel=""nofollow"">TweetDeck</a>","@kthorjensen I have no idea. Maybe the cost of supporting confused users is higher than the cost of annoying/losing irked ones?"
"249254656063184896","","","","","2012-09-21 21:11:55 +0000","<a href=""http://www.tweetdeck.com"" rel=""nofollow"">TweetDeck</a>","Learning Scala today via http://t.co/DHbalnrX (which is awesome). Not as awesome: Eclipse has already crashed on me 4 times.","http://bit.ly/Sa7xVp"
"249228521237516288","249222813637025792","25319959","","","2012-09-21 19:28:04 +0000","<a href=""http://www.tweetdeck.com"" rel=""nofollow"">TweetDeck</a>","@kthorjensen I don't know what the official answer is. My guess is that it's never been consistently supported across clients =&gt; confusion."
"249204989308854272","249204148057292800","127602015","","","2012-09-21 17:54:34 +0000","<a href=""http://www.tweetdeck.com"" rel=""nofollow"">TweetDeck</a>","@Philip_Morgan It's good logic on their part. We just need to remember to ask more often."
"249204754582994944","","","","","2012-09-21 17:53:38 +0000","<a href=""http://www.tweetdeck.com"" rel=""nofollow"">TweetDeck</a>","While researching my AT&amp;T account, I realized I've also been paying $25/mo in roaming international data for the last 4 years. I'm an idiot."
"249203419737382912","","","","","2012-09-21 17:48:19 +0000","<a href=""http://www.tweetdeck.com"" rel=""nofollow"">TweetDeck</a>","My 2yr-contract with AT&amp;T doesn't end til next May, but I called them and they gave me the cheaper price anyway. That was surprisingly nice."
"249179679146258432","","","249175373852598272","36823","2012-09-21 16:13:59 +0000","<a href=""http://twitter.com"" rel=""nofollow"">Twitter for  iPhone</a>","RT @anildash: Did you know we just got our very own tech industry equivalent of the RIAA? Let's keep it from going to the dark side: htt ..."
"249018465837514752","248952987400146945","26123649","","","2012-09-21 05:33:23 +0000","<a href=""http://twitter.com"" rel=""nofollow"">Twitter for  iPhone</a>","@brianellin My idea of @benward has changed forever. But I'm not sure how."
"248990323374694400","","","","","2012-09-21 03:41:33 +0000","<a href=""http://flickr.com/services/twitter/"" rel=""nofollow"">Flickr</a>","8:36pm Date with @kellianne at Saint Johns! (Pete in background) http://t.co/s0mSlOI3","http://flic.kr/p/dcDzLa"
"248980255619047424","","","","","2012-09-21 03:01:33 +0000","<a href=""http://twitter.com"" rel=""nofollow"">Twitter for  iPhone</a>","Okay! RT @dens: Your homework for tonight:  open @foursquare, tap Explore, search for something using the map  :) #SpreadTheWord"
"248969891040870400","","","","","2012-09-21 02:20:22 +0000","<a href=""http://www.tweetdeck.com"" rel=""nofollow"">TweetDeck</a>","Damn you no auto correct on the web."
"248969184585859072","","","","","2012-09-21 02:17:33 +0000","<a href=""http://www.tweetdeck.com"" rel=""nofollow"">TweetDeck</a>","Nassim N. Taleb on why it's not easy to find a genuine reasearcher: http://t.co/BVX4mhPm","http://on.fb.me/R3TdB8"
"248870615270948865","","","248656769306476546","4711","2012-09-20 19:45:53 +0000","<a href=""http://www.tweetdeck.com"" rel=""nofollow"">TweetDeck</a>","RT @sippey: ""We gave him some food, played a lot of good music, blinked, and now he?s a person."" http://t.co/qKzlxM21","http://thebhj.com/journal/2012/9/11/its-almost-three-football-fields-to-being-a-person.html"
"248865600053592064","","","","","2012-09-20 19:25:57 +0000","<a href=""http://www.tweetdeck.com"" rel=""nofollow"">TweetDeck</a>",".@sippey And reply to it if you want to tattoo it on your lower back."
"248864981007884288","","","","","2012-09-20 19:23:29 +0000","<a href=""http://www.tweetdeck.com"" rel=""nofollow"">TweetDeck</a>","Retweet this tweet if you want to favorite it, and favorite it if you want to retweet it."
"248824370443739136","","","248816690882818048","158498801","2012-09-20 16:42:07 +0000","<a href=""http://twitter.com"" rel=""nofollow"">Twitter for  iPhone</a>","RT @McDNYTriState: Retweet this if you prefer #cheeseburgers. Favorite this if you prefer #hamburgers."
"248823336929464320","","","248815008434225152","419710142","2012-09-20 16:38:01 +0000","<a href=""http://twitter.com"" rel=""nofollow"">Twitter for  iPhone</a>","RT @PandoDaily: 21 Jonah Peretti Quotes That Will Restore Your Faith in Buzzfeed http://t.co/PkCtq0yW","http://pandodaily.com/2012/09/20/21-jonah-peretti-quotes-that-will-restore-your-faith-in-buzzfeed/"
"248628342755049473","","","","","2012-09-20 03:43:10 +0000","<a href=""http://instagr.am"" rel=""nofollow"">Instagram</a>","8:36pm Reading Chicka Chicka Boom Boom before bed http://t.co/GcjAu22N","http://instagr.am/p/PyEwWGo0Ay/"
"248567835616477184","","","248566886168666112","13461","2012-09-19 23:42:44 +0000","<a href=""http://www.tweetdeck.com"" rel=""nofollow"">TweetDeck</a>","RT @waxpancake: So, so good. @sixfoot6's writing debut on The Verge is a love letter to XOXO. http://t.co/NLqhuEsU","http://www.theverge.com/2012/9/19/3359592/xoxo-festival-2012-internet-party-conference"
"248553486478893057","","","","","2012-09-19 22:45:43 +0000","<a href=""http://www.tweetdeck.com"" rel=""nofollow"">TweetDeck</a>","http://t.co/v43YxLRA launched 9 years ago today. Since we're checking? I was user 46. http://t.co/gqFTtoZc /cc @mathowie @waxpancake @case","http://Upcoming.org","http://bit.ly/PUJTjB"
"248496558608371712","","","","","2012-09-19 18:59:31 +0000","web","Does Passbook work for anyone yet? I get an error when I click on the ""app store"" button after the app launches."
"248489474206605313","248489200217907200","87719108","","","2012-09-19 18:31:22 +0000","<a href=""http://www.tweetdeck.com"" rel=""nofollow"">TweetDeck</a>","@greglinden Ooh, what are you launching??"
"248449341189128192","248448273919119360","761628","","","2012-09-19 15:51:53 +0000","<a href=""http://twitter.com"" rel=""nofollow"">Twitter for  iPhone</a>","@RickWebb I'm surprised you haven't been archiving the all on http://t.co/Mm6dxvd9 this whole time.","http://rickwebb.net"
"248446795770912768","248445308768497664","13461","","","2012-09-19 15:41:46 +0000","<a href=""http://twitter.com"" rel=""nofollow"">Twitter for  iPhone</a>","@waxpancake @anildash @gruber It's a terrible hack but I've been using a homescreen bookmark of http://t.co/YmFeplSP for transit directions.","http://maps.google.com"
"248292368380461056","248288259933863936","631823","","","2012-09-19 05:28:08 +0000","<a href=""http://twitter.com"" rel=""nofollow"">Twitter for  iPhone</a>","@couch I'll send you a link in a couple days."
"248286926283628544","","","","","2012-09-19 05:06:30 +0000","<a href=""http://twitter.com"" rel=""nofollow"">Twitter for  iPhone</a>","My script that tells me when people update their Twitter bios was cracking me up today with all the new profile changes. /cc @k"
"248277047921737728","","","","","2012-09-19 04:27:15 +0000","<a href=""http://twitter.com"" rel=""nofollow"">Twitter for  iPhone</a>","We feel invincible because time moves slowly, life is short, and memory is poor."
"248265389593735171","","","","","2012-09-19 03:40:56 +0000","<a href=""http://flickr.com/services/twitter/"" rel=""nofollow"">Flickr</a>","8:36pm My flight is late. Finally boarding. http://t.co/wld89Psn","http://flic.kr/p/dc7648"
"248236422434279425","248234407767457792","2854761","","","2012-09-19 01:45:49 +0000","<a href=""http://twitter.com"" rel=""nofollow"">Twitter for  iPhone</a>","@galenward Well I guess that's fair given that one of the goals was to simplify."
"248233771239878656","248231047802785792","2854761","","","2012-09-19 01:35:17 +0000","<a href=""http://twitter.com"" rel=""nofollow"">Twitter for  iPhone</a>","@galenward I haven't used it much yet (Niko owns ours). Is it worse than before or just still not as good as Tweetbot? (which I also love)"
"248131834892918784","","","248123540895842306","2363571","2012-09-18 18:50:14 +0000","web","RT @ChloeS: Winners of the new Twitter page so far: @magicandrew, @ryanseacrest, @robinsloan. Send me your favorites. #OnlyOnTwitter #bo ..."
"248064818316181504","","","245998930809208832","7144422","2012-09-18 14:23:56 +0000","<a href=""http://twitter.com"" rel=""nofollow"">Twitter for  iPhone</a>","RT @lifehacker: The @brainpicker herself, Maria Popova, chatted with us about her fave apps, gadgets, tunes, and more. Check it out! htt ..."
"248063872722956289","","","","","2012-09-18 14:20:10 +0000","<a href=""http://twitter.com"" rel=""nofollow"">Twitter for  iPhone</a>","New Twitter things are out! Go get 'em."
"247924125551706115","247922760137973761","14409856","","","2012-09-18 05:04:52 +0000","web","@iano Same goes for me and my anxieties."
"247922516532805632","247920276178886656","14409856","","","2012-09-18 04:58:28 +0000","web","@iano Yeah, I need to find the door to your T universe."
"247913272425193473","247912787358130176","7305822","","","2012-09-18 04:21:44 +0000","<a href=""http://www.tweetdeck.com"" rel=""nofollow"">TweetDeck</a>","@brianball Ha, yeah, that was a mistake. Those reminders shouldn't have gone out to people who ran out of their trials. Sorry about that."
"247907294900256769","247905594902716416","16366882","","","2012-09-18 03:57:59 +0000","<a href=""http://www.tweetdeck.com"" rel=""nofollow"">TweetDeck</a>","@octavekitten Even I felt naustalgic watching that."
"247904749737885696","247904372875460608","16366882","","","2012-09-18 03:47:52 +0000","<a href=""http://www.tweetdeck.com"" rel=""nofollow"">TweetDeck</a>","@octavekitten Shoot, I should've requested that room. And 2008!"
"247903937921961984","","","","","2012-09-18 03:44:39 +0000","<a href=""http://instagr.am"" rel=""nofollow"">Instagram</a>","8:36pm Working from bed, listening to new Animal Collective  @ Clift Hotel http://t.co/LLWqeGJR","http://instagr.am/p/Ps7c0Wo0CV/"
"247881216852897792","","","","","2012-09-18 02:14:22 +0000","<a href=""http://twitter.com"" rel=""nofollow"">Twitter for  iPhone</a>","""What Vulnerability Looks Like to Psychopaths, Monks and the Rest of Us"" http://t.co/7UYJMBUR /by @KareAnderson /via @ellenfeaheny","http://onforb.es/PaILX6"
"247876334120996864","247871946098892800","16407047","","","2012-09-18 01:54:58 +0000","<a href=""http://twitter.com"" rel=""nofollow"">Twitter for  iPhone</a>","@girlonfoot Just read the NYT book review for it. Sounds amazing! Thanks for the tip off. /cc @legroff"
"247870323582701569","","","","","2012-09-18 01:31:05 +0000","<a href=""http://twitter.com"" rel=""nofollow"">Twitter for  iPhone</a>","I forget -- how long is a meme allowed to be funny again? 1 day or 2?"
"247788343335735297","247757000023355393","14984379","","","2012-09-17 20:05:19 +0000","web","@tastiertomato Ooh, yeah! I'm here tonight if you are free. Staying at the Clift."
"247724251426217984","","","","","2012-09-17 15:50:38 +0000","<a href=""http://www.apple.com"" rel=""nofollow"">Safari on iOS</a>","""Tweet fearlessly"" http://t.co/kaZw2A2g","http://wayoftheduck.com/tweet-fearlessly"
"247666055886032896","","","","","2012-09-17 11:59:23 +0000","<a href=""http://foursquare.com"" rel=""nofollow"">foursquare</a>","Working from SF today and tomorrow. (@ Seattle-Tacoma International Airport (SEA) w/ 20 others) http://t.co/CcKs6uaA","http://4sq.com/Stg6en"
"247665181260382209","","","","","2012-09-17 11:55:55 +0000","<a href=""http://twitter.com"" rel=""nofollow"">Twitter for  iPhone</a>","Ooh new Fitbits! RT @TechCrunch: Hands-On With The @Fitbit Zip http://t.co/bq0L9FdT","http://tcrn.ch/OSDdPZ"
"247540061590155265","","","","","2012-09-17 03:38:44 +0000","<a href=""http://instagr.am"" rel=""nofollow"">Instagram</a>","8:36pm Replaying scenes from The Little Engine That Could in toy trains http://t.co/XtaIZrRq","http://instagr.am/p/PqV8W5o0GX/"
"247413088041705472","","","246730126983835648","4816","2012-09-16 19:14:11 +0000","<a href=""http://twitter.com"" rel=""nofollow"">Twitter for  iPhone</a>","RT @EFF: NY judge forces @Twitter to hand over #OWS user info under threat of fine; records sealed until 9/21 hearing https://t.co/RgVbiOEn","https://eff.org/r.a6kU"
"247399337259315200","","","247392424836624385","6854","2012-09-16 18:19:33 +0000","<a href=""http://twitter.com"" rel=""nofollow"">Twitter for  iPhone</a>","RT @scottandrew: Dan Harmon: ""Once you know how the system works, you lose the ability to change it."" #xoxofest"
"247182988054519808","","","","","2012-09-16 03:59:51 +0000","<a href=""http://instagr.am"" rel=""nofollow"">Instagram</a>","8:36pm Niko's convinced that the drain is a nose, taking boogers away #makesnosense http://t.co/sRWGZPct","http://instagr.am/p/Pnzj9_o0MZ/"
"247097557933764609","247091374200082432","36823","","","2012-09-15 22:20:23 +0000","<a href=""http://twitter.com"" rel=""nofollow"">Twitter for  iPhone</a>","@anildash Thank you! I also expect coverage of every interesting conversation in the hallways &amp; serenditipitous meeting of brilliant minds."
"247095271224389632","246898999716626432","17532947","","","2012-09-15 22:11:18 +0000","<a href=""http://twitter.com"" rel=""nofollow"">Twitter for  iPhone</a>","@jgschoolmeester Thank you! I pull them in with their API."
"247019738239229952","","","","","2012-09-15 17:11:09 +0000","<a href=""http://instagr.am"" rel=""nofollow"">Instagram</a>","Niko puts his pants on one leg at a time http://t.co/4qnf5fMs","http://instagr.am/p/PmpZnkI0EW/"
"247014165863075842","","","","","2012-09-15 16:49:01 +0000","<a href=""http://instagr.am"" rel=""nofollow"">Instagram</a>","Niko and Vivienne http://t.co/WB2a045A","http://instagr.am/p/Pmm2a_I0Bx/"
"246988089233375232","","","","","2012-09-15 15:05:23 +0000","<a href=""http://instagr.am"" rel=""nofollow"">Instagram</a>","Closet kitchen at Ben and Nicole's Ballard house/campsite http://t.co/b66tExWe","http://instagr.am/p/Pma8Aio0HZ/"
"246815875909423104","","","","","2012-09-15 03:41:05 +0000","<a href=""http://flickr.com/services/twitter/"" rel=""nofollow"">Flickr</a>","8:36pm Camping in Ballard mean double jamming and cardamom milk. http://t.co/nR9o2T2E","http://flic.kr/p/daPb9A"
"246787963030212608","","","","","2012-09-15 01:50:10 +0000","<a href=""http://instagr.am"" rel=""nofollow"">Instagram</a>","Camping in Ballard http://t.co/5dD0pUcA","http://instagr.am/p/PlAAJQI0Bt/"
"246759008931807232","","","","","2012-09-14 23:55:06 +0000","<a href=""http://bufferapp.com"" rel=""nofollow"">Buffer</a>","Not resting. Not doing. Then what? http://t.co/f5qEv2GF","http://bit.ly/SlWtVm"
"246682658812350465","246681218291216384","197962366","","","2012-09-14 18:51:43 +0000","<a href=""http://www.tweetdeck.com"" rel=""nofollow"">TweetDeck</a>","@bufferapp Thank you!"
"246643846245646337","246595181271478272","197962366","","","2012-09-14 16:17:30 +0000","<a href=""http://twitter.com"" rel=""nofollow"">Twitter for  iPhone</a>","@bufferapp My buff'd tweets always seem to go out at 1:30am, even though the app schedules them for 8:30pm. Do I have a time zone problem?"
"246641726662537216","","","","","2012-09-14 16:09:04 +0000","<a href=""http://twitter.com"" rel=""nofollow"">Twitter for  iPhone</a>","I like it! Directions, actions, and appetites! RT @Maggie: An easy system for organizing your goals: http://t.co/N2NS10qG","http://bit.ly/U9cJKU"
"246634205184946176","246632547214311424","804808","","","2012-09-14 15:39:11 +0000","<a href=""http://twitter.com"" rel=""nofollow"">Twitter for  iPhone</a>","@daryn Haha! What a varied career I've had!"
"246516409935462400","","","","","2012-09-14 07:51:06 +0000","<a href=""http://bufferapp.com"" rel=""nofollow"">Buffer</a>","The illusion of habit change is that we've all changed a habit or two at some point with little effort. Replicating it is the problem."
"246454658481156098","","","","","2012-09-14 03:45:44 +0000","<a href=""http://instagr.am"" rel=""nofollow"">Instagram</a>","8:36pm On a date at Maneki. @kellianne's first time!  @ Maneki http://t.co/TuvJev5l","http://instagr.am/p/PioY9ao0LJ/"
"246379856105979904","246370012804288512","15441990","","","2012-09-13 22:48:29 +0000","<a href=""http://tapbots.com/software/tweetbot/mac"" rel=""nofollow"">Tweetbot for Mac</a>","@chrisdary I?ll take it! :) Still? jealous."
"246369462079594496","246367988494770177","15441990","","","2012-09-13 22:07:11 +0000","web","@chrisdary Unfortunately, I'm not going to the latter... just wishing I was. Timing and work conflicted. But have fun for me!"
"246361744820273153","246360119686885376","491994799","","","2012-09-13 21:36:32 +0000","<a href=""http://tapbots.com/software/tweetbot/mac"" rel=""nofollow"">Tweetbot for Mac</a>","@IrisMKH Sure. Will this one work for you? http://t.co/8kLZ0zHB","http://twitter.com/busterbenson/status/246361744820273153/photo/1"
"246329251069034496","246323830816133120","761975","","","2012-09-13 19:27:24 +0000","<a href=""http://tapbots.com/software/tweetbot/mac"" rel=""nofollow"">Tweetbot for Mac</a>","@mathowie I know. :( I blame babies and 24-hour days. I?ll definitely be better positioned to go next year, if it happens again."
"246323658933538816","246316403907522560","47","","","2012-09-13 19:05:11 +0000","web","@kellan I missed a bunch, but how is Lightning planned obsolescence? Think they'll switch again soon? Or should've gone with micro USB?"
"246321734876286976","246320023063384065","875511","","","2012-09-13 18:57:32 +0000","<a href=""http://tapbots.com/software/tweetbot/mac"" rel=""nofollow"">Tweetbot for Mac</a>","@aprilini ?Baffling one baby at a time.? PS. I love your Twitter bio."
"246321394630135808","","","","","2012-09-13 18:56:11 +0000","<a href=""http://tapbots.com/software/tweetbot/mac"" rel=""nofollow"">Tweetbot for Mac</a>","This @xoxo attendee list is like a Who?s Who of making the interweb awesome: https://t.co/S1UR8m36","https://twitter.com/bump/xoxo/members"
"246315882115125248","246304058221146112","16644937","","","2012-09-13 18:34:17 +0000","<a href=""http://tapbots.com/software/tweetbot/mac"" rel=""nofollow"">Tweetbot for Mac</a>","@the_april o_O"
"246296288579162114","","","","","2012-09-13 17:16:25 +0000","<a href=""http://twitter.com"" rel=""nofollow"">Twitter for  iPhone</a>","I like giving babies the bug eye when their parents aren't looking. It's your word against mine, baby."
"246293943908708353","","","","","2012-09-13 17:07:06 +0000","<a href=""http://twitter.com"" rel=""nofollow"">Twitter for  iPhone</a>","Do you think that by the time we all go senile we'll have enough apps that nobody will be able to tell? #senilearity"
"246270629702152193","246259072482021376","760181","","","2012-09-13 15:34:28 +0000","<a href=""http://twitter.com"" rel=""nofollow"">Twitter for  iPhone</a>","@jthomas Why do you like Strava more that RunKeeper?"
"246269418236174336","","","","","2012-09-13 15:29:39 +0000","<a href=""http://twitter.com"" rel=""nofollow"">Twitter for  iPhone</a>","I really wish I was going to @xoxo this weekend. Someone hi-5 everyone for me please."
"246268553660100610","","","","","2012-09-13 15:26:13 +0000","<a href=""http://www.apple.com"" rel=""nofollow"">Safari on iOS</a>","I wish Sam Harris and the Dalai Lama had a podcast together.  http://t.co/ymzn15s5","http://m.io9.com/5942616/dalai-lama-tells-his-facebook-friends-that-religion-is-no-longer-adequate"
"246094407168835585","","","","","2012-09-13 03:54:13 +0000","<a href=""http://flickr.com/services/twitter/"" rel=""nofollow"">Flickr</a>","8:36pm Was reading Cat in the Hat but didn't want to interrupt for 8:36pm http://t.co/5aGTdmmo","http://flic.kr/p/daiwkf"
"246082907884638208","","","","","2012-09-13 03:08:31 +0000","<a href=""http://twitter.com"" rel=""nofollow"">Twitter for  iPhone</a>","True. RT @gapingvoid: Apple. I didn't need more skinny. I needed more battery."
"246056663298232320","246056157683257344","15310552","","","2012-09-13 01:24:14 +0000","<a href=""http://twitter.com"" rel=""nofollow"">Twitter for  iPhone</a>","@singy Awesome! I'll check it out."
"246054437611765760","","","","","2012-09-13 01:15:24 +0000","<a href=""http://twitter.com"" rel=""nofollow"">Twitter for  iPhone</a>","Is there an app that let's you say how far you want to run and it gives you a nice route to take from whatever starting point?"
"246053941366906881","","","","","2012-09-13 01:13:25 +0000","<a href=""http://twitter.com"" rel=""nofollow"">Twitter for  iPhone</a>","I wish buses used @Square."
"246046146865270784","246045931324186624","761628","","","2012-09-13 00:42:27 +0000","<a href=""http://tapbots.com/software/tweetbot/mac"" rel=""nofollow"">Tweetbot for Mac</a>","@RickWebb I generally need to hear that like 10 times a day on a good day."
"246045593607237634","246017426590953472","761628","","","2012-09-13 00:40:15 +0000","web","@RickWebb Can we gauge our current emotional state by determining if ""it's all gonna be okay"" or ""it's gonna be awesome"" resonates more?"
"246040926441578496","","","","","2012-09-13 00:21:42 +0000","<a href=""http://tapbots.com/software/tweetbot/mac"" rel=""nofollow"">Tweetbot for Mac</a>","Woah. A new movie by Zombieland writers about a failed robot revolution where they train humans as pets? YES! http://t.co/aki6WL9h","http://io9.com/5942797/the-zombieland-writers-next-movie-follows-a-failed-robot-revolution"
"246039101835468800","246033849887379457","8710082","","","2012-09-13 00:14:27 +0000","<a href=""http://tapbots.com/software/tweetbot/mac"" rel=""nofollow"">Tweetbot for Mac</a>","@matthickey Not necessarily if you consider that I choose to pursue a job at Twitter over Facebook."
"246033653220638720","246033585075802112","8710082","","","2012-09-12 23:52:48 +0000","<a href=""http://tapbots.com/software/tweetbot/mac"" rel=""nofollow"">Tweetbot for Mac</a>","@matthickey Nope. :)"
"246028805762854912","246028111433576448","15019184","","","2012-09-12 23:33:32 +0000","<a href=""http://tapbots.com/software/tweetbot/mac"" rel=""nofollow"">Tweetbot for Mac</a>","@heyamberrae I would REALLY love to, but I can?t commit to it quite yet? that?s going to be a crazy month for me with moving."
"246027329778896896","246026640872837120","15019184","","","2012-09-12 23:27:41 +0000","<a href=""http://tapbots.com/software/tweetbot/mac"" rel=""nofollow"">Tweetbot for Mac</a>","@heyamberrae I strongly vouch for the awesomeness of @nickcrocker."
"246018768805974016","246016617585209344","14409856","","","2012-09-12 22:53:39 +0000","<a href=""http://tapbots.com/software/tweetbot/mac"" rel=""nofollow"">Tweetbot for Mac</a>","@iano My son?s Twitter account is older than he is. /cc @nikobenson"
"246015795405148163","246015093102505984","169213944","","","2012-09-12 22:41:51 +0000","web","@jschauma That would be awesome. Let me know if you do it!"
"246012488410357760","246012294646079488","14803483","","","2012-09-12 22:28:42 +0000","<a href=""http://tapbots.com/software/tweetbot/mac"" rel=""nofollow"">Tweetbot for Mac</a>","@evanjacobs I wish for many things that I don?t have the time to actually build. :)"
"246012235250561025","246011936767082497","8605402","","","2012-09-12 22:27:42 +0000","<a href=""http://tapbots.com/software/tweetbot/mac"" rel=""nofollow"">Tweetbot for Mac</a>","@nefarious_vix Yes, even if it ran off a cliff."
"246012139729461248","246011668721704960","13166","","","2012-09-12 22:27:19 +0000","<a href=""http://tapbots.com/software/tweetbot/mac"" rel=""nofollow"">Tweetbot for Mac</a>",".@shinypb Ha. I mean, replies and such to the tweet from people I don?t follow would show up in my timeline."
"246011516955025408","","","","","2012-09-12 22:24:50 +0000","<a href=""http://tapbots.com/software/tweetbot/mac"" rel=""nofollow"">Tweetbot for Mac</a>","I wish I could follow a tweet."
"245917145165344768","245916972511023104","780991","","","2012-09-12 16:09:50 +0000","<a href=""http://tapbots.com/software/tweetbot/mac"" rel=""nofollow"">Tweetbot for Mac</a>","@amyjokim 2-bedroom? ideally with a yard of some sort (small is okay). Thanks!"
"245916288206118912","245725798055686146","780991","","","2012-09-12 16:06:26 +0000","<a href=""http://tapbots.com/software/tweetbot/mac"" rel=""nofollow"">Tweetbot for Mac</a>","@amyjokim Not moving til early 2013, but waiting for the perfect place to pop up on Craigslist."
"245908170487234561","","","245907415076315136","666073","2012-09-12 15:34:11 +0000","<a href=""http://twitter.com"" rel=""nofollow"">Twitter for  iPhone</a>","RT @trammell: Free idea: Automatically send me the newest version of [Apple device I own] &amp; a box w/ prepaid postage for donating th ..."
"245753756661202944","","","","","2012-09-12 05:20:36 +0000","<a href=""http://flickr.com/services/twitter/"" rel=""nofollow"">Flickr</a>","8:36pm Was reading Mockingjay on my full 9/11 flight home. http://t.co/rK0cCqqL","http://flic.kr/p/da45L8"
"245721855779037184","245719987497603072","780991","","","2012-09-12 03:13:50 +0000","<a href=""http://twitter.com"" rel=""nofollow"">Twitter for  iPhone</a>","@amyjokim Yes in spirit... chocolate has gotten a lot better since then."
"245718717927944193","","","","","2012-09-12 03:01:22 +0000","<a href=""http://twitter.com"" rel=""nofollow"">Twitter for  iPhone</a>","My father used to bring me a Toblerone whenever he came home from a business trip. #airportgiftsftw"
"245702250318663682","","","","","2012-09-12 01:55:56 +0000","<a href=""http://instagr.am"" rel=""nofollow"">Instagram</a>","I love living in the future.   @ San Francisco International Airport (SFO) http://t.co/UBYch3in","http://instagr.am/p/PdSRySo0Ac/"
"245689995208302592","","","","","2012-09-12 01:07:14 +0000","<a href=""http://twitter.com"" rel=""nofollow"">Twitter for  iPhone</a>","I agree with the last paragraph. RT @daringfireball: ? Amazon?s Play: http://t.co/bV0jMPmO","http://df4.us/ka8"
"245687559999602688","245640331868135424","587811802","","","2012-09-12 00:57:33 +0000","<a href=""http://twitter.com"" rel=""nofollow"">Twitter for  iPhone</a>","@sunriseapp From what I remember it linked to google maps from my flight and approximated time to check in at my hotel. Is that right?"
"245687274602389505","","","245685231284269056","15668664","2012-09-12 00:56:25 +0000","<a href=""http://twitter.com"" rel=""nofollow"">Twitter for  iPhone</a>","RT @samstokes: A Turing-complete game of Magic: The Gathering.  Douglas Adams was right: we *are* just parts of a computer program. http ..."
"245626406812397569","","","","","2012-09-11 20:54:33 +0000","<a href=""http://tapbots.com/software/tweetbot/mac"" rel=""nofollow"">Tweetbot for Mac</a>","Twitter and Etsy have a new engineer exchange program. That?s pretty awesome. Well done @raffi and @marcprecipice! http://t.co/OcXn3D8O","http://codeascraft.etsy.com/2012/09/10/the-engineer-exchange-program/"
"245619280404684800","","","245596488175087616","652193","2012-09-11 20:26:14 +0000","<a href=""http://tapbots.com/software/tweetbot/mac"" rel=""nofollow"">Tweetbot for Mac</a>","RT @parislemon: Breaking: Competitor does not think competitor should have done what competitor did."
"245609507428892674","245600398881214464","6722","","","2012-09-11 19:47:24 +0000","<a href=""http://tapbots.com/software/tweetbot/mac"" rel=""nofollow"">Tweetbot for Mac</a>","@MetaGrrrl That?s an awesome idea. Maybe when specifying directions you can say how much time you have to meander."
"245569221285789696","","","","","2012-09-11 17:07:19 +0000","<a href=""http://tapbots.com/software/tweetbot/mac"" rel=""nofollow"">Tweetbot for Mac</a>","?I can?t put Twitter or the little blue bird in jail, so the only way to punish is monetarily,? Sciarrino said. -- http://t.co/ooH1M9G1","http://www.bloomberg.com/news/2012-09-11/twitter-told-to-produce-protestor-s-posts-or-face-fine.html"
"245537161879904257","","","","","2012-09-11 14:59:55 +0000","<a href=""http://twitter.com"" rel=""nofollow"">Twitter for  iPhone</a>","Amazingly detailed story of Cosmo the God, by @mat http://t.co/ICLfZosh","http://www.wired.com/gadgetlab/2012/09/cosmo-the-god-who-fell-to-earth/all/"
"245412714812432385","245410866281988096","14110325","","","2012-09-11 06:45:25 +0000","<a href=""http://twitter.com"" rel=""nofollow"">Twitter for  iPhone</a>","@jayholler Or maybe just at the best times?"
"245412578149425152","245411063598825472","15486015","","","2012-09-11 06:44:52 +0000","<a href=""http://twitter.com"" rel=""nofollow"">Twitter for  iPhone</a>","@ScottieYahtzee You win!"
"245412533400371200","245411269820157952","13134132","","","2012-09-11 06:44:42 +0000","<a href=""http://twitter.com"" rel=""nofollow"">Twitter for  iPhone</a>","@bahoo So close. It was mashed potato mittens."
"245412283684118528","245411776320135168","7943892","","","2012-09-11 06:43:42 +0000","<a href=""http://twitter.com"" rel=""nofollow"">Twitter for  iPhone</a>","@ingopixel You win!"
"245412232660389888","","","","","2012-09-11 06:43:30 +0000","<a href=""http://flickr.com/services/twitter/"" rel=""nofollow"">Flickr</a>","8:36pm Meeting @johnwrede and @rosical, two new kindred spirits! Thanks for fun, drinks, and dinner! http://t.co/aWXPKips","http://flic.kr/p/d9Lyi1"
"245410654440271872","245410226633859072","14110325","","","2012-09-11 06:37:14 +0000","<a href=""http://twitter.com"" rel=""nofollow"">Twitter for  iPhone</a>","@jayholler You win!"
"245408523872239616","","","","","2012-09-11 06:28:46 +0000","<a href=""http://twitter.com"" rel=""nofollow"">Twitter for  iPhone</a>","What is the secret phrase?"
"245346191515189248","","","","","2012-09-11 02:21:05 +0000","<a href=""http://twitter.com"" rel=""nofollow"">Twitter for  iPhone</a>","New interview question: what's the average amount of Del Taco that we eat per day?"
"245345634796834817","245343644259860480","6726182","","","2012-09-11 02:18:52 +0000","<a href=""http://twitter.com"" rel=""nofollow"">Twitter for  iPhone</a>","@TheCulprit Yeah, and maybe a wedgie if you get really lost."
"245345346190979073","","","","","2012-09-11 02:17:43 +0000","<a href=""http://foursquare.com"" rel=""nofollow"">foursquare</a>","Meeting some @SuperBetter...ers. (@ Local Edition w/ 12 others) http://t.co/8deDRe3e","http://4sq.com/PkCqtK"
"245340121883357184","","","","","2012-09-11 01:56:57 +0000","<a href=""http://twitter.com"" rel=""nofollow"">Twitter for  iPhone</a>","Idea: a map+directions app for walking that you kept in your pocket and it would buzz once when you need to turn right and twice for left."
"245334926814244864","245332026734039041","34383091","","","2012-09-11 01:36:19 +0000","web","@cjlikearockstar @JimmyJameson Yeah! I'm in SF until tomorrow night... wanna come over on Fri night for fire pit times / hot robot and wine?"
"245328757009817600","","","","","2012-09-11 01:11:48 +0000","<a href=""http://tapbots.com/software/tweetbot/mac"" rel=""nofollow"">Tweetbot for Mac</a>","?The 1st priority is having priorities. The 2nd is removing distractions. The 3rd is entering a state of flow.? http://t.co/Ehkotdmd","http://francispedraza.com/airplane-mode"
"245223108607344640","","","","","2012-09-10 18:11:59 +0000","<a href=""http://tapbots.com/software/tweetbot/mac"" rel=""nofollow"">Tweetbot for Mac</a>","More great thoughts and great writing from @aaronsw: ?Confront reality.? http://t.co/DdNNaWd5","http://www.aaronsw.com/weblog/anders"
"245208972360036352","245208788569825280","6727082","","","2012-09-10 17:15:49 +0000","<a href=""http://tapbots.com/software/tweetbot/mac"" rel=""nofollow"">Tweetbot for Mac</a>","@tehgeekmeister I?m traveling back and forth until I move here in a few months."
"245208496876965889","","","","","2012-09-10 17:13:56 +0000","<a href=""http://tapbots.com/software/tweetbot/mac"" rel=""nofollow"">Tweetbot for Mac</a>","After about a week, I?m pretty impressed with https://t.co/o273ySDe. They auto-included timing and travel directions from SFO to my hotel.","https://www.sunrise.im/"
"245198352193560576","","","","","2012-09-10 16:33:37 +0000","<a href=""http://twitter.com"" rel=""nofollow"">Twitter for  iPhone</a>","I feel like HD Theroux whenever I pretend I'm not reading my Kindle on takeoff/landing. Except he'd probably still be reading paper books."
"245144202604843008","","","","","2012-09-10 12:58:27 +0000","<a href=""http://twitter.com"" rel=""nofollow"">Twitter for  iPhone</a>","Remember this secret phrase until later today: ""pineapple pants""."
"245003654233485312","","","","","2012-09-10 03:39:57 +0000","<a href=""http://flickr.com/services/twitter/"" rel=""nofollow"">Flickr</a>","8:36pm He's been patiently waiting all day for @kellianne to come home http://t.co/agpgNgPL","http://flic.kr/p/d98fkG"
"244640709855027201","","","","","2012-09-09 03:37:45 +0000","<a href=""http://instagr.am"" rel=""nofollow"">Instagram</a>","8:36pm Eating corn in the bath tub.  http://t.co/9Nb6FG4F","http://instagr.am/p/PVvilwo0FV/"
"244618694066573312","","","","","2012-09-09 02:10:16 +0000","<a href=""http://instagr.am"" rel=""nofollow"">Instagram</a>","In the vortex with Tavster and Viv.  http://t.co/c1LKGWT1","http://instagr.am/p/PVlZVgI0MA/"
"244586506742796288","","","","","2012-09-09 00:02:22 +0000","<a href=""http://instagr.am"" rel=""nofollow"">Instagram</a>","Party time.  http://t.co/9TMaZZUl","http://instagr.am/p/PVW3P2I0OB/"
"244501792317124608","","","","","2012-09-08 18:25:44 +0000","<a href=""http://instagr.am"" rel=""nofollow"">Instagram</a>","Niko perched on windowsill with cookie  @ Katy's Corner Cafe http://t.co/qlomNtsG","http://instagr.am/p/PUwU2go0I7/"
"244287683155853312","","","","","2012-09-08 04:14:56 +0000","<a href=""http://flickr.com/services/twitter/"" rel=""nofollow"">Flickr</a>","8:36pm Looking for a good romantic comedy. Any suggestions? http://t.co/HfAcCPMV","http://flic.kr/p/d7P2yU"
"243965983943974912","","","","","2012-09-07 06:56:37 +0000","<a href=""http://twitter.com"" rel=""nofollow"">Twitter for  iPhone</a>","I should be given a ticket or demerit of some sort for singing Nirvava and Nine Inch Nails at karaoke while sitting down."
"243927619127619584","","","","","2012-09-07 04:24:11 +0000","<a href=""http://flickr.com/services/twitter/"" rel=""nofollow"">Flickr</a>","8:36pm Was fighting. Hopefully the worst is over now. http://t.co/2zSIunhN","http://flic.kr/p/d7itkE"
"243910380395585536","","","243910024282374144","222953824","2012-09-07 03:15:40 +0000","<a href=""http://tapbots.com/software/tweetbot/mac"" rel=""nofollow"">Tweetbot for Mac</a>","RT @gov: A new record political moment on Twitter: @barackobama drives 52,757 Tweets per minute. Over 9 million Tweets sent about #DNC2012."
"243840081960525824","","","","","2012-09-06 22:36:20 +0000","<a href=""http://foursquare.com"" rel=""nofollow"">foursquare</a>","Excited to be working again in my old hood. (@ Bedlam Coffee) http://t.co/KLmW31Q2","http://4sq.com/QhetQ2"
"243786622053793792","243785552304951296","8285392","","","2012-09-06 19:03:54 +0000","<a href=""http://twitter.com"" rel=""nofollow"">Twitter for  iPhone</a>","@raffi Yes you should! I'm in SF Mon+Tue and here in Seattle rest of week for the next month or so."
"243785913006702594","243784980046704640","13166","","","2012-09-06 19:01:05 +0000","<a href=""http://twitter.com"" rel=""nofollow"">Twitter for  iPhone</a>","@shinypb Yup! It's still pretty small."
"243784766984433664","","","","","2012-09-06 18:56:32 +0000","<a href=""http://foursquare.com"" rel=""nofollow"">foursquare</a>","First day at the Seattle office! You can see my loft from here. (@ Twitter Seattle HQ) [pic]: http://t.co/jpIEfetJ","http://4sq.com/RGVClT"
"243736016626778113","","","","","2012-09-06 15:42:49 +0000","<a href=""http://twitter.com"" rel=""nofollow"">Twitter for  iPhone</a>","Will Amazon announce a phone today?"
"243599919875751936","243587409286164480","14047537","","","2012-09-06 06:42:01 +0000","<a href=""http://twitter.com"" rel=""nofollow"">Twitter for  iPhone</a>","@allisonx If so, I would be a member of said group. Though, airplane tv often makes me consider tv-reobtainment."
"243599367532060672","243598556638892032","14346209","","","2012-09-06 06:39:49 +0000","<a href=""http://twitter.com"" rel=""nofollow"">Twitter for  iPhone</a>","@sean Good to know. Rockridge is top of our list, though haven't actually visited yet. Tokyo: awesome! I have family about an hour north."
"243598305597222912","243595948322861057","9938952","","","2012-09-06 06:35:36 +0000","<a href=""http://twitter.com"" rel=""nofollow"">Twitter for  iPhone</a>","@mdbraber Thanks! Yeah, loving it here so far..."
"243598172830711808","243582918956552192","18297300","","","2012-09-06 06:35:04 +0000","<a href=""http://twitter.com"" rel=""nofollow"">Twitter for  iPhone</a>","@tylepard Thank you! You too! We came by on Saturday. Where did you go this time?"
"243597830936219649","243591890518282240","14346209","","","2012-09-06 06:33:43 +0000","<a href=""http://twitter.com"" rel=""nofollow"">Twitter for  iPhone</a>","@sean Yeah I quite like it, now that it's here. Always on time. Did you move for Twitter too? How's Oakland? We're considering it too."
"243582625355292672","","","","","2012-09-06 05:33:18 +0000","<a href=""http://flickr.com/services/twitter/"" rel=""nofollow"">Flickr</a>","8:36pm Taking the light rail home after watching Bill Clinton's awesome speech on the flight home http://t.co/zjpdkia1","http://flic.kr/p/d6Mvdh"
"243534101011906560","243532140011208704","9161482","","","2012-09-06 02:20:28 +0000","<a href=""http://twitter.com"" rel=""nofollow"">Twitter for  iPhone</a>","@tannerc I'm happy to be here too. Gonna keep writing and thinking about habits as well."
"243531019406426112","243528417356677120","9161482","","","2012-09-06 02:08:14 +0000","<a href=""http://twitter.com"" rel=""nofollow"">Twitter for  iPhone</a>","@tannerc Thanks! Working on what you see when you expand a tweet. And on the team that also just launched embedded timelines. And more!"
"243490367033458689","243482268574830592","8710082","","","2012-09-05 23:26:41 +0000","web","@matthickey @gaberivera I'm in the office for another hour or so... who do you want me to punch exactly?"
"243409458238210048","243387093185867776","14047537","","","2012-09-05 18:05:11 +0000","web","@allisonx @the_april Now that I work here I suppose it's part of my civic duty. But if it's an excuse to get a drink, I'll take it!"
"243395076892532737","","","243392663452266496","657693","2012-09-05 17:08:03 +0000","<a href=""http://tapbots.com/software/tweetbot/mac"" rel=""nofollow"">Tweetbot for Mac</a>","RT @froginthevalley: Post your questions about Twitter embedded timelines at http://t.co/NOTmXEqf I will be monitoring this pretty closely.","http://bit.ly/RLEIyr"
"243390216918949889","243390049448775680","25930069","","","2012-09-05 16:48:44 +0000","<a href=""http://tapbots.com/software/tweetbot/mac"" rel=""nofollow"">Tweetbot for Mac</a>","@ximyu Oops, you?re right.  :)"
"243383480757653504","","","","","2012-09-05 16:21:58 +0000","<a href=""http://www.tumblr.com/"" rel=""nofollow"">Tumblr</a>","Testing embedded tweets -  http://t.co/ERca2g7a","http://tmblr.co/ZQJvaySq1CaE"
"243381212364828672","","","","","2012-09-05 16:12:57 +0000","<a href=""http://tapbots.com/software/tweetbot/mac"" rel=""nofollow"">Tweetbot for Mac</a>","Currently witnessing my first launch by my new team at @twitter! You can now embed timelines in a more awesome way: http://t.co/r1t87jmL","http://blog.twitter.com/2012/09/more-tweets-across-web.html"
"243367343198203906","243366510729515008","14047537","","","2012-09-05 15:17:50 +0000","web","@allisonx Is this what you're looking for? https://t.co/K5962QgY (it's linked from the side bar of your profile page)","https://twitter.com/allisonx/favorites"
"243349786248503296","","","243333257947672576","10876852","2012-09-05 14:08:04 +0000","<a href=""http://twitter.com"" rel=""nofollow"">Twitter for  iPhone</a>","RT @TheNextWeb: Foursquare designer launches Sunrise, the new must-have daily email http://t.co/f2CNz3qt by @CBM","http://tnw.to/e4Lb"
"243347456413298688","243230887414747136","14936359","","","2012-09-05 13:58:49 +0000","<a href=""http://twitter.com"" rel=""nofollow"">Twitter for  iPhone</a>","@stephdub So true."
"243254924392165376","","","","","2012-09-05 07:51:08 +0000","<a href=""http://bufferapp.com"" rel=""nofollow"">Buffer</a>","What do you wish you knew about behavior change, Twitter, or the universe? I'll research for you and give you my best answer."
"243195975106170881","","","243184479299051521","222953824","2012-09-05 03:56:53 +0000","web","RT @gov: The end @MichelleObama's speech drove a higher Tweets-per-minute peak than @MittRomney's at #GOP2012. 28,003 vs. 14,289 for the ..."
"243191848523407360","","","","","2012-09-05 03:40:29 +0000","<a href=""http://flickr.com/services/twitter/"" rel=""nofollow"">Flickr</a>","8:36pm Catching whatever's left of #dnc2012 in my hotel room http://t.co/UEEt502b","http://flic.kr/p/d69NmU"
"243181357986099200","","","243179058605744129","21316253","2012-09-05 02:58:48 +0000","<a href=""http://twitter.com"" rel=""nofollow"">Twitter for  iPhone</a>","RT @ZekeJMiller: FLOTUS: "" I have seen firsthand that being president doesn?t change who you are ? it reveals who you are."""
"243180080887640065","243176267153821696","268453413","","","2012-09-05 02:53:44 +0000","<a href=""http://twitter.com"" rel=""nofollow"">Twitter for  iPhone</a>","@sfposhy That just happened to us 2 days ago. Peaked at 103.5. Scary. Then he was back to normal in the morning. #crossingfingers"
"243178526545678336","243172671532187648","50055701","","","2012-09-05 02:47:33 +0000","<a href=""http://twitter.com"" rel=""nofollow"">Twitter for  iPhone</a>","@MittRomney Why do you have to be such a jerk sometimes?"
"243176646562177025","","","243142703775350784","15666519","2012-09-05 02:40:05 +0000","<a href=""http://twitter.com"" rel=""nofollow"">Twitter for  iPhone</a>","RT @bigredhair: Guys: If you've ever gotten mad at a woman who didn't want to talk to you, READ THIS. Because this is how SHE felt. http ..."
"243171510485921793","","","","","2012-09-05 02:19:40 +0000","<a href=""http://twitter.com"" rel=""nofollow"">Twitter for  iPhone</a>","Do you wish life were more or less predictable? Why?"
"243160120907943936","243155204416102400","20833838","","","2012-09-05 01:34:25 +0000","<a href=""http://twitter.com"" rel=""nofollow"">Twitter for  iPhone</a>","@carinnatarvin Yup. Embrace it."
"243158598807605248","","","","","2012-09-05 01:28:22 +0000","<a href=""http://twitter.com"" rel=""nofollow"">Twitter for  iPhone</a>","I'm in a good mood."
"243127473242513408","243114077960937472","20833838","","","2012-09-04 23:24:41 +0000","web","@carinnatarvin It's an awesome post. Will you leave in the middle bit about agile software development? Speaking of... http://t.co/6FC2zOrC","http://www.girlswhocode.com/"
"243125322717990912","243124692821614592","22891211","","","2012-09-04 23:16:08 +0000","web","@chanian That's awesome. Did you ever use the http://t.co/3hvSznoE API? How does this compare?","http://face.com"
"243075161073528833","","","","","2012-09-04 19:56:49 +0000","<a href=""http://tapbots.com/software/tweetbot/mac"" rel=""nofollow"">Tweetbot for Mac</a>","I?m so glad that @superamit is alive. Thank you for reminding us by example to use our remaining lives well. http://t.co/vbwN7xsY","http://tumblr.amitgupta.com/post/30874722605/with-aml-eventual-recurrence-relapse-after"
"243047760348192768","","","","","2012-09-04 18:07:56 +0000","<a href=""http://twitter.com/tweetbutton"" rel=""nofollow"">Tweet Button</a>","I just signed up for a free @coursera online class: Functional Programming Principles in Scala. Want to learn it too? https://t.co/nmdFZ0ty","https://www.coursera.org/course/progfun"
"243039968254128128","243034970736689152","780991","","","2012-09-04 17:36:58 +0000","<a href=""http://tapbots.com/software/tweetbot/mac"" rel=""nofollow"">Tweetbot for Mac</a>","Great post on leaning into the pain (physical and psychological). Read it! http://t.co/zFTU2X2L /by @aaronsw /via @amyjokim","http://bit.ly/RhzpWY"
"243032534835941377","243031244441526272","764757","","","2012-09-04 17:07:26 +0000","<a href=""http://tapbots.com/software/tweetbot/mac"" rel=""nofollow"">Tweetbot for Mac</a>","@mihow Definitely planning to relocate in the next couple months.  This isn?t ideal."
"243032417592541185","243029233067249665","93478440","","","2012-09-04 17:06:58 +0000","<a href=""http://tapbots.com/software/tweetbot/mac"" rel=""nofollow"">Tweetbot for Mac</a>","@brianmwang Yeah, until I move early 2013. But probably won?t be every week."
"243028953755951104","","","","","2012-09-04 16:53:12 +0000","<a href=""http://tapbots.com/software/tweetbot/mac"" rel=""nofollow"">Tweetbot for Mac</a>","Door-to-door commute time from my house in Seattle to office in SF is 4hr 52min. Not too bad actually. /thx @uber and @VirginAmerica"
"242955151688744960","","","","","2012-09-04 11:59:56 +0000","<a href=""http://foursquare.com"" rel=""nofollow"">foursquare</a>","Seattle -&gt; San Francisco today and tomorrow. Good morning! (@ Seattle-Tacoma International Airport (SEA) w/ 9 others) http://t.co/3DtUJyaS","http://4sq.com/O8plF2"
"242829757882982400","","","","","2012-09-04 03:41:40 +0000","<a href=""http://instagr.am"" rel=""nofollow"">Instagram</a>","8:36pm Niko is feeling much better today. This is his ""cheese!"" face  http://t.co/8nNwN3qu","http://instagr.am/p/PI37_4o0FS/"
"242749058387697664","242741661455769600","4558","","","2012-09-03 22:21:00 +0000","<a href=""http://twitter.com"" rel=""nofollow"">Twitter for  iPhone</a>","@harryh Cool! I'll be in tomorrow night. Any plans yet?"
"242748541074808833","","","242738821521874944","361965946","2012-09-03 22:18:56 +0000","<a href=""http://twitter.com"" rel=""nofollow"">Twitter for  iPhone</a>","RT @AntiJokeCat: You know what makes me smile? Facial muscles."
"242724615242276864","","","","","2012-09-03 20:43:52 +0000","<a href=""http://twitter.com"" rel=""nofollow"">Twitter for  iPhone</a>","This is cool. RT @pandemona: Twitter Bets On Girls Who Code http://t.co/gjrA6JId","http://techcrunch.com/2012/09/03/twitter-bets-on-girls-who-code/"
"242719026734850049","242675054402482176","1081","","","2012-09-03 20:21:40 +0000","<a href=""http://twitter.com"" rel=""nofollow"">Twitter for  iPhone</a>","@davemcclure I feel like moderate discourse is out there, it just has a low CTR."
"242659908250636288","","","","","2012-09-03 16:26:45 +0000","<a href=""http://twitter.com"" rel=""nofollow"">Twitter for  iPhone</a>","SO excited to cancel my $550/mo $4000-deductible private plan insurance that didn't even include vision or dental."
"242468903312293889","","","","","2012-09-03 03:47:46 +0000","<a href=""http://instagr.am"" rel=""nofollow"">Instagram</a>","8:36pm A sick Niko means more iPad time, and sandwiches in bed http://t.co/u87drvR8","http://instagr.am/p/PGTsCxI0Jb/"
"242446377957863425","","","","","2012-09-03 02:18:15 +0000","<a href=""http://instagr.am"" rel=""nofollow"">Instagram</a>","Poor @nikobenson has a 102 fever... http://t.co/h5ArLkBo","http://instagr.am/p/PGJn_wI0B4/"
"242411410687131648","","","","","2012-09-02 23:59:18 +0000","<a href=""http://twitter.com"" rel=""nofollow"">Twitter for  iPhone</a>","Agreed. Read this! RT @WilloToons: Wow. This essay is incredible. A must read. ?@LauraGlu: choice is power. - http://t.co/zO2MOvx5?","http://therumpus.net/2012/09/knocked-over-on-biology-magical-thinking-and-choice/"
"242402672962043905","","","","","2012-09-02 23:24:35 +0000","<a href=""http://twitter.com"" rel=""nofollow"">Twitter for  iPhone</a>","One of the reasons I wanted to work at @Twitter was because of their work to protect free speech this much: http://t.co/9Ms0CWyQ","http://www.nytimes.com/2012/09/03/technology/twitter-chief-lawyer-alexander-macgillivray-defender-free-speech.html?_r=2&pagewanted=all"
"242394526977777665","","","","","2012-09-02 22:52:13 +0000","<a href=""http://twitter.com"" rel=""nofollow"">Twitter for  iPhone</a>","1-100 spoken by someone of that age. Beautiful. http://t.co/AhRGU9s2 /via @aplusk","http://bit.ly/OCuMIX"
"242390412382322689","","","","","2012-09-02 22:35:52 +0000","<a href=""http://twitter.com"" rel=""nofollow"">Twitter for  iPhone</a>","Just met my doppelg?nger at my address on 20th Ave *E*. He was nice enough to hold my first paycheck for me."
"242354625544585216","","","242354233574301696","286384512","2012-09-02 20:13:40 +0000","web","RT @budge: So long, my friends! http://t.co/tQ3fbBJT (check out @healthmonth, @liftworldwide, and @joinsessions for continued health-imp ...","http://blog.habitlabs.com/post/30746149132/so-long"
"242289765821607937","","","242289121287098369","222953824","2012-09-02 15:55:56 +0000","<a href=""http://tapbots.com/tweetbot"" rel=""nofollow"">Tweetbot for iOS</a>","RT @gov: BREAKING: @BarackObama's ""This seat's taken"" Tweet was the most Retweeted Tweet of the Republican National Convention. https:// ..."
"242289436740710400","242220115058368513","12249","","","2012-09-02 15:54:37 +0000","<a href=""http://tapbots.com/tweetbot"" rel=""nofollow"">Tweetbot for iOS</a>","@BenWard Awesome post! I want to start writing more again too?"
"242287530207232000","","","242220115058368513","12249","2012-09-02 15:47:03 +0000","<a href=""http://tapbots.com/tweetbot"" rel=""nofollow"">Tweetbot for iOS</a>","RT @BenWard: @busterbenson Started thinking over why I rarely write about @twitter. Turned into why I rarely write. I wrote it down: htt ..."
"242108838923354113","","","","","2012-09-02 03:57:00 +0000","<a href=""http://flickr.com/services/twitter/"" rel=""nofollow"">Flickr</a>","8:36pm Explaining Dr Who ep 6-8 ""A Good Man Goes To War"" to @kellianne. So good! http://t.co/RM7cVycC","http://flic.kr/p/d43VnA"
"242100448503422976","","","242091487318392832","14289835","2012-09-02 03:23:39 +0000","<a href=""http://twitter.com"" rel=""nofollow"">Twitter for  iPhone</a>","RT @gretchenrubin: Secret of Adulthood: I can choose what I do, but I can't choose what I LIKE to do."
"242100233415311360","242089976811094016","15330946","","","2012-09-02 03:22:48 +0000","<a href=""http://twitter.com"" rel=""nofollow"">Twitter for  iPhone</a>","@meganfinley Which season are you on? I think it was season 5 (of the new version) that got way slicker. Didn't like it at first..."
"242090130003853313","242075902358462464","780991","","","2012-09-02 02:42:39 +0000","<a href=""http://twitter.com"" rel=""nofollow"">Twitter for  iPhone</a>","@amyjokim Yes indeed."
"242089640696377344","242076962586247169","13257392","","","2012-09-02 02:40:42 +0000","<a href=""http://twitter.com"" rel=""nofollow"">Twitter for  iPhone</a>","@eismcc Yeah just a few blocks south of there on the water."
"242066155748065280","","","","","2012-09-02 01:07:23 +0000","<a href=""http://instagr.am"" rel=""nofollow"">Instagram</a>","Current status http://t.co/EVJ0Bt2z","http://instagr.am/p/PDcwZhI0Ap/"
"242064521307500545","","","","","2012-09-02 01:00:53 +0000","<a href=""http://instagr.am"" rel=""nofollow"">Instagram</a>","Pretty day from a ferris wheel  @ The Seattle Great Wheel http://t.co/imUbO0OF","http://instagr.am/p/PDcD7xo0AM/"
"241798383612866561","241793420476174336","13951122","","","2012-09-01 07:23:21 +0000","<a href=""http://twitter.com"" rel=""nofollow"">Twitter for  iPhone</a>","@CarlNelson That was definitely me on my way out of SF. Back next Tuesday!"
